dname_drug1,chembl_id_drug1,dname_drug2,chembl_id_drug2,cell_line_name,NCI_thesaurus_code,disease_cui
5-Fluorouracil,CHEMBL185,Veliparib,CHEMBL506871,A375,C3802,C0206735
5-Fluorouracil,CHEMBL185,Veliparib,CHEMBL506871,A375,C3802,C0206735
5-Fluorouracil,CHEMBL185,Veliparib,CHEMBL506871,A375,C3802,C0206735
5-Fluorouracil,CHEMBL185,Veliparib,CHEMBL506871,A375,C3802,C0206735
5-Fluorouracil,CHEMBL185,MK-1775,CHEMBL1976040,A375,C3802,C0206735
5-Fluorouracil,CHEMBL185,MK-1775,CHEMBL1976040,A375,C3802,C0206735
5-Fluorouracil,CHEMBL185,MK-1775,CHEMBL1976040,A375,C3802,C0206735
5-Fluorouracil,CHEMBL185,MK-1775,CHEMBL1976040,A375,C3802,C0206735
5-Fluorouracil,CHEMBL185,915019-65-7,CHEMBL1879463,A375,C3802,C0206735
5-Fluorouracil,CHEMBL185,915019-65-7,CHEMBL1879463,A375,C3802,C0206735
5-Fluorouracil,CHEMBL185,915019-65-7,CHEMBL1879463,A375,C3802,C0206735
5-Fluorouracil,CHEMBL185,915019-65-7,CHEMBL1879463,A375,C3802,C0206735
5-Fluorouracil,CHEMBL185,Bortezomib,CHEMBL325041,A375,C3802,C0206735
5-Fluorouracil,CHEMBL185,Bortezomib,CHEMBL325041,A375,C3802,C0206735
5-Fluorouracil,CHEMBL185,Bortezomib,CHEMBL325041,A375,C3802,C0206735
5-Fluorouracil,CHEMBL185,Bortezomib,CHEMBL325041,A375,C3802,C0206735
5-Fluorouracil,CHEMBL185,Dasatinib,CHEMBL1421,A375,C3802,C0206735
5-Fluorouracil,CHEMBL185,Dasatinib,CHEMBL1421,A375,C3802,C0206735
5-Fluorouracil,CHEMBL185,Dasatinib,CHEMBL1421,A375,C3802,C0206735
5-Fluorouracil,CHEMBL185,Dasatinib,CHEMBL1421,A375,C3802,C0206735
5-Fluorouracil,CHEMBL185,Dinaciclib,CHEMBL2103840,A375,C3802,C0206735
5-Fluorouracil,CHEMBL185,Dinaciclib,CHEMBL2103840,A375,C3802,C0206735
5-Fluorouracil,CHEMBL185,Dinaciclib,CHEMBL2103840,A375,C3802,C0206735
5-Fluorouracil,CHEMBL185,Dinaciclib,CHEMBL2103840,A375,C3802,C0206735
5-Fluorouracil,CHEMBL185,Erlotinib,CHEMBL553,A375,C3802,C0206735
5-Fluorouracil,CHEMBL185,Erlotinib,CHEMBL553,A375,C3802,C0206735
5-Fluorouracil,CHEMBL185,Erlotinib,CHEMBL553,A375,C3802,C0206735
5-Fluorouracil,CHEMBL185,Erlotinib,CHEMBL553,A375,C3802,C0206735
5-Fluorouracil,CHEMBL185,geldanamycin,CHEMBL278315,A375,C3802,C0206735
5-Fluorouracil,CHEMBL185,geldanamycin,CHEMBL278315,A375,C3802,C0206735
5-Fluorouracil,CHEMBL185,geldanamycin,CHEMBL278315,A375,C3802,C0206735
5-Fluorouracil,CHEMBL185,geldanamycin,CHEMBL278315,A375,C3802,C0206735
5-Fluorouracil,CHEMBL185,Lapatinib,CHEMBL554,A375,C3802,C0206735
5-Fluorouracil,CHEMBL185,Lapatinib,CHEMBL554,A375,C3802,C0206735
5-Fluorouracil,CHEMBL185,Lapatinib,CHEMBL554,A375,C3802,C0206735
5-Fluorouracil,CHEMBL185,Lapatinib,CHEMBL554,A375,C3802,C0206735
5-Fluorouracil,CHEMBL185,MK-2206,CHEMBL1079175,A375,C3802,C0206735
5-Fluorouracil,CHEMBL185,MK-2206,CHEMBL1079175,A375,C3802,C0206735
5-Fluorouracil,CHEMBL185,MK-2206,CHEMBL1079175,A375,C3802,C0206735
5-Fluorouracil,CHEMBL185,MK-2206,CHEMBL1079175,A375,C3802,C0206735
5-Fluorouracil,CHEMBL185,391210-10-9,CHEMBL507361,A375,C3802,C0206735
5-Fluorouracil,CHEMBL185,391210-10-9,CHEMBL507361,A375,C3802,C0206735
5-Fluorouracil,CHEMBL185,391210-10-9,CHEMBL507361,A375,C3802,C0206735
5-Fluorouracil,CHEMBL185,391210-10-9,CHEMBL507361,A375,C3802,C0206735
5-Fluorouracil,CHEMBL185,Sorafenib,CHEMBL1336,A375,C3802,C0206735
5-Fluorouracil,CHEMBL185,Sorafenib,CHEMBL1336,A375,C3802,C0206735
5-Fluorouracil,CHEMBL185,Sorafenib,CHEMBL1336,A375,C3802,C0206735
5-Fluorouracil,CHEMBL185,Sorafenib,CHEMBL1336,A375,C3802,C0206735
5-Fluorouracil,CHEMBL185,Sunitinib,CHEMBL535,A375,C3802,C0206735
5-Fluorouracil,CHEMBL185,Sunitinib,CHEMBL535,A375,C3802,C0206735
5-Fluorouracil,CHEMBL185,Sunitinib,CHEMBL535,A375,C3802,C0206735
5-Fluorouracil,CHEMBL185,Sunitinib,CHEMBL535,A375,C3802,C0206735
5-Fluorouracil,CHEMBL185,temozolomide,CHEMBL810,A375,C3802,C0206735
5-Fluorouracil,CHEMBL185,temozolomide,CHEMBL810,A375,C3802,C0206735
5-Fluorouracil,CHEMBL185,temozolomide,CHEMBL810,A375,C3802,C0206735
5-Fluorouracil,CHEMBL185,temozolomide,CHEMBL810,A375,C3802,C0206735
5-Fluorouracil,CHEMBL185,Vorinostat,CHEMBL98,A375,C3802,C0206735
5-Fluorouracil,CHEMBL185,Vorinostat,CHEMBL98,A375,C3802,C0206735
5-Fluorouracil,CHEMBL185,Vorinostat,CHEMBL98,A375,C3802,C0206735
5-Fluorouracil,CHEMBL185,Vorinostat,CHEMBL98,A375,C3802,C0206735
Veliparib,CHEMBL506871,915019-65-7,CHEMBL1879463,A375,C3802,C0206735
Veliparib,CHEMBL506871,915019-65-7,CHEMBL1879463,A375,C3802,C0206735
Veliparib,CHEMBL506871,915019-65-7,CHEMBL1879463,A375,C3802,C0206735
Veliparib,CHEMBL506871,915019-65-7,CHEMBL1879463,A375,C3802,C0206735
Veliparib,CHEMBL506871,Dinaciclib,CHEMBL2103840,A375,C3802,C0206735
Veliparib,CHEMBL506871,Dinaciclib,CHEMBL2103840,A375,C3802,C0206735
Veliparib,CHEMBL506871,Dinaciclib,CHEMBL2103840,A375,C3802,C0206735
Veliparib,CHEMBL506871,Dinaciclib,CHEMBL2103840,A375,C3802,C0206735
Veliparib,CHEMBL506871,geldanamycin,CHEMBL278315,A375,C3802,C0206735
Veliparib,CHEMBL506871,geldanamycin,CHEMBL278315,A375,C3802,C0206735
Veliparib,CHEMBL506871,geldanamycin,CHEMBL278315,A375,C3802,C0206735
Veliparib,CHEMBL506871,geldanamycin,CHEMBL278315,A375,C3802,C0206735
Veliparib,CHEMBL506871,7-Ethyl-10-hydroxycamptothecin,CHEMBL837,A375,C3802,C0206735
Veliparib,CHEMBL506871,7-Ethyl-10-hydroxycamptothecin,CHEMBL837,A375,C3802,C0206735
Veliparib,CHEMBL506871,7-Ethyl-10-hydroxycamptothecin,CHEMBL837,A375,C3802,C0206735
Veliparib,CHEMBL506871,7-Ethyl-10-hydroxycamptothecin,CHEMBL837,A375,C3802,C0206735
Veliparib,CHEMBL506871,Sorafenib,CHEMBL1336,A375,C3802,C0206735
Veliparib,CHEMBL506871,Sorafenib,CHEMBL1336,A375,C3802,C0206735
Veliparib,CHEMBL506871,Sorafenib,CHEMBL1336,A375,C3802,C0206735
Veliparib,CHEMBL506871,Sorafenib,CHEMBL1336,A375,C3802,C0206735
MK-1775,CHEMBL1976040,Veliparib,CHEMBL506871,A375,C3802,C0206735
MK-1775,CHEMBL1976040,Veliparib,CHEMBL506871,A375,C3802,C0206735
MK-1775,CHEMBL1976040,Veliparib,CHEMBL506871,A375,C3802,C0206735
MK-1775,CHEMBL1976040,Veliparib,CHEMBL506871,A375,C3802,C0206735
MK-1775,CHEMBL1976040,915019-65-7,CHEMBL1879463,A375,C3802,C0206735
MK-1775,CHEMBL1976040,915019-65-7,CHEMBL1879463,A375,C3802,C0206735
MK-1775,CHEMBL1976040,915019-65-7,CHEMBL1879463,A375,C3802,C0206735
MK-1775,CHEMBL1976040,915019-65-7,CHEMBL1879463,A375,C3802,C0206735
MK-1775,CHEMBL1976040,Bortezomib,CHEMBL325041,A375,C3802,C0206735
MK-1775,CHEMBL1976040,Bortezomib,CHEMBL325041,A375,C3802,C0206735
MK-1775,CHEMBL1976040,Bortezomib,CHEMBL325041,A375,C3802,C0206735
MK-1775,CHEMBL1976040,Bortezomib,CHEMBL325041,A375,C3802,C0206735
MK-1775,CHEMBL1976040,Dasatinib,CHEMBL1421,A375,C3802,C0206735
MK-1775,CHEMBL1976040,Dasatinib,CHEMBL1421,A375,C3802,C0206735
MK-1775,CHEMBL1976040,Dasatinib,CHEMBL1421,A375,C3802,C0206735
MK-1775,CHEMBL1976040,Dasatinib,CHEMBL1421,A375,C3802,C0206735
MK-1775,CHEMBL1976040,Dinaciclib,CHEMBL2103840,A375,C3802,C0206735
MK-1775,CHEMBL1976040,Dinaciclib,CHEMBL2103840,A375,C3802,C0206735
MK-1775,CHEMBL1976040,Dinaciclib,CHEMBL2103840,A375,C3802,C0206735
MK-1775,CHEMBL1976040,Dinaciclib,CHEMBL2103840,A375,C3802,C0206735
MK-1775,CHEMBL1976040,Erlotinib,CHEMBL553,A375,C3802,C0206735
MK-1775,CHEMBL1976040,Erlotinib,CHEMBL553,A375,C3802,C0206735
MK-1775,CHEMBL1976040,Erlotinib,CHEMBL553,A375,C3802,C0206735
MK-1775,CHEMBL1976040,Erlotinib,CHEMBL553,A375,C3802,C0206735
MK-1775,CHEMBL1976040,geldanamycin,CHEMBL278315,A375,C3802,C0206735
MK-1775,CHEMBL1976040,geldanamycin,CHEMBL278315,A375,C3802,C0206735
MK-1775,CHEMBL1976040,geldanamycin,CHEMBL278315,A375,C3802,C0206735
MK-1775,CHEMBL1976040,geldanamycin,CHEMBL278315,A375,C3802,C0206735
MK-1775,CHEMBL1976040,Lapatinib,CHEMBL554,A375,C3802,C0206735
MK-1775,CHEMBL1976040,Lapatinib,CHEMBL554,A375,C3802,C0206735
MK-1775,CHEMBL1976040,Lapatinib,CHEMBL554,A375,C3802,C0206735
MK-1775,CHEMBL1976040,Lapatinib,CHEMBL554,A375,C3802,C0206735
MK-1775,CHEMBL1976040,MK-2206,CHEMBL1079175,A375,C3802,C0206735
MK-1775,CHEMBL1976040,MK-2206,CHEMBL1079175,A375,C3802,C0206735
MK-1775,CHEMBL1976040,MK-2206,CHEMBL1079175,A375,C3802,C0206735
MK-1775,CHEMBL1976040,MK-2206,CHEMBL1079175,A375,C3802,C0206735
MK-1775,CHEMBL1976040,391210-10-9,CHEMBL507361,A375,C3802,C0206735
MK-1775,CHEMBL1976040,391210-10-9,CHEMBL507361,A375,C3802,C0206735
MK-1775,CHEMBL1976040,391210-10-9,CHEMBL507361,A375,C3802,C0206735
MK-1775,CHEMBL1976040,391210-10-9,CHEMBL507361,A375,C3802,C0206735
MK-1775,CHEMBL1976040,7-Ethyl-10-hydroxycamptothecin,CHEMBL837,A375,C3802,C0206735
MK-1775,CHEMBL1976040,7-Ethyl-10-hydroxycamptothecin,CHEMBL837,A375,C3802,C0206735
MK-1775,CHEMBL1976040,7-Ethyl-10-hydroxycamptothecin,CHEMBL837,A375,C3802,C0206735
MK-1775,CHEMBL1976040,7-Ethyl-10-hydroxycamptothecin,CHEMBL837,A375,C3802,C0206735
MK-1775,CHEMBL1976040,Sorafenib,CHEMBL1336,A375,C3802,C0206735
MK-1775,CHEMBL1976040,Sorafenib,CHEMBL1336,A375,C3802,C0206735
MK-1775,CHEMBL1976040,Sorafenib,CHEMBL1336,A375,C3802,C0206735
MK-1775,CHEMBL1976040,Sorafenib,CHEMBL1336,A375,C3802,C0206735
915019-65-7,CHEMBL1879463,Dinaciclib,CHEMBL2103840,A375,C3802,C0206735
915019-65-7,CHEMBL1879463,Dinaciclib,CHEMBL2103840,A375,C3802,C0206735
915019-65-7,CHEMBL1879463,Dinaciclib,CHEMBL2103840,A375,C3802,C0206735
915019-65-7,CHEMBL1879463,Dinaciclib,CHEMBL2103840,A375,C3802,C0206735
915019-65-7,CHEMBL1879463,7-Ethyl-10-hydroxycamptothecin,CHEMBL837,A375,C3802,C0206735
915019-65-7,CHEMBL1879463,7-Ethyl-10-hydroxycamptothecin,CHEMBL837,A375,C3802,C0206735
915019-65-7,CHEMBL1879463,7-Ethyl-10-hydroxycamptothecin,CHEMBL837,A375,C3802,C0206735
915019-65-7,CHEMBL1879463,7-Ethyl-10-hydroxycamptothecin,CHEMBL837,A375,C3802,C0206735
915019-65-7,CHEMBL1879463,Sorafenib,CHEMBL1336,A375,C3802,C0206735
915019-65-7,CHEMBL1879463,Sorafenib,CHEMBL1336,A375,C3802,C0206735
915019-65-7,CHEMBL1879463,Sorafenib,CHEMBL1336,A375,C3802,C0206735
915019-65-7,CHEMBL1879463,Sorafenib,CHEMBL1336,A375,C3802,C0206735
Bortezomib,CHEMBL325041,Veliparib,CHEMBL506871,A375,C3802,C0206735
Bortezomib,CHEMBL325041,Veliparib,CHEMBL506871,A375,C3802,C0206735
Bortezomib,CHEMBL325041,Veliparib,CHEMBL506871,A375,C3802,C0206735
Bortezomib,CHEMBL325041,Veliparib,CHEMBL506871,A375,C3802,C0206735
Bortezomib,CHEMBL325041,915019-65-7,CHEMBL1879463,A375,C3802,C0206735
Bortezomib,CHEMBL325041,915019-65-7,CHEMBL1879463,A375,C3802,C0206735
Bortezomib,CHEMBL325041,915019-65-7,CHEMBL1879463,A375,C3802,C0206735
Bortezomib,CHEMBL325041,915019-65-7,CHEMBL1879463,A375,C3802,C0206735
Bortezomib,CHEMBL325041,Dasatinib,CHEMBL1421,A375,C3802,C0206735
Bortezomib,CHEMBL325041,Dasatinib,CHEMBL1421,A375,C3802,C0206735
Bortezomib,CHEMBL325041,Dasatinib,CHEMBL1421,A375,C3802,C0206735
Bortezomib,CHEMBL325041,Dasatinib,CHEMBL1421,A375,C3802,C0206735
Bortezomib,CHEMBL325041,Dinaciclib,CHEMBL2103840,A375,C3802,C0206735
Bortezomib,CHEMBL325041,Dinaciclib,CHEMBL2103840,A375,C3802,C0206735
Bortezomib,CHEMBL325041,Dinaciclib,CHEMBL2103840,A375,C3802,C0206735
Bortezomib,CHEMBL325041,Dinaciclib,CHEMBL2103840,A375,C3802,C0206735
Bortezomib,CHEMBL325041,geldanamycin,CHEMBL278315,A375,C3802,C0206735
Bortezomib,CHEMBL325041,geldanamycin,CHEMBL278315,A375,C3802,C0206735
Bortezomib,CHEMBL325041,geldanamycin,CHEMBL278315,A375,C3802,C0206735
Bortezomib,CHEMBL325041,geldanamycin,CHEMBL278315,A375,C3802,C0206735
Bortezomib,CHEMBL325041,7-Ethyl-10-hydroxycamptothecin,CHEMBL837,A375,C3802,C0206735
Bortezomib,CHEMBL325041,7-Ethyl-10-hydroxycamptothecin,CHEMBL837,A375,C3802,C0206735
Bortezomib,CHEMBL325041,7-Ethyl-10-hydroxycamptothecin,CHEMBL837,A375,C3802,C0206735
Bortezomib,CHEMBL325041,7-Ethyl-10-hydroxycamptothecin,CHEMBL837,A375,C3802,C0206735
Bortezomib,CHEMBL325041,Sorafenib,CHEMBL1336,A375,C3802,C0206735
Bortezomib,CHEMBL325041,Sorafenib,CHEMBL1336,A375,C3802,C0206735
Bortezomib,CHEMBL325041,Sorafenib,CHEMBL1336,A375,C3802,C0206735
Bortezomib,CHEMBL325041,Sorafenib,CHEMBL1336,A375,C3802,C0206735
Dasatinib,CHEMBL1421,Veliparib,CHEMBL506871,A375,C3802,C0206735
Dasatinib,CHEMBL1421,Veliparib,CHEMBL506871,A375,C3802,C0206735
Dasatinib,CHEMBL1421,Veliparib,CHEMBL506871,A375,C3802,C0206735
Dasatinib,CHEMBL1421,Veliparib,CHEMBL506871,A375,C3802,C0206735
Dasatinib,CHEMBL1421,915019-65-7,CHEMBL1879463,A375,C3802,C0206735
Dasatinib,CHEMBL1421,915019-65-7,CHEMBL1879463,A375,C3802,C0206735
Dasatinib,CHEMBL1421,915019-65-7,CHEMBL1879463,A375,C3802,C0206735
Dasatinib,CHEMBL1421,915019-65-7,CHEMBL1879463,A375,C3802,C0206735
Dasatinib,CHEMBL1421,Dinaciclib,CHEMBL2103840,A375,C3802,C0206735
Dasatinib,CHEMBL1421,Dinaciclib,CHEMBL2103840,A375,C3802,C0206735
Dasatinib,CHEMBL1421,Dinaciclib,CHEMBL2103840,A375,C3802,C0206735
Dasatinib,CHEMBL1421,Dinaciclib,CHEMBL2103840,A375,C3802,C0206735
Dasatinib,CHEMBL1421,geldanamycin,CHEMBL278315,A375,C3802,C0206735
Dasatinib,CHEMBL1421,geldanamycin,CHEMBL278315,A375,C3802,C0206735
Dasatinib,CHEMBL1421,geldanamycin,CHEMBL278315,A375,C3802,C0206735
Dasatinib,CHEMBL1421,geldanamycin,CHEMBL278315,A375,C3802,C0206735
Dasatinib,CHEMBL1421,7-Ethyl-10-hydroxycamptothecin,CHEMBL837,A375,C3802,C0206735
Dasatinib,CHEMBL1421,7-Ethyl-10-hydroxycamptothecin,CHEMBL837,A375,C3802,C0206735
Dasatinib,CHEMBL1421,7-Ethyl-10-hydroxycamptothecin,CHEMBL837,A375,C3802,C0206735
Dasatinib,CHEMBL1421,7-Ethyl-10-hydroxycamptothecin,CHEMBL837,A375,C3802,C0206735
Dasatinib,CHEMBL1421,Sorafenib,CHEMBL1336,A375,C3802,C0206735
Dasatinib,CHEMBL1421,Sorafenib,CHEMBL1336,A375,C3802,C0206735
Dasatinib,CHEMBL1421,Sorafenib,CHEMBL1336,A375,C3802,C0206735
Dasatinib,CHEMBL1421,Sorafenib,CHEMBL1336,A375,C3802,C0206735
doxorubicin,CHEMBL53463,Veliparib,CHEMBL506871,A375,C3802,C0206735
doxorubicin,CHEMBL53463,Veliparib,CHEMBL506871,A375,C3802,C0206735
doxorubicin,CHEMBL53463,Veliparib,CHEMBL506871,A375,C3802,C0206735
doxorubicin,CHEMBL53463,Veliparib,CHEMBL506871,A375,C3802,C0206735
doxorubicin,CHEMBL53463,MK-1775,CHEMBL1976040,A375,C3802,C0206735
doxorubicin,CHEMBL53463,MK-1775,CHEMBL1976040,A375,C3802,C0206735
doxorubicin,CHEMBL53463,MK-1775,CHEMBL1976040,A375,C3802,C0206735
doxorubicin,CHEMBL53463,MK-1775,CHEMBL1976040,A375,C3802,C0206735
doxorubicin,CHEMBL53463,915019-65-7,CHEMBL1879463,A375,C3802,C0206735
doxorubicin,CHEMBL53463,915019-65-7,CHEMBL1879463,A375,C3802,C0206735
doxorubicin,CHEMBL53463,915019-65-7,CHEMBL1879463,A375,C3802,C0206735
doxorubicin,CHEMBL53463,915019-65-7,CHEMBL1879463,A375,C3802,C0206735
doxorubicin,CHEMBL53463,Bortezomib,CHEMBL325041,A375,C3802,C0206735
doxorubicin,CHEMBL53463,Bortezomib,CHEMBL325041,A375,C3802,C0206735
doxorubicin,CHEMBL53463,Bortezomib,CHEMBL325041,A375,C3802,C0206735
doxorubicin,CHEMBL53463,Bortezomib,CHEMBL325041,A375,C3802,C0206735
doxorubicin,CHEMBL53463,Dasatinib,CHEMBL1421,A375,C3802,C0206735
doxorubicin,CHEMBL53463,Dasatinib,CHEMBL1421,A375,C3802,C0206735
doxorubicin,CHEMBL53463,Dasatinib,CHEMBL1421,A375,C3802,C0206735
doxorubicin,CHEMBL53463,Dasatinib,CHEMBL1421,A375,C3802,C0206735
doxorubicin,CHEMBL53463,Dinaciclib,CHEMBL2103840,A375,C3802,C0206735
doxorubicin,CHEMBL53463,Dinaciclib,CHEMBL2103840,A375,C3802,C0206735
doxorubicin,CHEMBL53463,Dinaciclib,CHEMBL2103840,A375,C3802,C0206735
doxorubicin,CHEMBL53463,Dinaciclib,CHEMBL2103840,A375,C3802,C0206735
doxorubicin,CHEMBL53463,Erlotinib,CHEMBL553,A375,C3802,C0206735
doxorubicin,CHEMBL53463,Erlotinib,CHEMBL553,A375,C3802,C0206735
doxorubicin,CHEMBL53463,Erlotinib,CHEMBL553,A375,C3802,C0206735
doxorubicin,CHEMBL53463,Erlotinib,CHEMBL553,A375,C3802,C0206735
doxorubicin,CHEMBL53463,geldanamycin,CHEMBL278315,A375,C3802,C0206735
doxorubicin,CHEMBL53463,geldanamycin,CHEMBL278315,A375,C3802,C0206735
doxorubicin,CHEMBL53463,geldanamycin,CHEMBL278315,A375,C3802,C0206735
doxorubicin,CHEMBL53463,geldanamycin,CHEMBL278315,A375,C3802,C0206735
doxorubicin,CHEMBL53463,Lapatinib,CHEMBL554,A375,C3802,C0206735
doxorubicin,CHEMBL53463,Lapatinib,CHEMBL554,A375,C3802,C0206735
doxorubicin,CHEMBL53463,Lapatinib,CHEMBL554,A375,C3802,C0206735
doxorubicin,CHEMBL53463,Lapatinib,CHEMBL554,A375,C3802,C0206735
doxorubicin,CHEMBL53463,MK-2206,CHEMBL1079175,A375,C3802,C0206735
doxorubicin,CHEMBL53463,MK-2206,CHEMBL1079175,A375,C3802,C0206735
doxorubicin,CHEMBL53463,MK-2206,CHEMBL1079175,A375,C3802,C0206735
doxorubicin,CHEMBL53463,MK-2206,CHEMBL1079175,A375,C3802,C0206735
doxorubicin,CHEMBL53463,391210-10-9,CHEMBL507361,A375,C3802,C0206735
doxorubicin,CHEMBL53463,391210-10-9,CHEMBL507361,A375,C3802,C0206735
doxorubicin,CHEMBL53463,391210-10-9,CHEMBL507361,A375,C3802,C0206735
doxorubicin,CHEMBL53463,391210-10-9,CHEMBL507361,A375,C3802,C0206735
doxorubicin,CHEMBL53463,Sorafenib,CHEMBL1336,A375,C3802,C0206735
doxorubicin,CHEMBL53463,Sorafenib,CHEMBL1336,A375,C3802,C0206735
doxorubicin,CHEMBL53463,Sorafenib,CHEMBL1336,A375,C3802,C0206735
doxorubicin,CHEMBL53463,Sorafenib,CHEMBL1336,A375,C3802,C0206735
doxorubicin,CHEMBL53463,Sunitinib,CHEMBL535,A375,C3802,C0206735
doxorubicin,CHEMBL53463,Sunitinib,CHEMBL535,A375,C3802,C0206735
doxorubicin,CHEMBL53463,Sunitinib,CHEMBL535,A375,C3802,C0206735
doxorubicin,CHEMBL53463,Sunitinib,CHEMBL535,A375,C3802,C0206735
doxorubicin,CHEMBL53463,temozolomide,CHEMBL810,A375,C3802,C0206735
doxorubicin,CHEMBL53463,temozolomide,CHEMBL810,A375,C3802,C0206735
doxorubicin,CHEMBL53463,temozolomide,CHEMBL810,A375,C3802,C0206735
doxorubicin,CHEMBL53463,temozolomide,CHEMBL810,A375,C3802,C0206735
doxorubicin,CHEMBL53463,Vorinostat,CHEMBL98,A375,C3802,C0206735
doxorubicin,CHEMBL53463,Vorinostat,CHEMBL98,A375,C3802,C0206735
doxorubicin,CHEMBL53463,Vorinostat,CHEMBL98,A375,C3802,C0206735
doxorubicin,CHEMBL53463,Vorinostat,CHEMBL98,A375,C3802,C0206735
Erlotinib,CHEMBL553,Veliparib,CHEMBL506871,A375,C3802,C0206735
Erlotinib,CHEMBL553,Veliparib,CHEMBL506871,A375,C3802,C0206735
Erlotinib,CHEMBL553,Veliparib,CHEMBL506871,A375,C3802,C0206735
Erlotinib,CHEMBL553,Veliparib,CHEMBL506871,A375,C3802,C0206735
Erlotinib,CHEMBL553,915019-65-7,CHEMBL1879463,A375,C3802,C0206735
Erlotinib,CHEMBL553,915019-65-7,CHEMBL1879463,A375,C3802,C0206735
Erlotinib,CHEMBL553,915019-65-7,CHEMBL1879463,A375,C3802,C0206735
Erlotinib,CHEMBL553,915019-65-7,CHEMBL1879463,A375,C3802,C0206735
Erlotinib,CHEMBL553,Bortezomib,CHEMBL325041,A375,C3802,C0206735
Erlotinib,CHEMBL553,Bortezomib,CHEMBL325041,A375,C3802,C0206735
Erlotinib,CHEMBL553,Bortezomib,CHEMBL325041,A375,C3802,C0206735
Erlotinib,CHEMBL553,Bortezomib,CHEMBL325041,A375,C3802,C0206735
Erlotinib,CHEMBL553,Dasatinib,CHEMBL1421,A375,C3802,C0206735
Erlotinib,CHEMBL553,Dasatinib,CHEMBL1421,A375,C3802,C0206735
Erlotinib,CHEMBL553,Dasatinib,CHEMBL1421,A375,C3802,C0206735
Erlotinib,CHEMBL553,Dasatinib,CHEMBL1421,A375,C3802,C0206735
Erlotinib,CHEMBL553,geldanamycin,CHEMBL278315,A375,C3802,C0206735
Erlotinib,CHEMBL553,geldanamycin,CHEMBL278315,A375,C3802,C0206735
Erlotinib,CHEMBL553,geldanamycin,CHEMBL278315,A375,C3802,C0206735
Erlotinib,CHEMBL553,geldanamycin,CHEMBL278315,A375,C3802,C0206735
Erlotinib,CHEMBL553,391210-10-9,CHEMBL507361,A375,C3802,C0206735
Erlotinib,CHEMBL553,391210-10-9,CHEMBL507361,A375,C3802,C0206735
Erlotinib,CHEMBL553,391210-10-9,CHEMBL507361,A375,C3802,C0206735
Erlotinib,CHEMBL553,391210-10-9,CHEMBL507361,A375,C3802,C0206735
Erlotinib,CHEMBL553,7-Ethyl-10-hydroxycamptothecin,CHEMBL837,A375,C3802,C0206735
Erlotinib,CHEMBL553,7-Ethyl-10-hydroxycamptothecin,CHEMBL837,A375,C3802,C0206735
Erlotinib,CHEMBL553,7-Ethyl-10-hydroxycamptothecin,CHEMBL837,A375,C3802,C0206735
Erlotinib,CHEMBL553,7-Ethyl-10-hydroxycamptothecin,CHEMBL837,A375,C3802,C0206735
Erlotinib,CHEMBL553,Sorafenib,CHEMBL1336,A375,C3802,C0206735
Erlotinib,CHEMBL553,Sorafenib,CHEMBL1336,A375,C3802,C0206735
Erlotinib,CHEMBL553,Sorafenib,CHEMBL1336,A375,C3802,C0206735
Erlotinib,CHEMBL553,Sorafenib,CHEMBL1336,A375,C3802,C0206735
etoposide,CHEMBL44657,Veliparib,CHEMBL506871,A375,C3802,C0206735
etoposide,CHEMBL44657,Veliparib,CHEMBL506871,A375,C3802,C0206735
etoposide,CHEMBL44657,Veliparib,CHEMBL506871,A375,C3802,C0206735
etoposide,CHEMBL44657,Veliparib,CHEMBL506871,A375,C3802,C0206735
etoposide,CHEMBL44657,MK-1775,CHEMBL1976040,A375,C3802,C0206735
etoposide,CHEMBL44657,MK-1775,CHEMBL1976040,A375,C3802,C0206735
etoposide,CHEMBL44657,MK-1775,CHEMBL1976040,A375,C3802,C0206735
etoposide,CHEMBL44657,MK-1775,CHEMBL1976040,A375,C3802,C0206735
etoposide,CHEMBL44657,915019-65-7,CHEMBL1879463,A375,C3802,C0206735
etoposide,CHEMBL44657,915019-65-7,CHEMBL1879463,A375,C3802,C0206735
etoposide,CHEMBL44657,915019-65-7,CHEMBL1879463,A375,C3802,C0206735
etoposide,CHEMBL44657,915019-65-7,CHEMBL1879463,A375,C3802,C0206735
etoposide,CHEMBL44657,Bortezomib,CHEMBL325041,A375,C3802,C0206735
etoposide,CHEMBL44657,Bortezomib,CHEMBL325041,A375,C3802,C0206735
etoposide,CHEMBL44657,Bortezomib,CHEMBL325041,A375,C3802,C0206735
etoposide,CHEMBL44657,Bortezomib,CHEMBL325041,A375,C3802,C0206735
etoposide,CHEMBL44657,Dasatinib,CHEMBL1421,A375,C3802,C0206735
etoposide,CHEMBL44657,Dasatinib,CHEMBL1421,A375,C3802,C0206735
etoposide,CHEMBL44657,Dasatinib,CHEMBL1421,A375,C3802,C0206735
etoposide,CHEMBL44657,Dasatinib,CHEMBL1421,A375,C3802,C0206735
etoposide,CHEMBL44657,Dinaciclib,CHEMBL2103840,A375,C3802,C0206735
etoposide,CHEMBL44657,Dinaciclib,CHEMBL2103840,A375,C3802,C0206735
etoposide,CHEMBL44657,Dinaciclib,CHEMBL2103840,A375,C3802,C0206735
etoposide,CHEMBL44657,Dinaciclib,CHEMBL2103840,A375,C3802,C0206735
etoposide,CHEMBL44657,Erlotinib,CHEMBL553,A375,C3802,C0206735
etoposide,CHEMBL44657,Erlotinib,CHEMBL553,A375,C3802,C0206735
etoposide,CHEMBL44657,Erlotinib,CHEMBL553,A375,C3802,C0206735
etoposide,CHEMBL44657,Erlotinib,CHEMBL553,A375,C3802,C0206735
etoposide,CHEMBL44657,geldanamycin,CHEMBL278315,A375,C3802,C0206735
etoposide,CHEMBL44657,geldanamycin,CHEMBL278315,A375,C3802,C0206735
etoposide,CHEMBL44657,geldanamycin,CHEMBL278315,A375,C3802,C0206735
etoposide,CHEMBL44657,geldanamycin,CHEMBL278315,A375,C3802,C0206735
etoposide,CHEMBL44657,Lapatinib,CHEMBL554,A375,C3802,C0206735
etoposide,CHEMBL44657,Lapatinib,CHEMBL554,A375,C3802,C0206735
etoposide,CHEMBL44657,Lapatinib,CHEMBL554,A375,C3802,C0206735
etoposide,CHEMBL44657,Lapatinib,CHEMBL554,A375,C3802,C0206735
etoposide,CHEMBL44657,MK-2206,CHEMBL1079175,A375,C3802,C0206735
etoposide,CHEMBL44657,MK-2206,CHEMBL1079175,A375,C3802,C0206735
etoposide,CHEMBL44657,MK-2206,CHEMBL1079175,A375,C3802,C0206735
etoposide,CHEMBL44657,MK-2206,CHEMBL1079175,A375,C3802,C0206735
etoposide,CHEMBL44657,391210-10-9,CHEMBL507361,A375,C3802,C0206735
etoposide,CHEMBL44657,391210-10-9,CHEMBL507361,A375,C3802,C0206735
etoposide,CHEMBL44657,391210-10-9,CHEMBL507361,A375,C3802,C0206735
etoposide,CHEMBL44657,391210-10-9,CHEMBL507361,A375,C3802,C0206735
etoposide,CHEMBL44657,Sorafenib,CHEMBL1336,A375,C3802,C0206735
etoposide,CHEMBL44657,Sorafenib,CHEMBL1336,A375,C3802,C0206735
etoposide,CHEMBL44657,Sorafenib,CHEMBL1336,A375,C3802,C0206735
etoposide,CHEMBL44657,Sorafenib,CHEMBL1336,A375,C3802,C0206735
etoposide,CHEMBL44657,Sunitinib,CHEMBL535,A375,C3802,C0206735
etoposide,CHEMBL44657,Sunitinib,CHEMBL535,A375,C3802,C0206735
etoposide,CHEMBL44657,Sunitinib,CHEMBL535,A375,C3802,C0206735
etoposide,CHEMBL44657,Sunitinib,CHEMBL535,A375,C3802,C0206735
etoposide,CHEMBL44657,temozolomide,CHEMBL810,A375,C3802,C0206735
etoposide,CHEMBL44657,temozolomide,CHEMBL810,A375,C3802,C0206735
etoposide,CHEMBL44657,temozolomide,CHEMBL810,A375,C3802,C0206735
etoposide,CHEMBL44657,temozolomide,CHEMBL810,A375,C3802,C0206735
etoposide,CHEMBL44657,Vorinostat,CHEMBL98,A375,C3802,C0206735
etoposide,CHEMBL44657,Vorinostat,CHEMBL98,A375,C3802,C0206735
etoposide,CHEMBL44657,Vorinostat,CHEMBL98,A375,C3802,C0206735
etoposide,CHEMBL44657,Vorinostat,CHEMBL98,A375,C3802,C0206735
geldanamycin,CHEMBL278315,915019-65-7,CHEMBL1879463,A375,C3802,C0206735
geldanamycin,CHEMBL278315,915019-65-7,CHEMBL1879463,A375,C3802,C0206735
geldanamycin,CHEMBL278315,915019-65-7,CHEMBL1879463,A375,C3802,C0206735
geldanamycin,CHEMBL278315,915019-65-7,CHEMBL1879463,A375,C3802,C0206735
geldanamycin,CHEMBL278315,Dinaciclib,CHEMBL2103840,A375,C3802,C0206735
geldanamycin,CHEMBL278315,Dinaciclib,CHEMBL2103840,A375,C3802,C0206735
geldanamycin,CHEMBL278315,Dinaciclib,CHEMBL2103840,A375,C3802,C0206735
geldanamycin,CHEMBL278315,Dinaciclib,CHEMBL2103840,A375,C3802,C0206735
geldanamycin,CHEMBL278315,7-Ethyl-10-hydroxycamptothecin,CHEMBL837,A375,C3802,C0206735
geldanamycin,CHEMBL278315,7-Ethyl-10-hydroxycamptothecin,CHEMBL837,A375,C3802,C0206735
geldanamycin,CHEMBL278315,7-Ethyl-10-hydroxycamptothecin,CHEMBL837,A375,C3802,C0206735
geldanamycin,CHEMBL278315,7-Ethyl-10-hydroxycamptothecin,CHEMBL837,A375,C3802,C0206735
geldanamycin,CHEMBL278315,Sorafenib,CHEMBL1336,A375,C3802,C0206735
geldanamycin,CHEMBL278315,Sorafenib,CHEMBL1336,A375,C3802,C0206735
geldanamycin,CHEMBL278315,Sorafenib,CHEMBL1336,A375,C3802,C0206735
geldanamycin,CHEMBL278315,Sorafenib,CHEMBL1336,A375,C3802,C0206735
gemcitabine,CHEMBL888,Veliparib,CHEMBL506871,A375,C3802,C0206735
gemcitabine,CHEMBL888,Veliparib,CHEMBL506871,A375,C3802,C0206735
gemcitabine,CHEMBL888,Veliparib,CHEMBL506871,A375,C3802,C0206735
gemcitabine,CHEMBL888,Veliparib,CHEMBL506871,A375,C3802,C0206735
gemcitabine,CHEMBL888,MK-1775,CHEMBL1976040,A375,C3802,C0206735
gemcitabine,CHEMBL888,MK-1775,CHEMBL1976040,A375,C3802,C0206735
gemcitabine,CHEMBL888,MK-1775,CHEMBL1976040,A375,C3802,C0206735
gemcitabine,CHEMBL888,MK-1775,CHEMBL1976040,A375,C3802,C0206735
gemcitabine,CHEMBL888,915019-65-7,CHEMBL1879463,A375,C3802,C0206735
gemcitabine,CHEMBL888,915019-65-7,CHEMBL1879463,A375,C3802,C0206735
gemcitabine,CHEMBL888,915019-65-7,CHEMBL1879463,A375,C3802,C0206735
gemcitabine,CHEMBL888,915019-65-7,CHEMBL1879463,A375,C3802,C0206735
gemcitabine,CHEMBL888,Bortezomib,CHEMBL325041,A375,C3802,C0206735
gemcitabine,CHEMBL888,Bortezomib,CHEMBL325041,A375,C3802,C0206735
gemcitabine,CHEMBL888,Bortezomib,CHEMBL325041,A375,C3802,C0206735
gemcitabine,CHEMBL888,Bortezomib,CHEMBL325041,A375,C3802,C0206735
gemcitabine,CHEMBL888,Dasatinib,CHEMBL1421,A375,C3802,C0206735
gemcitabine,CHEMBL888,Dasatinib,CHEMBL1421,A375,C3802,C0206735
gemcitabine,CHEMBL888,Dasatinib,CHEMBL1421,A375,C3802,C0206735
gemcitabine,CHEMBL888,Dasatinib,CHEMBL1421,A375,C3802,C0206735
gemcitabine,CHEMBL888,Dinaciclib,CHEMBL2103840,A375,C3802,C0206735
gemcitabine,CHEMBL888,Dinaciclib,CHEMBL2103840,A375,C3802,C0206735
gemcitabine,CHEMBL888,Dinaciclib,CHEMBL2103840,A375,C3802,C0206735
gemcitabine,CHEMBL888,Dinaciclib,CHEMBL2103840,A375,C3802,C0206735
gemcitabine,CHEMBL888,Erlotinib,CHEMBL553,A375,C3802,C0206735
gemcitabine,CHEMBL888,Erlotinib,CHEMBL553,A375,C3802,C0206735
gemcitabine,CHEMBL888,Erlotinib,CHEMBL553,A375,C3802,C0206735
gemcitabine,CHEMBL888,Erlotinib,CHEMBL553,A375,C3802,C0206735
gemcitabine,CHEMBL888,geldanamycin,CHEMBL278315,A375,C3802,C0206735
gemcitabine,CHEMBL888,geldanamycin,CHEMBL278315,A375,C3802,C0206735
gemcitabine,CHEMBL888,geldanamycin,CHEMBL278315,A375,C3802,C0206735
gemcitabine,CHEMBL888,geldanamycin,CHEMBL278315,A375,C3802,C0206735
gemcitabine,CHEMBL888,Lapatinib,CHEMBL554,A375,C3802,C0206735
gemcitabine,CHEMBL888,Lapatinib,CHEMBL554,A375,C3802,C0206735
gemcitabine,CHEMBL888,Lapatinib,CHEMBL554,A375,C3802,C0206735
gemcitabine,CHEMBL888,Lapatinib,CHEMBL554,A375,C3802,C0206735
gemcitabine,CHEMBL888,MK-2206,CHEMBL1079175,A375,C3802,C0206735
gemcitabine,CHEMBL888,MK-2206,CHEMBL1079175,A375,C3802,C0206735
gemcitabine,CHEMBL888,MK-2206,CHEMBL1079175,A375,C3802,C0206735
gemcitabine,CHEMBL888,MK-2206,CHEMBL1079175,A375,C3802,C0206735
gemcitabine,CHEMBL888,391210-10-9,CHEMBL507361,A375,C3802,C0206735
gemcitabine,CHEMBL888,391210-10-9,CHEMBL507361,A375,C3802,C0206735
gemcitabine,CHEMBL888,391210-10-9,CHEMBL507361,A375,C3802,C0206735
gemcitabine,CHEMBL888,391210-10-9,CHEMBL507361,A375,C3802,C0206735
gemcitabine,CHEMBL888,Sorafenib,CHEMBL1336,A375,C3802,C0206735
gemcitabine,CHEMBL888,Sorafenib,CHEMBL1336,A375,C3802,C0206735
gemcitabine,CHEMBL888,Sorafenib,CHEMBL1336,A375,C3802,C0206735
gemcitabine,CHEMBL888,Sorafenib,CHEMBL1336,A375,C3802,C0206735
gemcitabine,CHEMBL888,Sunitinib,CHEMBL535,A375,C3802,C0206735
gemcitabine,CHEMBL888,Sunitinib,CHEMBL535,A375,C3802,C0206735
gemcitabine,CHEMBL888,Sunitinib,CHEMBL535,A375,C3802,C0206735
gemcitabine,CHEMBL888,Sunitinib,CHEMBL535,A375,C3802,C0206735
gemcitabine,CHEMBL888,temozolomide,CHEMBL810,A375,C3802,C0206735
gemcitabine,CHEMBL888,temozolomide,CHEMBL810,A375,C3802,C0206735
gemcitabine,CHEMBL888,temozolomide,CHEMBL810,A375,C3802,C0206735
gemcitabine,CHEMBL888,temozolomide,CHEMBL810,A375,C3802,C0206735
Lapatinib,CHEMBL554,Veliparib,CHEMBL506871,A375,C3802,C0206735
Lapatinib,CHEMBL554,Veliparib,CHEMBL506871,A375,C3802,C0206735
Lapatinib,CHEMBL554,Veliparib,CHEMBL506871,A375,C3802,C0206735
Lapatinib,CHEMBL554,Veliparib,CHEMBL506871,A375,C3802,C0206735
Lapatinib,CHEMBL554,915019-65-7,CHEMBL1879463,A375,C3802,C0206735
Lapatinib,CHEMBL554,915019-65-7,CHEMBL1879463,A375,C3802,C0206735
Lapatinib,CHEMBL554,915019-65-7,CHEMBL1879463,A375,C3802,C0206735
Lapatinib,CHEMBL554,915019-65-7,CHEMBL1879463,A375,C3802,C0206735
Lapatinib,CHEMBL554,Bortezomib,CHEMBL325041,A375,C3802,C0206735
Lapatinib,CHEMBL554,Bortezomib,CHEMBL325041,A375,C3802,C0206735
Lapatinib,CHEMBL554,Bortezomib,CHEMBL325041,A375,C3802,C0206735
Lapatinib,CHEMBL554,Bortezomib,CHEMBL325041,A375,C3802,C0206735
Lapatinib,CHEMBL554,Dasatinib,CHEMBL1421,A375,C3802,C0206735
Lapatinib,CHEMBL554,Dasatinib,CHEMBL1421,A375,C3802,C0206735
Lapatinib,CHEMBL554,Dasatinib,CHEMBL1421,A375,C3802,C0206735
Lapatinib,CHEMBL554,Dasatinib,CHEMBL1421,A375,C3802,C0206735
Lapatinib,CHEMBL554,Dinaciclib,CHEMBL2103840,A375,C3802,C0206735
Lapatinib,CHEMBL554,Dinaciclib,CHEMBL2103840,A375,C3802,C0206735
Lapatinib,CHEMBL554,Dinaciclib,CHEMBL2103840,A375,C3802,C0206735
Lapatinib,CHEMBL554,Dinaciclib,CHEMBL2103840,A375,C3802,C0206735
Lapatinib,CHEMBL554,Erlotinib,CHEMBL553,A375,C3802,C0206735
Lapatinib,CHEMBL554,Erlotinib,CHEMBL553,A375,C3802,C0206735
Lapatinib,CHEMBL554,Erlotinib,CHEMBL553,A375,C3802,C0206735
Lapatinib,CHEMBL554,Erlotinib,CHEMBL553,A375,C3802,C0206735
Lapatinib,CHEMBL554,geldanamycin,CHEMBL278315,A375,C3802,C0206735
Lapatinib,CHEMBL554,geldanamycin,CHEMBL278315,A375,C3802,C0206735
Lapatinib,CHEMBL554,geldanamycin,CHEMBL278315,A375,C3802,C0206735
Lapatinib,CHEMBL554,geldanamycin,CHEMBL278315,A375,C3802,C0206735
Lapatinib,CHEMBL554,MK-2206,CHEMBL1079175,A375,C3802,C0206735
Lapatinib,CHEMBL554,MK-2206,CHEMBL1079175,A375,C3802,C0206735
Lapatinib,CHEMBL554,MK-2206,CHEMBL1079175,A375,C3802,C0206735
Lapatinib,CHEMBL554,MK-2206,CHEMBL1079175,A375,C3802,C0206735
Lapatinib,CHEMBL554,391210-10-9,CHEMBL507361,A375,C3802,C0206735
Lapatinib,CHEMBL554,391210-10-9,CHEMBL507361,A375,C3802,C0206735
Lapatinib,CHEMBL554,391210-10-9,CHEMBL507361,A375,C3802,C0206735
Lapatinib,CHEMBL554,391210-10-9,CHEMBL507361,A375,C3802,C0206735
Lapatinib,CHEMBL554,7-Ethyl-10-hydroxycamptothecin,CHEMBL837,A375,C3802,C0206735
Lapatinib,CHEMBL554,7-Ethyl-10-hydroxycamptothecin,CHEMBL837,A375,C3802,C0206735
Lapatinib,CHEMBL554,7-Ethyl-10-hydroxycamptothecin,CHEMBL837,A375,C3802,C0206735
Lapatinib,CHEMBL554,7-Ethyl-10-hydroxycamptothecin,CHEMBL837,A375,C3802,C0206735
Lapatinib,CHEMBL554,Sorafenib,CHEMBL1336,A375,C3802,C0206735
Lapatinib,CHEMBL554,Sorafenib,CHEMBL1336,A375,C3802,C0206735
Lapatinib,CHEMBL554,Sorafenib,CHEMBL1336,A375,C3802,C0206735
Lapatinib,CHEMBL554,Sorafenib,CHEMBL1336,A375,C3802,C0206735
metformin,CHEMBL1431,Veliparib,CHEMBL506871,A375,C3802,C0206735
metformin,CHEMBL1431,Veliparib,CHEMBL506871,A375,C3802,C0206735
metformin,CHEMBL1431,Veliparib,CHEMBL506871,A375,C3802,C0206735
metformin,CHEMBL1431,Veliparib,CHEMBL506871,A375,C3802,C0206735
metformin,CHEMBL1431,MK-1775,CHEMBL1976040,A375,C3802,C0206735
metformin,CHEMBL1431,MK-1775,CHEMBL1976040,A375,C3802,C0206735
metformin,CHEMBL1431,MK-1775,CHEMBL1976040,A375,C3802,C0206735
metformin,CHEMBL1431,MK-1775,CHEMBL1976040,A375,C3802,C0206735
metformin,CHEMBL1431,915019-65-7,CHEMBL1879463,A375,C3802,C0206735
metformin,CHEMBL1431,915019-65-7,CHEMBL1879463,A375,C3802,C0206735
metformin,CHEMBL1431,915019-65-7,CHEMBL1879463,A375,C3802,C0206735
metformin,CHEMBL1431,915019-65-7,CHEMBL1879463,A375,C3802,C0206735
metformin,CHEMBL1431,Bortezomib,CHEMBL325041,A375,C3802,C0206735
metformin,CHEMBL1431,Bortezomib,CHEMBL325041,A375,C3802,C0206735
metformin,CHEMBL1431,Bortezomib,CHEMBL325041,A375,C3802,C0206735
metformin,CHEMBL1431,Bortezomib,CHEMBL325041,A375,C3802,C0206735
metformin,CHEMBL1431,Dasatinib,CHEMBL1421,A375,C3802,C0206735
metformin,CHEMBL1431,Dasatinib,CHEMBL1421,A375,C3802,C0206735
metformin,CHEMBL1431,Dasatinib,CHEMBL1421,A375,C3802,C0206735
metformin,CHEMBL1431,Dasatinib,CHEMBL1421,A375,C3802,C0206735
metformin,CHEMBL1431,Dinaciclib,CHEMBL2103840,A375,C3802,C0206735
metformin,CHEMBL1431,Dinaciclib,CHEMBL2103840,A375,C3802,C0206735
metformin,CHEMBL1431,Dinaciclib,CHEMBL2103840,A375,C3802,C0206735
metformin,CHEMBL1431,Dinaciclib,CHEMBL2103840,A375,C3802,C0206735
metformin,CHEMBL1431,Erlotinib,CHEMBL553,A375,C3802,C0206735
metformin,CHEMBL1431,Erlotinib,CHEMBL553,A375,C3802,C0206735
metformin,CHEMBL1431,Erlotinib,CHEMBL553,A375,C3802,C0206735
metformin,CHEMBL1431,Erlotinib,CHEMBL553,A375,C3802,C0206735
metformin,CHEMBL1431,geldanamycin,CHEMBL278315,A375,C3802,C0206735
metformin,CHEMBL1431,geldanamycin,CHEMBL278315,A375,C3802,C0206735
metformin,CHEMBL1431,geldanamycin,CHEMBL278315,A375,C3802,C0206735
metformin,CHEMBL1431,geldanamycin,CHEMBL278315,A375,C3802,C0206735
metformin,CHEMBL1431,Lapatinib,CHEMBL554,A375,C3802,C0206735
metformin,CHEMBL1431,Lapatinib,CHEMBL554,A375,C3802,C0206735
metformin,CHEMBL1431,Lapatinib,CHEMBL554,A375,C3802,C0206735
metformin,CHEMBL1431,Lapatinib,CHEMBL554,A375,C3802,C0206735
metformin,CHEMBL1431,MK-2206,CHEMBL1079175,A375,C3802,C0206735
metformin,CHEMBL1431,MK-2206,CHEMBL1079175,A375,C3802,C0206735
metformin,CHEMBL1431,MK-2206,CHEMBL1079175,A375,C3802,C0206735
metformin,CHEMBL1431,MK-2206,CHEMBL1079175,A375,C3802,C0206735
metformin,CHEMBL1431,391210-10-9,CHEMBL507361,A375,C3802,C0206735
metformin,CHEMBL1431,391210-10-9,CHEMBL507361,A375,C3802,C0206735
metformin,CHEMBL1431,391210-10-9,CHEMBL507361,A375,C3802,C0206735
metformin,CHEMBL1431,391210-10-9,CHEMBL507361,A375,C3802,C0206735
metformin,CHEMBL1431,Sorafenib,CHEMBL1336,A375,C3802,C0206735
metformin,CHEMBL1431,Sorafenib,CHEMBL1336,A375,C3802,C0206735
metformin,CHEMBL1431,Sorafenib,CHEMBL1336,A375,C3802,C0206735
metformin,CHEMBL1431,Sorafenib,CHEMBL1336,A375,C3802,C0206735
metformin,CHEMBL1431,Sunitinib,CHEMBL535,A375,C3802,C0206735
metformin,CHEMBL1431,Sunitinib,CHEMBL535,A375,C3802,C0206735
metformin,CHEMBL1431,Sunitinib,CHEMBL535,A375,C3802,C0206735
metformin,CHEMBL1431,Sunitinib,CHEMBL535,A375,C3802,C0206735
metformin,CHEMBL1431,temozolomide,CHEMBL810,A375,C3802,C0206735
metformin,CHEMBL1431,temozolomide,CHEMBL810,A375,C3802,C0206735
metformin,CHEMBL1431,temozolomide,CHEMBL810,A375,C3802,C0206735
metformin,CHEMBL1431,temozolomide,CHEMBL810,A375,C3802,C0206735
metformin,CHEMBL1431,Vorinostat,CHEMBL98,A375,C3802,C0206735
metformin,CHEMBL1431,Vorinostat,CHEMBL98,A375,C3802,C0206735
metformin,CHEMBL1431,Vorinostat,CHEMBL98,A375,C3802,C0206735
metformin,CHEMBL1431,Vorinostat,CHEMBL98,A375,C3802,C0206735
MK-2206,CHEMBL1079175,Veliparib,CHEMBL506871,A375,C3802,C0206735
MK-2206,CHEMBL1079175,Veliparib,CHEMBL506871,A375,C3802,C0206735
MK-2206,CHEMBL1079175,Veliparib,CHEMBL506871,A375,C3802,C0206735
MK-2206,CHEMBL1079175,Veliparib,CHEMBL506871,A375,C3802,C0206735
MK-2206,CHEMBL1079175,915019-65-7,CHEMBL1879463,A375,C3802,C0206735
MK-2206,CHEMBL1079175,915019-65-7,CHEMBL1879463,A375,C3802,C0206735
MK-2206,CHEMBL1079175,915019-65-7,CHEMBL1879463,A375,C3802,C0206735
MK-2206,CHEMBL1079175,915019-65-7,CHEMBL1879463,A375,C3802,C0206735
MK-2206,CHEMBL1079175,Bortezomib,CHEMBL325041,A375,C3802,C0206735
MK-2206,CHEMBL1079175,Bortezomib,CHEMBL325041,A375,C3802,C0206735
MK-2206,CHEMBL1079175,Bortezomib,CHEMBL325041,A375,C3802,C0206735
MK-2206,CHEMBL1079175,Bortezomib,CHEMBL325041,A375,C3802,C0206735
MK-2206,CHEMBL1079175,Dasatinib,CHEMBL1421,A375,C3802,C0206735
MK-2206,CHEMBL1079175,Dasatinib,CHEMBL1421,A375,C3802,C0206735
MK-2206,CHEMBL1079175,Dasatinib,CHEMBL1421,A375,C3802,C0206735
MK-2206,CHEMBL1079175,Dasatinib,CHEMBL1421,A375,C3802,C0206735
MK-2206,CHEMBL1079175,Dinaciclib,CHEMBL2103840,A375,C3802,C0206735
MK-2206,CHEMBL1079175,Dinaciclib,CHEMBL2103840,A375,C3802,C0206735
MK-2206,CHEMBL1079175,Dinaciclib,CHEMBL2103840,A375,C3802,C0206735
MK-2206,CHEMBL1079175,Dinaciclib,CHEMBL2103840,A375,C3802,C0206735
MK-2206,CHEMBL1079175,Erlotinib,CHEMBL553,A375,C3802,C0206735
MK-2206,CHEMBL1079175,Erlotinib,CHEMBL553,A375,C3802,C0206735
MK-2206,CHEMBL1079175,Erlotinib,CHEMBL553,A375,C3802,C0206735
MK-2206,CHEMBL1079175,Erlotinib,CHEMBL553,A375,C3802,C0206735
MK-2206,CHEMBL1079175,geldanamycin,CHEMBL278315,A375,C3802,C0206735
MK-2206,CHEMBL1079175,geldanamycin,CHEMBL278315,A375,C3802,C0206735
MK-2206,CHEMBL1079175,geldanamycin,CHEMBL278315,A375,C3802,C0206735
MK-2206,CHEMBL1079175,geldanamycin,CHEMBL278315,A375,C3802,C0206735
MK-2206,CHEMBL1079175,391210-10-9,CHEMBL507361,A375,C3802,C0206735
MK-2206,CHEMBL1079175,391210-10-9,CHEMBL507361,A375,C3802,C0206735
MK-2206,CHEMBL1079175,391210-10-9,CHEMBL507361,A375,C3802,C0206735
MK-2206,CHEMBL1079175,391210-10-9,CHEMBL507361,A375,C3802,C0206735
MK-2206,CHEMBL1079175,7-Ethyl-10-hydroxycamptothecin,CHEMBL837,A375,C3802,C0206735
MK-2206,CHEMBL1079175,7-Ethyl-10-hydroxycamptothecin,CHEMBL837,A375,C3802,C0206735
MK-2206,CHEMBL1079175,7-Ethyl-10-hydroxycamptothecin,CHEMBL837,A375,C3802,C0206735
MK-2206,CHEMBL1079175,7-Ethyl-10-hydroxycamptothecin,CHEMBL837,A375,C3802,C0206735
MK-2206,CHEMBL1079175,Sorafenib,CHEMBL1336,A375,C3802,C0206735
MK-2206,CHEMBL1079175,Sorafenib,CHEMBL1336,A375,C3802,C0206735
MK-2206,CHEMBL1079175,Sorafenib,CHEMBL1336,A375,C3802,C0206735
MK-2206,CHEMBL1079175,Sorafenib,CHEMBL1336,A375,C3802,C0206735
391210-10-9,CHEMBL507361,Veliparib,CHEMBL506871,A375,C3802,C0206735
391210-10-9,CHEMBL507361,Veliparib,CHEMBL506871,A375,C3802,C0206735
391210-10-9,CHEMBL507361,Veliparib,CHEMBL506871,A375,C3802,C0206735
391210-10-9,CHEMBL507361,Veliparib,CHEMBL506871,A375,C3802,C0206735
391210-10-9,CHEMBL507361,915019-65-7,CHEMBL1879463,A375,C3802,C0206735
391210-10-9,CHEMBL507361,915019-65-7,CHEMBL1879463,A375,C3802,C0206735
391210-10-9,CHEMBL507361,915019-65-7,CHEMBL1879463,A375,C3802,C0206735
391210-10-9,CHEMBL507361,915019-65-7,CHEMBL1879463,A375,C3802,C0206735
391210-10-9,CHEMBL507361,Bortezomib,CHEMBL325041,A375,C3802,C0206735
391210-10-9,CHEMBL507361,Bortezomib,CHEMBL325041,A375,C3802,C0206735
391210-10-9,CHEMBL507361,Bortezomib,CHEMBL325041,A375,C3802,C0206735
391210-10-9,CHEMBL507361,Bortezomib,CHEMBL325041,A375,C3802,C0206735
391210-10-9,CHEMBL507361,Dasatinib,CHEMBL1421,A375,C3802,C0206735
391210-10-9,CHEMBL507361,Dasatinib,CHEMBL1421,A375,C3802,C0206735
391210-10-9,CHEMBL507361,Dasatinib,CHEMBL1421,A375,C3802,C0206735
391210-10-9,CHEMBL507361,Dasatinib,CHEMBL1421,A375,C3802,C0206735
391210-10-9,CHEMBL507361,Dinaciclib,CHEMBL2103840,A375,C3802,C0206735
391210-10-9,CHEMBL507361,Dinaciclib,CHEMBL2103840,A375,C3802,C0206735
391210-10-9,CHEMBL507361,Dinaciclib,CHEMBL2103840,A375,C3802,C0206735
391210-10-9,CHEMBL507361,Dinaciclib,CHEMBL2103840,A375,C3802,C0206735
391210-10-9,CHEMBL507361,geldanamycin,CHEMBL278315,A375,C3802,C0206735
391210-10-9,CHEMBL507361,geldanamycin,CHEMBL278315,A375,C3802,C0206735
391210-10-9,CHEMBL507361,geldanamycin,CHEMBL278315,A375,C3802,C0206735
391210-10-9,CHEMBL507361,geldanamycin,CHEMBL278315,A375,C3802,C0206735
391210-10-9,CHEMBL507361,7-Ethyl-10-hydroxycamptothecin,CHEMBL837,A375,C3802,C0206735
391210-10-9,CHEMBL507361,7-Ethyl-10-hydroxycamptothecin,CHEMBL837,A375,C3802,C0206735
391210-10-9,CHEMBL507361,7-Ethyl-10-hydroxycamptothecin,CHEMBL837,A375,C3802,C0206735
391210-10-9,CHEMBL507361,7-Ethyl-10-hydroxycamptothecin,CHEMBL837,A375,C3802,C0206735
391210-10-9,CHEMBL507361,Sorafenib,CHEMBL1336,A375,C3802,C0206735
391210-10-9,CHEMBL507361,Sorafenib,CHEMBL1336,A375,C3802,C0206735
391210-10-9,CHEMBL507361,Sorafenib,CHEMBL1336,A375,C3802,C0206735
391210-10-9,CHEMBL507361,Sorafenib,CHEMBL1336,A375,C3802,C0206735
7-Ethyl-10-hydroxycamptothecin,CHEMBL837,Dinaciclib,CHEMBL2103840,A375,C3802,C0206735
7-Ethyl-10-hydroxycamptothecin,CHEMBL837,Dinaciclib,CHEMBL2103840,A375,C3802,C0206735
7-Ethyl-10-hydroxycamptothecin,CHEMBL837,Dinaciclib,CHEMBL2103840,A375,C3802,C0206735
7-Ethyl-10-hydroxycamptothecin,CHEMBL837,Dinaciclib,CHEMBL2103840,A375,C3802,C0206735
7-Ethyl-10-hydroxycamptothecin,CHEMBL837,Sorafenib,CHEMBL1336,A375,C3802,C0206735
7-Ethyl-10-hydroxycamptothecin,CHEMBL837,Sorafenib,CHEMBL1336,A375,C3802,C0206735
7-Ethyl-10-hydroxycamptothecin,CHEMBL837,Sorafenib,CHEMBL1336,A375,C3802,C0206735
7-Ethyl-10-hydroxycamptothecin,CHEMBL837,Sorafenib,CHEMBL1336,A375,C3802,C0206735
Sorafenib,CHEMBL1336,Dinaciclib,CHEMBL2103840,A375,C3802,C0206735
Sorafenib,CHEMBL1336,Dinaciclib,CHEMBL2103840,A375,C3802,C0206735
Sorafenib,CHEMBL1336,Dinaciclib,CHEMBL2103840,A375,C3802,C0206735
Sorafenib,CHEMBL1336,Dinaciclib,CHEMBL2103840,A375,C3802,C0206735
Sunitinib,CHEMBL535,Veliparib,CHEMBL506871,A375,C3802,C0206735
Sunitinib,CHEMBL535,Veliparib,CHEMBL506871,A375,C3802,C0206735
Sunitinib,CHEMBL535,Veliparib,CHEMBL506871,A375,C3802,C0206735
Sunitinib,CHEMBL535,Veliparib,CHEMBL506871,A375,C3802,C0206735
Sunitinib,CHEMBL535,MK-1775,CHEMBL1976040,A375,C3802,C0206735
Sunitinib,CHEMBL535,MK-1775,CHEMBL1976040,A375,C3802,C0206735
Sunitinib,CHEMBL535,MK-1775,CHEMBL1976040,A375,C3802,C0206735
Sunitinib,CHEMBL535,MK-1775,CHEMBL1976040,A375,C3802,C0206735
Sunitinib,CHEMBL535,915019-65-7,CHEMBL1879463,A375,C3802,C0206735
Sunitinib,CHEMBL535,915019-65-7,CHEMBL1879463,A375,C3802,C0206735
Sunitinib,CHEMBL535,915019-65-7,CHEMBL1879463,A375,C3802,C0206735
Sunitinib,CHEMBL535,915019-65-7,CHEMBL1879463,A375,C3802,C0206735
Sunitinib,CHEMBL535,Bortezomib,CHEMBL325041,A375,C3802,C0206735
Sunitinib,CHEMBL535,Bortezomib,CHEMBL325041,A375,C3802,C0206735
Sunitinib,CHEMBL535,Bortezomib,CHEMBL325041,A375,C3802,C0206735
Sunitinib,CHEMBL535,Bortezomib,CHEMBL325041,A375,C3802,C0206735
Sunitinib,CHEMBL535,Dasatinib,CHEMBL1421,A375,C3802,C0206735
Sunitinib,CHEMBL535,Dasatinib,CHEMBL1421,A375,C3802,C0206735
Sunitinib,CHEMBL535,Dasatinib,CHEMBL1421,A375,C3802,C0206735
Sunitinib,CHEMBL535,Dasatinib,CHEMBL1421,A375,C3802,C0206735
Sunitinib,CHEMBL535,Dinaciclib,CHEMBL2103840,A375,C3802,C0206735
Sunitinib,CHEMBL535,Dinaciclib,CHEMBL2103840,A375,C3802,C0206735
Sunitinib,CHEMBL535,Dinaciclib,CHEMBL2103840,A375,C3802,C0206735
Sunitinib,CHEMBL535,Dinaciclib,CHEMBL2103840,A375,C3802,C0206735
Sunitinib,CHEMBL535,Erlotinib,CHEMBL553,A375,C3802,C0206735
Sunitinib,CHEMBL535,Erlotinib,CHEMBL553,A375,C3802,C0206735
Sunitinib,CHEMBL535,Erlotinib,CHEMBL553,A375,C3802,C0206735
Sunitinib,CHEMBL535,Erlotinib,CHEMBL553,A375,C3802,C0206735
Sunitinib,CHEMBL535,geldanamycin,CHEMBL278315,A375,C3802,C0206735
Sunitinib,CHEMBL535,geldanamycin,CHEMBL278315,A375,C3802,C0206735
Sunitinib,CHEMBL535,geldanamycin,CHEMBL278315,A375,C3802,C0206735
Sunitinib,CHEMBL535,geldanamycin,CHEMBL278315,A375,C3802,C0206735
Sunitinib,CHEMBL535,Lapatinib,CHEMBL554,A375,C3802,C0206735
Sunitinib,CHEMBL535,Lapatinib,CHEMBL554,A375,C3802,C0206735
Sunitinib,CHEMBL535,Lapatinib,CHEMBL554,A375,C3802,C0206735
Sunitinib,CHEMBL535,Lapatinib,CHEMBL554,A375,C3802,C0206735
Sunitinib,CHEMBL535,MK-2206,CHEMBL1079175,A375,C3802,C0206735
Sunitinib,CHEMBL535,MK-2206,CHEMBL1079175,A375,C3802,C0206735
Sunitinib,CHEMBL535,MK-2206,CHEMBL1079175,A375,C3802,C0206735
Sunitinib,CHEMBL535,MK-2206,CHEMBL1079175,A375,C3802,C0206735
Sunitinib,CHEMBL535,391210-10-9,CHEMBL507361,A375,C3802,C0206735
Sunitinib,CHEMBL535,391210-10-9,CHEMBL507361,A375,C3802,C0206735
Sunitinib,CHEMBL535,391210-10-9,CHEMBL507361,A375,C3802,C0206735
Sunitinib,CHEMBL535,391210-10-9,CHEMBL507361,A375,C3802,C0206735
Sunitinib,CHEMBL535,7-Ethyl-10-hydroxycamptothecin,CHEMBL837,A375,C3802,C0206735
Sunitinib,CHEMBL535,7-Ethyl-10-hydroxycamptothecin,CHEMBL837,A375,C3802,C0206735
Sunitinib,CHEMBL535,7-Ethyl-10-hydroxycamptothecin,CHEMBL837,A375,C3802,C0206735
Sunitinib,CHEMBL535,7-Ethyl-10-hydroxycamptothecin,CHEMBL837,A375,C3802,C0206735
Sunitinib,CHEMBL535,Sorafenib,CHEMBL1336,A375,C3802,C0206735
Sunitinib,CHEMBL535,Sorafenib,CHEMBL1336,A375,C3802,C0206735
Sunitinib,CHEMBL535,Sorafenib,CHEMBL1336,A375,C3802,C0206735
Sunitinib,CHEMBL535,Sorafenib,CHEMBL1336,A375,C3802,C0206735
Sunitinib,CHEMBL535,temozolomide,CHEMBL810,A375,C3802,C0206735
Sunitinib,CHEMBL535,temozolomide,CHEMBL810,A375,C3802,C0206735
Sunitinib,CHEMBL535,temozolomide,CHEMBL810,A375,C3802,C0206735
Sunitinib,CHEMBL535,temozolomide,CHEMBL810,A375,C3802,C0206735
temozolomide,CHEMBL810,Veliparib,CHEMBL506871,A375,C3802,C0206735
temozolomide,CHEMBL810,Veliparib,CHEMBL506871,A375,C3802,C0206735
temozolomide,CHEMBL810,Veliparib,CHEMBL506871,A375,C3802,C0206735
temozolomide,CHEMBL810,Veliparib,CHEMBL506871,A375,C3802,C0206735
temozolomide,CHEMBL810,MK-1775,CHEMBL1976040,A375,C3802,C0206735
temozolomide,CHEMBL810,MK-1775,CHEMBL1976040,A375,C3802,C0206735
temozolomide,CHEMBL810,MK-1775,CHEMBL1976040,A375,C3802,C0206735
temozolomide,CHEMBL810,MK-1775,CHEMBL1976040,A375,C3802,C0206735
temozolomide,CHEMBL810,915019-65-7,CHEMBL1879463,A375,C3802,C0206735
temozolomide,CHEMBL810,915019-65-7,CHEMBL1879463,A375,C3802,C0206735
temozolomide,CHEMBL810,915019-65-7,CHEMBL1879463,A375,C3802,C0206735
temozolomide,CHEMBL810,915019-65-7,CHEMBL1879463,A375,C3802,C0206735
temozolomide,CHEMBL810,Bortezomib,CHEMBL325041,A375,C3802,C0206735
temozolomide,CHEMBL810,Bortezomib,CHEMBL325041,A375,C3802,C0206735
temozolomide,CHEMBL810,Bortezomib,CHEMBL325041,A375,C3802,C0206735
temozolomide,CHEMBL810,Bortezomib,CHEMBL325041,A375,C3802,C0206735
temozolomide,CHEMBL810,Dasatinib,CHEMBL1421,A375,C3802,C0206735
temozolomide,CHEMBL810,Dasatinib,CHEMBL1421,A375,C3802,C0206735
temozolomide,CHEMBL810,Dasatinib,CHEMBL1421,A375,C3802,C0206735
temozolomide,CHEMBL810,Dasatinib,CHEMBL1421,A375,C3802,C0206735
temozolomide,CHEMBL810,Dinaciclib,CHEMBL2103840,A375,C3802,C0206735
temozolomide,CHEMBL810,Dinaciclib,CHEMBL2103840,A375,C3802,C0206735
temozolomide,CHEMBL810,Dinaciclib,CHEMBL2103840,A375,C3802,C0206735
temozolomide,CHEMBL810,Dinaciclib,CHEMBL2103840,A375,C3802,C0206735
temozolomide,CHEMBL810,geldanamycin,CHEMBL278315,A375,C3802,C0206735
temozolomide,CHEMBL810,geldanamycin,CHEMBL278315,A375,C3802,C0206735
temozolomide,CHEMBL810,geldanamycin,CHEMBL278315,A375,C3802,C0206735
temozolomide,CHEMBL810,geldanamycin,CHEMBL278315,A375,C3802,C0206735
temozolomide,CHEMBL810,Lapatinib,CHEMBL554,A375,C3802,C0206735
temozolomide,CHEMBL810,Lapatinib,CHEMBL554,A375,C3802,C0206735
temozolomide,CHEMBL810,Lapatinib,CHEMBL554,A375,C3802,C0206735
temozolomide,CHEMBL810,Lapatinib,CHEMBL554,A375,C3802,C0206735
temozolomide,CHEMBL810,MK-2206,CHEMBL1079175,A375,C3802,C0206735
temozolomide,CHEMBL810,MK-2206,CHEMBL1079175,A375,C3802,C0206735
temozolomide,CHEMBL810,MK-2206,CHEMBL1079175,A375,C3802,C0206735
temozolomide,CHEMBL810,MK-2206,CHEMBL1079175,A375,C3802,C0206735
temozolomide,CHEMBL810,391210-10-9,CHEMBL507361,A375,C3802,C0206735
temozolomide,CHEMBL810,391210-10-9,CHEMBL507361,A375,C3802,C0206735
temozolomide,CHEMBL810,391210-10-9,CHEMBL507361,A375,C3802,C0206735
temozolomide,CHEMBL810,391210-10-9,CHEMBL507361,A375,C3802,C0206735
temozolomide,CHEMBL810,7-Ethyl-10-hydroxycamptothecin,CHEMBL837,A375,C3802,C0206735
temozolomide,CHEMBL810,7-Ethyl-10-hydroxycamptothecin,CHEMBL837,A375,C3802,C0206735
temozolomide,CHEMBL810,7-Ethyl-10-hydroxycamptothecin,CHEMBL837,A375,C3802,C0206735
temozolomide,CHEMBL810,7-Ethyl-10-hydroxycamptothecin,CHEMBL837,A375,C3802,C0206735
temozolomide,CHEMBL810,Sorafenib,CHEMBL1336,A375,C3802,C0206735
temozolomide,CHEMBL810,Sorafenib,CHEMBL1336,A375,C3802,C0206735
temozolomide,CHEMBL810,Sorafenib,CHEMBL1336,A375,C3802,C0206735
temozolomide,CHEMBL810,Sorafenib,CHEMBL1336,A375,C3802,C0206735
Vorinostat,CHEMBL98,Veliparib,CHEMBL506871,A375,C3802,C0206735
Vorinostat,CHEMBL98,Veliparib,CHEMBL506871,A375,C3802,C0206735
Vorinostat,CHEMBL98,Veliparib,CHEMBL506871,A375,C3802,C0206735
Vorinostat,CHEMBL98,Veliparib,CHEMBL506871,A375,C3802,C0206735
Vorinostat,CHEMBL98,MK-1775,CHEMBL1976040,A375,C3802,C0206735
Vorinostat,CHEMBL98,MK-1775,CHEMBL1976040,A375,C3802,C0206735
Vorinostat,CHEMBL98,MK-1775,CHEMBL1976040,A375,C3802,C0206735
Vorinostat,CHEMBL98,MK-1775,CHEMBL1976040,A375,C3802,C0206735
Vorinostat,CHEMBL98,915019-65-7,CHEMBL1879463,A375,C3802,C0206735
Vorinostat,CHEMBL98,915019-65-7,CHEMBL1879463,A375,C3802,C0206735
Vorinostat,CHEMBL98,915019-65-7,CHEMBL1879463,A375,C3802,C0206735
Vorinostat,CHEMBL98,915019-65-7,CHEMBL1879463,A375,C3802,C0206735
Vorinostat,CHEMBL98,Bortezomib,CHEMBL325041,A375,C3802,C0206735
Vorinostat,CHEMBL98,Bortezomib,CHEMBL325041,A375,C3802,C0206735
Vorinostat,CHEMBL98,Bortezomib,CHEMBL325041,A375,C3802,C0206735
Vorinostat,CHEMBL98,Bortezomib,CHEMBL325041,A375,C3802,C0206735
Vorinostat,CHEMBL98,Dasatinib,CHEMBL1421,A375,C3802,C0206735
Vorinostat,CHEMBL98,Dasatinib,CHEMBL1421,A375,C3802,C0206735
Vorinostat,CHEMBL98,Dasatinib,CHEMBL1421,A375,C3802,C0206735
Vorinostat,CHEMBL98,Dasatinib,CHEMBL1421,A375,C3802,C0206735
Vorinostat,CHEMBL98,Dinaciclib,CHEMBL2103840,A375,C3802,C0206735
Vorinostat,CHEMBL98,Dinaciclib,CHEMBL2103840,A375,C3802,C0206735
Vorinostat,CHEMBL98,Dinaciclib,CHEMBL2103840,A375,C3802,C0206735
Vorinostat,CHEMBL98,Dinaciclib,CHEMBL2103840,A375,C3802,C0206735
Vorinostat,CHEMBL98,geldanamycin,CHEMBL278315,A375,C3802,C0206735
Vorinostat,CHEMBL98,geldanamycin,CHEMBL278315,A375,C3802,C0206735
Vorinostat,CHEMBL98,geldanamycin,CHEMBL278315,A375,C3802,C0206735
Vorinostat,CHEMBL98,geldanamycin,CHEMBL278315,A375,C3802,C0206735
Vorinostat,CHEMBL98,gemcitabine,CHEMBL888,A375,C3802,C0206735
Vorinostat,CHEMBL98,gemcitabine,CHEMBL888,A375,C3802,C0206735
Vorinostat,CHEMBL98,gemcitabine,CHEMBL888,A375,C3802,C0206735
Vorinostat,CHEMBL98,gemcitabine,CHEMBL888,A375,C3802,C0206735
Vorinostat,CHEMBL98,Lapatinib,CHEMBL554,A375,C3802,C0206735
Vorinostat,CHEMBL98,Lapatinib,CHEMBL554,A375,C3802,C0206735
Vorinostat,CHEMBL98,Lapatinib,CHEMBL554,A375,C3802,C0206735
Vorinostat,CHEMBL98,Lapatinib,CHEMBL554,A375,C3802,C0206735
Vorinostat,CHEMBL98,MK-2206,CHEMBL1079175,A375,C3802,C0206735
Vorinostat,CHEMBL98,MK-2206,CHEMBL1079175,A375,C3802,C0206735
Vorinostat,CHEMBL98,MK-2206,CHEMBL1079175,A375,C3802,C0206735
Vorinostat,CHEMBL98,MK-2206,CHEMBL1079175,A375,C3802,C0206735
Vorinostat,CHEMBL98,391210-10-9,CHEMBL507361,A375,C3802,C0206735
Vorinostat,CHEMBL98,391210-10-9,CHEMBL507361,A375,C3802,C0206735
Vorinostat,CHEMBL98,391210-10-9,CHEMBL507361,A375,C3802,C0206735
Vorinostat,CHEMBL98,391210-10-9,CHEMBL507361,A375,C3802,C0206735
Vorinostat,CHEMBL98,7-Ethyl-10-hydroxycamptothecin,CHEMBL837,A375,C3802,C0206735
Vorinostat,CHEMBL98,7-Ethyl-10-hydroxycamptothecin,CHEMBL837,A375,C3802,C0206735
Vorinostat,CHEMBL98,7-Ethyl-10-hydroxycamptothecin,CHEMBL837,A375,C3802,C0206735
Vorinostat,CHEMBL98,7-Ethyl-10-hydroxycamptothecin,CHEMBL837,A375,C3802,C0206735
Vorinostat,CHEMBL98,Sorafenib,CHEMBL1336,A375,C3802,C0206735
Vorinostat,CHEMBL98,Sorafenib,CHEMBL1336,A375,C3802,C0206735
Vorinostat,CHEMBL98,Sorafenib,CHEMBL1336,A375,C3802,C0206735
Vorinostat,CHEMBL98,Sorafenib,CHEMBL1336,A375,C3802,C0206735
Vorinostat,CHEMBL98,Sunitinib,CHEMBL535,A375,C3802,C0206735
Vorinostat,CHEMBL98,Sunitinib,CHEMBL535,A375,C3802,C0206735
Vorinostat,CHEMBL98,Sunitinib,CHEMBL535,A375,C3802,C0206735
Vorinostat,CHEMBL98,Sunitinib,CHEMBL535,A375,C3802,C0206735
Vorinostat,CHEMBL98,temozolomide,CHEMBL810,A375,C3802,C0206735
Vorinostat,CHEMBL98,temozolomide,CHEMBL810,A375,C3802,C0206735
Vorinostat,CHEMBL98,temozolomide,CHEMBL810,A375,C3802,C0206735
Vorinostat,CHEMBL98,temozolomide,CHEMBL810,A375,C3802,C0206735
5-Fluorouracil,CHEMBL185,Veliparib,CHEMBL506871,HT29,C4349,C0338106
5-Fluorouracil,CHEMBL185,Veliparib,CHEMBL506871,HT29,C4349,C0338106
5-Fluorouracil,CHEMBL185,Veliparib,CHEMBL506871,HT29,C4349,C0338106
5-Fluorouracil,CHEMBL185,Veliparib,CHEMBL506871,HT29,C4349,C0338106
5-Fluorouracil,CHEMBL185,MK-1775,CHEMBL1976040,HT29,C4349,C0338106
5-Fluorouracil,CHEMBL185,MK-1775,CHEMBL1976040,HT29,C4349,C0338106
5-Fluorouracil,CHEMBL185,MK-1775,CHEMBL1976040,HT29,C4349,C0338106
5-Fluorouracil,CHEMBL185,MK-1775,CHEMBL1976040,HT29,C4349,C0338106
5-Fluorouracil,CHEMBL185,915019-65-7,CHEMBL1879463,HT29,C4349,C0338106
5-Fluorouracil,CHEMBL185,915019-65-7,CHEMBL1879463,HT29,C4349,C0338106
5-Fluorouracil,CHEMBL185,915019-65-7,CHEMBL1879463,HT29,C4349,C0338106
5-Fluorouracil,CHEMBL185,915019-65-7,CHEMBL1879463,HT29,C4349,C0338106
5-Fluorouracil,CHEMBL185,Bortezomib,CHEMBL325041,HT29,C4349,C0338106
5-Fluorouracil,CHEMBL185,Bortezomib,CHEMBL325041,HT29,C4349,C0338106
5-Fluorouracil,CHEMBL185,Bortezomib,CHEMBL325041,HT29,C4349,C0338106
5-Fluorouracil,CHEMBL185,Bortezomib,CHEMBL325041,HT29,C4349,C0338106
5-Fluorouracil,CHEMBL185,Dasatinib,CHEMBL1421,HT29,C4349,C0338106
5-Fluorouracil,CHEMBL185,Dasatinib,CHEMBL1421,HT29,C4349,C0338106
5-Fluorouracil,CHEMBL185,Dasatinib,CHEMBL1421,HT29,C4349,C0338106
5-Fluorouracil,CHEMBL185,Dasatinib,CHEMBL1421,HT29,C4349,C0338106
5-Fluorouracil,CHEMBL185,Dinaciclib,CHEMBL2103840,HT29,C4349,C0338106
5-Fluorouracil,CHEMBL185,Dinaciclib,CHEMBL2103840,HT29,C4349,C0338106
5-Fluorouracil,CHEMBL185,Dinaciclib,CHEMBL2103840,HT29,C4349,C0338106
5-Fluorouracil,CHEMBL185,Dinaciclib,CHEMBL2103840,HT29,C4349,C0338106
5-Fluorouracil,CHEMBL185,Erlotinib,CHEMBL553,HT29,C4349,C0338106
5-Fluorouracil,CHEMBL185,Erlotinib,CHEMBL553,HT29,C4349,C0338106
5-Fluorouracil,CHEMBL185,Erlotinib,CHEMBL553,HT29,C4349,C0338106
5-Fluorouracil,CHEMBL185,Erlotinib,CHEMBL553,HT29,C4349,C0338106
5-Fluorouracil,CHEMBL185,geldanamycin,CHEMBL278315,HT29,C4349,C0338106
5-Fluorouracil,CHEMBL185,geldanamycin,CHEMBL278315,HT29,C4349,C0338106
5-Fluorouracil,CHEMBL185,geldanamycin,CHEMBL278315,HT29,C4349,C0338106
5-Fluorouracil,CHEMBL185,geldanamycin,CHEMBL278315,HT29,C4349,C0338106
5-Fluorouracil,CHEMBL185,Lapatinib,CHEMBL554,HT29,C4349,C0338106
5-Fluorouracil,CHEMBL185,Lapatinib,CHEMBL554,HT29,C4349,C0338106
5-Fluorouracil,CHEMBL185,Lapatinib,CHEMBL554,HT29,C4349,C0338106
5-Fluorouracil,CHEMBL185,Lapatinib,CHEMBL554,HT29,C4349,C0338106
5-Fluorouracil,CHEMBL185,MK-2206,CHEMBL1079175,HT29,C4349,C0338106
5-Fluorouracil,CHEMBL185,MK-2206,CHEMBL1079175,HT29,C4349,C0338106
5-Fluorouracil,CHEMBL185,MK-2206,CHEMBL1079175,HT29,C4349,C0338106
5-Fluorouracil,CHEMBL185,MK-2206,CHEMBL1079175,HT29,C4349,C0338106
5-Fluorouracil,CHEMBL185,391210-10-9,CHEMBL507361,HT29,C4349,C0338106
5-Fluorouracil,CHEMBL185,391210-10-9,CHEMBL507361,HT29,C4349,C0338106
5-Fluorouracil,CHEMBL185,391210-10-9,CHEMBL507361,HT29,C4349,C0338106
5-Fluorouracil,CHEMBL185,391210-10-9,CHEMBL507361,HT29,C4349,C0338106
5-Fluorouracil,CHEMBL185,Sorafenib,CHEMBL1336,HT29,C4349,C0338106
5-Fluorouracil,CHEMBL185,Sorafenib,CHEMBL1336,HT29,C4349,C0338106
5-Fluorouracil,CHEMBL185,Sorafenib,CHEMBL1336,HT29,C4349,C0338106
5-Fluorouracil,CHEMBL185,Sorafenib,CHEMBL1336,HT29,C4349,C0338106
5-Fluorouracil,CHEMBL185,Sunitinib,CHEMBL535,HT29,C4349,C0338106
5-Fluorouracil,CHEMBL185,Sunitinib,CHEMBL535,HT29,C4349,C0338106
5-Fluorouracil,CHEMBL185,Sunitinib,CHEMBL535,HT29,C4349,C0338106
5-Fluorouracil,CHEMBL185,Sunitinib,CHEMBL535,HT29,C4349,C0338106
5-Fluorouracil,CHEMBL185,temozolomide,CHEMBL810,HT29,C4349,C0338106
5-Fluorouracil,CHEMBL185,temozolomide,CHEMBL810,HT29,C4349,C0338106
5-Fluorouracil,CHEMBL185,temozolomide,CHEMBL810,HT29,C4349,C0338106
5-Fluorouracil,CHEMBL185,temozolomide,CHEMBL810,HT29,C4349,C0338106
5-Fluorouracil,CHEMBL185,Vorinostat,CHEMBL98,HT29,C4349,C0338106
5-Fluorouracil,CHEMBL185,Vorinostat,CHEMBL98,HT29,C4349,C0338106
5-Fluorouracil,CHEMBL185,Vorinostat,CHEMBL98,HT29,C4349,C0338106
5-Fluorouracil,CHEMBL185,Vorinostat,CHEMBL98,HT29,C4349,C0338106
Veliparib,CHEMBL506871,915019-65-7,CHEMBL1879463,HT29,C4349,C0338106
Veliparib,CHEMBL506871,915019-65-7,CHEMBL1879463,HT29,C4349,C0338106
Veliparib,CHEMBL506871,915019-65-7,CHEMBL1879463,HT29,C4349,C0338106
Veliparib,CHEMBL506871,915019-65-7,CHEMBL1879463,HT29,C4349,C0338106
Veliparib,CHEMBL506871,Dinaciclib,CHEMBL2103840,HT29,C4349,C0338106
Veliparib,CHEMBL506871,Dinaciclib,CHEMBL2103840,HT29,C4349,C0338106
Veliparib,CHEMBL506871,Dinaciclib,CHEMBL2103840,HT29,C4349,C0338106
Veliparib,CHEMBL506871,Dinaciclib,CHEMBL2103840,HT29,C4349,C0338106
Veliparib,CHEMBL506871,geldanamycin,CHEMBL278315,HT29,C4349,C0338106
Veliparib,CHEMBL506871,geldanamycin,CHEMBL278315,HT29,C4349,C0338106
Veliparib,CHEMBL506871,geldanamycin,CHEMBL278315,HT29,C4349,C0338106
Veliparib,CHEMBL506871,geldanamycin,CHEMBL278315,HT29,C4349,C0338106
Veliparib,CHEMBL506871,7-Ethyl-10-hydroxycamptothecin,CHEMBL837,HT29,C4349,C0338106
Veliparib,CHEMBL506871,7-Ethyl-10-hydroxycamptothecin,CHEMBL837,HT29,C4349,C0338106
Veliparib,CHEMBL506871,7-Ethyl-10-hydroxycamptothecin,CHEMBL837,HT29,C4349,C0338106
Veliparib,CHEMBL506871,7-Ethyl-10-hydroxycamptothecin,CHEMBL837,HT29,C4349,C0338106
Veliparib,CHEMBL506871,Sorafenib,CHEMBL1336,HT29,C4349,C0338106
Veliparib,CHEMBL506871,Sorafenib,CHEMBL1336,HT29,C4349,C0338106
Veliparib,CHEMBL506871,Sorafenib,CHEMBL1336,HT29,C4349,C0338106
Veliparib,CHEMBL506871,Sorafenib,CHEMBL1336,HT29,C4349,C0338106
MK-1775,CHEMBL1976040,Veliparib,CHEMBL506871,HT29,C4349,C0338106
MK-1775,CHEMBL1976040,Veliparib,CHEMBL506871,HT29,C4349,C0338106
MK-1775,CHEMBL1976040,Veliparib,CHEMBL506871,HT29,C4349,C0338106
MK-1775,CHEMBL1976040,Veliparib,CHEMBL506871,HT29,C4349,C0338106
MK-1775,CHEMBL1976040,915019-65-7,CHEMBL1879463,HT29,C4349,C0338106
MK-1775,CHEMBL1976040,915019-65-7,CHEMBL1879463,HT29,C4349,C0338106
MK-1775,CHEMBL1976040,915019-65-7,CHEMBL1879463,HT29,C4349,C0338106
MK-1775,CHEMBL1976040,915019-65-7,CHEMBL1879463,HT29,C4349,C0338106
MK-1775,CHEMBL1976040,Bortezomib,CHEMBL325041,HT29,C4349,C0338106
MK-1775,CHEMBL1976040,Bortezomib,CHEMBL325041,HT29,C4349,C0338106
MK-1775,CHEMBL1976040,Bortezomib,CHEMBL325041,HT29,C4349,C0338106
MK-1775,CHEMBL1976040,Bortezomib,CHEMBL325041,HT29,C4349,C0338106
MK-1775,CHEMBL1976040,Dasatinib,CHEMBL1421,HT29,C4349,C0338106
MK-1775,CHEMBL1976040,Dasatinib,CHEMBL1421,HT29,C4349,C0338106
MK-1775,CHEMBL1976040,Dasatinib,CHEMBL1421,HT29,C4349,C0338106
MK-1775,CHEMBL1976040,Dasatinib,CHEMBL1421,HT29,C4349,C0338106
MK-1775,CHEMBL1976040,Dinaciclib,CHEMBL2103840,HT29,C4349,C0338106
MK-1775,CHEMBL1976040,Dinaciclib,CHEMBL2103840,HT29,C4349,C0338106
MK-1775,CHEMBL1976040,Dinaciclib,CHEMBL2103840,HT29,C4349,C0338106
MK-1775,CHEMBL1976040,Dinaciclib,CHEMBL2103840,HT29,C4349,C0338106
MK-1775,CHEMBL1976040,Erlotinib,CHEMBL553,HT29,C4349,C0338106
MK-1775,CHEMBL1976040,Erlotinib,CHEMBL553,HT29,C4349,C0338106
MK-1775,CHEMBL1976040,Erlotinib,CHEMBL553,HT29,C4349,C0338106
MK-1775,CHEMBL1976040,Erlotinib,CHEMBL553,HT29,C4349,C0338106
MK-1775,CHEMBL1976040,geldanamycin,CHEMBL278315,HT29,C4349,C0338106
MK-1775,CHEMBL1976040,geldanamycin,CHEMBL278315,HT29,C4349,C0338106
MK-1775,CHEMBL1976040,geldanamycin,CHEMBL278315,HT29,C4349,C0338106
MK-1775,CHEMBL1976040,geldanamycin,CHEMBL278315,HT29,C4349,C0338106
MK-1775,CHEMBL1976040,Lapatinib,CHEMBL554,HT29,C4349,C0338106
MK-1775,CHEMBL1976040,Lapatinib,CHEMBL554,HT29,C4349,C0338106
MK-1775,CHEMBL1976040,Lapatinib,CHEMBL554,HT29,C4349,C0338106
MK-1775,CHEMBL1976040,Lapatinib,CHEMBL554,HT29,C4349,C0338106
MK-1775,CHEMBL1976040,MK-2206,CHEMBL1079175,HT29,C4349,C0338106
MK-1775,CHEMBL1976040,MK-2206,CHEMBL1079175,HT29,C4349,C0338106
MK-1775,CHEMBL1976040,MK-2206,CHEMBL1079175,HT29,C4349,C0338106
MK-1775,CHEMBL1976040,MK-2206,CHEMBL1079175,HT29,C4349,C0338106
MK-1775,CHEMBL1976040,391210-10-9,CHEMBL507361,HT29,C4349,C0338106
MK-1775,CHEMBL1976040,391210-10-9,CHEMBL507361,HT29,C4349,C0338106
MK-1775,CHEMBL1976040,391210-10-9,CHEMBL507361,HT29,C4349,C0338106
MK-1775,CHEMBL1976040,391210-10-9,CHEMBL507361,HT29,C4349,C0338106
MK-1775,CHEMBL1976040,7-Ethyl-10-hydroxycamptothecin,CHEMBL837,HT29,C4349,C0338106
MK-1775,CHEMBL1976040,7-Ethyl-10-hydroxycamptothecin,CHEMBL837,HT29,C4349,C0338106
MK-1775,CHEMBL1976040,7-Ethyl-10-hydroxycamptothecin,CHEMBL837,HT29,C4349,C0338106
MK-1775,CHEMBL1976040,7-Ethyl-10-hydroxycamptothecin,CHEMBL837,HT29,C4349,C0338106
MK-1775,CHEMBL1976040,Sorafenib,CHEMBL1336,HT29,C4349,C0338106
MK-1775,CHEMBL1976040,Sorafenib,CHEMBL1336,HT29,C4349,C0338106
MK-1775,CHEMBL1976040,Sorafenib,CHEMBL1336,HT29,C4349,C0338106
MK-1775,CHEMBL1976040,Sorafenib,CHEMBL1336,HT29,C4349,C0338106
915019-65-7,CHEMBL1879463,Dinaciclib,CHEMBL2103840,HT29,C4349,C0338106
915019-65-7,CHEMBL1879463,Dinaciclib,CHEMBL2103840,HT29,C4349,C0338106
915019-65-7,CHEMBL1879463,Dinaciclib,CHEMBL2103840,HT29,C4349,C0338106
915019-65-7,CHEMBL1879463,Dinaciclib,CHEMBL2103840,HT29,C4349,C0338106
915019-65-7,CHEMBL1879463,7-Ethyl-10-hydroxycamptothecin,CHEMBL837,HT29,C4349,C0338106
915019-65-7,CHEMBL1879463,7-Ethyl-10-hydroxycamptothecin,CHEMBL837,HT29,C4349,C0338106
915019-65-7,CHEMBL1879463,7-Ethyl-10-hydroxycamptothecin,CHEMBL837,HT29,C4349,C0338106
915019-65-7,CHEMBL1879463,7-Ethyl-10-hydroxycamptothecin,CHEMBL837,HT29,C4349,C0338106
915019-65-7,CHEMBL1879463,Sorafenib,CHEMBL1336,HT29,C4349,C0338106
915019-65-7,CHEMBL1879463,Sorafenib,CHEMBL1336,HT29,C4349,C0338106
915019-65-7,CHEMBL1879463,Sorafenib,CHEMBL1336,HT29,C4349,C0338106
915019-65-7,CHEMBL1879463,Sorafenib,CHEMBL1336,HT29,C4349,C0338106
Bortezomib,CHEMBL325041,Veliparib,CHEMBL506871,HT29,C4349,C0338106
Bortezomib,CHEMBL325041,Veliparib,CHEMBL506871,HT29,C4349,C0338106
Bortezomib,CHEMBL325041,Veliparib,CHEMBL506871,HT29,C4349,C0338106
Bortezomib,CHEMBL325041,Veliparib,CHEMBL506871,HT29,C4349,C0338106
Bortezomib,CHEMBL325041,915019-65-7,CHEMBL1879463,HT29,C4349,C0338106
Bortezomib,CHEMBL325041,915019-65-7,CHEMBL1879463,HT29,C4349,C0338106
Bortezomib,CHEMBL325041,915019-65-7,CHEMBL1879463,HT29,C4349,C0338106
Bortezomib,CHEMBL325041,915019-65-7,CHEMBL1879463,HT29,C4349,C0338106
Bortezomib,CHEMBL325041,Dasatinib,CHEMBL1421,HT29,C4349,C0338106
Bortezomib,CHEMBL325041,Dasatinib,CHEMBL1421,HT29,C4349,C0338106
Bortezomib,CHEMBL325041,Dasatinib,CHEMBL1421,HT29,C4349,C0338106
Bortezomib,CHEMBL325041,Dasatinib,CHEMBL1421,HT29,C4349,C0338106
Bortezomib,CHEMBL325041,Dinaciclib,CHEMBL2103840,HT29,C4349,C0338106
Bortezomib,CHEMBL325041,Dinaciclib,CHEMBL2103840,HT29,C4349,C0338106
Bortezomib,CHEMBL325041,Dinaciclib,CHEMBL2103840,HT29,C4349,C0338106
Bortezomib,CHEMBL325041,Dinaciclib,CHEMBL2103840,HT29,C4349,C0338106
Bortezomib,CHEMBL325041,geldanamycin,CHEMBL278315,HT29,C4349,C0338106
Bortezomib,CHEMBL325041,geldanamycin,CHEMBL278315,HT29,C4349,C0338106
Bortezomib,CHEMBL325041,geldanamycin,CHEMBL278315,HT29,C4349,C0338106
Bortezomib,CHEMBL325041,geldanamycin,CHEMBL278315,HT29,C4349,C0338106
Bortezomib,CHEMBL325041,7-Ethyl-10-hydroxycamptothecin,CHEMBL837,HT29,C4349,C0338106
Bortezomib,CHEMBL325041,7-Ethyl-10-hydroxycamptothecin,CHEMBL837,HT29,C4349,C0338106
Bortezomib,CHEMBL325041,7-Ethyl-10-hydroxycamptothecin,CHEMBL837,HT29,C4349,C0338106
Bortezomib,CHEMBL325041,7-Ethyl-10-hydroxycamptothecin,CHEMBL837,HT29,C4349,C0338106
Bortezomib,CHEMBL325041,Sorafenib,CHEMBL1336,HT29,C4349,C0338106
Bortezomib,CHEMBL325041,Sorafenib,CHEMBL1336,HT29,C4349,C0338106
Bortezomib,CHEMBL325041,Sorafenib,CHEMBL1336,HT29,C4349,C0338106
Bortezomib,CHEMBL325041,Sorafenib,CHEMBL1336,HT29,C4349,C0338106
Dasatinib,CHEMBL1421,Veliparib,CHEMBL506871,HT29,C4349,C0338106
Dasatinib,CHEMBL1421,Veliparib,CHEMBL506871,HT29,C4349,C0338106
Dasatinib,CHEMBL1421,Veliparib,CHEMBL506871,HT29,C4349,C0338106
Dasatinib,CHEMBL1421,Veliparib,CHEMBL506871,HT29,C4349,C0338106
Dasatinib,CHEMBL1421,915019-65-7,CHEMBL1879463,HT29,C4349,C0338106
Dasatinib,CHEMBL1421,915019-65-7,CHEMBL1879463,HT29,C4349,C0338106
Dasatinib,CHEMBL1421,915019-65-7,CHEMBL1879463,HT29,C4349,C0338106
Dasatinib,CHEMBL1421,915019-65-7,CHEMBL1879463,HT29,C4349,C0338106
Dasatinib,CHEMBL1421,Dinaciclib,CHEMBL2103840,HT29,C4349,C0338106
Dasatinib,CHEMBL1421,Dinaciclib,CHEMBL2103840,HT29,C4349,C0338106
Dasatinib,CHEMBL1421,Dinaciclib,CHEMBL2103840,HT29,C4349,C0338106
Dasatinib,CHEMBL1421,Dinaciclib,CHEMBL2103840,HT29,C4349,C0338106
Dasatinib,CHEMBL1421,geldanamycin,CHEMBL278315,HT29,C4349,C0338106
Dasatinib,CHEMBL1421,geldanamycin,CHEMBL278315,HT29,C4349,C0338106
Dasatinib,CHEMBL1421,geldanamycin,CHEMBL278315,HT29,C4349,C0338106
Dasatinib,CHEMBL1421,geldanamycin,CHEMBL278315,HT29,C4349,C0338106
Dasatinib,CHEMBL1421,7-Ethyl-10-hydroxycamptothecin,CHEMBL837,HT29,C4349,C0338106
Dasatinib,CHEMBL1421,7-Ethyl-10-hydroxycamptothecin,CHEMBL837,HT29,C4349,C0338106
Dasatinib,CHEMBL1421,7-Ethyl-10-hydroxycamptothecin,CHEMBL837,HT29,C4349,C0338106
Dasatinib,CHEMBL1421,7-Ethyl-10-hydroxycamptothecin,CHEMBL837,HT29,C4349,C0338106
Dasatinib,CHEMBL1421,Sorafenib,CHEMBL1336,HT29,C4349,C0338106
Dasatinib,CHEMBL1421,Sorafenib,CHEMBL1336,HT29,C4349,C0338106
Dasatinib,CHEMBL1421,Sorafenib,CHEMBL1336,HT29,C4349,C0338106
Dasatinib,CHEMBL1421,Sorafenib,CHEMBL1336,HT29,C4349,C0338106
doxorubicin,CHEMBL53463,Veliparib,CHEMBL506871,HT29,C4349,C0338106
doxorubicin,CHEMBL53463,Veliparib,CHEMBL506871,HT29,C4349,C0338106
doxorubicin,CHEMBL53463,Veliparib,CHEMBL506871,HT29,C4349,C0338106
doxorubicin,CHEMBL53463,Veliparib,CHEMBL506871,HT29,C4349,C0338106
doxorubicin,CHEMBL53463,MK-1775,CHEMBL1976040,HT29,C4349,C0338106
doxorubicin,CHEMBL53463,MK-1775,CHEMBL1976040,HT29,C4349,C0338106
doxorubicin,CHEMBL53463,MK-1775,CHEMBL1976040,HT29,C4349,C0338106
doxorubicin,CHEMBL53463,MK-1775,CHEMBL1976040,HT29,C4349,C0338106
doxorubicin,CHEMBL53463,915019-65-7,CHEMBL1879463,HT29,C4349,C0338106
doxorubicin,CHEMBL53463,915019-65-7,CHEMBL1879463,HT29,C4349,C0338106
doxorubicin,CHEMBL53463,915019-65-7,CHEMBL1879463,HT29,C4349,C0338106
doxorubicin,CHEMBL53463,915019-65-7,CHEMBL1879463,HT29,C4349,C0338106
doxorubicin,CHEMBL53463,Bortezomib,CHEMBL325041,HT29,C4349,C0338106
doxorubicin,CHEMBL53463,Bortezomib,CHEMBL325041,HT29,C4349,C0338106
doxorubicin,CHEMBL53463,Bortezomib,CHEMBL325041,HT29,C4349,C0338106
doxorubicin,CHEMBL53463,Bortezomib,CHEMBL325041,HT29,C4349,C0338106
doxorubicin,CHEMBL53463,Dasatinib,CHEMBL1421,HT29,C4349,C0338106
doxorubicin,CHEMBL53463,Dasatinib,CHEMBL1421,HT29,C4349,C0338106
doxorubicin,CHEMBL53463,Dasatinib,CHEMBL1421,HT29,C4349,C0338106
doxorubicin,CHEMBL53463,Dasatinib,CHEMBL1421,HT29,C4349,C0338106
doxorubicin,CHEMBL53463,Dinaciclib,CHEMBL2103840,HT29,C4349,C0338106
doxorubicin,CHEMBL53463,Dinaciclib,CHEMBL2103840,HT29,C4349,C0338106
doxorubicin,CHEMBL53463,Dinaciclib,CHEMBL2103840,HT29,C4349,C0338106
doxorubicin,CHEMBL53463,Dinaciclib,CHEMBL2103840,HT29,C4349,C0338106
doxorubicin,CHEMBL53463,Erlotinib,CHEMBL553,HT29,C4349,C0338106
doxorubicin,CHEMBL53463,Erlotinib,CHEMBL553,HT29,C4349,C0338106
doxorubicin,CHEMBL53463,Erlotinib,CHEMBL553,HT29,C4349,C0338106
doxorubicin,CHEMBL53463,Erlotinib,CHEMBL553,HT29,C4349,C0338106
doxorubicin,CHEMBL53463,geldanamycin,CHEMBL278315,HT29,C4349,C0338106
doxorubicin,CHEMBL53463,geldanamycin,CHEMBL278315,HT29,C4349,C0338106
doxorubicin,CHEMBL53463,geldanamycin,CHEMBL278315,HT29,C4349,C0338106
doxorubicin,CHEMBL53463,geldanamycin,CHEMBL278315,HT29,C4349,C0338106
doxorubicin,CHEMBL53463,Lapatinib,CHEMBL554,HT29,C4349,C0338106
doxorubicin,CHEMBL53463,Lapatinib,CHEMBL554,HT29,C4349,C0338106
doxorubicin,CHEMBL53463,Lapatinib,CHEMBL554,HT29,C4349,C0338106
doxorubicin,CHEMBL53463,Lapatinib,CHEMBL554,HT29,C4349,C0338106
doxorubicin,CHEMBL53463,MK-2206,CHEMBL1079175,HT29,C4349,C0338106
doxorubicin,CHEMBL53463,MK-2206,CHEMBL1079175,HT29,C4349,C0338106
doxorubicin,CHEMBL53463,MK-2206,CHEMBL1079175,HT29,C4349,C0338106
doxorubicin,CHEMBL53463,MK-2206,CHEMBL1079175,HT29,C4349,C0338106
doxorubicin,CHEMBL53463,391210-10-9,CHEMBL507361,HT29,C4349,C0338106
doxorubicin,CHEMBL53463,391210-10-9,CHEMBL507361,HT29,C4349,C0338106
doxorubicin,CHEMBL53463,391210-10-9,CHEMBL507361,HT29,C4349,C0338106
doxorubicin,CHEMBL53463,391210-10-9,CHEMBL507361,HT29,C4349,C0338106
doxorubicin,CHEMBL53463,Sorafenib,CHEMBL1336,HT29,C4349,C0338106
doxorubicin,CHEMBL53463,Sorafenib,CHEMBL1336,HT29,C4349,C0338106
doxorubicin,CHEMBL53463,Sorafenib,CHEMBL1336,HT29,C4349,C0338106
doxorubicin,CHEMBL53463,Sorafenib,CHEMBL1336,HT29,C4349,C0338106
doxorubicin,CHEMBL53463,Sunitinib,CHEMBL535,HT29,C4349,C0338106
doxorubicin,CHEMBL53463,Sunitinib,CHEMBL535,HT29,C4349,C0338106
doxorubicin,CHEMBL53463,Sunitinib,CHEMBL535,HT29,C4349,C0338106
doxorubicin,CHEMBL53463,Sunitinib,CHEMBL535,HT29,C4349,C0338106
doxorubicin,CHEMBL53463,temozolomide,CHEMBL810,HT29,C4349,C0338106
doxorubicin,CHEMBL53463,temozolomide,CHEMBL810,HT29,C4349,C0338106
doxorubicin,CHEMBL53463,temozolomide,CHEMBL810,HT29,C4349,C0338106
doxorubicin,CHEMBL53463,temozolomide,CHEMBL810,HT29,C4349,C0338106
doxorubicin,CHEMBL53463,Vorinostat,CHEMBL98,HT29,C4349,C0338106
doxorubicin,CHEMBL53463,Vorinostat,CHEMBL98,HT29,C4349,C0338106
doxorubicin,CHEMBL53463,Vorinostat,CHEMBL98,HT29,C4349,C0338106
doxorubicin,CHEMBL53463,Vorinostat,CHEMBL98,HT29,C4349,C0338106
Erlotinib,CHEMBL553,Veliparib,CHEMBL506871,HT29,C4349,C0338106
Erlotinib,CHEMBL553,Veliparib,CHEMBL506871,HT29,C4349,C0338106
Erlotinib,CHEMBL553,Veliparib,CHEMBL506871,HT29,C4349,C0338106
Erlotinib,CHEMBL553,Veliparib,CHEMBL506871,HT29,C4349,C0338106
Erlotinib,CHEMBL553,915019-65-7,CHEMBL1879463,HT29,C4349,C0338106
Erlotinib,CHEMBL553,915019-65-7,CHEMBL1879463,HT29,C4349,C0338106
Erlotinib,CHEMBL553,915019-65-7,CHEMBL1879463,HT29,C4349,C0338106
Erlotinib,CHEMBL553,915019-65-7,CHEMBL1879463,HT29,C4349,C0338106
Erlotinib,CHEMBL553,Bortezomib,CHEMBL325041,HT29,C4349,C0338106
Erlotinib,CHEMBL553,Bortezomib,CHEMBL325041,HT29,C4349,C0338106
Erlotinib,CHEMBL553,Bortezomib,CHEMBL325041,HT29,C4349,C0338106
Erlotinib,CHEMBL553,Bortezomib,CHEMBL325041,HT29,C4349,C0338106
Erlotinib,CHEMBL553,Dasatinib,CHEMBL1421,HT29,C4349,C0338106
Erlotinib,CHEMBL553,Dasatinib,CHEMBL1421,HT29,C4349,C0338106
Erlotinib,CHEMBL553,Dasatinib,CHEMBL1421,HT29,C4349,C0338106
Erlotinib,CHEMBL553,Dasatinib,CHEMBL1421,HT29,C4349,C0338106
Erlotinib,CHEMBL553,Dinaciclib,CHEMBL2103840,HT29,C4349,C0338106
Erlotinib,CHEMBL553,Dinaciclib,CHEMBL2103840,HT29,C4349,C0338106
Erlotinib,CHEMBL553,Dinaciclib,CHEMBL2103840,HT29,C4349,C0338106
Erlotinib,CHEMBL553,Dinaciclib,CHEMBL2103840,HT29,C4349,C0338106
Erlotinib,CHEMBL553,geldanamycin,CHEMBL278315,HT29,C4349,C0338106
Erlotinib,CHEMBL553,geldanamycin,CHEMBL278315,HT29,C4349,C0338106
Erlotinib,CHEMBL553,geldanamycin,CHEMBL278315,HT29,C4349,C0338106
Erlotinib,CHEMBL553,geldanamycin,CHEMBL278315,HT29,C4349,C0338106
Erlotinib,CHEMBL553,391210-10-9,CHEMBL507361,HT29,C4349,C0338106
Erlotinib,CHEMBL553,391210-10-9,CHEMBL507361,HT29,C4349,C0338106
Erlotinib,CHEMBL553,391210-10-9,CHEMBL507361,HT29,C4349,C0338106
Erlotinib,CHEMBL553,391210-10-9,CHEMBL507361,HT29,C4349,C0338106
Erlotinib,CHEMBL553,7-Ethyl-10-hydroxycamptothecin,CHEMBL837,HT29,C4349,C0338106
Erlotinib,CHEMBL553,7-Ethyl-10-hydroxycamptothecin,CHEMBL837,HT29,C4349,C0338106
Erlotinib,CHEMBL553,7-Ethyl-10-hydroxycamptothecin,CHEMBL837,HT29,C4349,C0338106
Erlotinib,CHEMBL553,7-Ethyl-10-hydroxycamptothecin,CHEMBL837,HT29,C4349,C0338106
Erlotinib,CHEMBL553,Sorafenib,CHEMBL1336,HT29,C4349,C0338106
Erlotinib,CHEMBL553,Sorafenib,CHEMBL1336,HT29,C4349,C0338106
Erlotinib,CHEMBL553,Sorafenib,CHEMBL1336,HT29,C4349,C0338106
Erlotinib,CHEMBL553,Sorafenib,CHEMBL1336,HT29,C4349,C0338106
etoposide,CHEMBL44657,Veliparib,CHEMBL506871,HT29,C4349,C0338106
etoposide,CHEMBL44657,Veliparib,CHEMBL506871,HT29,C4349,C0338106
etoposide,CHEMBL44657,Veliparib,CHEMBL506871,HT29,C4349,C0338106
etoposide,CHEMBL44657,Veliparib,CHEMBL506871,HT29,C4349,C0338106
etoposide,CHEMBL44657,MK-1775,CHEMBL1976040,HT29,C4349,C0338106
etoposide,CHEMBL44657,MK-1775,CHEMBL1976040,HT29,C4349,C0338106
etoposide,CHEMBL44657,MK-1775,CHEMBL1976040,HT29,C4349,C0338106
etoposide,CHEMBL44657,MK-1775,CHEMBL1976040,HT29,C4349,C0338106
etoposide,CHEMBL44657,915019-65-7,CHEMBL1879463,HT29,C4349,C0338106
etoposide,CHEMBL44657,915019-65-7,CHEMBL1879463,HT29,C4349,C0338106
etoposide,CHEMBL44657,915019-65-7,CHEMBL1879463,HT29,C4349,C0338106
etoposide,CHEMBL44657,915019-65-7,CHEMBL1879463,HT29,C4349,C0338106
etoposide,CHEMBL44657,Bortezomib,CHEMBL325041,HT29,C4349,C0338106
etoposide,CHEMBL44657,Bortezomib,CHEMBL325041,HT29,C4349,C0338106
etoposide,CHEMBL44657,Bortezomib,CHEMBL325041,HT29,C4349,C0338106
etoposide,CHEMBL44657,Bortezomib,CHEMBL325041,HT29,C4349,C0338106
etoposide,CHEMBL44657,Dasatinib,CHEMBL1421,HT29,C4349,C0338106
etoposide,CHEMBL44657,Dasatinib,CHEMBL1421,HT29,C4349,C0338106
etoposide,CHEMBL44657,Dasatinib,CHEMBL1421,HT29,C4349,C0338106
etoposide,CHEMBL44657,Dasatinib,CHEMBL1421,HT29,C4349,C0338106
etoposide,CHEMBL44657,Dinaciclib,CHEMBL2103840,HT29,C4349,C0338106
etoposide,CHEMBL44657,Dinaciclib,CHEMBL2103840,HT29,C4349,C0338106
etoposide,CHEMBL44657,Dinaciclib,CHEMBL2103840,HT29,C4349,C0338106
etoposide,CHEMBL44657,Dinaciclib,CHEMBL2103840,HT29,C4349,C0338106
etoposide,CHEMBL44657,Erlotinib,CHEMBL553,HT29,C4349,C0338106
etoposide,CHEMBL44657,Erlotinib,CHEMBL553,HT29,C4349,C0338106
etoposide,CHEMBL44657,Erlotinib,CHEMBL553,HT29,C4349,C0338106
etoposide,CHEMBL44657,Erlotinib,CHEMBL553,HT29,C4349,C0338106
etoposide,CHEMBL44657,geldanamycin,CHEMBL278315,HT29,C4349,C0338106
etoposide,CHEMBL44657,geldanamycin,CHEMBL278315,HT29,C4349,C0338106
etoposide,CHEMBL44657,geldanamycin,CHEMBL278315,HT29,C4349,C0338106
etoposide,CHEMBL44657,geldanamycin,CHEMBL278315,HT29,C4349,C0338106
etoposide,CHEMBL44657,Lapatinib,CHEMBL554,HT29,C4349,C0338106
etoposide,CHEMBL44657,Lapatinib,CHEMBL554,HT29,C4349,C0338106
etoposide,CHEMBL44657,Lapatinib,CHEMBL554,HT29,C4349,C0338106
etoposide,CHEMBL44657,Lapatinib,CHEMBL554,HT29,C4349,C0338106
etoposide,CHEMBL44657,MK-2206,CHEMBL1079175,HT29,C4349,C0338106
etoposide,CHEMBL44657,MK-2206,CHEMBL1079175,HT29,C4349,C0338106
etoposide,CHEMBL44657,MK-2206,CHEMBL1079175,HT29,C4349,C0338106
etoposide,CHEMBL44657,MK-2206,CHEMBL1079175,HT29,C4349,C0338106
etoposide,CHEMBL44657,391210-10-9,CHEMBL507361,HT29,C4349,C0338106
etoposide,CHEMBL44657,391210-10-9,CHEMBL507361,HT29,C4349,C0338106
etoposide,CHEMBL44657,391210-10-9,CHEMBL507361,HT29,C4349,C0338106
etoposide,CHEMBL44657,391210-10-9,CHEMBL507361,HT29,C4349,C0338106
etoposide,CHEMBL44657,Sorafenib,CHEMBL1336,HT29,C4349,C0338106
etoposide,CHEMBL44657,Sorafenib,CHEMBL1336,HT29,C4349,C0338106
etoposide,CHEMBL44657,Sorafenib,CHEMBL1336,HT29,C4349,C0338106
etoposide,CHEMBL44657,Sorafenib,CHEMBL1336,HT29,C4349,C0338106
etoposide,CHEMBL44657,Sunitinib,CHEMBL535,HT29,C4349,C0338106
etoposide,CHEMBL44657,Sunitinib,CHEMBL535,HT29,C4349,C0338106
etoposide,CHEMBL44657,Sunitinib,CHEMBL535,HT29,C4349,C0338106
etoposide,CHEMBL44657,Sunitinib,CHEMBL535,HT29,C4349,C0338106
etoposide,CHEMBL44657,temozolomide,CHEMBL810,HT29,C4349,C0338106
etoposide,CHEMBL44657,temozolomide,CHEMBL810,HT29,C4349,C0338106
etoposide,CHEMBL44657,temozolomide,CHEMBL810,HT29,C4349,C0338106
etoposide,CHEMBL44657,temozolomide,CHEMBL810,HT29,C4349,C0338106
etoposide,CHEMBL44657,Vorinostat,CHEMBL98,HT29,C4349,C0338106
etoposide,CHEMBL44657,Vorinostat,CHEMBL98,HT29,C4349,C0338106
etoposide,CHEMBL44657,Vorinostat,CHEMBL98,HT29,C4349,C0338106
etoposide,CHEMBL44657,Vorinostat,CHEMBL98,HT29,C4349,C0338106
geldanamycin,CHEMBL278315,915019-65-7,CHEMBL1879463,HT29,C4349,C0338106
geldanamycin,CHEMBL278315,915019-65-7,CHEMBL1879463,HT29,C4349,C0338106
geldanamycin,CHEMBL278315,915019-65-7,CHEMBL1879463,HT29,C4349,C0338106
geldanamycin,CHEMBL278315,915019-65-7,CHEMBL1879463,HT29,C4349,C0338106
geldanamycin,CHEMBL278315,Dinaciclib,CHEMBL2103840,HT29,C4349,C0338106
geldanamycin,CHEMBL278315,Dinaciclib,CHEMBL2103840,HT29,C4349,C0338106
geldanamycin,CHEMBL278315,Dinaciclib,CHEMBL2103840,HT29,C4349,C0338106
geldanamycin,CHEMBL278315,Dinaciclib,CHEMBL2103840,HT29,C4349,C0338106
geldanamycin,CHEMBL278315,7-Ethyl-10-hydroxycamptothecin,CHEMBL837,HT29,C4349,C0338106
geldanamycin,CHEMBL278315,7-Ethyl-10-hydroxycamptothecin,CHEMBL837,HT29,C4349,C0338106
geldanamycin,CHEMBL278315,7-Ethyl-10-hydroxycamptothecin,CHEMBL837,HT29,C4349,C0338106
geldanamycin,CHEMBL278315,7-Ethyl-10-hydroxycamptothecin,CHEMBL837,HT29,C4349,C0338106
geldanamycin,CHEMBL278315,Sorafenib,CHEMBL1336,HT29,C4349,C0338106
geldanamycin,CHEMBL278315,Sorafenib,CHEMBL1336,HT29,C4349,C0338106
geldanamycin,CHEMBL278315,Sorafenib,CHEMBL1336,HT29,C4349,C0338106
geldanamycin,CHEMBL278315,Sorafenib,CHEMBL1336,HT29,C4349,C0338106
gemcitabine,CHEMBL888,Veliparib,CHEMBL506871,HT29,C4349,C0338106
gemcitabine,CHEMBL888,Veliparib,CHEMBL506871,HT29,C4349,C0338106
gemcitabine,CHEMBL888,Veliparib,CHEMBL506871,HT29,C4349,C0338106
gemcitabine,CHEMBL888,Veliparib,CHEMBL506871,HT29,C4349,C0338106
gemcitabine,CHEMBL888,MK-1775,CHEMBL1976040,HT29,C4349,C0338106
gemcitabine,CHEMBL888,MK-1775,CHEMBL1976040,HT29,C4349,C0338106
gemcitabine,CHEMBL888,MK-1775,CHEMBL1976040,HT29,C4349,C0338106
gemcitabine,CHEMBL888,MK-1775,CHEMBL1976040,HT29,C4349,C0338106
gemcitabine,CHEMBL888,915019-65-7,CHEMBL1879463,HT29,C4349,C0338106
gemcitabine,CHEMBL888,915019-65-7,CHEMBL1879463,HT29,C4349,C0338106
gemcitabine,CHEMBL888,915019-65-7,CHEMBL1879463,HT29,C4349,C0338106
gemcitabine,CHEMBL888,915019-65-7,CHEMBL1879463,HT29,C4349,C0338106
gemcitabine,CHEMBL888,Bortezomib,CHEMBL325041,HT29,C4349,C0338106
gemcitabine,CHEMBL888,Bortezomib,CHEMBL325041,HT29,C4349,C0338106
gemcitabine,CHEMBL888,Bortezomib,CHEMBL325041,HT29,C4349,C0338106
gemcitabine,CHEMBL888,Bortezomib,CHEMBL325041,HT29,C4349,C0338106
gemcitabine,CHEMBL888,Dasatinib,CHEMBL1421,HT29,C4349,C0338106
gemcitabine,CHEMBL888,Dasatinib,CHEMBL1421,HT29,C4349,C0338106
gemcitabine,CHEMBL888,Dasatinib,CHEMBL1421,HT29,C4349,C0338106
gemcitabine,CHEMBL888,Dasatinib,CHEMBL1421,HT29,C4349,C0338106
gemcitabine,CHEMBL888,Dinaciclib,CHEMBL2103840,HT29,C4349,C0338106
gemcitabine,CHEMBL888,Dinaciclib,CHEMBL2103840,HT29,C4349,C0338106
gemcitabine,CHEMBL888,Dinaciclib,CHEMBL2103840,HT29,C4349,C0338106
gemcitabine,CHEMBL888,Dinaciclib,CHEMBL2103840,HT29,C4349,C0338106
gemcitabine,CHEMBL888,Erlotinib,CHEMBL553,HT29,C4349,C0338106
gemcitabine,CHEMBL888,Erlotinib,CHEMBL553,HT29,C4349,C0338106
gemcitabine,CHEMBL888,Erlotinib,CHEMBL553,HT29,C4349,C0338106
gemcitabine,CHEMBL888,Erlotinib,CHEMBL553,HT29,C4349,C0338106
gemcitabine,CHEMBL888,geldanamycin,CHEMBL278315,HT29,C4349,C0338106
gemcitabine,CHEMBL888,geldanamycin,CHEMBL278315,HT29,C4349,C0338106
gemcitabine,CHEMBL888,geldanamycin,CHEMBL278315,HT29,C4349,C0338106
gemcitabine,CHEMBL888,geldanamycin,CHEMBL278315,HT29,C4349,C0338106
gemcitabine,CHEMBL888,Lapatinib,CHEMBL554,HT29,C4349,C0338106
gemcitabine,CHEMBL888,Lapatinib,CHEMBL554,HT29,C4349,C0338106
gemcitabine,CHEMBL888,Lapatinib,CHEMBL554,HT29,C4349,C0338106
gemcitabine,CHEMBL888,Lapatinib,CHEMBL554,HT29,C4349,C0338106
gemcitabine,CHEMBL888,MK-2206,CHEMBL1079175,HT29,C4349,C0338106
gemcitabine,CHEMBL888,MK-2206,CHEMBL1079175,HT29,C4349,C0338106
gemcitabine,CHEMBL888,MK-2206,CHEMBL1079175,HT29,C4349,C0338106
gemcitabine,CHEMBL888,MK-2206,CHEMBL1079175,HT29,C4349,C0338106
gemcitabine,CHEMBL888,391210-10-9,CHEMBL507361,HT29,C4349,C0338106
gemcitabine,CHEMBL888,391210-10-9,CHEMBL507361,HT29,C4349,C0338106
gemcitabine,CHEMBL888,391210-10-9,CHEMBL507361,HT29,C4349,C0338106
gemcitabine,CHEMBL888,391210-10-9,CHEMBL507361,HT29,C4349,C0338106
gemcitabine,CHEMBL888,Sorafenib,CHEMBL1336,HT29,C4349,C0338106
gemcitabine,CHEMBL888,Sorafenib,CHEMBL1336,HT29,C4349,C0338106
gemcitabine,CHEMBL888,Sorafenib,CHEMBL1336,HT29,C4349,C0338106
gemcitabine,CHEMBL888,Sorafenib,CHEMBL1336,HT29,C4349,C0338106
gemcitabine,CHEMBL888,Sunitinib,CHEMBL535,HT29,C4349,C0338106
gemcitabine,CHEMBL888,Sunitinib,CHEMBL535,HT29,C4349,C0338106
gemcitabine,CHEMBL888,Sunitinib,CHEMBL535,HT29,C4349,C0338106
gemcitabine,CHEMBL888,Sunitinib,CHEMBL535,HT29,C4349,C0338106
gemcitabine,CHEMBL888,temozolomide,CHEMBL810,HT29,C4349,C0338106
gemcitabine,CHEMBL888,temozolomide,CHEMBL810,HT29,C4349,C0338106
gemcitabine,CHEMBL888,temozolomide,CHEMBL810,HT29,C4349,C0338106
gemcitabine,CHEMBL888,temozolomide,CHEMBL810,HT29,C4349,C0338106
Lapatinib,CHEMBL554,Veliparib,CHEMBL506871,HT29,C4349,C0338106
Lapatinib,CHEMBL554,Veliparib,CHEMBL506871,HT29,C4349,C0338106
Lapatinib,CHEMBL554,Veliparib,CHEMBL506871,HT29,C4349,C0338106
Lapatinib,CHEMBL554,Veliparib,CHEMBL506871,HT29,C4349,C0338106
Lapatinib,CHEMBL554,915019-65-7,CHEMBL1879463,HT29,C4349,C0338106
Lapatinib,CHEMBL554,915019-65-7,CHEMBL1879463,HT29,C4349,C0338106
Lapatinib,CHEMBL554,915019-65-7,CHEMBL1879463,HT29,C4349,C0338106
Lapatinib,CHEMBL554,915019-65-7,CHEMBL1879463,HT29,C4349,C0338106
Lapatinib,CHEMBL554,Bortezomib,CHEMBL325041,HT29,C4349,C0338106
Lapatinib,CHEMBL554,Bortezomib,CHEMBL325041,HT29,C4349,C0338106
Lapatinib,CHEMBL554,Bortezomib,CHEMBL325041,HT29,C4349,C0338106
Lapatinib,CHEMBL554,Bortezomib,CHEMBL325041,HT29,C4349,C0338106
Lapatinib,CHEMBL554,Dasatinib,CHEMBL1421,HT29,C4349,C0338106
Lapatinib,CHEMBL554,Dasatinib,CHEMBL1421,HT29,C4349,C0338106
Lapatinib,CHEMBL554,Dasatinib,CHEMBL1421,HT29,C4349,C0338106
Lapatinib,CHEMBL554,Dasatinib,CHEMBL1421,HT29,C4349,C0338106
Lapatinib,CHEMBL554,Dinaciclib,CHEMBL2103840,HT29,C4349,C0338106
Lapatinib,CHEMBL554,Dinaciclib,CHEMBL2103840,HT29,C4349,C0338106
Lapatinib,CHEMBL554,Dinaciclib,CHEMBL2103840,HT29,C4349,C0338106
Lapatinib,CHEMBL554,Dinaciclib,CHEMBL2103840,HT29,C4349,C0338106
Lapatinib,CHEMBL554,Erlotinib,CHEMBL553,HT29,C4349,C0338106
Lapatinib,CHEMBL554,Erlotinib,CHEMBL553,HT29,C4349,C0338106
Lapatinib,CHEMBL554,Erlotinib,CHEMBL553,HT29,C4349,C0338106
Lapatinib,CHEMBL554,Erlotinib,CHEMBL553,HT29,C4349,C0338106
Lapatinib,CHEMBL554,geldanamycin,CHEMBL278315,HT29,C4349,C0338106
Lapatinib,CHEMBL554,geldanamycin,CHEMBL278315,HT29,C4349,C0338106
Lapatinib,CHEMBL554,geldanamycin,CHEMBL278315,HT29,C4349,C0338106
Lapatinib,CHEMBL554,geldanamycin,CHEMBL278315,HT29,C4349,C0338106
Lapatinib,CHEMBL554,MK-2206,CHEMBL1079175,HT29,C4349,C0338106
Lapatinib,CHEMBL554,MK-2206,CHEMBL1079175,HT29,C4349,C0338106
Lapatinib,CHEMBL554,MK-2206,CHEMBL1079175,HT29,C4349,C0338106
Lapatinib,CHEMBL554,MK-2206,CHEMBL1079175,HT29,C4349,C0338106
Lapatinib,CHEMBL554,391210-10-9,CHEMBL507361,HT29,C4349,C0338106
Lapatinib,CHEMBL554,391210-10-9,CHEMBL507361,HT29,C4349,C0338106
Lapatinib,CHEMBL554,391210-10-9,CHEMBL507361,HT29,C4349,C0338106
Lapatinib,CHEMBL554,391210-10-9,CHEMBL507361,HT29,C4349,C0338106
Lapatinib,CHEMBL554,7-Ethyl-10-hydroxycamptothecin,CHEMBL837,HT29,C4349,C0338106
Lapatinib,CHEMBL554,7-Ethyl-10-hydroxycamptothecin,CHEMBL837,HT29,C4349,C0338106
Lapatinib,CHEMBL554,7-Ethyl-10-hydroxycamptothecin,CHEMBL837,HT29,C4349,C0338106
Lapatinib,CHEMBL554,7-Ethyl-10-hydroxycamptothecin,CHEMBL837,HT29,C4349,C0338106
Lapatinib,CHEMBL554,Sorafenib,CHEMBL1336,HT29,C4349,C0338106
Lapatinib,CHEMBL554,Sorafenib,CHEMBL1336,HT29,C4349,C0338106
Lapatinib,CHEMBL554,Sorafenib,CHEMBL1336,HT29,C4349,C0338106
Lapatinib,CHEMBL554,Sorafenib,CHEMBL1336,HT29,C4349,C0338106
metformin,CHEMBL1431,Veliparib,CHEMBL506871,HT29,C4349,C0338106
metformin,CHEMBL1431,Veliparib,CHEMBL506871,HT29,C4349,C0338106
metformin,CHEMBL1431,Veliparib,CHEMBL506871,HT29,C4349,C0338106
metformin,CHEMBL1431,Veliparib,CHEMBL506871,HT29,C4349,C0338106
metformin,CHEMBL1431,MK-1775,CHEMBL1976040,HT29,C4349,C0338106
metformin,CHEMBL1431,MK-1775,CHEMBL1976040,HT29,C4349,C0338106
metformin,CHEMBL1431,MK-1775,CHEMBL1976040,HT29,C4349,C0338106
metformin,CHEMBL1431,MK-1775,CHEMBL1976040,HT29,C4349,C0338106
metformin,CHEMBL1431,915019-65-7,CHEMBL1879463,HT29,C4349,C0338106
metformin,CHEMBL1431,915019-65-7,CHEMBL1879463,HT29,C4349,C0338106
metformin,CHEMBL1431,915019-65-7,CHEMBL1879463,HT29,C4349,C0338106
metformin,CHEMBL1431,915019-65-7,CHEMBL1879463,HT29,C4349,C0338106
metformin,CHEMBL1431,Bortezomib,CHEMBL325041,HT29,C4349,C0338106
metformin,CHEMBL1431,Bortezomib,CHEMBL325041,HT29,C4349,C0338106
metformin,CHEMBL1431,Bortezomib,CHEMBL325041,HT29,C4349,C0338106
metformin,CHEMBL1431,Bortezomib,CHEMBL325041,HT29,C4349,C0338106
metformin,CHEMBL1431,Dasatinib,CHEMBL1421,HT29,C4349,C0338106
metformin,CHEMBL1431,Dasatinib,CHEMBL1421,HT29,C4349,C0338106
metformin,CHEMBL1431,Dasatinib,CHEMBL1421,HT29,C4349,C0338106
metformin,CHEMBL1431,Dasatinib,CHEMBL1421,HT29,C4349,C0338106
metformin,CHEMBL1431,Dinaciclib,CHEMBL2103840,HT29,C4349,C0338106
metformin,CHEMBL1431,Dinaciclib,CHEMBL2103840,HT29,C4349,C0338106
metformin,CHEMBL1431,Dinaciclib,CHEMBL2103840,HT29,C4349,C0338106
metformin,CHEMBL1431,Dinaciclib,CHEMBL2103840,HT29,C4349,C0338106
metformin,CHEMBL1431,Erlotinib,CHEMBL553,HT29,C4349,C0338106
metformin,CHEMBL1431,Erlotinib,CHEMBL553,HT29,C4349,C0338106
metformin,CHEMBL1431,Erlotinib,CHEMBL553,HT29,C4349,C0338106
metformin,CHEMBL1431,Erlotinib,CHEMBL553,HT29,C4349,C0338106
metformin,CHEMBL1431,geldanamycin,CHEMBL278315,HT29,C4349,C0338106
metformin,CHEMBL1431,geldanamycin,CHEMBL278315,HT29,C4349,C0338106
metformin,CHEMBL1431,geldanamycin,CHEMBL278315,HT29,C4349,C0338106
metformin,CHEMBL1431,geldanamycin,CHEMBL278315,HT29,C4349,C0338106
metformin,CHEMBL1431,Lapatinib,CHEMBL554,HT29,C4349,C0338106
metformin,CHEMBL1431,Lapatinib,CHEMBL554,HT29,C4349,C0338106
metformin,CHEMBL1431,Lapatinib,CHEMBL554,HT29,C4349,C0338106
metformin,CHEMBL1431,Lapatinib,CHEMBL554,HT29,C4349,C0338106
metformin,CHEMBL1431,MK-2206,CHEMBL1079175,HT29,C4349,C0338106
metformin,CHEMBL1431,MK-2206,CHEMBL1079175,HT29,C4349,C0338106
metformin,CHEMBL1431,MK-2206,CHEMBL1079175,HT29,C4349,C0338106
metformin,CHEMBL1431,MK-2206,CHEMBL1079175,HT29,C4349,C0338106
metformin,CHEMBL1431,391210-10-9,CHEMBL507361,HT29,C4349,C0338106
metformin,CHEMBL1431,391210-10-9,CHEMBL507361,HT29,C4349,C0338106
metformin,CHEMBL1431,391210-10-9,CHEMBL507361,HT29,C4349,C0338106
metformin,CHEMBL1431,391210-10-9,CHEMBL507361,HT29,C4349,C0338106
metformin,CHEMBL1431,Sorafenib,CHEMBL1336,HT29,C4349,C0338106
metformin,CHEMBL1431,Sorafenib,CHEMBL1336,HT29,C4349,C0338106
metformin,CHEMBL1431,Sorafenib,CHEMBL1336,HT29,C4349,C0338106
metformin,CHEMBL1431,Sorafenib,CHEMBL1336,HT29,C4349,C0338106
metformin,CHEMBL1431,Sunitinib,CHEMBL535,HT29,C4349,C0338106
metformin,CHEMBL1431,Sunitinib,CHEMBL535,HT29,C4349,C0338106
metformin,CHEMBL1431,Sunitinib,CHEMBL535,HT29,C4349,C0338106
metformin,CHEMBL1431,Sunitinib,CHEMBL535,HT29,C4349,C0338106
metformin,CHEMBL1431,temozolomide,CHEMBL810,HT29,C4349,C0338106
metformin,CHEMBL1431,temozolomide,CHEMBL810,HT29,C4349,C0338106
metformin,CHEMBL1431,temozolomide,CHEMBL810,HT29,C4349,C0338106
metformin,CHEMBL1431,temozolomide,CHEMBL810,HT29,C4349,C0338106
metformin,CHEMBL1431,Vorinostat,CHEMBL98,HT29,C4349,C0338106
metformin,CHEMBL1431,Vorinostat,CHEMBL98,HT29,C4349,C0338106
metformin,CHEMBL1431,Vorinostat,CHEMBL98,HT29,C4349,C0338106
metformin,CHEMBL1431,Vorinostat,CHEMBL98,HT29,C4349,C0338106
MK-2206,CHEMBL1079175,Veliparib,CHEMBL506871,HT29,C4349,C0338106
MK-2206,CHEMBL1079175,Veliparib,CHEMBL506871,HT29,C4349,C0338106
MK-2206,CHEMBL1079175,Veliparib,CHEMBL506871,HT29,C4349,C0338106
MK-2206,CHEMBL1079175,Veliparib,CHEMBL506871,HT29,C4349,C0338106
MK-2206,CHEMBL1079175,915019-65-7,CHEMBL1879463,HT29,C4349,C0338106
MK-2206,CHEMBL1079175,915019-65-7,CHEMBL1879463,HT29,C4349,C0338106
MK-2206,CHEMBL1079175,915019-65-7,CHEMBL1879463,HT29,C4349,C0338106
MK-2206,CHEMBL1079175,915019-65-7,CHEMBL1879463,HT29,C4349,C0338106
MK-2206,CHEMBL1079175,Bortezomib,CHEMBL325041,HT29,C4349,C0338106
MK-2206,CHEMBL1079175,Bortezomib,CHEMBL325041,HT29,C4349,C0338106
MK-2206,CHEMBL1079175,Bortezomib,CHEMBL325041,HT29,C4349,C0338106
MK-2206,CHEMBL1079175,Bortezomib,CHEMBL325041,HT29,C4349,C0338106
MK-2206,CHEMBL1079175,Dasatinib,CHEMBL1421,HT29,C4349,C0338106
MK-2206,CHEMBL1079175,Dasatinib,CHEMBL1421,HT29,C4349,C0338106
MK-2206,CHEMBL1079175,Dasatinib,CHEMBL1421,HT29,C4349,C0338106
MK-2206,CHEMBL1079175,Dasatinib,CHEMBL1421,HT29,C4349,C0338106
MK-2206,CHEMBL1079175,Dinaciclib,CHEMBL2103840,HT29,C4349,C0338106
MK-2206,CHEMBL1079175,Dinaciclib,CHEMBL2103840,HT29,C4349,C0338106
MK-2206,CHEMBL1079175,Dinaciclib,CHEMBL2103840,HT29,C4349,C0338106
MK-2206,CHEMBL1079175,Dinaciclib,CHEMBL2103840,HT29,C4349,C0338106
MK-2206,CHEMBL1079175,Erlotinib,CHEMBL553,HT29,C4349,C0338106
MK-2206,CHEMBL1079175,Erlotinib,CHEMBL553,HT29,C4349,C0338106
MK-2206,CHEMBL1079175,Erlotinib,CHEMBL553,HT29,C4349,C0338106
MK-2206,CHEMBL1079175,Erlotinib,CHEMBL553,HT29,C4349,C0338106
MK-2206,CHEMBL1079175,geldanamycin,CHEMBL278315,HT29,C4349,C0338106
MK-2206,CHEMBL1079175,geldanamycin,CHEMBL278315,HT29,C4349,C0338106
MK-2206,CHEMBL1079175,geldanamycin,CHEMBL278315,HT29,C4349,C0338106
MK-2206,CHEMBL1079175,geldanamycin,CHEMBL278315,HT29,C4349,C0338106
MK-2206,CHEMBL1079175,391210-10-9,CHEMBL507361,HT29,C4349,C0338106
MK-2206,CHEMBL1079175,391210-10-9,CHEMBL507361,HT29,C4349,C0338106
MK-2206,CHEMBL1079175,391210-10-9,CHEMBL507361,HT29,C4349,C0338106
MK-2206,CHEMBL1079175,391210-10-9,CHEMBL507361,HT29,C4349,C0338106
MK-2206,CHEMBL1079175,7-Ethyl-10-hydroxycamptothecin,CHEMBL837,HT29,C4349,C0338106
MK-2206,CHEMBL1079175,7-Ethyl-10-hydroxycamptothecin,CHEMBL837,HT29,C4349,C0338106
MK-2206,CHEMBL1079175,7-Ethyl-10-hydroxycamptothecin,CHEMBL837,HT29,C4349,C0338106
MK-2206,CHEMBL1079175,7-Ethyl-10-hydroxycamptothecin,CHEMBL837,HT29,C4349,C0338106
MK-2206,CHEMBL1079175,Sorafenib,CHEMBL1336,HT29,C4349,C0338106
MK-2206,CHEMBL1079175,Sorafenib,CHEMBL1336,HT29,C4349,C0338106
MK-2206,CHEMBL1079175,Sorafenib,CHEMBL1336,HT29,C4349,C0338106
MK-2206,CHEMBL1079175,Sorafenib,CHEMBL1336,HT29,C4349,C0338106
391210-10-9,CHEMBL507361,Veliparib,CHEMBL506871,HT29,C4349,C0338106
391210-10-9,CHEMBL507361,Veliparib,CHEMBL506871,HT29,C4349,C0338106
391210-10-9,CHEMBL507361,Veliparib,CHEMBL506871,HT29,C4349,C0338106
391210-10-9,CHEMBL507361,Veliparib,CHEMBL506871,HT29,C4349,C0338106
391210-10-9,CHEMBL507361,915019-65-7,CHEMBL1879463,HT29,C4349,C0338106
391210-10-9,CHEMBL507361,915019-65-7,CHEMBL1879463,HT29,C4349,C0338106
391210-10-9,CHEMBL507361,915019-65-7,CHEMBL1879463,HT29,C4349,C0338106
391210-10-9,CHEMBL507361,915019-65-7,CHEMBL1879463,HT29,C4349,C0338106
391210-10-9,CHEMBL507361,Bortezomib,CHEMBL325041,HT29,C4349,C0338106
391210-10-9,CHEMBL507361,Bortezomib,CHEMBL325041,HT29,C4349,C0338106
391210-10-9,CHEMBL507361,Bortezomib,CHEMBL325041,HT29,C4349,C0338106
391210-10-9,CHEMBL507361,Bortezomib,CHEMBL325041,HT29,C4349,C0338106
391210-10-9,CHEMBL507361,Dasatinib,CHEMBL1421,HT29,C4349,C0338106
391210-10-9,CHEMBL507361,Dasatinib,CHEMBL1421,HT29,C4349,C0338106
391210-10-9,CHEMBL507361,Dasatinib,CHEMBL1421,HT29,C4349,C0338106
391210-10-9,CHEMBL507361,Dasatinib,CHEMBL1421,HT29,C4349,C0338106
391210-10-9,CHEMBL507361,Dinaciclib,CHEMBL2103840,HT29,C4349,C0338106
391210-10-9,CHEMBL507361,Dinaciclib,CHEMBL2103840,HT29,C4349,C0338106
391210-10-9,CHEMBL507361,Dinaciclib,CHEMBL2103840,HT29,C4349,C0338106
391210-10-9,CHEMBL507361,Dinaciclib,CHEMBL2103840,HT29,C4349,C0338106
391210-10-9,CHEMBL507361,geldanamycin,CHEMBL278315,HT29,C4349,C0338106
391210-10-9,CHEMBL507361,geldanamycin,CHEMBL278315,HT29,C4349,C0338106
391210-10-9,CHEMBL507361,geldanamycin,CHEMBL278315,HT29,C4349,C0338106
391210-10-9,CHEMBL507361,geldanamycin,CHEMBL278315,HT29,C4349,C0338106
391210-10-9,CHEMBL507361,7-Ethyl-10-hydroxycamptothecin,CHEMBL837,HT29,C4349,C0338106
391210-10-9,CHEMBL507361,7-Ethyl-10-hydroxycamptothecin,CHEMBL837,HT29,C4349,C0338106
391210-10-9,CHEMBL507361,7-Ethyl-10-hydroxycamptothecin,CHEMBL837,HT29,C4349,C0338106
391210-10-9,CHEMBL507361,7-Ethyl-10-hydroxycamptothecin,CHEMBL837,HT29,C4349,C0338106
391210-10-9,CHEMBL507361,Sorafenib,CHEMBL1336,HT29,C4349,C0338106
391210-10-9,CHEMBL507361,Sorafenib,CHEMBL1336,HT29,C4349,C0338106
391210-10-9,CHEMBL507361,Sorafenib,CHEMBL1336,HT29,C4349,C0338106
391210-10-9,CHEMBL507361,Sorafenib,CHEMBL1336,HT29,C4349,C0338106
7-Ethyl-10-hydroxycamptothecin,CHEMBL837,Dinaciclib,CHEMBL2103840,HT29,C4349,C0338106
7-Ethyl-10-hydroxycamptothecin,CHEMBL837,Dinaciclib,CHEMBL2103840,HT29,C4349,C0338106
7-Ethyl-10-hydroxycamptothecin,CHEMBL837,Dinaciclib,CHEMBL2103840,HT29,C4349,C0338106
7-Ethyl-10-hydroxycamptothecin,CHEMBL837,Dinaciclib,CHEMBL2103840,HT29,C4349,C0338106
7-Ethyl-10-hydroxycamptothecin,CHEMBL837,Sorafenib,CHEMBL1336,HT29,C4349,C0338106
7-Ethyl-10-hydroxycamptothecin,CHEMBL837,Sorafenib,CHEMBL1336,HT29,C4349,C0338106
7-Ethyl-10-hydroxycamptothecin,CHEMBL837,Sorafenib,CHEMBL1336,HT29,C4349,C0338106
7-Ethyl-10-hydroxycamptothecin,CHEMBL837,Sorafenib,CHEMBL1336,HT29,C4349,C0338106
Sorafenib,CHEMBL1336,Dinaciclib,CHEMBL2103840,HT29,C4349,C0338106
Sorafenib,CHEMBL1336,Dinaciclib,CHEMBL2103840,HT29,C4349,C0338106
Sorafenib,CHEMBL1336,Dinaciclib,CHEMBL2103840,HT29,C4349,C0338106
Sorafenib,CHEMBL1336,Dinaciclib,CHEMBL2103840,HT29,C4349,C0338106
Sunitinib,CHEMBL535,Veliparib,CHEMBL506871,HT29,C4349,C0338106
Sunitinib,CHEMBL535,Veliparib,CHEMBL506871,HT29,C4349,C0338106
Sunitinib,CHEMBL535,Veliparib,CHEMBL506871,HT29,C4349,C0338106
Sunitinib,CHEMBL535,Veliparib,CHEMBL506871,HT29,C4349,C0338106
Sunitinib,CHEMBL535,MK-1775,CHEMBL1976040,HT29,C4349,C0338106
Sunitinib,CHEMBL535,MK-1775,CHEMBL1976040,HT29,C4349,C0338106
Sunitinib,CHEMBL535,MK-1775,CHEMBL1976040,HT29,C4349,C0338106
Sunitinib,CHEMBL535,MK-1775,CHEMBL1976040,HT29,C4349,C0338106
Sunitinib,CHEMBL535,915019-65-7,CHEMBL1879463,HT29,C4349,C0338106
Sunitinib,CHEMBL535,915019-65-7,CHEMBL1879463,HT29,C4349,C0338106
Sunitinib,CHEMBL535,915019-65-7,CHEMBL1879463,HT29,C4349,C0338106
Sunitinib,CHEMBL535,915019-65-7,CHEMBL1879463,HT29,C4349,C0338106
Sunitinib,CHEMBL535,Bortezomib,CHEMBL325041,HT29,C4349,C0338106
Sunitinib,CHEMBL535,Bortezomib,CHEMBL325041,HT29,C4349,C0338106
Sunitinib,CHEMBL535,Bortezomib,CHEMBL325041,HT29,C4349,C0338106
Sunitinib,CHEMBL535,Bortezomib,CHEMBL325041,HT29,C4349,C0338106
Sunitinib,CHEMBL535,Dasatinib,CHEMBL1421,HT29,C4349,C0338106
Sunitinib,CHEMBL535,Dasatinib,CHEMBL1421,HT29,C4349,C0338106
Sunitinib,CHEMBL535,Dasatinib,CHEMBL1421,HT29,C4349,C0338106
Sunitinib,CHEMBL535,Dasatinib,CHEMBL1421,HT29,C4349,C0338106
Sunitinib,CHEMBL535,Dinaciclib,CHEMBL2103840,HT29,C4349,C0338106
Sunitinib,CHEMBL535,Dinaciclib,CHEMBL2103840,HT29,C4349,C0338106
Sunitinib,CHEMBL535,Dinaciclib,CHEMBL2103840,HT29,C4349,C0338106
Sunitinib,CHEMBL535,Dinaciclib,CHEMBL2103840,HT29,C4349,C0338106
Sunitinib,CHEMBL535,Erlotinib,CHEMBL553,HT29,C4349,C0338106
Sunitinib,CHEMBL535,Erlotinib,CHEMBL553,HT29,C4349,C0338106
Sunitinib,CHEMBL535,Erlotinib,CHEMBL553,HT29,C4349,C0338106
Sunitinib,CHEMBL535,Erlotinib,CHEMBL553,HT29,C4349,C0338106
Sunitinib,CHEMBL535,geldanamycin,CHEMBL278315,HT29,C4349,C0338106
Sunitinib,CHEMBL535,geldanamycin,CHEMBL278315,HT29,C4349,C0338106
Sunitinib,CHEMBL535,geldanamycin,CHEMBL278315,HT29,C4349,C0338106
Sunitinib,CHEMBL535,geldanamycin,CHEMBL278315,HT29,C4349,C0338106
Sunitinib,CHEMBL535,Lapatinib,CHEMBL554,HT29,C4349,C0338106
Sunitinib,CHEMBL535,Lapatinib,CHEMBL554,HT29,C4349,C0338106
Sunitinib,CHEMBL535,Lapatinib,CHEMBL554,HT29,C4349,C0338106
Sunitinib,CHEMBL535,Lapatinib,CHEMBL554,HT29,C4349,C0338106
Sunitinib,CHEMBL535,MK-2206,CHEMBL1079175,HT29,C4349,C0338106
Sunitinib,CHEMBL535,MK-2206,CHEMBL1079175,HT29,C4349,C0338106
Sunitinib,CHEMBL535,MK-2206,CHEMBL1079175,HT29,C4349,C0338106
Sunitinib,CHEMBL535,MK-2206,CHEMBL1079175,HT29,C4349,C0338106
Sunitinib,CHEMBL535,391210-10-9,CHEMBL507361,HT29,C4349,C0338106
Sunitinib,CHEMBL535,391210-10-9,CHEMBL507361,HT29,C4349,C0338106
Sunitinib,CHEMBL535,391210-10-9,CHEMBL507361,HT29,C4349,C0338106
Sunitinib,CHEMBL535,391210-10-9,CHEMBL507361,HT29,C4349,C0338106
Sunitinib,CHEMBL535,7-Ethyl-10-hydroxycamptothecin,CHEMBL837,HT29,C4349,C0338106
Sunitinib,CHEMBL535,7-Ethyl-10-hydroxycamptothecin,CHEMBL837,HT29,C4349,C0338106
Sunitinib,CHEMBL535,7-Ethyl-10-hydroxycamptothecin,CHEMBL837,HT29,C4349,C0338106
Sunitinib,CHEMBL535,7-Ethyl-10-hydroxycamptothecin,CHEMBL837,HT29,C4349,C0338106
Sunitinib,CHEMBL535,Sorafenib,CHEMBL1336,HT29,C4349,C0338106
Sunitinib,CHEMBL535,Sorafenib,CHEMBL1336,HT29,C4349,C0338106
Sunitinib,CHEMBL535,Sorafenib,CHEMBL1336,HT29,C4349,C0338106
Sunitinib,CHEMBL535,Sorafenib,CHEMBL1336,HT29,C4349,C0338106
Sunitinib,CHEMBL535,temozolomide,CHEMBL810,HT29,C4349,C0338106
Sunitinib,CHEMBL535,temozolomide,CHEMBL810,HT29,C4349,C0338106
Sunitinib,CHEMBL535,temozolomide,CHEMBL810,HT29,C4349,C0338106
Sunitinib,CHEMBL535,temozolomide,CHEMBL810,HT29,C4349,C0338106
temozolomide,CHEMBL810,Veliparib,CHEMBL506871,HT29,C4349,C0338106
temozolomide,CHEMBL810,Veliparib,CHEMBL506871,HT29,C4349,C0338106
temozolomide,CHEMBL810,Veliparib,CHEMBL506871,HT29,C4349,C0338106
temozolomide,CHEMBL810,Veliparib,CHEMBL506871,HT29,C4349,C0338106
temozolomide,CHEMBL810,MK-1775,CHEMBL1976040,HT29,C4349,C0338106
temozolomide,CHEMBL810,MK-1775,CHEMBL1976040,HT29,C4349,C0338106
temozolomide,CHEMBL810,MK-1775,CHEMBL1976040,HT29,C4349,C0338106
temozolomide,CHEMBL810,MK-1775,CHEMBL1976040,HT29,C4349,C0338106
temozolomide,CHEMBL810,915019-65-7,CHEMBL1879463,HT29,C4349,C0338106
temozolomide,CHEMBL810,915019-65-7,CHEMBL1879463,HT29,C4349,C0338106
temozolomide,CHEMBL810,915019-65-7,CHEMBL1879463,HT29,C4349,C0338106
temozolomide,CHEMBL810,915019-65-7,CHEMBL1879463,HT29,C4349,C0338106
temozolomide,CHEMBL810,Bortezomib,CHEMBL325041,HT29,C4349,C0338106
temozolomide,CHEMBL810,Bortezomib,CHEMBL325041,HT29,C4349,C0338106
temozolomide,CHEMBL810,Bortezomib,CHEMBL325041,HT29,C4349,C0338106
temozolomide,CHEMBL810,Bortezomib,CHEMBL325041,HT29,C4349,C0338106
temozolomide,CHEMBL810,Dasatinib,CHEMBL1421,HT29,C4349,C0338106
temozolomide,CHEMBL810,Dasatinib,CHEMBL1421,HT29,C4349,C0338106
temozolomide,CHEMBL810,Dasatinib,CHEMBL1421,HT29,C4349,C0338106
temozolomide,CHEMBL810,Dasatinib,CHEMBL1421,HT29,C4349,C0338106
temozolomide,CHEMBL810,Dinaciclib,CHEMBL2103840,HT29,C4349,C0338106
temozolomide,CHEMBL810,Dinaciclib,CHEMBL2103840,HT29,C4349,C0338106
temozolomide,CHEMBL810,Dinaciclib,CHEMBL2103840,HT29,C4349,C0338106
temozolomide,CHEMBL810,Dinaciclib,CHEMBL2103840,HT29,C4349,C0338106
temozolomide,CHEMBL810,Erlotinib,CHEMBL553,HT29,C4349,C0338106
temozolomide,CHEMBL810,Erlotinib,CHEMBL553,HT29,C4349,C0338106
temozolomide,CHEMBL810,Erlotinib,CHEMBL553,HT29,C4349,C0338106
temozolomide,CHEMBL810,Erlotinib,CHEMBL553,HT29,C4349,C0338106
temozolomide,CHEMBL810,geldanamycin,CHEMBL278315,HT29,C4349,C0338106
temozolomide,CHEMBL810,geldanamycin,CHEMBL278315,HT29,C4349,C0338106
temozolomide,CHEMBL810,geldanamycin,CHEMBL278315,HT29,C4349,C0338106
temozolomide,CHEMBL810,geldanamycin,CHEMBL278315,HT29,C4349,C0338106
temozolomide,CHEMBL810,Lapatinib,CHEMBL554,HT29,C4349,C0338106
temozolomide,CHEMBL810,Lapatinib,CHEMBL554,HT29,C4349,C0338106
temozolomide,CHEMBL810,Lapatinib,CHEMBL554,HT29,C4349,C0338106
temozolomide,CHEMBL810,Lapatinib,CHEMBL554,HT29,C4349,C0338106
temozolomide,CHEMBL810,MK-2206,CHEMBL1079175,HT29,C4349,C0338106
temozolomide,CHEMBL810,MK-2206,CHEMBL1079175,HT29,C4349,C0338106
temozolomide,CHEMBL810,MK-2206,CHEMBL1079175,HT29,C4349,C0338106
temozolomide,CHEMBL810,MK-2206,CHEMBL1079175,HT29,C4349,C0338106
temozolomide,CHEMBL810,391210-10-9,CHEMBL507361,HT29,C4349,C0338106
temozolomide,CHEMBL810,391210-10-9,CHEMBL507361,HT29,C4349,C0338106
temozolomide,CHEMBL810,391210-10-9,CHEMBL507361,HT29,C4349,C0338106
temozolomide,CHEMBL810,391210-10-9,CHEMBL507361,HT29,C4349,C0338106
temozolomide,CHEMBL810,7-Ethyl-10-hydroxycamptothecin,CHEMBL837,HT29,C4349,C0338106
temozolomide,CHEMBL810,7-Ethyl-10-hydroxycamptothecin,CHEMBL837,HT29,C4349,C0338106
temozolomide,CHEMBL810,7-Ethyl-10-hydroxycamptothecin,CHEMBL837,HT29,C4349,C0338106
temozolomide,CHEMBL810,7-Ethyl-10-hydroxycamptothecin,CHEMBL837,HT29,C4349,C0338106
temozolomide,CHEMBL810,Sorafenib,CHEMBL1336,HT29,C4349,C0338106
temozolomide,CHEMBL810,Sorafenib,CHEMBL1336,HT29,C4349,C0338106
temozolomide,CHEMBL810,Sorafenib,CHEMBL1336,HT29,C4349,C0338106
temozolomide,CHEMBL810,Sorafenib,CHEMBL1336,HT29,C4349,C0338106
Vorinostat,CHEMBL98,Veliparib,CHEMBL506871,HT29,C4349,C0338106
Vorinostat,CHEMBL98,Veliparib,CHEMBL506871,HT29,C4349,C0338106
Vorinostat,CHEMBL98,Veliparib,CHEMBL506871,HT29,C4349,C0338106
Vorinostat,CHEMBL98,Veliparib,CHEMBL506871,HT29,C4349,C0338106
Vorinostat,CHEMBL98,MK-1775,CHEMBL1976040,HT29,C4349,C0338106
Vorinostat,CHEMBL98,MK-1775,CHEMBL1976040,HT29,C4349,C0338106
Vorinostat,CHEMBL98,MK-1775,CHEMBL1976040,HT29,C4349,C0338106
Vorinostat,CHEMBL98,MK-1775,CHEMBL1976040,HT29,C4349,C0338106
Vorinostat,CHEMBL98,915019-65-7,CHEMBL1879463,HT29,C4349,C0338106
Vorinostat,CHEMBL98,915019-65-7,CHEMBL1879463,HT29,C4349,C0338106
Vorinostat,CHEMBL98,915019-65-7,CHEMBL1879463,HT29,C4349,C0338106
Vorinostat,CHEMBL98,915019-65-7,CHEMBL1879463,HT29,C4349,C0338106
Vorinostat,CHEMBL98,Bortezomib,CHEMBL325041,HT29,C4349,C0338106
Vorinostat,CHEMBL98,Bortezomib,CHEMBL325041,HT29,C4349,C0338106
Vorinostat,CHEMBL98,Bortezomib,CHEMBL325041,HT29,C4349,C0338106
Vorinostat,CHEMBL98,Bortezomib,CHEMBL325041,HT29,C4349,C0338106
Vorinostat,CHEMBL98,Dasatinib,CHEMBL1421,HT29,C4349,C0338106
Vorinostat,CHEMBL98,Dasatinib,CHEMBL1421,HT29,C4349,C0338106
Vorinostat,CHEMBL98,Dasatinib,CHEMBL1421,HT29,C4349,C0338106
Vorinostat,CHEMBL98,Dasatinib,CHEMBL1421,HT29,C4349,C0338106
Vorinostat,CHEMBL98,Dinaciclib,CHEMBL2103840,HT29,C4349,C0338106
Vorinostat,CHEMBL98,Dinaciclib,CHEMBL2103840,HT29,C4349,C0338106
Vorinostat,CHEMBL98,Dinaciclib,CHEMBL2103840,HT29,C4349,C0338106
Vorinostat,CHEMBL98,Dinaciclib,CHEMBL2103840,HT29,C4349,C0338106
Vorinostat,CHEMBL98,Erlotinib,CHEMBL553,HT29,C4349,C0338106
Vorinostat,CHEMBL98,Erlotinib,CHEMBL553,HT29,C4349,C0338106
Vorinostat,CHEMBL98,Erlotinib,CHEMBL553,HT29,C4349,C0338106
Vorinostat,CHEMBL98,Erlotinib,CHEMBL553,HT29,C4349,C0338106
Vorinostat,CHEMBL98,geldanamycin,CHEMBL278315,HT29,C4349,C0338106
Vorinostat,CHEMBL98,geldanamycin,CHEMBL278315,HT29,C4349,C0338106
Vorinostat,CHEMBL98,geldanamycin,CHEMBL278315,HT29,C4349,C0338106
Vorinostat,CHEMBL98,geldanamycin,CHEMBL278315,HT29,C4349,C0338106
Vorinostat,CHEMBL98,gemcitabine,CHEMBL888,HT29,C4349,C0338106
Vorinostat,CHEMBL98,gemcitabine,CHEMBL888,HT29,C4349,C0338106
Vorinostat,CHEMBL98,gemcitabine,CHEMBL888,HT29,C4349,C0338106
Vorinostat,CHEMBL98,gemcitabine,CHEMBL888,HT29,C4349,C0338106
Vorinostat,CHEMBL98,Lapatinib,CHEMBL554,HT29,C4349,C0338106
Vorinostat,CHEMBL98,Lapatinib,CHEMBL554,HT29,C4349,C0338106
Vorinostat,CHEMBL98,Lapatinib,CHEMBL554,HT29,C4349,C0338106
Vorinostat,CHEMBL98,Lapatinib,CHEMBL554,HT29,C4349,C0338106
Vorinostat,CHEMBL98,MK-2206,CHEMBL1079175,HT29,C4349,C0338106
Vorinostat,CHEMBL98,MK-2206,CHEMBL1079175,HT29,C4349,C0338106
Vorinostat,CHEMBL98,MK-2206,CHEMBL1079175,HT29,C4349,C0338106
Vorinostat,CHEMBL98,MK-2206,CHEMBL1079175,HT29,C4349,C0338106
Vorinostat,CHEMBL98,391210-10-9,CHEMBL507361,HT29,C4349,C0338106
Vorinostat,CHEMBL98,391210-10-9,CHEMBL507361,HT29,C4349,C0338106
Vorinostat,CHEMBL98,391210-10-9,CHEMBL507361,HT29,C4349,C0338106
Vorinostat,CHEMBL98,391210-10-9,CHEMBL507361,HT29,C4349,C0338106
Vorinostat,CHEMBL98,7-Ethyl-10-hydroxycamptothecin,CHEMBL837,HT29,C4349,C0338106
Vorinostat,CHEMBL98,7-Ethyl-10-hydroxycamptothecin,CHEMBL837,HT29,C4349,C0338106
Vorinostat,CHEMBL98,7-Ethyl-10-hydroxycamptothecin,CHEMBL837,HT29,C4349,C0338106
Vorinostat,CHEMBL98,7-Ethyl-10-hydroxycamptothecin,CHEMBL837,HT29,C4349,C0338106
Vorinostat,CHEMBL98,Sorafenib,CHEMBL1336,HT29,C4349,C0338106
Vorinostat,CHEMBL98,Sorafenib,CHEMBL1336,HT29,C4349,C0338106
Vorinostat,CHEMBL98,Sorafenib,CHEMBL1336,HT29,C4349,C0338106
Vorinostat,CHEMBL98,Sorafenib,CHEMBL1336,HT29,C4349,C0338106
Vorinostat,CHEMBL98,Sunitinib,CHEMBL535,HT29,C4349,C0338106
Vorinostat,CHEMBL98,Sunitinib,CHEMBL535,HT29,C4349,C0338106
Vorinostat,CHEMBL98,Sunitinib,CHEMBL535,HT29,C4349,C0338106
Vorinostat,CHEMBL98,Sunitinib,CHEMBL535,HT29,C4349,C0338106
Vorinostat,CHEMBL98,temozolomide,CHEMBL810,HT29,C4349,C0338106
Vorinostat,CHEMBL98,temozolomide,CHEMBL810,HT29,C4349,C0338106
Vorinostat,CHEMBL98,temozolomide,CHEMBL810,HT29,C4349,C0338106
Vorinostat,CHEMBL98,temozolomide,CHEMBL810,HT29,C4349,C0338106
Dasatinib,CHEMBL1421,geldanamycin,CHEMBL278315,LNCAP,C4863,C0600139
Dasatinib,CHEMBL1421,geldanamycin,CHEMBL278315,LNCAP,C4863,C0600139
Dasatinib,CHEMBL1421,geldanamycin,CHEMBL278315,LNCAP,C4863,C0600139
Dasatinib,CHEMBL1421,geldanamycin,CHEMBL278315,LNCAP,C4863,C0600139
Dasatinib,CHEMBL1421,Sorafenib,CHEMBL1336,LNCAP,C4863,C0600139
Dasatinib,CHEMBL1421,Sorafenib,CHEMBL1336,LNCAP,C4863,C0600139
Dasatinib,CHEMBL1421,Sorafenib,CHEMBL1336,LNCAP,C4863,C0600139
Dasatinib,CHEMBL1421,Sorafenib,CHEMBL1336,LNCAP,C4863,C0600139
geldanamycin,CHEMBL278315,Sorafenib,CHEMBL1336,LNCAP,C4863,C0600139
geldanamycin,CHEMBL278315,Sorafenib,CHEMBL1336,LNCAP,C4863,C0600139
geldanamycin,CHEMBL278315,Sorafenib,CHEMBL1336,LNCAP,C4863,C0600139
geldanamycin,CHEMBL278315,Sorafenib,CHEMBL1336,LNCAP,C4863,C0600139
Lapatinib,CHEMBL554,Dasatinib,CHEMBL1421,LNCAP,C4863,C0600139
Lapatinib,CHEMBL554,Dasatinib,CHEMBL1421,LNCAP,C4863,C0600139
Lapatinib,CHEMBL554,Dasatinib,CHEMBL1421,LNCAP,C4863,C0600139
Lapatinib,CHEMBL554,Dasatinib,CHEMBL1421,LNCAP,C4863,C0600139
Lapatinib,CHEMBL554,geldanamycin,CHEMBL278315,LNCAP,C4863,C0600139
Lapatinib,CHEMBL554,geldanamycin,CHEMBL278315,LNCAP,C4863,C0600139
Lapatinib,CHEMBL554,geldanamycin,CHEMBL278315,LNCAP,C4863,C0600139
Lapatinib,CHEMBL554,geldanamycin,CHEMBL278315,LNCAP,C4863,C0600139
Lapatinib,CHEMBL554,MK-2206,CHEMBL1079175,LNCAP,C4863,C0600139
Lapatinib,CHEMBL554,MK-2206,CHEMBL1079175,LNCAP,C4863,C0600139
Lapatinib,CHEMBL554,MK-2206,CHEMBL1079175,LNCAP,C4863,C0600139
Lapatinib,CHEMBL554,MK-2206,CHEMBL1079175,LNCAP,C4863,C0600139
Lapatinib,CHEMBL554,391210-10-9,CHEMBL507361,LNCAP,C4863,C0600139
Lapatinib,CHEMBL554,391210-10-9,CHEMBL507361,LNCAP,C4863,C0600139
Lapatinib,CHEMBL554,391210-10-9,CHEMBL507361,LNCAP,C4863,C0600139
Lapatinib,CHEMBL554,391210-10-9,CHEMBL507361,LNCAP,C4863,C0600139
Lapatinib,CHEMBL554,Sorafenib,CHEMBL1336,LNCAP,C4863,C0600139
Lapatinib,CHEMBL554,Sorafenib,CHEMBL1336,LNCAP,C4863,C0600139
Lapatinib,CHEMBL554,Sorafenib,CHEMBL1336,LNCAP,C4863,C0600139
Lapatinib,CHEMBL554,Sorafenib,CHEMBL1336,LNCAP,C4863,C0600139
MK-2206,CHEMBL1079175,Dasatinib,CHEMBL1421,LNCAP,C4863,C0600139
MK-2206,CHEMBL1079175,Dasatinib,CHEMBL1421,LNCAP,C4863,C0600139
MK-2206,CHEMBL1079175,Dasatinib,CHEMBL1421,LNCAP,C4863,C0600139
MK-2206,CHEMBL1079175,Dasatinib,CHEMBL1421,LNCAP,C4863,C0600139
MK-2206,CHEMBL1079175,geldanamycin,CHEMBL278315,LNCAP,C4863,C0600139
MK-2206,CHEMBL1079175,geldanamycin,CHEMBL278315,LNCAP,C4863,C0600139
MK-2206,CHEMBL1079175,geldanamycin,CHEMBL278315,LNCAP,C4863,C0600139
MK-2206,CHEMBL1079175,geldanamycin,CHEMBL278315,LNCAP,C4863,C0600139
MK-2206,CHEMBL1079175,391210-10-9,CHEMBL507361,LNCAP,C4863,C0600139
MK-2206,CHEMBL1079175,391210-10-9,CHEMBL507361,LNCAP,C4863,C0600139
MK-2206,CHEMBL1079175,391210-10-9,CHEMBL507361,LNCAP,C4863,C0600139
MK-2206,CHEMBL1079175,391210-10-9,CHEMBL507361,LNCAP,C4863,C0600139
MK-2206,CHEMBL1079175,Sorafenib,CHEMBL1336,LNCAP,C4863,C0600139
MK-2206,CHEMBL1079175,Sorafenib,CHEMBL1336,LNCAP,C4863,C0600139
MK-2206,CHEMBL1079175,Sorafenib,CHEMBL1336,LNCAP,C4863,C0600139
MK-2206,CHEMBL1079175,Sorafenib,CHEMBL1336,LNCAP,C4863,C0600139
391210-10-9,CHEMBL507361,Dasatinib,CHEMBL1421,LNCAP,C4863,C0600139
391210-10-9,CHEMBL507361,Dasatinib,CHEMBL1421,LNCAP,C4863,C0600139
391210-10-9,CHEMBL507361,Dasatinib,CHEMBL1421,LNCAP,C4863,C0600139
391210-10-9,CHEMBL507361,Dasatinib,CHEMBL1421,LNCAP,C4863,C0600139
391210-10-9,CHEMBL507361,geldanamycin,CHEMBL278315,LNCAP,C4863,C0600139
391210-10-9,CHEMBL507361,geldanamycin,CHEMBL278315,LNCAP,C4863,C0600139
391210-10-9,CHEMBL507361,geldanamycin,CHEMBL278315,LNCAP,C4863,C0600139
391210-10-9,CHEMBL507361,geldanamycin,CHEMBL278315,LNCAP,C4863,C0600139
391210-10-9,CHEMBL507361,Sorafenib,CHEMBL1336,LNCAP,C4863,C0600139
391210-10-9,CHEMBL507361,Sorafenib,CHEMBL1336,LNCAP,C4863,C0600139
391210-10-9,CHEMBL507361,Sorafenib,CHEMBL1336,LNCAP,C4863,C0600139
391210-10-9,CHEMBL507361,Sorafenib,CHEMBL1336,LNCAP,C4863,C0600139
Erlotinib,CHEMBL553,Dinaciclib,CHEMBL2103840,A375,C3802,C0206735
Erlotinib,CHEMBL553,Dinaciclib,CHEMBL2103840,A375,C3802,C0206735
Erlotinib,CHEMBL553,Dinaciclib,CHEMBL2103840,A375,C3802,C0206735
Erlotinib,CHEMBL553,Dinaciclib,CHEMBL2103840,A375,C3802,C0206735
temozolomide,CHEMBL810,Erlotinib,CHEMBL553,A375,C3802,C0206735
temozolomide,CHEMBL810,Erlotinib,CHEMBL553,A375,C3802,C0206735
temozolomide,CHEMBL810,Erlotinib,CHEMBL553,A375,C3802,C0206735
temozolomide,CHEMBL810,Erlotinib,CHEMBL553,A375,C3802,C0206735
Vorinostat,CHEMBL98,Erlotinib,CHEMBL553,A375,C3802,C0206735
Vorinostat,CHEMBL98,Erlotinib,CHEMBL553,A375,C3802,C0206735
Vorinostat,CHEMBL98,Erlotinib,CHEMBL553,A375,C3802,C0206735
Vorinostat,CHEMBL98,Erlotinib,CHEMBL553,A375,C3802,C0206735
MK-1775,CHEMBL1976040,915019-65-7,CHEMBL1879463,A375,C3802,C0206735
MK-1775,CHEMBL1976040,915019-65-7,CHEMBL1879463,A375,C3802,C0206735
MK-1775,CHEMBL1976040,915019-65-7,CHEMBL1879463,A375,C3802,C0206735
MK-1775,CHEMBL1976040,915019-65-7,CHEMBL1879463,A375,C3802,C0206735
MK-1775,CHEMBL1976040,Dasatinib,CHEMBL1421,A375,C3802,C0206735
MK-1775,CHEMBL1976040,Dasatinib,CHEMBL1421,A375,C3802,C0206735
MK-1775,CHEMBL1976040,Dasatinib,CHEMBL1421,A375,C3802,C0206735
MK-1775,CHEMBL1976040,Dasatinib,CHEMBL1421,A375,C3802,C0206735
gemcitabine,CHEMBL888,MK-1775,CHEMBL1976040,A375,C3802,C0206735
gemcitabine,CHEMBL888,MK-1775,CHEMBL1976040,A375,C3802,C0206735
gemcitabine,CHEMBL888,MK-1775,CHEMBL1976040,A375,C3802,C0206735
gemcitabine,CHEMBL888,MK-1775,CHEMBL1976040,A375,C3802,C0206735
Lapatinib,CHEMBL554,MK-2206,CHEMBL1079175,A375,C3802,C0206735
Lapatinib,CHEMBL554,MK-2206,CHEMBL1079175,A375,C3802,C0206735
Lapatinib,CHEMBL554,MK-2206,CHEMBL1079175,A375,C3802,C0206735
Lapatinib,CHEMBL554,MK-2206,CHEMBL1079175,A375,C3802,C0206735
MK-2206,CHEMBL1079175,Erlotinib,CHEMBL553,A375,C3802,C0206735
MK-2206,CHEMBL1079175,Erlotinib,CHEMBL553,A375,C3802,C0206735
MK-2206,CHEMBL1079175,Erlotinib,CHEMBL553,A375,C3802,C0206735
MK-2206,CHEMBL1079175,Erlotinib,CHEMBL553,A375,C3802,C0206735
Sunitinib,CHEMBL535,MK-2206,CHEMBL1079175,A375,C3802,C0206735
Sunitinib,CHEMBL535,MK-2206,CHEMBL1079175,A375,C3802,C0206735
Sunitinib,CHEMBL535,MK-2206,CHEMBL1079175,A375,C3802,C0206735
Sunitinib,CHEMBL535,MK-2206,CHEMBL1079175,A375,C3802,C0206735
MK-1775,CHEMBL1976040,915019-65-7,CHEMBL1879463,HT29,C4349,C0338106
MK-1775,CHEMBL1976040,915019-65-7,CHEMBL1879463,HT29,C4349,C0338106
MK-1775,CHEMBL1976040,915019-65-7,CHEMBL1879463,HT29,C4349,C0338106
MK-1775,CHEMBL1976040,915019-65-7,CHEMBL1879463,HT29,C4349,C0338106
MK-1775,CHEMBL1976040,Dasatinib,CHEMBL1421,HT29,C4349,C0338106
MK-1775,CHEMBL1976040,Dasatinib,CHEMBL1421,HT29,C4349,C0338106
MK-1775,CHEMBL1976040,Dasatinib,CHEMBL1421,HT29,C4349,C0338106
MK-1775,CHEMBL1976040,Dasatinib,CHEMBL1421,HT29,C4349,C0338106
gemcitabine,CHEMBL888,MK-1775,CHEMBL1976040,HT29,C4349,C0338106
gemcitabine,CHEMBL888,MK-1775,CHEMBL1976040,HT29,C4349,C0338106
gemcitabine,CHEMBL888,MK-1775,CHEMBL1976040,HT29,C4349,C0338106
gemcitabine,CHEMBL888,MK-1775,CHEMBL1976040,HT29,C4349,C0338106
Lapatinib,CHEMBL554,MK-2206,CHEMBL1079175,HT29,C4349,C0338106
Lapatinib,CHEMBL554,MK-2206,CHEMBL1079175,HT29,C4349,C0338106
Lapatinib,CHEMBL554,MK-2206,CHEMBL1079175,HT29,C4349,C0338106
Lapatinib,CHEMBL554,MK-2206,CHEMBL1079175,HT29,C4349,C0338106
MK-2206,CHEMBL1079175,Erlotinib,CHEMBL553,HT29,C4349,C0338106
MK-2206,CHEMBL1079175,Erlotinib,CHEMBL553,HT29,C4349,C0338106
MK-2206,CHEMBL1079175,Erlotinib,CHEMBL553,HT29,C4349,C0338106
MK-2206,CHEMBL1079175,Erlotinib,CHEMBL553,HT29,C4349,C0338106
Sunitinib,CHEMBL535,MK-2206,CHEMBL1079175,HT29,C4349,C0338106
Sunitinib,CHEMBL535,MK-2206,CHEMBL1079175,HT29,C4349,C0338106
Sunitinib,CHEMBL535,MK-2206,CHEMBL1079175,HT29,C4349,C0338106
Sunitinib,CHEMBL535,MK-2206,CHEMBL1079175,HT29,C4349,C0338106
Lapatinib,CHEMBL554,methoxsalen,CHEMBL416,HT29,C4349,C0338106
ifosfamide,CHEMBL1024,IMIQUIMOD,CHEMBL1282,MCF7,C4194,C1134719
hydroxyurea,CHEMBL467,Nilotinib,CHEMBL255863,HT29,C4349,C0338106
Romidepsin,CHEMBL343448,Ixabepilone,CHEMBL1201752,MCF7,C4194,C1134719
anastrozole,CHEMBL1399,Vorinostat,CHEMBL98,MCF7,C4194,C1134719
Vorinostat,CHEMBL98,Lapatinib,CHEMBL554,MCF7,C4194,C1134719
Pralatrexate,CHEMBL1201746,6-Mercaptopurine,CHEMBL1425,HT29,C4349,C0338106
Vorinostat,CHEMBL98,Sorafenib,CHEMBL1336,MCF7,C4194,C1134719
methoxsalen,CHEMBL416,Ixabepilone,CHEMBL1201752,MCF7,C4194,C1134719
raloxifene,CHEMBL81,hydroxyurea,CHEMBL467,HT29,C4349,C0338106
letrozole,CHEMBL1444,methoxsalen,CHEMBL416,HT29,C4349,C0338106
raloxifene,CHEMBL81,mitoxantrone,CHEMBL58,HT29,C4349,C0338106
Lapatinib,CHEMBL554,6-Mercaptopurine,CHEMBL1425,MCF7,C4194,C1134719
Gefitinib,CHEMBL939,6-Thioguanine,CHEMBL727,MCF7,C4194,C1134719
Sunitinib,CHEMBL535,Ixabepilone,CHEMBL1201752,HT29,C4349,C0338106
letrozole,CHEMBL1444,ifosfamide,CHEMBL1024,MCF7,C4194,C1134719
Sorafenib,CHEMBL1336,Pralatrexate,CHEMBL1201746,HT29,C4349,C0338106
7-Ethyl-10-hydroxycamptothecin,CHEMBL837,Sorafenib,CHEMBL1336,MCF7,C4194,C1134719
IMIQUIMOD,CHEMBL1282,Bortezomib,CHEMBL325041,HT29,C4349,C0338106
temozolomide,CHEMBL810,Romidepsin,CHEMBL343448,HT29,C4349,C0338106
Romidepsin,CHEMBL343448,IMIQUIMOD,CHEMBL1282,MCF7,C4194,C1134719
7-Ethyl-10-hydroxycamptothecin,CHEMBL837,allopurinol,CHEMBL1467,MCF7,C4194,C1134719
anastrozole,CHEMBL1399,Bortezomib,CHEMBL325041,HT29,C4349,C0338106
Dasatinib,CHEMBL1421,Sorafenib,CHEMBL1336,MCF7,C4194,C1134719
Imatinib,CHEMBL941,Ixabepilone,CHEMBL1201752,HT29,C4349,C0338106
Imatinib,CHEMBL941,Ixabepilone,CHEMBL1201752,MCF7,C4194,C1134719
temozolomide,CHEMBL810,7-Ethyl-10-hydroxycamptothecin,CHEMBL837,MCF7,C4194,C1134719
Dasatinib,CHEMBL1421,methoxsalen,CHEMBL416,MCF7,C4194,C1134719
celecoxib,CHEMBL118,busulfan,CHEMBL820,HT29,C4349,C0338106
Nilotinib,CHEMBL255863,Sunitinib,CHEMBL535,MCF7,C4194,C1134719
raloxifene,CHEMBL81,altretamine,CHEMBL1455,HT29,C4349,C0338106
6-Mercaptopurine,CHEMBL1425,Bortezomib,CHEMBL325041,MCF7,C4194,C1134719
raloxifene,CHEMBL81,ifosfamide,CHEMBL1024,HT29,C4349,C0338106
temozolomide,CHEMBL810,Pralatrexate,CHEMBL1201746,HT29,C4349,C0338106
Nilotinib,CHEMBL255863,Sunitinib,CHEMBL535,A549,C3512,C0152013
celecoxib,CHEMBL118,Dasatinib,CHEMBL1421,HT29,C4349,C0338106
hydroxyurea,CHEMBL467,Sorafenib,CHEMBL1336,HT29,C4349,C0338106
7-Ethyl-10-hydroxycamptothecin,CHEMBL837,hydroxyurea,CHEMBL467,HT29,C4349,C0338106
Vorinostat,CHEMBL98,Sorafenib,CHEMBL1336,HT29,C4349,C0338106
letrozole,CHEMBL1444,IMIQUIMOD,CHEMBL1282,MCF7,C4194,C1134719
letrozole,CHEMBL1444,IMIQUIMOD,CHEMBL1282,HT29,C4349,C0338106
Lapatinib,CHEMBL554,Ixabepilone,CHEMBL1201752,MCF7,C4194,C1134719
Pralatrexate,CHEMBL1201746,busulfan,CHEMBL820,MCF7,C4194,C1134719
raloxifene,CHEMBL81,6-Mercaptopurine,CHEMBL1425,MCF7,C4194,C1134719
letrozole,CHEMBL1444,busulfan,CHEMBL820,MCF7,C4194,C1134719
Imatinib,CHEMBL941,thalidomide,CHEMBL468,HT29,C4349,C0338106
hydroxyurea,CHEMBL467,Ixabepilone,CHEMBL1201752,MCF7,C4194,C1134719
celecoxib,CHEMBL118,thalidomide,CHEMBL468,HT29,C4349,C0338106
6-Mercaptopurine,CHEMBL1425,allopurinol,CHEMBL1467,HT29,C4349,C0338106
letrozole,CHEMBL1444,Nilotinib,CHEMBL255863,MCF7,C4194,C1134719
raloxifene,CHEMBL81,hydroxyurea,CHEMBL467,MCF7,C4194,C1134719
raloxifene,CHEMBL81,IMIQUIMOD,CHEMBL1282,HT29,C4349,C0338106
raloxifene,CHEMBL81,letrozole,CHEMBL1444,HT29,C4349,C0338106
raloxifene,CHEMBL81,Vemurafenib,CHEMBL1229517,MCF7,C4194,C1134719
Dasatinib,CHEMBL1421,6-Mercaptopurine,CHEMBL1425,HT29,C4349,C0338106
letrozole,CHEMBL1444,Vorinostat,CHEMBL98,HT29,C4349,C0338106
Imatinib,CHEMBL941,busulfan,CHEMBL820,HT29,C4349,C0338106
Sorafenib,CHEMBL1336,6-Mercaptopurine,CHEMBL1425,HT29,C4349,C0338106
raloxifene,CHEMBL81,Imatinib,CHEMBL941,HT29,C4349,C0338106
Nilotinib,CHEMBL255863,Sunitinib,CHEMBL535,HT29,C4349,C0338106
Imatinib,CHEMBL941,6-Mercaptopurine,CHEMBL1425,HT29,C4349,C0338106
temozolomide,CHEMBL810,Romidepsin,CHEMBL343448,MCF7,C4194,C1134719
Dasatinib,CHEMBL1421,thalidomide,CHEMBL468,HT29,C4349,C0338106
Nilotinib,CHEMBL255863,anastrozole,CHEMBL1399,MCF7,C4194,C1134719
Romidepsin,CHEMBL343448,allopurinol,CHEMBL1467,MCF7,C4194,C1134719
hydroxyurea,CHEMBL467,thalidomide,CHEMBL468,MCF7,C4194,C1134719
7-Ethyl-10-hydroxycamptothecin,CHEMBL837,Bortezomib,CHEMBL325041,MCF7,C4194,C1134719
Nilotinib,CHEMBL255863,Lapatinib,CHEMBL554,MCF7,C4194,C1134719
raloxifene,CHEMBL81,Sunitinib,CHEMBL535,HT29,C4349,C0338106
Romidepsin,CHEMBL343448,Sunitinib,CHEMBL535,MCF7,C4194,C1134719
Dasatinib,CHEMBL1421,allopurinol,CHEMBL1467,HT29,C4349,C0338106
raloxifene,CHEMBL81,methoxsalen,CHEMBL416,MCF7,C4194,C1134719
temozolomide,CHEMBL810,Bortezomib,CHEMBL325041,HT29,C4349,C0338106
allopurinol,CHEMBL1467,ifosfamide,CHEMBL1024,HT29,C4349,C0338106
raloxifene,CHEMBL81,celecoxib,CHEMBL118,MCF7,C4194,C1134719
Vorinostat,CHEMBL98,ifosfamide,CHEMBL1024,MCF7,C4194,C1134719
Vorinostat,CHEMBL98,allopurinol,CHEMBL1467,HT29,C4349,C0338106
altretamine,CHEMBL1455,6-Thioguanine,CHEMBL727,MCF7,C4194,C1134719
temozolomide,CHEMBL810,Dasatinib,CHEMBL1421,MCF7,C4194,C1134719
Nilotinib,CHEMBL255863,methoxsalen,CHEMBL416,HT29,C4349,C0338106
temozolomide,CHEMBL810,Nilotinib,CHEMBL255863,MCF7,C4194,C1134719
Nilotinib,CHEMBL255863,Pralatrexate,CHEMBL1201746,MCF7,C4194,C1134719
Lapatinib,CHEMBL554,methoxsalen,CHEMBL416,MCF7,C4194,C1134719
celecoxib,CHEMBL118,ifosfamide,CHEMBL1024,HT29,C4349,C0338106
Imatinib,CHEMBL941,ifosfamide,CHEMBL1024,MCF7,C4194,C1134719
Nilotinib,CHEMBL255863,Ixabepilone,CHEMBL1201752,MCF7,C4194,C1134719
Dasatinib,CHEMBL1421,Sunitinib,CHEMBL535,MCF7,C4194,C1134719
Sorafenib,CHEMBL1336,6-Mercaptopurine,CHEMBL1425,MCF7,C4194,C1134719
Pralatrexate,CHEMBL1201746,allopurinol,CHEMBL1467,MCF7,C4194,C1134719
7-Ethyl-10-hydroxycamptothecin,CHEMBL837,Ixabepilone,CHEMBL1201752,MCF7,C4194,C1134719
Vorinostat,CHEMBL98,Bortezomib,CHEMBL325041,MCF7,C4194,C1134719
Imatinib,CHEMBL941,hydroxyurea,CHEMBL467,MCF7,C4194,C1134719
temozolomide,CHEMBL810,Dasatinib,CHEMBL1421,HT29,C4349,C0338106
Imatinib,CHEMBL941,Nilotinib,CHEMBL255863,HT29,C4349,C0338106
raloxifene,CHEMBL81,Lapatinib,CHEMBL554,HT29,C4349,C0338106
raloxifene,CHEMBL81,6-Thioguanine,CHEMBL727,HT29,C4349,C0338106
Pralatrexate,CHEMBL1201746,Ixabepilone,CHEMBL1201752,MCF7,C4194,C1134719
letrozole,CHEMBL1444,Dasatinib,CHEMBL1421,HT29,C4349,C0338106
temozolomide,CHEMBL810,busulfan,CHEMBL820,MCF7,C4194,C1134719
Romidepsin,CHEMBL343448,6-Mercaptopurine,CHEMBL1425,MCF7,C4194,C1134719
7-Ethyl-10-hydroxycamptothecin,CHEMBL837,Pralatrexate,CHEMBL1201746,HT29,C4349,C0338106
allopurinol,CHEMBL1467,thalidomide,CHEMBL468,HT29,C4349,C0338106
Pralatrexate,CHEMBL1201746,IMIQUIMOD,CHEMBL1282,HT29,C4349,C0338106
anastrozole,CHEMBL1399,ifosfamide,CHEMBL1024,MCF7,C4194,C1134719
Dasatinib,CHEMBL1421,IMIQUIMOD,CHEMBL1282,HT29,C4349,C0338106
methoxsalen,CHEMBL416,Ixabepilone,CHEMBL1201752,HT29,C4349,C0338106
6-Mercaptopurine,CHEMBL1425,Bortezomib,CHEMBL325041,HT29,C4349,C0338106
Sunitinib,CHEMBL535,allopurinol,CHEMBL1467,HT29,C4349,C0338106
methoxsalen,CHEMBL416,ifosfamide,CHEMBL1024,MCF7,C4194,C1134719
hydroxyurea,CHEMBL467,ifosfamide,CHEMBL1024,MCF7,C4194,C1134719
raloxifene,CHEMBL81,Ruxolitinib,CHEMBL1789941,HT29,C4349,C0338106
Nilotinib,CHEMBL255863,Ixabepilone,CHEMBL1201752,HT29,C4349,C0338106
Imatinib,CHEMBL941,Lapatinib,CHEMBL554,A549,C3512,C0152013
anastrozole,CHEMBL1399,7-Ethyl-10-hydroxycamptothecin,CHEMBL837,HT29,C4349,C0338106
Nilotinib,CHEMBL255863,Dasatinib,CHEMBL1421,A549,C3512,C0152013
7-Ethyl-10-hydroxycamptothecin,CHEMBL837,IMIQUIMOD,CHEMBL1282,HT29,C4349,C0338106
Vorinostat,CHEMBL98,hydroxyurea,CHEMBL467,MCF7,C4194,C1134719
Romidepsin,CHEMBL343448,ifosfamide,CHEMBL1024,HT29,C4349,C0338106
raloxifene,CHEMBL81,Dasatinib,CHEMBL1421,HT29,C4349,C0338106
Imatinib,CHEMBL941,Sunitinib,CHEMBL535,HT29,C4349,C0338106
temozolomide,CHEMBL810,ifosfamide,CHEMBL1024,MCF7,C4194,C1134719
Lapatinib,CHEMBL554,Pralatrexate,CHEMBL1201746,HT29,C4349,C0338106
anastrozole,CHEMBL1399,Bortezomib,CHEMBL325041,MCF7,C4194,C1134719
Pralatrexate,CHEMBL1201746,methoxsalen,CHEMBL416,HT29,C4349,C0338106
Lapatinib,CHEMBL554,Sunitinib,CHEMBL535,MCF7,C4194,C1134719
anastrozole,CHEMBL1399,Pralatrexate,CHEMBL1201746,HT29,C4349,C0338106
celecoxib,CHEMBL118,Bortezomib,CHEMBL325041,MCF7,C4194,C1134719
letrozole,CHEMBL1444,allopurinol,CHEMBL1467,MCF7,C4194,C1134719
Romidepsin,CHEMBL343448,Lapatinib,CHEMBL554,HT29,C4349,C0338106
raloxifene,CHEMBL81,altretamine,CHEMBL1455,MCF7,C4194,C1134719
celecoxib,CHEMBL118,methoxsalen,CHEMBL416,HT29,C4349,C0338106
Sorafenib,CHEMBL1336,thalidomide,CHEMBL468,HT29,C4349,C0338106
letrozole,CHEMBL1444,allopurinol,CHEMBL1467,HT29,C4349,C0338106
Nilotinib,CHEMBL255863,Vorinostat,CHEMBL98,HT29,C4349,C0338106
chlorambucil,CHEMBL515,6-Thioguanine,CHEMBL727,MCF7,C4194,C1134719
celecoxib,CHEMBL118,7-Ethyl-10-hydroxycamptothecin,CHEMBL837,MCF7,C4194,C1134719
allopurinol,CHEMBL1467,methoxsalen,CHEMBL416,MCF7,C4194,C1134719
7-Ethyl-10-hydroxycamptothecin,CHEMBL837,anastrozole,CHEMBL1399,MCF7,C4194,C1134719
Vorinostat,CHEMBL98,anastrozole,CHEMBL1399,HT29,C4349,C0338106
anastrozole,CHEMBL1399,Pralatrexate,CHEMBL1201746,MCF7,C4194,C1134719
Sunitinib,CHEMBL535,busulfan,CHEMBL820,MCF7,C4194,C1134719
ifosfamide,CHEMBL1024,Bortezomib,CHEMBL325041,MCF7,C4194,C1134719
letrozole,CHEMBL1444,Bortezomib,CHEMBL325041,HT29,C4349,C0338106
Lapatinib,CHEMBL554,Sorafenib,CHEMBL1336,A549,C3512,C0152013
Dasatinib,CHEMBL1421,hydroxyurea,CHEMBL467,MCF7,C4194,C1134719
Sorafenib,CHEMBL1336,Bortezomib,CHEMBL325041,HT29,C4349,C0338106
ifosfamide,CHEMBL1024,Ixabepilone,CHEMBL1201752,HT29,C4349,C0338106
Pralatrexate,CHEMBL1201746,Ixabepilone,CHEMBL1201752,HT29,C4349,C0338106
letrozole,CHEMBL1444,7-Ethyl-10-hydroxycamptothecin,CHEMBL837,MCF7,C4194,C1134719
temozolomide,CHEMBL810,allopurinol,CHEMBL1467,MCF7,C4194,C1134719
mitoxantrone,CHEMBL58,6-Thioguanine,CHEMBL727,HT29,C4349,C0338106
Nilotinib,CHEMBL255863,Lapatinib,CHEMBL554,HT29,C4349,C0338106
raloxifene,CHEMBL81,Ruxolitinib,CHEMBL1789941,MCF7,C4194,C1134719
allopurinol,CHEMBL1467,ifosfamide,CHEMBL1024,MCF7,C4194,C1134719
Nilotinib,CHEMBL255863,busulfan,CHEMBL820,MCF7,C4194,C1134719
celecoxib,CHEMBL118,methoxsalen,CHEMBL416,MCF7,C4194,C1134719
6-Mercaptopurine,CHEMBL1425,Nilotinib,CHEMBL255863,HT29,C4349,C0338106
methoxsalen,CHEMBL416,ifosfamide,CHEMBL1024,HT29,C4349,C0338106
Sunitinib,CHEMBL535,Sorafenib,CHEMBL1336,HT29,C4349,C0338106
Pralatrexate,CHEMBL1201746,thalidomide,CHEMBL468,MCF7,C4194,C1134719
5-Fluorouracil,CHEMBL185,Dasatinib,CHEMBL1421,HT29,C4349,C0338106
Vorinostat,CHEMBL98,ifosfamide,CHEMBL1024,HT29,C4349,C0338106
Sunitinib,CHEMBL535,IMIQUIMOD,CHEMBL1282,MCF7,C4194,C1134719
Lapatinib,CHEMBL554,anastrozole,CHEMBL1399,HT29,C4349,C0338106
temozolomide,CHEMBL810,Sunitinib,CHEMBL535,MCF7,C4194,C1134719
Vorinostat,CHEMBL98,Pralatrexate,CHEMBL1201746,HT29,C4349,C0338106
Vorinostat,CHEMBL98,Lapatinib,CHEMBL554,HT29,C4349,C0338106
Imatinib,CHEMBL941,Pralatrexate,CHEMBL1201746,HT29,C4349,C0338106
Vorinostat,CHEMBL98,hydroxyurea,CHEMBL467,HT29,C4349,C0338106
allopurinol,CHEMBL1467,Bortezomib,CHEMBL325041,MCF7,C4194,C1134719
Nilotinib,CHEMBL255863,Vorinostat,CHEMBL98,A549,C3512,C0152013
Romidepsin,CHEMBL343448,methoxsalen,CHEMBL416,MCF7,C4194,C1134719
temozolomide,CHEMBL810,Ixabepilone,CHEMBL1201752,HT29,C4349,C0338106
hydroxyurea,CHEMBL467,Nilotinib,CHEMBL255863,MCF7,C4194,C1134719
Vorinostat,CHEMBL98,Bortezomib,CHEMBL325041,HT29,C4349,C0338106
Imatinib,CHEMBL941,hydroxyurea,CHEMBL467,HT29,C4349,C0338106
Sunitinib,CHEMBL535,IMIQUIMOD,CHEMBL1282,HT29,C4349,C0338106
6-Thioguanine,CHEMBL727,Dasatinib,CHEMBL1421,HT29,C4349,C0338106
6-Mercaptopurine,CHEMBL1425,thalidomide,CHEMBL468,MCF7,C4194,C1134719
raloxifene,CHEMBL81,6-Mercaptopurine,CHEMBL1425,HT29,C4349,C0338106
raloxifene,CHEMBL81,chlorambucil,CHEMBL515,HT29,C4349,C0338106
busulfan,CHEMBL820,methoxsalen,CHEMBL416,MCF7,C4194,C1134719
7-Ethyl-10-hydroxycamptothecin,CHEMBL837,ifosfamide,CHEMBL1024,HT29,C4349,C0338106
7-Ethyl-10-hydroxycamptothecin,CHEMBL837,methoxsalen,CHEMBL416,MCF7,C4194,C1134719
raloxifene,CHEMBL81,Sorafenib,CHEMBL1336,MCF7,C4194,C1134719
7-Ethyl-10-hydroxycamptothecin,CHEMBL837,Vorinostat,CHEMBL98,HT29,C4349,C0338106
letrozole,CHEMBL1444,Pralatrexate,CHEMBL1201746,HT29,C4349,C0338106
6-Mercaptopurine,CHEMBL1425,Nilotinib,CHEMBL255863,MCF7,C4194,C1134719
7-Ethyl-10-hydroxycamptothecin,CHEMBL837,Pralatrexate,CHEMBL1201746,MCF7,C4194,C1134719
letrozole,CHEMBL1444,Imatinib,CHEMBL941,MCF7,C4194,C1134719
Sunitinib,CHEMBL535,methoxsalen,CHEMBL416,HT29,C4349,C0338106
Dasatinib,CHEMBL1421,Sunitinib,CHEMBL535,HT29,C4349,C0338106
Sorafenib,CHEMBL1336,busulfan,CHEMBL820,HT29,C4349,C0338106
7-Ethyl-10-hydroxycamptothecin,CHEMBL837,Bortezomib,CHEMBL325041,HT29,C4349,C0338106
Vorinostat,CHEMBL98,6-Mercaptopurine,CHEMBL1425,HT29,C4349,C0338106
7-Ethyl-10-hydroxycamptothecin,CHEMBL837,thalidomide,CHEMBL468,HT29,C4349,C0338106
raloxifene,CHEMBL81,7-Ethyl-10-hydroxycamptothecin,CHEMBL837,HT29,C4349,C0338106
celecoxib,CHEMBL118,Dasatinib,CHEMBL1421,MCF7,C4194,C1134719
Vorinostat,CHEMBL98,Sunitinib,CHEMBL535,HT29,C4349,C0338106
Pralatrexate,CHEMBL1201746,6-Mercaptopurine,CHEMBL1425,MCF7,C4194,C1134719
celecoxib,CHEMBL118,Sunitinib,CHEMBL535,MCF7,C4194,C1134719
Nilotinib,CHEMBL255863,Bortezomib,CHEMBL325041,MCF7,C4194,C1134719
Imatinib,CHEMBL941,7-Ethyl-10-hydroxycamptothecin,CHEMBL837,MCF7,C4194,C1134719
thalidomide,CHEMBL468,IMIQUIMOD,CHEMBL1282,HT29,C4349,C0338106
raloxifene,CHEMBL81,Imatinib,CHEMBL941,MCF7,C4194,C1134719
hydroxyurea,CHEMBL467,Sorafenib,CHEMBL1336,MCF7,C4194,C1134719
Dasatinib,CHEMBL1421,Pralatrexate,CHEMBL1201746,MCF7,C4194,C1134719
anastrozole,CHEMBL1399,Vorinostat,CHEMBL98,HT29,C4349,C0338106
letrozole,CHEMBL1444,Romidepsin,CHEMBL343448,HT29,C4349,C0338106
celecoxib,CHEMBL118,busulfan,CHEMBL820,MCF7,C4194,C1134719
Gefitinib,CHEMBL939,6-Thioguanine,CHEMBL727,HT29,C4349,C0338106
busulfan,CHEMBL820,IMIQUIMOD,CHEMBL1282,HT29,C4349,C0338106
raloxifene,CHEMBL81,allopurinol,CHEMBL1467,MCF7,C4194,C1134719
hydroxyurea,CHEMBL467,busulfan,CHEMBL820,HT29,C4349,C0338106
temozolomide,CHEMBL810,thalidomide,CHEMBL468,MCF7,C4194,C1134719
letrozole,CHEMBL1444,Vorinostat,CHEMBL98,MCF7,C4194,C1134719
Dasatinib,CHEMBL1421,Bortezomib,CHEMBL325041,MCF7,C4194,C1134719
temozolomide,CHEMBL810,anastrozole,CHEMBL1399,MCF7,C4194,C1134719
hydroxyurea,CHEMBL467,IMIQUIMOD,CHEMBL1282,MCF7,C4194,C1134719
anastrozole,CHEMBL1399,7-Ethyl-10-hydroxycamptothecin,CHEMBL837,MCF7,C4194,C1134719
Imatinib,CHEMBL941,Romidepsin,CHEMBL343448,HT29,C4349,C0338106
Romidepsin,CHEMBL343448,Dasatinib,CHEMBL1421,MCF7,C4194,C1134719
letrozole,CHEMBL1444,methoxsalen,CHEMBL416,MCF7,C4194,C1134719
Imatinib,CHEMBL941,anastrozole,CHEMBL1399,MCF7,C4194,C1134719
Lapatinib,CHEMBL554,hydroxyurea,CHEMBL467,HT29,C4349,C0338106
mitoxantrone,CHEMBL58,Dasatinib,CHEMBL1421,MCF7,C4194,C1134719
7-Ethyl-10-hydroxycamptothecin,CHEMBL837,allopurinol,CHEMBL1467,HT29,C4349,C0338106
Nilotinib,CHEMBL255863,Dasatinib,CHEMBL1421,HT29,C4349,C0338106
raloxifene,CHEMBL81,IMIQUIMOD,CHEMBL1282,MCF7,C4194,C1134719
busulfan,CHEMBL820,allopurinol,CHEMBL1467,HT29,C4349,C0338106
Dasatinib,CHEMBL1421,Sunitinib,CHEMBL535,A549,C3512,C0152013
Romidepsin,CHEMBL343448,Bortezomib,CHEMBL325041,MCF7,C4194,C1134719
Imatinib,CHEMBL941,IMIQUIMOD,CHEMBL1282,MCF7,C4194,C1134719
raloxifene,CHEMBL81,chlorambucil,CHEMBL515,MCF7,C4194,C1134719
Sorafenib,CHEMBL1336,thalidomide,CHEMBL468,MCF7,C4194,C1134719
temozolomide,CHEMBL810,Lapatinib,CHEMBL554,HT29,C4349,C0338106
Lapatinib,CHEMBL554,IMIQUIMOD,CHEMBL1282,MCF7,C4194,C1134719
Nilotinib,CHEMBL255863,ifosfamide,CHEMBL1024,HT29,C4349,C0338106
celecoxib,CHEMBL118,ifosfamide,CHEMBL1024,MCF7,C4194,C1134719
raloxifene,CHEMBL81,Pralatrexate,CHEMBL1201746,HT29,C4349,C0338106
temozolomide,CHEMBL810,Imatinib,CHEMBL941,MCF7,C4194,C1134719
celecoxib,CHEMBL118,Nilotinib,CHEMBL255863,HT29,C4349,C0338106
celecoxib,CHEMBL118,Pralatrexate,CHEMBL1201746,MCF7,C4194,C1134719
celecoxib,CHEMBL118,IMIQUIMOD,CHEMBL1282,MCF7,C4194,C1134719
Lapatinib,CHEMBL554,ifosfamide,CHEMBL1024,MCF7,C4194,C1134719
Dasatinib,CHEMBL1421,anastrozole,CHEMBL1399,MCF7,C4194,C1134719
Imatinib,CHEMBL941,Vorinostat,CHEMBL98,HT29,C4349,C0338106
thalidomide,CHEMBL468,ifosfamide,CHEMBL1024,MCF7,C4194,C1134719
celecoxib,CHEMBL118,Lapatinib,CHEMBL554,HT29,C4349,C0338106
Lapatinib,CHEMBL554,busulfan,CHEMBL820,HT29,C4349,C0338106
Dasatinib,CHEMBL1421,methoxsalen,CHEMBL416,HT29,C4349,C0338106
Sunitinib,CHEMBL535,ifosfamide,CHEMBL1024,HT29,C4349,C0338106
celecoxib,CHEMBL118,Nilotinib,CHEMBL255863,MCF7,C4194,C1134719
celecoxib,CHEMBL118,hydroxyurea,CHEMBL467,HT29,C4349,C0338106
Dasatinib,CHEMBL1421,Ixabepilone,CHEMBL1201752,HT29,C4349,C0338106
letrozole,CHEMBL1444,Lapatinib,CHEMBL554,HT29,C4349,C0338106
letrozole,CHEMBL1444,celecoxib,CHEMBL118,MCF7,C4194,C1134719
Romidepsin,CHEMBL343448,Lapatinib,CHEMBL554,MCF7,C4194,C1134719
letrozole,CHEMBL1444,Sorafenib,CHEMBL1336,HT29,C4349,C0338106
Sorafenib,CHEMBL1336,Bortezomib,CHEMBL325041,MCF7,C4194,C1134719
Imatinib,CHEMBL941,allopurinol,CHEMBL1467,MCF7,C4194,C1134719
celecoxib,CHEMBL118,allopurinol,CHEMBL1467,MCF7,C4194,C1134719
temozolomide,CHEMBL810,6-Mercaptopurine,CHEMBL1425,HT29,C4349,C0338106
Romidepsin,CHEMBL343448,Vorinostat,CHEMBL98,HT29,C4349,C0338106
mitoxantrone,CHEMBL58,Dasatinib,CHEMBL1421,HT29,C4349,C0338106
Dasatinib,CHEMBL1421,Lapatinib,CHEMBL554,HT29,C4349,C0338106
allopurinol,CHEMBL1467,Ixabepilone,CHEMBL1201752,MCF7,C4194,C1134719
Dasatinib,CHEMBL1421,6-Mercaptopurine,CHEMBL1425,MCF7,C4194,C1134719
raloxifene,CHEMBL81,Vemurafenib,CHEMBL1229517,HT29,C4349,C0338106
celecoxib,CHEMBL118,Romidepsin,CHEMBL343448,HT29,C4349,C0338106
Vorinostat,CHEMBL98,Dasatinib,CHEMBL1421,A549,C3512,C0152013
6-Mercaptopurine,CHEMBL1425,IMIQUIMOD,CHEMBL1282,MCF7,C4194,C1134719
raloxifene,CHEMBL81,Gefitinib,CHEMBL939,HT29,C4349,C0338106
Nilotinib,CHEMBL255863,methoxsalen,CHEMBL416,MCF7,C4194,C1134719
Vorinostat,CHEMBL98,busulfan,CHEMBL820,MCF7,C4194,C1134719
raloxifene,CHEMBL81,temozolomide,CHEMBL810,HT29,C4349,C0338106
6-Mercaptopurine,CHEMBL1425,ifosfamide,CHEMBL1024,HT29,C4349,C0338106
Imatinib,CHEMBL941,thalidomide,CHEMBL468,MCF7,C4194,C1134719
Nilotinib,CHEMBL255863,anastrozole,CHEMBL1399,HT29,C4349,C0338106
raloxifene,CHEMBL81,temozolomide,CHEMBL810,MCF7,C4194,C1134719
Lenalidomide,CHEMBL848,Dasatinib,CHEMBL1421,MCF7,C4194,C1134719
Vorinostat,CHEMBL98,thalidomide,CHEMBL468,HT29,C4349,C0338106
Romidepsin,CHEMBL343448,thalidomide,CHEMBL468,HT29,C4349,C0338106
raloxifene,CHEMBL81,Ixabepilone,CHEMBL1201752,HT29,C4349,C0338106
Lapatinib,CHEMBL554,ifosfamide,CHEMBL1024,HT29,C4349,C0338106
hydroxyurea,CHEMBL467,Bortezomib,CHEMBL325041,HT29,C4349,C0338106
chlorambucil,CHEMBL515,6-Thioguanine,CHEMBL727,HT29,C4349,C0338106
Pralatrexate,CHEMBL1201746,IMIQUIMOD,CHEMBL1282,MCF7,C4194,C1134719
celecoxib,CHEMBL118,IMIQUIMOD,CHEMBL1282,HT29,C4349,C0338106
Sorafenib,CHEMBL1336,ifosfamide,CHEMBL1024,HT29,C4349,C0338106
letrozole,CHEMBL1444,Lapatinib,CHEMBL554,MCF7,C4194,C1134719
Sunitinib,CHEMBL535,Sorafenib,CHEMBL1336,A549,C3512,C0152013
anastrozole,CHEMBL1399,Ixabepilone,CHEMBL1201752,MCF7,C4194,C1134719
letrozole,CHEMBL1444,Sorafenib,CHEMBL1336,MCF7,C4194,C1134719
anastrozole,CHEMBL1399,6-Mercaptopurine,CHEMBL1425,HT29,C4349,C0338106
altretamine,CHEMBL1455,6-Thioguanine,CHEMBL727,HT29,C4349,C0338106
7-Ethyl-10-hydroxycamptothecin,CHEMBL837,Lapatinib,CHEMBL554,MCF7,C4194,C1134719
hydroxyurea,CHEMBL467,allopurinol,CHEMBL1467,MCF7,C4194,C1134719
raloxifene,CHEMBL81,Crizotinib,CHEMBL601719,HT29,C4349,C0338106
Nilotinib,CHEMBL255863,allopurinol,CHEMBL1467,MCF7,C4194,C1134719
Imatinib,CHEMBL941,Dasatinib,CHEMBL1421,A549,C3512,C0152013
Sunitinib,CHEMBL535,Sorafenib,CHEMBL1336,MCF7,C4194,C1134719
7-Ethyl-10-hydroxycamptothecin,CHEMBL837,hydroxyurea,CHEMBL467,MCF7,C4194,C1134719
raloxifene,CHEMBL81,Vismodegib,CHEMBL473417,MCF7,C4194,C1134719
celecoxib,CHEMBL118,Imatinib,CHEMBL941,HT29,C4349,C0338106
Sunitinib,CHEMBL535,anastrozole,CHEMBL1399,MCF7,C4194,C1134719
celecoxib,CHEMBL118,Imatinib,CHEMBL941,MCF7,C4194,C1134719
Dasatinib,CHEMBL1421,Bortezomib,CHEMBL325041,HT29,C4349,C0338106
6-Mercaptopurine,CHEMBL1425,methoxsalen,CHEMBL416,HT29,C4349,C0338106
raloxifene,CHEMBL81,Sorafenib,CHEMBL1336,HT29,C4349,C0338106
Sunitinib,CHEMBL535,hydroxyurea,CHEMBL467,HT29,C4349,C0338106
ifosfamide,CHEMBL1024,IMIQUIMOD,CHEMBL1282,HT29,C4349,C0338106
Lapatinib,CHEMBL554,Sorafenib,CHEMBL1336,MCF7,C4194,C1134719
Nilotinib,CHEMBL255863,Lapatinib,CHEMBL554,A549,C3512,C0152013
Romidepsin,CHEMBL343448,Sunitinib,CHEMBL535,HT29,C4349,C0338106
Dasatinib,CHEMBL1421,ifosfamide,CHEMBL1024,HT29,C4349,C0338106
hydroxyurea,CHEMBL467,busulfan,CHEMBL820,MCF7,C4194,C1134719
Sunitinib,CHEMBL535,6-Mercaptopurine,CHEMBL1425,MCF7,C4194,C1134719
anastrozole,CHEMBL1399,IMIQUIMOD,CHEMBL1282,HT29,C4349,C0338106
Lapatinib,CHEMBL554,Pralatrexate,CHEMBL1201746,MCF7,C4194,C1134719
raloxifene,CHEMBL81,celecoxib,CHEMBL118,HT29,C4349,C0338106
letrozole,CHEMBL1444,busulfan,CHEMBL820,HT29,C4349,C0338106
Lenalidomide,CHEMBL848,6-Thioguanine,CHEMBL727,HT29,C4349,C0338106
temozolomide,CHEMBL810,Bortezomib,CHEMBL325041,MCF7,C4194,C1134719
raloxifene,CHEMBL81,mitoxantrone,CHEMBL58,MCF7,C4194,C1134719
7-Ethyl-10-hydroxycamptothecin,CHEMBL837,Dasatinib,CHEMBL1421,HT29,C4349,C0338106
temozolomide,CHEMBL810,hydroxyurea,CHEMBL467,MCF7,C4194,C1134719
anastrozole,CHEMBL1399,methoxsalen,CHEMBL416,MCF7,C4194,C1134719
thalidomide,CHEMBL468,IMIQUIMOD,CHEMBL1282,MCF7,C4194,C1134719
anastrozole,CHEMBL1399,methoxsalen,CHEMBL416,HT29,C4349,C0338106
busulfan,CHEMBL820,ifosfamide,CHEMBL1024,HT29,C4349,C0338106
Dasatinib,CHEMBL1421,Sorafenib,CHEMBL1336,A549,C3512,C0152013
hydroxyurea,CHEMBL467,methoxsalen,CHEMBL416,HT29,C4349,C0338106
6-Mercaptopurine,CHEMBL1425,Ixabepilone,CHEMBL1201752,HT29,C4349,C0338106
Dasatinib,CHEMBL1421,thalidomide,CHEMBL468,MCF7,C4194,C1134719
letrozole,CHEMBL1444,temozolomide,CHEMBL810,HT29,C4349,C0338106
Sunitinib,CHEMBL535,hydroxyurea,CHEMBL467,MCF7,C4194,C1134719
Lapatinib,CHEMBL554,Sunitinib,CHEMBL535,HT29,C4349,C0338106
Imatinib,CHEMBL941,Dasatinib,CHEMBL1421,HT29,C4349,C0338106
Romidepsin,CHEMBL343448,Bortezomib,CHEMBL325041,HT29,C4349,C0338106
hydroxyurea,CHEMBL467,anastrozole,CHEMBL1399,MCF7,C4194,C1134719
letrozole,CHEMBL1444,hydroxyurea,CHEMBL467,MCF7,C4194,C1134719
thalidomide,CHEMBL468,Ixabepilone,CHEMBL1201752,MCF7,C4194,C1134719
temozolomide,CHEMBL810,Pralatrexate,CHEMBL1201746,MCF7,C4194,C1134719
chlorambucil,CHEMBL515,Dasatinib,CHEMBL1421,HT29,C4349,C0338106
letrozole,CHEMBL1444,Pralatrexate,CHEMBL1201746,MCF7,C4194,C1134719
methoxsalen,CHEMBL416,Bortezomib,CHEMBL325041,MCF7,C4194,C1134719
5-Fluorouracil,CHEMBL185,Dasatinib,CHEMBL1421,MCF7,C4194,C1134719
Lapatinib,CHEMBL554,allopurinol,CHEMBL1467,HT29,C4349,C0338106
letrozole,CHEMBL1444,ifosfamide,CHEMBL1024,HT29,C4349,C0338106
letrozole,CHEMBL1444,6-Mercaptopurine,CHEMBL1425,HT29,C4349,C0338106
Vorinostat,CHEMBL98,Pralatrexate,CHEMBL1201746,MCF7,C4194,C1134719
busulfan,CHEMBL820,anastrozole,CHEMBL1399,HT29,C4349,C0338106
raloxifene,CHEMBL81,Vorinostat,CHEMBL98,MCF7,C4194,C1134719
temozolomide,CHEMBL810,methoxsalen,CHEMBL416,HT29,C4349,C0338106
7-Ethyl-10-hydroxycamptothecin,CHEMBL837,Sorafenib,CHEMBL1336,HT29,C4349,C0338106
Romidepsin,CHEMBL343448,Pralatrexate,CHEMBL1201746,HT29,C4349,C0338106
raloxifene,CHEMBL81,Lenalidomide,CHEMBL848,MCF7,C4194,C1134719
Imatinib,CHEMBL941,Sorafenib,CHEMBL1336,HT29,C4349,C0338106
celecoxib,CHEMBL118,temozolomide,CHEMBL810,HT29,C4349,C0338106
Romidepsin,CHEMBL343448,Vorinostat,CHEMBL98,MCF7,C4194,C1134719
busulfan,CHEMBL820,anastrozole,CHEMBL1399,MCF7,C4194,C1134719
Sunitinib,CHEMBL535,Bortezomib,CHEMBL325041,HT29,C4349,C0338106
Lapatinib,CHEMBL554,6-Mercaptopurine,CHEMBL1425,HT29,C4349,C0338106
raloxifene,CHEMBL81,Vandetanib,CHEMBL24828,MCF7,C4194,C1134719
Sunitinib,CHEMBL535,Pralatrexate,CHEMBL1201746,HT29,C4349,C0338106
Imatinib,CHEMBL941,Vorinostat,CHEMBL98,A549,C3512,C0152013
Sorafenib,CHEMBL1336,Ixabepilone,CHEMBL1201752,HT29,C4349,C0338106
Sunitinib,CHEMBL535,allopurinol,CHEMBL1467,MCF7,C4194,C1134719
raloxifene,CHEMBL81,anastrozole,CHEMBL1399,MCF7,C4194,C1134719
raloxifene,CHEMBL81,Bortezomib,CHEMBL325041,HT29,C4349,C0338106
6-Mercaptopurine,CHEMBL1425,ifosfamide,CHEMBL1024,MCF7,C4194,C1134719
hydroxyurea,CHEMBL467,anastrozole,CHEMBL1399,HT29,C4349,C0338106
hydroxyurea,CHEMBL467,ifosfamide,CHEMBL1024,HT29,C4349,C0338106
Lapatinib,CHEMBL554,Bortezomib,CHEMBL325041,MCF7,C4194,C1134719
hydroxyurea,CHEMBL467,IMIQUIMOD,CHEMBL1282,HT29,C4349,C0338106
raloxifene,CHEMBL81,Gefitinib,CHEMBL939,MCF7,C4194,C1134719
raloxifene,CHEMBL81,letrozole,CHEMBL1444,MCF7,C4194,C1134719
Imatinib,CHEMBL941,busulfan,CHEMBL820,MCF7,C4194,C1134719
Lapatinib,CHEMBL554,allopurinol,CHEMBL1467,MCF7,C4194,C1134719
busulfan,CHEMBL820,thalidomide,CHEMBL468,HT29,C4349,C0338106
raloxifene,CHEMBL81,methoxsalen,CHEMBL416,HT29,C4349,C0338106
Imatinib,CHEMBL941,IMIQUIMOD,CHEMBL1282,HT29,C4349,C0338106
Lapatinib,CHEMBL554,Ixabepilone,CHEMBL1201752,HT29,C4349,C0338106
Vorinostat,CHEMBL98,busulfan,CHEMBL820,HT29,C4349,C0338106
Sorafenib,CHEMBL1336,anastrozole,CHEMBL1399,MCF7,C4194,C1134719
Nilotinib,CHEMBL255863,Pralatrexate,CHEMBL1201746,HT29,C4349,C0338106
temozolomide,CHEMBL810,hydroxyurea,CHEMBL467,HT29,C4349,C0338106
Nilotinib,CHEMBL255863,Romidepsin,CHEMBL343448,HT29,C4349,C0338106
busulfan,CHEMBL820,methoxsalen,CHEMBL416,HT29,C4349,C0338106
temozolomide,CHEMBL810,Ixabepilone,CHEMBL1201752,MCF7,C4194,C1134719
Pralatrexate,CHEMBL1201746,methoxsalen,CHEMBL416,MCF7,C4194,C1134719
Sorafenib,CHEMBL1336,IMIQUIMOD,CHEMBL1282,HT29,C4349,C0338106
Nilotinib,CHEMBL255863,IMIQUIMOD,CHEMBL1282,HT29,C4349,C0338106
anastrozole,CHEMBL1399,IMIQUIMOD,CHEMBL1282,MCF7,C4194,C1134719
7-Ethyl-10-hydroxycamptothecin,CHEMBL837,Lapatinib,CHEMBL554,HT29,C4349,C0338106
methoxsalen,CHEMBL416,IMIQUIMOD,CHEMBL1282,MCF7,C4194,C1134719
celecoxib,CHEMBL118,Bortezomib,CHEMBL325041,HT29,C4349,C0338106
Romidepsin,CHEMBL343448,hydroxyurea,CHEMBL467,MCF7,C4194,C1134719
Dasatinib,CHEMBL1421,Pralatrexate,CHEMBL1201746,HT29,C4349,C0338106
Pralatrexate,CHEMBL1201746,Bortezomib,CHEMBL325041,HT29,C4349,C0338106
Imatinib,CHEMBL941,Sorafenib,CHEMBL1336,A549,C3512,C0152013
letrozole,CHEMBL1444,hydroxyurea,CHEMBL467,HT29,C4349,C0338106
temozolomide,CHEMBL810,allopurinol,CHEMBL1467,HT29,C4349,C0338106
Nilotinib,CHEMBL255863,Dasatinib,CHEMBL1421,MCF7,C4194,C1134719
Sunitinib,CHEMBL535,Pralatrexate,CHEMBL1201746,MCF7,C4194,C1134719
Vorinostat,CHEMBL98,thalidomide,CHEMBL468,MCF7,C4194,C1134719
temozolomide,CHEMBL810,ifosfamide,CHEMBL1024,HT29,C4349,C0338106
Nilotinib,CHEMBL255863,thalidomide,CHEMBL468,HT29,C4349,C0338106
letrozole,CHEMBL1444,Nilotinib,CHEMBL255863,HT29,C4349,C0338106
Dasatinib,CHEMBL1421,ifosfamide,CHEMBL1024,MCF7,C4194,C1134719
Imatinib,CHEMBL941,Nilotinib,CHEMBL255863,A549,C3512,C0152013
Lapatinib,CHEMBL554,IMIQUIMOD,CHEMBL1282,HT29,C4349,C0338106
allopurinol,CHEMBL1467,methoxsalen,CHEMBL416,HT29,C4349,C0338106
Nilotinib,CHEMBL255863,Sorafenib,CHEMBL1336,MCF7,C4194,C1134719
Pralatrexate,CHEMBL1201746,thalidomide,CHEMBL468,HT29,C4349,C0338106
letrozole,CHEMBL1444,temozolomide,CHEMBL810,MCF7,C4194,C1134719
celecoxib,CHEMBL118,6-Mercaptopurine,CHEMBL1425,MCF7,C4194,C1134719
chlorambucil,CHEMBL515,Dasatinib,CHEMBL1421,MCF7,C4194,C1134719
Imatinib,CHEMBL941,methoxsalen,CHEMBL416,MCF7,C4194,C1134719
raloxifene,CHEMBL81,Ixabepilone,CHEMBL1201752,MCF7,C4194,C1134719
Vorinostat,CHEMBL98,Ixabepilone,CHEMBL1201752,HT29,C4349,C0338106
allopurinol,CHEMBL1467,thalidomide,CHEMBL468,MCF7,C4194,C1134719
Dasatinib,CHEMBL1421,IMIQUIMOD,CHEMBL1282,MCF7,C4194,C1134719
Sorafenib,CHEMBL1336,allopurinol,CHEMBL1467,MCF7,C4194,C1134719
Sunitinib,CHEMBL535,methoxsalen,CHEMBL416,MCF7,C4194,C1134719
Imatinib,CHEMBL941,allopurinol,CHEMBL1467,HT29,C4349,C0338106
raloxifene,CHEMBL81,Sunitinib,CHEMBL535,MCF7,C4194,C1134719
raloxifene,CHEMBL81,Crizotinib,CHEMBL601719,MCF7,C4194,C1134719
Lapatinib,CHEMBL554,thalidomide,CHEMBL468,HT29,C4349,C0338106
mitoxantrone,CHEMBL58,6-Thioguanine,CHEMBL727,MCF7,C4194,C1134719
Lapatinib,CHEMBL554,hydroxyurea,CHEMBL467,MCF7,C4194,C1134719
Gefitinib,CHEMBL939,Dasatinib,CHEMBL1421,A549,C3512,C0152013
letrozole,CHEMBL1444,anastrozole,CHEMBL1399,MCF7,C4194,C1134719
Sunitinib,CHEMBL535,thalidomide,CHEMBL468,HT29,C4349,C0338106
Imatinib,CHEMBL941,Lapatinib,CHEMBL554,HT29,C4349,C0338106
6-Mercaptopurine,CHEMBL1425,allopurinol,CHEMBL1467,MCF7,C4194,C1134719
celecoxib,CHEMBL118,Sorafenib,CHEMBL1336,MCF7,C4194,C1134719
Vorinostat,CHEMBL98,Ixabepilone,CHEMBL1201752,MCF7,C4194,C1134719
Vorinostat,CHEMBL98,methoxsalen,CHEMBL416,MCF7,C4194,C1134719
busulfan,CHEMBL820,allopurinol,CHEMBL1467,MCF7,C4194,C1134719
temozolomide,CHEMBL810,IMIQUIMOD,CHEMBL1282,HT29,C4349,C0338106
anastrozole,CHEMBL1399,allopurinol,CHEMBL1467,HT29,C4349,C0338106
celecoxib,CHEMBL118,Sunitinib,CHEMBL535,HT29,C4349,C0338106
Vorinostat,CHEMBL98,IMIQUIMOD,CHEMBL1282,HT29,C4349,C0338106
letrozole,CHEMBL1444,Ixabepilone,CHEMBL1201752,HT29,C4349,C0338106
raloxifene,CHEMBL81,anastrozole,CHEMBL1399,HT29,C4349,C0338106
Ixabepilone,CHEMBL1201752,Bortezomib,CHEMBL325041,MCF7,C4194,C1134719
Gefitinib,CHEMBL939,Dasatinib,CHEMBL1421,MCF7,C4194,C1134719
celecoxib,CHEMBL118,thalidomide,CHEMBL468,MCF7,C4194,C1134719
Sorafenib,CHEMBL1336,Ixabepilone,CHEMBL1201752,MCF7,C4194,C1134719
Nilotinib,CHEMBL255863,Sorafenib,CHEMBL1336,HT29,C4349,C0338106
hydroxyurea,CHEMBL467,6-Mercaptopurine,CHEMBL1425,MCF7,C4194,C1134719
celecoxib,CHEMBL118,Ixabepilone,CHEMBL1201752,MCF7,C4194,C1134719
Imatinib,CHEMBL941,anastrozole,CHEMBL1399,HT29,C4349,C0338106
7-Ethyl-10-hydroxycamptothecin,CHEMBL837,busulfan,CHEMBL820,HT29,C4349,C0338106
celecoxib,CHEMBL118,7-Ethyl-10-hydroxycamptothecin,CHEMBL837,HT29,C4349,C0338106
Sorafenib,CHEMBL1336,busulfan,CHEMBL820,MCF7,C4194,C1134719
Romidepsin,CHEMBL343448,busulfan,CHEMBL820,MCF7,C4194,C1134719
Romidepsin,CHEMBL343448,anastrozole,CHEMBL1399,HT29,C4349,C0338106
Vorinostat,CHEMBL98,Sunitinib,CHEMBL535,A549,C3512,C0152013
temozolomide,CHEMBL810,IMIQUIMOD,CHEMBL1282,MCF7,C4194,C1134719
busulfan,CHEMBL820,Bortezomib,CHEMBL325041,HT29,C4349,C0338106
anastrozole,CHEMBL1399,Nilotinib,CHEMBL255863,MCF7,C4194,C1134719
7-Ethyl-10-hydroxycamptothecin,CHEMBL837,IMIQUIMOD,CHEMBL1282,MCF7,C4194,C1134719
Lapatinib,CHEMBL554,busulfan,CHEMBL820,MCF7,C4194,C1134719
Romidepsin,CHEMBL343448,IMIQUIMOD,CHEMBL1282,HT29,C4349,C0338106
thalidomide,CHEMBL468,Bortezomib,CHEMBL325041,MCF7,C4194,C1134719
Dasatinib,CHEMBL1421,Sorafenib,CHEMBL1336,HT29,C4349,C0338106
temozolomide,CHEMBL810,Imatinib,CHEMBL941,HT29,C4349,C0338106
letrozole,CHEMBL1444,Romidepsin,CHEMBL343448,MCF7,C4194,C1134719
anastrozole,CHEMBL1399,thalidomide,CHEMBL468,HT29,C4349,C0338106
Sorafenib,CHEMBL1336,anastrozole,CHEMBL1399,HT29,C4349,C0338106
Vorinostat,CHEMBL98,allopurinol,CHEMBL1467,MCF7,C4194,C1134719
hydroxyurea,CHEMBL467,6-Mercaptopurine,CHEMBL1425,HT29,C4349,C0338106
thalidomide,CHEMBL468,ifosfamide,CHEMBL1024,HT29,C4349,C0338106
anastrozole,CHEMBL1399,6-Mercaptopurine,CHEMBL1425,MCF7,C4194,C1134719
celecoxib,CHEMBL118,Lapatinib,CHEMBL554,MCF7,C4194,C1134719
raloxifene,CHEMBL81,Nilotinib,CHEMBL255863,MCF7,C4194,C1134719
temozolomide,CHEMBL810,anastrozole,CHEMBL1399,HT29,C4349,C0338106
Sorafenib,CHEMBL1336,methoxsalen,CHEMBL416,HT29,C4349,C0338106
Vorinostat,CHEMBL98,methoxsalen,CHEMBL416,HT29,C4349,C0338106
raloxifene,CHEMBL81,Romidepsin,CHEMBL343448,HT29,C4349,C0338106
temozolomide,CHEMBL810,Vorinostat,CHEMBL98,MCF7,C4194,C1134719
raloxifene,CHEMBL81,Vismodegib,CHEMBL473417,HT29,C4349,C0338106
temozolomide,CHEMBL810,Sorafenib,CHEMBL1336,MCF7,C4194,C1134719
Sorafenib,CHEMBL1336,IMIQUIMOD,CHEMBL1282,MCF7,C4194,C1134719
busulfan,CHEMBL820,IMIQUIMOD,CHEMBL1282,MCF7,C4194,C1134719
5-Fluorouracil,CHEMBL185,6-Thioguanine,CHEMBL727,MCF7,C4194,C1134719
Vorinostat,CHEMBL98,Sorafenib,CHEMBL1336,A549,C3512,C0152013
celecoxib,CHEMBL118,anastrozole,CHEMBL1399,HT29,C4349,C0338106
7-Ethyl-10-hydroxycamptothecin,CHEMBL837,ifosfamide,CHEMBL1024,MCF7,C4194,C1134719
letrozole,CHEMBL1444,6-Mercaptopurine,CHEMBL1425,MCF7,C4194,C1134719
mitoxantrone,CHEMBL58,Dasatinib,CHEMBL1421,A549,C3512,C0152013
Nilotinib,CHEMBL255863,7-Ethyl-10-hydroxycamptothecin,CHEMBL837,HT29,C4349,C0338106
7-Ethyl-10-hydroxycamptothecin,CHEMBL837,thalidomide,CHEMBL468,MCF7,C4194,C1134719
Romidepsin,CHEMBL343448,methoxsalen,CHEMBL416,HT29,C4349,C0338106
Dasatinib,CHEMBL1421,Lapatinib,CHEMBL554,MCF7,C4194,C1134719
letrozole,CHEMBL1444,thalidomide,CHEMBL468,HT29,C4349,C0338106
temozolomide,CHEMBL810,6-Mercaptopurine,CHEMBL1425,MCF7,C4194,C1134719
celecoxib,CHEMBL118,allopurinol,CHEMBL1467,HT29,C4349,C0338106
Romidepsin,CHEMBL343448,Ixabepilone,CHEMBL1201752,HT29,C4349,C0338106
raloxifene,CHEMBL81,5-Fluorouracil,CHEMBL185,HT29,C4349,C0338106
Sorafenib,CHEMBL1336,allopurinol,CHEMBL1467,HT29,C4349,C0338106
6-Mercaptopurine,CHEMBL1425,busulfan,CHEMBL820,MCF7,C4194,C1134719
raloxifene,CHEMBL81,thalidomide,CHEMBL468,MCF7,C4194,C1134719
thalidomide,CHEMBL468,Ixabepilone,CHEMBL1201752,HT29,C4349,C0338106
busulfan,CHEMBL820,ifosfamide,CHEMBL1024,MCF7,C4194,C1134719
7-Ethyl-10-hydroxycamptothecin,CHEMBL837,anastrozole,CHEMBL1399,HT29,C4349,C0338106
Ixabepilone,CHEMBL1201752,Bortezomib,CHEMBL325041,HT29,C4349,C0338106
Nilotinib,CHEMBL255863,thalidomide,CHEMBL468,MCF7,C4194,C1134719
Vorinostat,CHEMBL98,Dasatinib,CHEMBL1421,HT29,C4349,C0338106
anastrozole,CHEMBL1399,Romidepsin,CHEMBL343448,MCF7,C4194,C1134719
methoxsalen,CHEMBL416,IMIQUIMOD,CHEMBL1282,HT29,C4349,C0338106
Imatinib,CHEMBL941,Nilotinib,CHEMBL255863,MCF7,C4194,C1134719
raloxifene,CHEMBL81,thalidomide,CHEMBL468,HT29,C4349,C0338106
raloxifene,CHEMBL81,allopurinol,CHEMBL1467,HT29,C4349,C0338106
Romidepsin,CHEMBL343448,busulfan,CHEMBL820,HT29,C4349,C0338106
Lapatinib,CHEMBL554,thalidomide,CHEMBL468,MCF7,C4194,C1134719
Lapatinib,CHEMBL554,Sunitinib,CHEMBL535,A549,C3512,C0152013
Sorafenib,CHEMBL1336,ifosfamide,CHEMBL1024,MCF7,C4194,C1134719
raloxifene,CHEMBL81,Bortezomib,CHEMBL325041,MCF7,C4194,C1134719
raloxifene,CHEMBL81,6-Thioguanine,CHEMBL727,MCF7,C4194,C1134719
Lapatinib,CHEMBL554,anastrozole,CHEMBL1399,MCF7,C4194,C1134719
Sorafenib,CHEMBL1336,Pralatrexate,CHEMBL1201746,MCF7,C4194,C1134719
Dasatinib,CHEMBL1421,Lapatinib,CHEMBL554,A549,C3512,C0152013
temozolomide,CHEMBL810,thalidomide,CHEMBL468,HT29,C4349,C0338106
Romidepsin,CHEMBL343448,7-Ethyl-10-hydroxycamptothecin,CHEMBL837,HT29,C4349,C0338106
temozolomide,CHEMBL810,Sorafenib,CHEMBL1336,HT29,C4349,C0338106
Nilotinib,CHEMBL255863,Sorafenib,CHEMBL1336,A549,C3512,C0152013
Imatinib,CHEMBL941,Vorinostat,CHEMBL98,MCF7,C4194,C1134719
temozolomide,CHEMBL810,7-Ethyl-10-hydroxycamptothecin,CHEMBL837,HT29,C4349,C0338106
Romidepsin,CHEMBL343448,Sorafenib,CHEMBL1336,HT29,C4349,C0338106
letrozole,CHEMBL1444,Sunitinib,CHEMBL535,HT29,C4349,C0338106
temozolomide,CHEMBL810,Sunitinib,CHEMBL535,HT29,C4349,C0338106
raloxifene,CHEMBL81,Dasatinib,CHEMBL1421,MCF7,C4194,C1134719
allopurinol,CHEMBL1467,Ixabepilone,CHEMBL1201752,HT29,C4349,C0338106
Imatinib,CHEMBL941,methoxsalen,CHEMBL416,HT29,C4349,C0338106
anastrozole,CHEMBL1399,allopurinol,CHEMBL1467,MCF7,C4194,C1134719
Dasatinib,CHEMBL1421,anastrozole,CHEMBL1399,HT29,C4349,C0338106
Sunitinib,CHEMBL535,anastrozole,CHEMBL1399,HT29,C4349,C0338106
6-Mercaptopurine,CHEMBL1425,busulfan,CHEMBL820,HT29,C4349,C0338106
Imatinib,CHEMBL941,Dasatinib,CHEMBL1421,MCF7,C4194,C1134719
raloxifene,CHEMBL81,Vandetanib,CHEMBL24828,HT29,C4349,C0338106
Dasatinib,CHEMBL1421,allopurinol,CHEMBL1467,MCF7,C4194,C1134719
raloxifene,CHEMBL81,busulfan,CHEMBL820,MCF7,C4194,C1134719
Nilotinib,CHEMBL255863,allopurinol,CHEMBL1467,HT29,C4349,C0338106
ifosfamide,CHEMBL1024,Ixabepilone,CHEMBL1201752,MCF7,C4194,C1134719
anastrozole,CHEMBL1399,thalidomide,CHEMBL468,MCF7,C4194,C1134719
Imatinib,CHEMBL941,ifosfamide,CHEMBL1024,HT29,C4349,C0338106
Dasatinib,CHEMBL1421,Ixabepilone,CHEMBL1201752,MCF7,C4194,C1134719
Imatinib,CHEMBL941,6-Mercaptopurine,CHEMBL1425,MCF7,C4194,C1134719
celecoxib,CHEMBL118,Romidepsin,CHEMBL343448,MCF7,C4194,C1134719
celecoxib,CHEMBL118,temozolomide,CHEMBL810,MCF7,C4194,C1134719
Imatinib,CHEMBL941,7-Ethyl-10-hydroxycamptothecin,CHEMBL837,HT29,C4349,C0338106
anastrozole,CHEMBL1399,ifosfamide,CHEMBL1024,HT29,C4349,C0338106
raloxifene,CHEMBL81,Nilotinib,CHEMBL255863,HT29,C4349,C0338106
thalidomide,CHEMBL468,methoxsalen,CHEMBL416,MCF7,C4194,C1134719
Imatinib,CHEMBL941,Bortezomib,CHEMBL325041,HT29,C4349,C0338106
Gefitinib,CHEMBL939,Dasatinib,CHEMBL1421,HT29,C4349,C0338106
7-Ethyl-10-hydroxycamptothecin,CHEMBL837,6-Mercaptopurine,CHEMBL1425,MCF7,C4194,C1134719
letrozole,CHEMBL1444,Ixabepilone,CHEMBL1201752,MCF7,C4194,C1134719
Nilotinib,CHEMBL255863,Romidepsin,CHEMBL343448,MCF7,C4194,C1134719
Imatinib,CHEMBL941,Romidepsin,CHEMBL343448,MCF7,C4194,C1134719
7-Ethyl-10-hydroxycamptothecin,CHEMBL837,busulfan,CHEMBL820,MCF7,C4194,C1134719
Sunitinib,CHEMBL535,Ixabepilone,CHEMBL1201752,MCF7,C4194,C1134719
Lapatinib,CHEMBL554,Sorafenib,CHEMBL1336,HT29,C4349,C0338106
Vorinostat,CHEMBL98,IMIQUIMOD,CHEMBL1282,MCF7,C4194,C1134719
altretamine,CHEMBL1455,Dasatinib,CHEMBL1421,MCF7,C4194,C1134719
Imatinib,CHEMBL941,Bortezomib,CHEMBL325041,MCF7,C4194,C1134719
Pralatrexate,CHEMBL1201746,ifosfamide,CHEMBL1024,MCF7,C4194,C1134719
letrozole,CHEMBL1444,7-Ethyl-10-hydroxycamptothecin,CHEMBL837,HT29,C4349,C0338106
Dasatinib,CHEMBL1421,busulfan,CHEMBL820,HT29,C4349,C0338106
allopurinol,CHEMBL1467,Bortezomib,CHEMBL325041,HT29,C4349,C0338106
Vorinostat,CHEMBL98,6-Mercaptopurine,CHEMBL1425,MCF7,C4194,C1134719
Vorinostat,CHEMBL98,anastrozole,CHEMBL1399,MCF7,C4194,C1134719
7-Ethyl-10-hydroxycamptothecin,CHEMBL837,6-Mercaptopurine,CHEMBL1425,HT29,C4349,C0338106
Romidepsin,CHEMBL343448,allopurinol,CHEMBL1467,HT29,C4349,C0338106
anastrozole,CHEMBL1399,Nilotinib,CHEMBL255863,HT29,C4349,C0338106
raloxifene,CHEMBL81,Pralatrexate,CHEMBL1201746,MCF7,C4194,C1134719
Romidepsin,CHEMBL343448,ifosfamide,CHEMBL1024,MCF7,C4194,C1134719
6-Mercaptopurine,CHEMBL1425,thalidomide,CHEMBL468,HT29,C4349,C0338106
temozolomide,CHEMBL810,Nilotinib,CHEMBL255863,HT29,C4349,C0338106
Sunitinib,CHEMBL535,6-Mercaptopurine,CHEMBL1425,HT29,C4349,C0338106
raloxifene,CHEMBL81,5-Fluorouracil,CHEMBL185,MCF7,C4194,C1134719
Nilotinib,CHEMBL255863,IMIQUIMOD,CHEMBL1282,MCF7,C4194,C1134719
Vorinostat,CHEMBL98,Sunitinib,CHEMBL535,MCF7,C4194,C1134719
allopurinol,CHEMBL1467,IMIQUIMOD,CHEMBL1282,MCF7,C4194,C1134719
busulfan,CHEMBL820,thalidomide,CHEMBL468,MCF7,C4194,C1134719
celecoxib,CHEMBL118,Vorinostat,CHEMBL98,HT29,C4349,C0338106
Nilotinib,CHEMBL255863,Bortezomib,CHEMBL325041,HT29,C4349,C0338106
celecoxib,CHEMBL118,Vorinostat,CHEMBL98,MCF7,C4194,C1134719
Lenalidomide,CHEMBL848,Dasatinib,CHEMBL1421,HT29,C4349,C0338106
letrozole,CHEMBL1444,thalidomide,CHEMBL468,MCF7,C4194,C1134719
letrozole,CHEMBL1444,Sunitinib,CHEMBL535,MCF7,C4194,C1134719
letrozole,CHEMBL1444,celecoxib,CHEMBL118,HT29,C4349,C0338106
hydroxyurea,CHEMBL467,allopurinol,CHEMBL1467,HT29,C4349,C0338106
temozolomide,CHEMBL810,methoxsalen,CHEMBL416,MCF7,C4194,C1134719
7-Ethyl-10-hydroxycamptothecin,CHEMBL837,Dasatinib,CHEMBL1421,MCF7,C4194,C1134719
celecoxib,CHEMBL118,hydroxyurea,CHEMBL467,MCF7,C4194,C1134719
hydroxyurea,CHEMBL467,Pralatrexate,CHEMBL1201746,MCF7,C4194,C1134719
Pralatrexate,CHEMBL1201746,allopurinol,CHEMBL1467,HT29,C4349,C0338106
anastrozole,CHEMBL1399,Ixabepilone,CHEMBL1201752,HT29,C4349,C0338106
Romidepsin,CHEMBL343448,hydroxyurea,CHEMBL467,HT29,C4349,C0338106
6-Mercaptopurine,CHEMBL1425,Ixabepilone,CHEMBL1201752,MCF7,C4194,C1134719
hydroxyurea,CHEMBL467,Bortezomib,CHEMBL325041,MCF7,C4194,C1134719
Romidepsin,CHEMBL343448,Pralatrexate,CHEMBL1201746,MCF7,C4194,C1134719
7-Ethyl-10-hydroxycamptothecin,CHEMBL837,Sunitinib,CHEMBL535,HT29,C4349,C0338106
raloxifene,CHEMBL81,Lenalidomide,CHEMBL848,HT29,C4349,C0338106
6-Mercaptopurine,CHEMBL1425,methoxsalen,CHEMBL416,MCF7,C4194,C1134719
raloxifene,CHEMBL81,Romidepsin,CHEMBL343448,MCF7,C4194,C1134719
celecoxib,CHEMBL118,anastrozole,CHEMBL1399,MCF7,C4194,C1134719
raloxifene,CHEMBL81,Lapatinib,CHEMBL554,MCF7,C4194,C1134719
Sunitinib,CHEMBL535,ifosfamide,CHEMBL1024,MCF7,C4194,C1134719
Sunitinib,CHEMBL535,Bortezomib,CHEMBL325041,MCF7,C4194,C1134719
Imatinib,CHEMBL941,Pralatrexate,CHEMBL1201746,MCF7,C4194,C1134719
hydroxyurea,CHEMBL467,methoxsalen,CHEMBL416,MCF7,C4194,C1134719
IMIQUIMOD,CHEMBL1282,Ixabepilone,CHEMBL1201752,MCF7,C4194,C1134719
Sunitinib,CHEMBL535,busulfan,CHEMBL820,HT29,C4349,C0338106
allopurinol,CHEMBL1467,IMIQUIMOD,CHEMBL1282,HT29,C4349,C0338106
Nilotinib,CHEMBL255863,Vorinostat,CHEMBL98,MCF7,C4194,C1134719
Sunitinib,CHEMBL535,thalidomide,CHEMBL468,MCF7,C4194,C1134719
hydroxyurea,CHEMBL467,Ixabepilone,CHEMBL1201752,HT29,C4349,C0338106
Imatinib,CHEMBL941,Sunitinib,CHEMBL535,MCF7,C4194,C1134719
Sorafenib,CHEMBL1336,methoxsalen,CHEMBL416,MCF7,C4194,C1134719
raloxifene,CHEMBL81,busulfan,CHEMBL820,HT29,C4349,C0338106
Romidepsin,CHEMBL343448,anastrozole,CHEMBL1399,MCF7,C4194,C1134719
letrozole,CHEMBL1444,Dasatinib,CHEMBL1421,MCF7,C4194,C1134719
7-Ethyl-10-hydroxycamptothecin,CHEMBL837,Vorinostat,CHEMBL98,MCF7,C4194,C1134719
celecoxib,CHEMBL118,Sorafenib,CHEMBL1336,HT29,C4349,C0338106
letrozole,CHEMBL1444,anastrozole,CHEMBL1399,HT29,C4349,C0338106
celecoxib,CHEMBL118,Ixabepilone,CHEMBL1201752,HT29,C4349,C0338106
7-Ethyl-10-hydroxycamptothecin,CHEMBL837,Ixabepilone,CHEMBL1201752,HT29,C4349,C0338106
busulfan,CHEMBL820,Bortezomib,CHEMBL325041,MCF7,C4194,C1134719
Imatinib,CHEMBL941,Lapatinib,CHEMBL554,MCF7,C4194,C1134719
temozolomide,CHEMBL810,busulfan,CHEMBL820,HT29,C4349,C0338106
Nilotinib,CHEMBL255863,7-Ethyl-10-hydroxycamptothecin,CHEMBL837,MCF7,C4194,C1134719
celecoxib,CHEMBL118,6-Mercaptopurine,CHEMBL1425,HT29,C4349,C0338106
Nilotinib,CHEMBL255863,ifosfamide,CHEMBL1024,MCF7,C4194,C1134719
6-Thioguanine,CHEMBL727,Dasatinib,CHEMBL1421,MCF7,C4194,C1134719
anastrozole,CHEMBL1399,Romidepsin,CHEMBL343448,HT29,C4349,C0338106
temozolomide,CHEMBL810,Vorinostat,CHEMBL98,HT29,C4349,C0338106
Romidepsin,CHEMBL343448,Dasatinib,CHEMBL1421,HT29,C4349,C0338106
thalidomide,CHEMBL468,methoxsalen,CHEMBL416,HT29,C4349,C0338106
hydroxyurea,CHEMBL467,thalidomide,CHEMBL468,HT29,C4349,C0338106
altretamine,CHEMBL1455,Dasatinib,CHEMBL1421,HT29,C4349,C0338106
Imatinib,CHEMBL941,Sorafenib,CHEMBL1336,MCF7,C4194,C1134719
Vorinostat,CHEMBL98,Dasatinib,CHEMBL1421,MCF7,C4194,C1134719
Pralatrexate,CHEMBL1201746,ifosfamide,CHEMBL1024,HT29,C4349,C0338106
raloxifene,CHEMBL81,7-Ethyl-10-hydroxycamptothecin,CHEMBL837,MCF7,C4194,C1134719
Dasatinib,CHEMBL1421,busulfan,CHEMBL820,MCF7,C4194,C1134719
raloxifene,CHEMBL81,ifosfamide,CHEMBL1024,MCF7,C4194,C1134719
Imatinib,CHEMBL941,Sunitinib,CHEMBL535,A549,C3512,C0152013
7-Ethyl-10-hydroxycamptothecin,CHEMBL837,methoxsalen,CHEMBL416,HT29,C4349,C0338106
Lapatinib,CHEMBL554,Bortezomib,CHEMBL325041,HT29,C4349,C0338106
5-Fluorouracil,CHEMBL185,6-Thioguanine,CHEMBL727,HT29,C4349,C0338106
Romidepsin,CHEMBL343448,thalidomide,CHEMBL468,MCF7,C4194,C1134719
raloxifene,CHEMBL81,Vorinostat,CHEMBL98,HT29,C4349,C0338106
Vorinostat,CHEMBL98,Lapatinib,CHEMBL554,A549,C3512,C0152013
Lenalidomide,CHEMBL848,6-Thioguanine,CHEMBL727,MCF7,C4194,C1134719
7-Ethyl-10-hydroxycamptothecin,CHEMBL837,Sunitinib,CHEMBL535,MCF7,C4194,C1134719
6-Mercaptopurine,CHEMBL1425,IMIQUIMOD,CHEMBL1282,HT29,C4349,C0338106
Romidepsin,CHEMBL343448,6-Mercaptopurine,CHEMBL1425,HT29,C4349,C0338106
letrozole,CHEMBL1444,Bortezomib,CHEMBL325041,MCF7,C4194,C1134719
Pralatrexate,CHEMBL1201746,Bortezomib,CHEMBL325041,MCF7,C4194,C1134719
Romidepsin,CHEMBL343448,7-Ethyl-10-hydroxycamptothecin,CHEMBL837,MCF7,C4194,C1134719
temozolomide,CHEMBL810,Lapatinib,CHEMBL554,MCF7,C4194,C1134719
letrozole,CHEMBL1444,Imatinib,CHEMBL941,HT29,C4349,C0338106
Romidepsin,CHEMBL343448,Sorafenib,CHEMBL1336,MCF7,C4194,C1134719
IMIQUIMOD,CHEMBL1282,Ixabepilone,CHEMBL1201752,HT29,C4349,C0338106
Dasatinib,CHEMBL1421,hydroxyurea,CHEMBL467,HT29,C4349,C0338106
IMIQUIMOD,CHEMBL1282,Bortezomib,CHEMBL325041,MCF7,C4194,C1134719
Nilotinib,CHEMBL255863,busulfan,CHEMBL820,HT29,C4349,C0338106
Vemurafenib,CHEMBL1229517,Vandetanib,CHEMBL24828,A549,C3512,C0152013
Vemurafenib,CHEMBL1229517,Vandetanib,CHEMBL24828,HT29,C4349,C0338106
Vemurafenib,CHEMBL1229517,Vandetanib,CHEMBL24828,MCF7,C4194,C1134719
Vismodegib,CHEMBL473417,Vandetanib,CHEMBL24828,MCF7,C4194,C1134719
Vismodegib,CHEMBL473417,Vandetanib,CHEMBL24828,HT29,C4349,C0338106
Crizotinib,CHEMBL601719,Vandetanib,CHEMBL24828,MCF7,C4194,C1134719
Crizotinib,CHEMBL601719,Vandetanib,CHEMBL24828,A549,C3512,C0152013
Crizotinib,CHEMBL601719,Vandetanib,CHEMBL24828,HT29,C4349,C0338106
Gefitinib,CHEMBL939,temozolomide,CHEMBL810,MCF7,C4194,C1134719
Gefitinib,CHEMBL939,temozolomide,CHEMBL810,HT29,C4349,C0338106
Ruxolitinib,CHEMBL1789941,Vandetanib,CHEMBL24828,MCF7,C4194,C1134719
Ruxolitinib,CHEMBL1789941,Vandetanib,CHEMBL24828,HT29,C4349,C0338106
Ruxolitinib,CHEMBL1789941,Vandetanib,CHEMBL24828,A549,C3512,C0152013
Vemurafenib,CHEMBL1229517,temozolomide,CHEMBL810,HT29,C4349,C0338106
Vemurafenib,CHEMBL1229517,temozolomide,CHEMBL810,MCF7,C4194,C1134719
Lenalidomide,CHEMBL848,temozolomide,CHEMBL810,MCF7,C4194,C1134719
Lenalidomide,CHEMBL848,temozolomide,CHEMBL810,HT29,C4349,C0338106
Gefitinib,CHEMBL939,Ixabepilone,CHEMBL1201752,MCF7,C4194,C1134719
Gefitinib,CHEMBL939,Ixabepilone,CHEMBL1201752,HT29,C4349,C0338106
Ruxolitinib,CHEMBL1789941,temozolomide,CHEMBL810,MCF7,C4194,C1134719
Ruxolitinib,CHEMBL1789941,temozolomide,CHEMBL810,HT29,C4349,C0338106
Vandetanib,CHEMBL24828,temozolomide,CHEMBL810,HT29,C4349,C0338106
Vandetanib,CHEMBL24828,temozolomide,CHEMBL810,MCF7,C4194,C1134719
Crizotinib,CHEMBL601719,temozolomide,CHEMBL810,MCF7,C4194,C1134719
Crizotinib,CHEMBL601719,temozolomide,CHEMBL810,HT29,C4349,C0338106
Vismodegib,CHEMBL473417,temozolomide,CHEMBL810,HT29,C4349,C0338106
Vismodegib,CHEMBL473417,temozolomide,CHEMBL810,MCF7,C4194,C1134719
Vandetanib,CHEMBL24828,Ixabepilone,CHEMBL1201752,HT29,C4349,C0338106
Vandetanib,CHEMBL24828,Ixabepilone,CHEMBL1201752,MCF7,C4194,C1134719
Crizotinib,CHEMBL601719,Ixabepilone,CHEMBL1201752,MCF7,C4194,C1134719
Crizotinib,CHEMBL601719,Ixabepilone,CHEMBL1201752,HT29,C4349,C0338106
Vismodegib,CHEMBL473417,Ixabepilone,CHEMBL1201752,HT29,C4349,C0338106
Vismodegib,CHEMBL473417,Ixabepilone,CHEMBL1201752,MCF7,C4194,C1134719
Ruxolitinib,CHEMBL1789941,Ixabepilone,CHEMBL1201752,MCF7,C4194,C1134719
Ruxolitinib,CHEMBL1789941,Ixabepilone,CHEMBL1201752,HT29,C4349,C0338106
5-Fluorouracil,CHEMBL185,Bortezomib,CHEMBL325041,MCF7,C4194,C1134719
5-Fluorouracil,CHEMBL185,Bortezomib,CHEMBL325041,HT29,C4349,C0338106
altretamine,CHEMBL1455,Bortezomib,CHEMBL325041,MCF7,C4194,C1134719
altretamine,CHEMBL1455,Bortezomib,CHEMBL325041,HT29,C4349,C0338106
chlorambucil,CHEMBL515,Bortezomib,CHEMBL325041,MCF7,C4194,C1134719
chlorambucil,CHEMBL515,Bortezomib,CHEMBL325041,HT29,C4349,C0338106
6-Thioguanine,CHEMBL727,Bortezomib,CHEMBL325041,MCF7,C4194,C1134719
6-Thioguanine,CHEMBL727,Bortezomib,CHEMBL325041,HT29,C4349,C0338106
Vemurafenib,CHEMBL1229517,Ixabepilone,CHEMBL1201752,HT29,C4349,C0338106
Vemurafenib,CHEMBL1229517,Ixabepilone,CHEMBL1201752,MCF7,C4194,C1134719
Lenalidomide,CHEMBL848,Ixabepilone,CHEMBL1201752,MCF7,C4194,C1134719
Lenalidomide,CHEMBL848,Ixabepilone,CHEMBL1201752,HT29,C4349,C0338106
Gefitinib,CHEMBL939,celecoxib,CHEMBL118,HT29,C4349,C0338106
Gefitinib,CHEMBL939,celecoxib,CHEMBL118,MCF7,C4194,C1134719
Lenalidomide,CHEMBL848,celecoxib,CHEMBL118,HT29,C4349,C0338106
Lenalidomide,CHEMBL848,celecoxib,CHEMBL118,MCF7,C4194,C1134719
mitoxantrone,CHEMBL58,IMIQUIMOD,CHEMBL1282,HT29,C4349,C0338106
mitoxantrone,CHEMBL58,IMIQUIMOD,CHEMBL1282,MCF7,C4194,C1134719
Vemurafenib,CHEMBL1229517,celecoxib,CHEMBL118,MCF7,C4194,C1134719
Vemurafenib,CHEMBL1229517,celecoxib,CHEMBL118,HT29,C4349,C0338106
Crizotinib,CHEMBL601719,celecoxib,CHEMBL118,HT29,C4349,C0338106
Crizotinib,CHEMBL601719,celecoxib,CHEMBL118,MCF7,C4194,C1134719
Vismodegib,CHEMBL473417,celecoxib,CHEMBL118,MCF7,C4194,C1134719
Vismodegib,CHEMBL473417,celecoxib,CHEMBL118,HT29,C4349,C0338106
Vandetanib,CHEMBL24828,celecoxib,CHEMBL118,MCF7,C4194,C1134719
Vandetanib,CHEMBL24828,celecoxib,CHEMBL118,HT29,C4349,C0338106
Ruxolitinib,CHEMBL1789941,celecoxib,CHEMBL118,HT29,C4349,C0338106
Ruxolitinib,CHEMBL1789941,celecoxib,CHEMBL118,MCF7,C4194,C1134719
mitoxantrone,CHEMBL58,celecoxib,CHEMBL118,MCF7,C4194,C1134719
mitoxantrone,CHEMBL58,celecoxib,CHEMBL118,HT29,C4349,C0338106
Gefitinib,CHEMBL939,Romidepsin,CHEMBL343448,MCF7,C4194,C1134719
Gefitinib,CHEMBL939,Romidepsin,CHEMBL343448,HT29,C4349,C0338106
Vismodegib,CHEMBL473417,Romidepsin,CHEMBL343448,HT29,C4349,C0338106
Vismodegib,CHEMBL473417,Romidepsin,CHEMBL343448,MCF7,C4194,C1134719
Crizotinib,CHEMBL601719,Romidepsin,CHEMBL343448,HT29,C4349,C0338106
Crizotinib,CHEMBL601719,Romidepsin,CHEMBL343448,MCF7,C4194,C1134719
Vandetanib,CHEMBL24828,Romidepsin,CHEMBL343448,HT29,C4349,C0338106
Vandetanib,CHEMBL24828,Romidepsin,CHEMBL343448,MCF7,C4194,C1134719
Ruxolitinib,CHEMBL1789941,Romidepsin,CHEMBL343448,MCF7,C4194,C1134719
Ruxolitinib,CHEMBL1789941,Romidepsin,CHEMBL343448,HT29,C4349,C0338106
chlorambucil,CHEMBL515,celecoxib,CHEMBL118,MCF7,C4194,C1134719
chlorambucil,CHEMBL515,celecoxib,CHEMBL118,HT29,C4349,C0338106
6-Thioguanine,CHEMBL727,celecoxib,CHEMBL118,MCF7,C4194,C1134719
6-Thioguanine,CHEMBL727,celecoxib,CHEMBL118,HT29,C4349,C0338106
altretamine,CHEMBL1455,celecoxib,CHEMBL118,MCF7,C4194,C1134719
altretamine,CHEMBL1455,celecoxib,CHEMBL118,HT29,C4349,C0338106
5-Fluorouracil,CHEMBL185,celecoxib,CHEMBL118,MCF7,C4194,C1134719
5-Fluorouracil,CHEMBL185,celecoxib,CHEMBL118,HT29,C4349,C0338106
Lenalidomide,CHEMBL848,Romidepsin,CHEMBL343448,MCF7,C4194,C1134719
Lenalidomide,CHEMBL848,Romidepsin,CHEMBL343448,HT29,C4349,C0338106
Vemurafenib,CHEMBL1229517,Romidepsin,CHEMBL343448,HT29,C4349,C0338106
Vemurafenib,CHEMBL1229517,Romidepsin,CHEMBL343448,MCF7,C4194,C1134719
5-Fluorouracil,CHEMBL185,7-Ethyl-10-hydroxycamptothecin,CHEMBL837,MCF7,C4194,C1134719
5-Fluorouracil,CHEMBL185,7-Ethyl-10-hydroxycamptothecin,CHEMBL837,HT29,C4349,C0338106
altretamine,CHEMBL1455,7-Ethyl-10-hydroxycamptothecin,CHEMBL837,MCF7,C4194,C1134719
altretamine,CHEMBL1455,7-Ethyl-10-hydroxycamptothecin,CHEMBL837,HT29,C4349,C0338106
mitoxantrone,CHEMBL58,Vemurafenib,CHEMBL1229517,A549,C3512,C0152013
mitoxantrone,CHEMBL58,Vemurafenib,CHEMBL1229517,HT29,C4349,C0338106
mitoxantrone,CHEMBL58,Vemurafenib,CHEMBL1229517,MCF7,C4194,C1134719
6-Thioguanine,CHEMBL727,7-Ethyl-10-hydroxycamptothecin,CHEMBL837,MCF7,C4194,C1134719
6-Thioguanine,CHEMBL727,7-Ethyl-10-hydroxycamptothecin,CHEMBL837,HT29,C4349,C0338106
chlorambucil,CHEMBL515,7-Ethyl-10-hydroxycamptothecin,CHEMBL837,MCF7,C4194,C1134719
chlorambucil,CHEMBL515,7-Ethyl-10-hydroxycamptothecin,CHEMBL837,HT29,C4349,C0338106
mitoxantrone,CHEMBL58,Lapatinib,CHEMBL554,HT29,C4349,C0338106
mitoxantrone,CHEMBL58,Lapatinib,CHEMBL554,A549,C3512,C0152013
mitoxantrone,CHEMBL58,Lapatinib,CHEMBL554,MCF7,C4194,C1134719
Gefitinib,CHEMBL939,mitoxantrone,CHEMBL58,MCF7,C4194,C1134719
Gefitinib,CHEMBL939,mitoxantrone,CHEMBL58,HT29,C4349,C0338106
Gefitinib,CHEMBL939,mitoxantrone,CHEMBL58,A549,C3512,C0152013
Vemurafenib,CHEMBL1229517,Sorafenib,CHEMBL1336,HT29,C4349,C0338106
Vemurafenib,CHEMBL1229517,Sorafenib,CHEMBL1336,A549,C3512,C0152013
Vemurafenib,CHEMBL1229517,Sorafenib,CHEMBL1336,MCF7,C4194,C1134719
Lenalidomide,CHEMBL848,Sorafenib,CHEMBL1336,MCF7,C4194,C1134719
Lenalidomide,CHEMBL848,Sorafenib,CHEMBL1336,HT29,C4349,C0338106
Vandetanib,CHEMBL24828,Sorafenib,CHEMBL1336,HT29,C4349,C0338106
Vandetanib,CHEMBL24828,Sorafenib,CHEMBL1336,A549,C3512,C0152013
Vandetanib,CHEMBL24828,Sorafenib,CHEMBL1336,MCF7,C4194,C1134719
Vismodegib,CHEMBL473417,Sorafenib,CHEMBL1336,HT29,C4349,C0338106
Vismodegib,CHEMBL473417,Sorafenib,CHEMBL1336,MCF7,C4194,C1134719
Crizotinib,CHEMBL601719,Sorafenib,CHEMBL1336,MCF7,C4194,C1134719
Crizotinib,CHEMBL601719,Sorafenib,CHEMBL1336,A549,C3512,C0152013
Crizotinib,CHEMBL601719,Sorafenib,CHEMBL1336,HT29,C4349,C0338106
Vandetanib,CHEMBL24828,mitoxantrone,CHEMBL58,HT29,C4349,C0338106
Vandetanib,CHEMBL24828,mitoxantrone,CHEMBL58,A549,C3512,C0152013
Vandetanib,CHEMBL24828,mitoxantrone,CHEMBL58,MCF7,C4194,C1134719
Ruxolitinib,CHEMBL1789941,Sorafenib,CHEMBL1336,MCF7,C4194,C1134719
Ruxolitinib,CHEMBL1789941,Sorafenib,CHEMBL1336,HT29,C4349,C0338106
Ruxolitinib,CHEMBL1789941,Sorafenib,CHEMBL1336,A549,C3512,C0152013
Crizotinib,CHEMBL601719,mitoxantrone,CHEMBL58,MCF7,C4194,C1134719
Crizotinib,CHEMBL601719,mitoxantrone,CHEMBL58,A549,C3512,C0152013
Crizotinib,CHEMBL601719,mitoxantrone,CHEMBL58,HT29,C4349,C0338106
Vismodegib,CHEMBL473417,mitoxantrone,CHEMBL58,HT29,C4349,C0338106
Vismodegib,CHEMBL473417,mitoxantrone,CHEMBL58,MCF7,C4194,C1134719
Gefitinib,CHEMBL939,Bortezomib,CHEMBL325041,HT29,C4349,C0338106
Gefitinib,CHEMBL939,Bortezomib,CHEMBL325041,MCF7,C4194,C1134719
Ruxolitinib,CHEMBL1789941,mitoxantrone,CHEMBL58,MCF7,C4194,C1134719
Ruxolitinib,CHEMBL1789941,mitoxantrone,CHEMBL58,HT29,C4349,C0338106
Ruxolitinib,CHEMBL1789941,mitoxantrone,CHEMBL58,A549,C3512,C0152013
Vemurafenib,CHEMBL1229517,mitoxantrone,CHEMBL58,HT29,C4349,C0338106
Vemurafenib,CHEMBL1229517,mitoxantrone,CHEMBL58,A549,C3512,C0152013
Vemurafenib,CHEMBL1229517,mitoxantrone,CHEMBL58,MCF7,C4194,C1134719
Lenalidomide,CHEMBL848,mitoxantrone,CHEMBL58,MCF7,C4194,C1134719
Lenalidomide,CHEMBL848,mitoxantrone,CHEMBL58,HT29,C4349,C0338106
Gefitinib,CHEMBL939,Sorafenib,CHEMBL1336,MCF7,C4194,C1134719
Gefitinib,CHEMBL939,Sorafenib,CHEMBL1336,HT29,C4349,C0338106
Gefitinib,CHEMBL939,Sorafenib,CHEMBL1336,A549,C3512,C0152013
Ruxolitinib,CHEMBL1789941,Bortezomib,CHEMBL325041,HT29,C4349,C0338106
Ruxolitinib,CHEMBL1789941,Bortezomib,CHEMBL325041,MCF7,C4194,C1134719
Crizotinib,CHEMBL601719,Bortezomib,CHEMBL325041,HT29,C4349,C0338106
Crizotinib,CHEMBL601719,Bortezomib,CHEMBL325041,MCF7,C4194,C1134719
Vismodegib,CHEMBL473417,Bortezomib,CHEMBL325041,MCF7,C4194,C1134719
Vismodegib,CHEMBL473417,Bortezomib,CHEMBL325041,HT29,C4349,C0338106
6-Thioguanine,CHEMBL727,Romidepsin,CHEMBL343448,HT29,C4349,C0338106
6-Thioguanine,CHEMBL727,Romidepsin,CHEMBL343448,MCF7,C4194,C1134719
Vandetanib,CHEMBL24828,Bortezomib,CHEMBL325041,MCF7,C4194,C1134719
Vandetanib,CHEMBL24828,Bortezomib,CHEMBL325041,HT29,C4349,C0338106
chlorambucil,CHEMBL515,Romidepsin,CHEMBL343448,HT29,C4349,C0338106
chlorambucil,CHEMBL515,Romidepsin,CHEMBL343448,MCF7,C4194,C1134719
Lenalidomide,CHEMBL848,Bortezomib,CHEMBL325041,HT29,C4349,C0338106
Lenalidomide,CHEMBL848,Bortezomib,CHEMBL325041,MCF7,C4194,C1134719
mitoxantrone,CHEMBL58,7-Ethyl-10-hydroxycamptothecin,CHEMBL837,HT29,C4349,C0338106
mitoxantrone,CHEMBL58,7-Ethyl-10-hydroxycamptothecin,CHEMBL837,MCF7,C4194,C1134719
Vemurafenib,CHEMBL1229517,Bortezomib,CHEMBL325041,MCF7,C4194,C1134719
Vemurafenib,CHEMBL1229517,Bortezomib,CHEMBL325041,HT29,C4349,C0338106
altretamine,CHEMBL1455,Romidepsin,CHEMBL343448,HT29,C4349,C0338106
altretamine,CHEMBL1455,Romidepsin,CHEMBL343448,MCF7,C4194,C1134719
5-Fluorouracil,CHEMBL185,Romidepsin,CHEMBL343448,MCF7,C4194,C1134719
5-Fluorouracil,CHEMBL185,Romidepsin,CHEMBL343448,HT29,C4349,C0338106
5-Fluorouracil,CHEMBL185,Lapatinib,CHEMBL554,HT29,C4349,C0338106
5-Fluorouracil,CHEMBL185,Lapatinib,CHEMBL554,MCF7,C4194,C1134719
chlorambucil,CHEMBL515,Lapatinib,CHEMBL554,HT29,C4349,C0338106
chlorambucil,CHEMBL515,Lapatinib,CHEMBL554,MCF7,C4194,C1134719
6-Thioguanine,CHEMBL727,Lapatinib,CHEMBL554,HT29,C4349,C0338106
6-Thioguanine,CHEMBL727,Lapatinib,CHEMBL554,MCF7,C4194,C1134719
altretamine,CHEMBL1455,Lapatinib,CHEMBL554,HT29,C4349,C0338106
altretamine,CHEMBL1455,Lapatinib,CHEMBL554,MCF7,C4194,C1134719
Lenalidomide,CHEMBL848,Crizotinib,CHEMBL601719,HT29,C4349,C0338106
Lenalidomide,CHEMBL848,Crizotinib,CHEMBL601719,MCF7,C4194,C1134719
Vemurafenib,CHEMBL1229517,Crizotinib,CHEMBL601719,MCF7,C4194,C1134719
Vemurafenib,CHEMBL1229517,Crizotinib,CHEMBL601719,A549,C3512,C0152013
Vemurafenib,CHEMBL1229517,Crizotinib,CHEMBL601719,HT29,C4349,C0338106
Vismodegib,CHEMBL473417,Crizotinib,CHEMBL601719,MCF7,C4194,C1134719
Vismodegib,CHEMBL473417,Crizotinib,CHEMBL601719,HT29,C4349,C0338106
Vandetanib,CHEMBL24828,Crizotinib,CHEMBL601719,MCF7,C4194,C1134719
Vandetanib,CHEMBL24828,Crizotinib,CHEMBL601719,A549,C3512,C0152013
Vandetanib,CHEMBL24828,Crizotinib,CHEMBL601719,HT29,C4349,C0338106
Ruxolitinib,CHEMBL1789941,Crizotinib,CHEMBL601719,A549,C3512,C0152013
Ruxolitinib,CHEMBL1789941,Crizotinib,CHEMBL601719,HT29,C4349,C0338106
Ruxolitinib,CHEMBL1789941,Crizotinib,CHEMBL601719,MCF7,C4194,C1134719
Gefitinib,CHEMBL939,Crizotinib,CHEMBL601719,HT29,C4349,C0338106
Gefitinib,CHEMBL939,Crizotinib,CHEMBL601719,A549,C3512,C0152013
Gefitinib,CHEMBL939,Crizotinib,CHEMBL601719,MCF7,C4194,C1134719
mitoxantrone,CHEMBL58,Romidepsin,CHEMBL343448,HT29,C4349,C0338106
mitoxantrone,CHEMBL58,Romidepsin,CHEMBL343448,MCF7,C4194,C1134719
Ruxolitinib,CHEMBL1789941,7-Ethyl-10-hydroxycamptothecin,CHEMBL837,HT29,C4349,C0338106
Ruxolitinib,CHEMBL1789941,7-Ethyl-10-hydroxycamptothecin,CHEMBL837,MCF7,C4194,C1134719
Vandetanib,CHEMBL24828,7-Ethyl-10-hydroxycamptothecin,CHEMBL837,MCF7,C4194,C1134719
Vandetanib,CHEMBL24828,7-Ethyl-10-hydroxycamptothecin,CHEMBL837,HT29,C4349,C0338106
mitoxantrone,CHEMBL58,Crizotinib,CHEMBL601719,MCF7,C4194,C1134719
mitoxantrone,CHEMBL58,Crizotinib,CHEMBL601719,A549,C3512,C0152013
mitoxantrone,CHEMBL58,Crizotinib,CHEMBL601719,HT29,C4349,C0338106
Crizotinib,CHEMBL601719,7-Ethyl-10-hydroxycamptothecin,CHEMBL837,HT29,C4349,C0338106
Crizotinib,CHEMBL601719,7-Ethyl-10-hydroxycamptothecin,CHEMBL837,MCF7,C4194,C1134719
Vismodegib,CHEMBL473417,7-Ethyl-10-hydroxycamptothecin,CHEMBL837,MCF7,C4194,C1134719
Vismodegib,CHEMBL473417,7-Ethyl-10-hydroxycamptothecin,CHEMBL837,HT29,C4349,C0338106
Vemurafenib,CHEMBL1229517,7-Ethyl-10-hydroxycamptothecin,CHEMBL837,MCF7,C4194,C1134719
Vemurafenib,CHEMBL1229517,7-Ethyl-10-hydroxycamptothecin,CHEMBL837,HT29,C4349,C0338106
mitoxantrone,CHEMBL58,Sorafenib,CHEMBL1336,HT29,C4349,C0338106
mitoxantrone,CHEMBL58,Sorafenib,CHEMBL1336,A549,C3512,C0152013
mitoxantrone,CHEMBL58,Sorafenib,CHEMBL1336,MCF7,C4194,C1134719
Lenalidomide,CHEMBL848,7-Ethyl-10-hydroxycamptothecin,CHEMBL837,HT29,C4349,C0338106
Lenalidomide,CHEMBL848,7-Ethyl-10-hydroxycamptothecin,CHEMBL837,MCF7,C4194,C1134719
Gefitinib,CHEMBL939,7-Ethyl-10-hydroxycamptothecin,CHEMBL837,HT29,C4349,C0338106
Gefitinib,CHEMBL939,7-Ethyl-10-hydroxycamptothecin,CHEMBL837,MCF7,C4194,C1134719
Vandetanib,CHEMBL24828,Lapatinib,CHEMBL554,HT29,C4349,C0338106
Vandetanib,CHEMBL24828,Lapatinib,CHEMBL554,A549,C3512,C0152013
Vandetanib,CHEMBL24828,Lapatinib,CHEMBL554,MCF7,C4194,C1134719
Vismodegib,CHEMBL473417,Lapatinib,CHEMBL554,HT29,C4349,C0338106
Vismodegib,CHEMBL473417,Lapatinib,CHEMBL554,MCF7,C4194,C1134719
Crizotinib,CHEMBL601719,Lapatinib,CHEMBL554,MCF7,C4194,C1134719
Crizotinib,CHEMBL601719,Lapatinib,CHEMBL554,A549,C3512,C0152013
Crizotinib,CHEMBL601719,Lapatinib,CHEMBL554,HT29,C4349,C0338106
Ruxolitinib,CHEMBL1789941,Lapatinib,CHEMBL554,MCF7,C4194,C1134719
Ruxolitinib,CHEMBL1789941,Lapatinib,CHEMBL554,HT29,C4349,C0338106
Ruxolitinib,CHEMBL1789941,Lapatinib,CHEMBL554,A549,C3512,C0152013
Vemurafenib,CHEMBL1229517,Lapatinib,CHEMBL554,MCF7,C4194,C1134719
Vemurafenib,CHEMBL1229517,Lapatinib,CHEMBL554,A549,C3512,C0152013
Vemurafenib,CHEMBL1229517,Lapatinib,CHEMBL554,HT29,C4349,C0338106
5-Fluorouracil,CHEMBL185,6-Mercaptopurine,CHEMBL1425,HT29,C4349,C0338106
5-Fluorouracil,CHEMBL185,6-Mercaptopurine,CHEMBL1425,MCF7,C4194,C1134719
altretamine,CHEMBL1455,6-Mercaptopurine,CHEMBL1425,HT29,C4349,C0338106
altretamine,CHEMBL1455,6-Mercaptopurine,CHEMBL1425,MCF7,C4194,C1134719
Lenalidomide,CHEMBL848,Lapatinib,CHEMBL554,MCF7,C4194,C1134719
Lenalidomide,CHEMBL848,Lapatinib,CHEMBL554,HT29,C4349,C0338106
6-Thioguanine,CHEMBL727,6-Mercaptopurine,CHEMBL1425,HT29,C4349,C0338106
6-Thioguanine,CHEMBL727,6-Mercaptopurine,CHEMBL1425,MCF7,C4194,C1134719
chlorambucil,CHEMBL515,6-Mercaptopurine,CHEMBL1425,HT29,C4349,C0338106
chlorambucil,CHEMBL515,6-Mercaptopurine,CHEMBL1425,MCF7,C4194,C1134719
Gefitinib,CHEMBL939,Lapatinib,CHEMBL554,MCF7,C4194,C1134719
Gefitinib,CHEMBL939,Lapatinib,CHEMBL554,HT29,C4349,C0338106
Gefitinib,CHEMBL939,Lapatinib,CHEMBL554,A549,C3512,C0152013
mitoxantrone,CHEMBL58,Imatinib,CHEMBL941,HT29,C4349,C0338106
mitoxantrone,CHEMBL58,Imatinib,CHEMBL941,A549,C3512,C0152013
mitoxantrone,CHEMBL58,Imatinib,CHEMBL941,MCF7,C4194,C1134719
chlorambucil,CHEMBL515,Crizotinib,CHEMBL601719,MCF7,C4194,C1134719
chlorambucil,CHEMBL515,Crizotinib,CHEMBL601719,HT29,C4349,C0338106
6-Thioguanine,CHEMBL727,Crizotinib,CHEMBL601719,MCF7,C4194,C1134719
6-Thioguanine,CHEMBL727,Crizotinib,CHEMBL601719,HT29,C4349,C0338106
chlorambucil,CHEMBL515,Sorafenib,CHEMBL1336,HT29,C4349,C0338106
chlorambucil,CHEMBL515,Sorafenib,CHEMBL1336,MCF7,C4194,C1134719
6-Thioguanine,CHEMBL727,Sorafenib,CHEMBL1336,HT29,C4349,C0338106
6-Thioguanine,CHEMBL727,Sorafenib,CHEMBL1336,MCF7,C4194,C1134719
altretamine,CHEMBL1455,Crizotinib,CHEMBL601719,MCF7,C4194,C1134719
altretamine,CHEMBL1455,Crizotinib,CHEMBL601719,HT29,C4349,C0338106
altretamine,CHEMBL1455,Sorafenib,CHEMBL1336,HT29,C4349,C0338106
altretamine,CHEMBL1455,Sorafenib,CHEMBL1336,MCF7,C4194,C1134719
5-Fluorouracil,CHEMBL185,Crizotinib,CHEMBL601719,MCF7,C4194,C1134719
5-Fluorouracil,CHEMBL185,Crizotinib,CHEMBL601719,HT29,C4349,C0338106
5-Fluorouracil,CHEMBL185,Sorafenib,CHEMBL1336,HT29,C4349,C0338106
5-Fluorouracil,CHEMBL185,Sorafenib,CHEMBL1336,MCF7,C4194,C1134719
mitoxantrone,CHEMBL58,6-Mercaptopurine,CHEMBL1425,HT29,C4349,C0338106
mitoxantrone,CHEMBL58,6-Mercaptopurine,CHEMBL1425,MCF7,C4194,C1134719
6-Thioguanine,CHEMBL727,Imatinib,CHEMBL941,HT29,C4349,C0338106
6-Thioguanine,CHEMBL727,Imatinib,CHEMBL941,MCF7,C4194,C1134719
chlorambucil,CHEMBL515,Imatinib,CHEMBL941,HT29,C4349,C0338106
chlorambucil,CHEMBL515,Imatinib,CHEMBL941,MCF7,C4194,C1134719
altretamine,CHEMBL1455,Imatinib,CHEMBL941,HT29,C4349,C0338106
altretamine,CHEMBL1455,Imatinib,CHEMBL941,MCF7,C4194,C1134719
5-Fluorouracil,CHEMBL185,Imatinib,CHEMBL941,HT29,C4349,C0338106
5-Fluorouracil,CHEMBL185,Imatinib,CHEMBL941,MCF7,C4194,C1134719
Gefitinib,CHEMBL939,6-Mercaptopurine,CHEMBL1425,MCF7,C4194,C1134719
Gefitinib,CHEMBL939,6-Mercaptopurine,CHEMBL1425,HT29,C4349,C0338106
Ruxolitinib,CHEMBL1789941,6-Mercaptopurine,CHEMBL1425,MCF7,C4194,C1134719
Ruxolitinib,CHEMBL1789941,6-Mercaptopurine,CHEMBL1425,HT29,C4349,C0338106
Vandetanib,CHEMBL24828,6-Mercaptopurine,CHEMBL1425,HT29,C4349,C0338106
Vandetanib,CHEMBL24828,6-Mercaptopurine,CHEMBL1425,MCF7,C4194,C1134719
Crizotinib,CHEMBL601719,6-Mercaptopurine,CHEMBL1425,MCF7,C4194,C1134719
Crizotinib,CHEMBL601719,6-Mercaptopurine,CHEMBL1425,HT29,C4349,C0338106
Vismodegib,CHEMBL473417,6-Mercaptopurine,CHEMBL1425,HT29,C4349,C0338106
Vismodegib,CHEMBL473417,6-Mercaptopurine,CHEMBL1425,MCF7,C4194,C1134719
Vemurafenib,CHEMBL1229517,6-Mercaptopurine,CHEMBL1425,HT29,C4349,C0338106
Vemurafenib,CHEMBL1229517,6-Mercaptopurine,CHEMBL1425,MCF7,C4194,C1134719
Lenalidomide,CHEMBL848,6-Mercaptopurine,CHEMBL1425,MCF7,C4194,C1134719
Lenalidomide,CHEMBL848,6-Mercaptopurine,CHEMBL1425,HT29,C4349,C0338106
Gefitinib,CHEMBL939,thalidomide,CHEMBL468,HT29,C4349,C0338106
Gefitinib,CHEMBL939,thalidomide,CHEMBL468,MCF7,C4194,C1134719
altretamine,CHEMBL1455,Sunitinib,CHEMBL535,HT29,C4349,C0338106
altretamine,CHEMBL1455,Sunitinib,CHEMBL535,MCF7,C4194,C1134719
mitoxantrone,CHEMBL58,ifosfamide,CHEMBL1024,HT29,C4349,C0338106
mitoxantrone,CHEMBL58,ifosfamide,CHEMBL1024,MCF7,C4194,C1134719
6-Thioguanine,CHEMBL727,methoxsalen,CHEMBL416,HT29,C4349,C0338106
6-Thioguanine,CHEMBL727,methoxsalen,CHEMBL416,MCF7,C4194,C1134719
chlorambucil,CHEMBL515,methoxsalen,CHEMBL416,HT29,C4349,C0338106
chlorambucil,CHEMBL515,methoxsalen,CHEMBL416,MCF7,C4194,C1134719
altretamine,CHEMBL1455,methoxsalen,CHEMBL416,HT29,C4349,C0338106
altretamine,CHEMBL1455,methoxsalen,CHEMBL416,MCF7,C4194,C1134719
6-Thioguanine,CHEMBL727,Sunitinib,CHEMBL535,HT29,C4349,C0338106
6-Thioguanine,CHEMBL727,Sunitinib,CHEMBL535,MCF7,C4194,C1134719
5-Fluorouracil,CHEMBL185,methoxsalen,CHEMBL416,HT29,C4349,C0338106
5-Fluorouracil,CHEMBL185,methoxsalen,CHEMBL416,MCF7,C4194,C1134719
chlorambucil,CHEMBL515,Sunitinib,CHEMBL535,HT29,C4349,C0338106
chlorambucil,CHEMBL515,Sunitinib,CHEMBL535,MCF7,C4194,C1134719
Vismodegib,CHEMBL473417,Ruxolitinib,CHEMBL1789941,MCF7,C4194,C1134719
Vismodegib,CHEMBL473417,Ruxolitinib,CHEMBL1789941,HT29,C4349,C0338106
Crizotinib,CHEMBL601719,Ruxolitinib,CHEMBL1789941,A549,C3512,C0152013
Crizotinib,CHEMBL601719,Ruxolitinib,CHEMBL1789941,HT29,C4349,C0338106
Crizotinib,CHEMBL601719,Ruxolitinib,CHEMBL1789941,MCF7,C4194,C1134719
Vandetanib,CHEMBL24828,Ruxolitinib,CHEMBL1789941,MCF7,C4194,C1134719
Vandetanib,CHEMBL24828,Ruxolitinib,CHEMBL1789941,HT29,C4349,C0338106
Vandetanib,CHEMBL24828,Ruxolitinib,CHEMBL1789941,A549,C3512,C0152013
Vismodegib,CHEMBL473417,Gefitinib,CHEMBL939,HT29,C4349,C0338106
Vismodegib,CHEMBL473417,Gefitinib,CHEMBL939,MCF7,C4194,C1134719
Crizotinib,CHEMBL601719,Gefitinib,CHEMBL939,A549,C3512,C0152013
Crizotinib,CHEMBL601719,Gefitinib,CHEMBL939,HT29,C4349,C0338106
Crizotinib,CHEMBL601719,Gefitinib,CHEMBL939,MCF7,C4194,C1134719
Vandetanib,CHEMBL24828,Gefitinib,CHEMBL939,A549,C3512,C0152013
Vandetanib,CHEMBL24828,Gefitinib,CHEMBL939,HT29,C4349,C0338106
Vandetanib,CHEMBL24828,Gefitinib,CHEMBL939,MCF7,C4194,C1134719
Ruxolitinib,CHEMBL1789941,Gefitinib,CHEMBL939,MCF7,C4194,C1134719
Ruxolitinib,CHEMBL1789941,Gefitinib,CHEMBL939,A549,C3512,C0152013
Ruxolitinib,CHEMBL1789941,Gefitinib,CHEMBL939,HT29,C4349,C0338106
Vemurafenib,CHEMBL1229517,Ruxolitinib,CHEMBL1789941,MCF7,C4194,C1134719
Vemurafenib,CHEMBL1229517,Ruxolitinib,CHEMBL1789941,HT29,C4349,C0338106
Vemurafenib,CHEMBL1229517,Ruxolitinib,CHEMBL1789941,A549,C3512,C0152013
Gefitinib,CHEMBL939,Imatinib,CHEMBL941,MCF7,C4194,C1134719
Gefitinib,CHEMBL939,Imatinib,CHEMBL941,HT29,C4349,C0338106
Gefitinib,CHEMBL939,Imatinib,CHEMBL941,A549,C3512,C0152013
Lenalidomide,CHEMBL848,Imatinib,CHEMBL941,MCF7,C4194,C1134719
Lenalidomide,CHEMBL848,Imatinib,CHEMBL941,HT29,C4349,C0338106
Lenalidomide,CHEMBL848,Gefitinib,CHEMBL939,MCF7,C4194,C1134719
Lenalidomide,CHEMBL848,Gefitinib,CHEMBL939,HT29,C4349,C0338106
Vemurafenib,CHEMBL1229517,Imatinib,CHEMBL941,MCF7,C4194,C1134719
Vemurafenib,CHEMBL1229517,Imatinib,CHEMBL941,A549,C3512,C0152013
Vemurafenib,CHEMBL1229517,Imatinib,CHEMBL941,HT29,C4349,C0338106
Vismodegib,CHEMBL473417,Imatinib,CHEMBL941,HT29,C4349,C0338106
Vismodegib,CHEMBL473417,Imatinib,CHEMBL941,MCF7,C4194,C1134719
Vemurafenib,CHEMBL1229517,Gefitinib,CHEMBL939,A549,C3512,C0152013
Vemurafenib,CHEMBL1229517,Gefitinib,CHEMBL939,HT29,C4349,C0338106
Vemurafenib,CHEMBL1229517,Gefitinib,CHEMBL939,MCF7,C4194,C1134719
Crizotinib,CHEMBL601719,Imatinib,CHEMBL941,MCF7,C4194,C1134719
Crizotinib,CHEMBL601719,Imatinib,CHEMBL941,A549,C3512,C0152013
Crizotinib,CHEMBL601719,Imatinib,CHEMBL941,HT29,C4349,C0338106
Vandetanib,CHEMBL24828,Imatinib,CHEMBL941,HT29,C4349,C0338106
Vandetanib,CHEMBL24828,Imatinib,CHEMBL941,A549,C3512,C0152013
Vandetanib,CHEMBL24828,Imatinib,CHEMBL941,MCF7,C4194,C1134719
Ruxolitinib,CHEMBL1789941,Imatinib,CHEMBL941,MCF7,C4194,C1134719
Ruxolitinib,CHEMBL1789941,Imatinib,CHEMBL941,HT29,C4349,C0338106
Ruxolitinib,CHEMBL1789941,Imatinib,CHEMBL941,A549,C3512,C0152013
Lenalidomide,CHEMBL848,thalidomide,CHEMBL468,HT29,C4349,C0338106
Lenalidomide,CHEMBL848,thalidomide,CHEMBL468,MCF7,C4194,C1134719
5-Fluorouracil,CHEMBL185,Sunitinib,CHEMBL535,HT29,C4349,C0338106
5-Fluorouracil,CHEMBL185,Sunitinib,CHEMBL535,MCF7,C4194,C1134719
Vemurafenib,CHEMBL1229517,thalidomide,CHEMBL468,MCF7,C4194,C1134719
Vemurafenib,CHEMBL1229517,thalidomide,CHEMBL468,HT29,C4349,C0338106
chlorambucil,CHEMBL515,ifosfamide,CHEMBL1024,MCF7,C4194,C1134719
chlorambucil,CHEMBL515,ifosfamide,CHEMBL1024,HT29,C4349,C0338106
6-Thioguanine,CHEMBL727,ifosfamide,CHEMBL1024,MCF7,C4194,C1134719
6-Thioguanine,CHEMBL727,ifosfamide,CHEMBL1024,HT29,C4349,C0338106
altretamine,CHEMBL1455,ifosfamide,CHEMBL1024,MCF7,C4194,C1134719
altretamine,CHEMBL1455,ifosfamide,CHEMBL1024,HT29,C4349,C0338106
5-Fluorouracil,CHEMBL185,ifosfamide,CHEMBL1024,MCF7,C4194,C1134719
5-Fluorouracil,CHEMBL185,ifosfamide,CHEMBL1024,HT29,C4349,C0338106
mitoxantrone,CHEMBL58,methoxsalen,CHEMBL416,HT29,C4349,C0338106
mitoxantrone,CHEMBL58,methoxsalen,CHEMBL416,MCF7,C4194,C1134719
Gefitinib,CHEMBL939,methoxsalen,CHEMBL416,MCF7,C4194,C1134719
Gefitinib,CHEMBL939,methoxsalen,CHEMBL416,HT29,C4349,C0338106
Vemurafenib,CHEMBL1229517,methoxsalen,CHEMBL416,HT29,C4349,C0338106
Vemurafenib,CHEMBL1229517,methoxsalen,CHEMBL416,MCF7,C4194,C1134719
Lenalidomide,CHEMBL848,methoxsalen,CHEMBL416,MCF7,C4194,C1134719
Lenalidomide,CHEMBL848,methoxsalen,CHEMBL416,HT29,C4349,C0338106
Vandetanib,CHEMBL24828,methoxsalen,CHEMBL416,HT29,C4349,C0338106
Vandetanib,CHEMBL24828,methoxsalen,CHEMBL416,MCF7,C4194,C1134719
Crizotinib,CHEMBL601719,methoxsalen,CHEMBL416,MCF7,C4194,C1134719
Crizotinib,CHEMBL601719,methoxsalen,CHEMBL416,HT29,C4349,C0338106
Vismodegib,CHEMBL473417,methoxsalen,CHEMBL416,HT29,C4349,C0338106
Vismodegib,CHEMBL473417,methoxsalen,CHEMBL416,MCF7,C4194,C1134719
Ruxolitinib,CHEMBL1789941,methoxsalen,CHEMBL416,MCF7,C4194,C1134719
Ruxolitinib,CHEMBL1789941,methoxsalen,CHEMBL416,HT29,C4349,C0338106
Ruxolitinib,CHEMBL1789941,thalidomide,CHEMBL468,HT29,C4349,C0338106
Ruxolitinib,CHEMBL1789941,thalidomide,CHEMBL468,MCF7,C4194,C1134719
altretamine,CHEMBL1455,IMIQUIMOD,CHEMBL1282,MCF7,C4194,C1134719
altretamine,CHEMBL1455,IMIQUIMOD,CHEMBL1282,HT29,C4349,C0338106
Vemurafenib,CHEMBL1229517,Vismodegib,CHEMBL473417,HT29,C4349,C0338106
Vemurafenib,CHEMBL1229517,Vismodegib,CHEMBL473417,MCF7,C4194,C1134719
Ruxolitinib,CHEMBL1789941,Vismodegib,CHEMBL473417,MCF7,C4194,C1134719
Ruxolitinib,CHEMBL1789941,Vismodegib,CHEMBL473417,HT29,C4349,C0338106
Vandetanib,CHEMBL24828,Vismodegib,CHEMBL473417,MCF7,C4194,C1134719
Vandetanib,CHEMBL24828,Vismodegib,CHEMBL473417,HT29,C4349,C0338106
Crizotinib,CHEMBL601719,Vismodegib,CHEMBL473417,MCF7,C4194,C1134719
Crizotinib,CHEMBL601719,Vismodegib,CHEMBL473417,HT29,C4349,C0338106
Vismodegib,CHEMBL473417,thalidomide,CHEMBL468,MCF7,C4194,C1134719
Vismodegib,CHEMBL473417,thalidomide,CHEMBL468,HT29,C4349,C0338106
Crizotinib,CHEMBL601719,thalidomide,CHEMBL468,MCF7,C4194,C1134719
Crizotinib,CHEMBL601719,thalidomide,CHEMBL468,HT29,C4349,C0338106
chlorambucil,CHEMBL515,IMIQUIMOD,CHEMBL1282,MCF7,C4194,C1134719
chlorambucil,CHEMBL515,IMIQUIMOD,CHEMBL1282,HT29,C4349,C0338106
Vandetanib,CHEMBL24828,thalidomide,CHEMBL468,MCF7,C4194,C1134719
Vandetanib,CHEMBL24828,thalidomide,CHEMBL468,HT29,C4349,C0338106
6-Thioguanine,CHEMBL727,IMIQUIMOD,CHEMBL1282,MCF7,C4194,C1134719
6-Thioguanine,CHEMBL727,IMIQUIMOD,CHEMBL1282,HT29,C4349,C0338106
Gefitinib,CHEMBL939,ifosfamide,CHEMBL1024,HT29,C4349,C0338106
Gefitinib,CHEMBL939,ifosfamide,CHEMBL1024,MCF7,C4194,C1134719
Vemurafenib,CHEMBL1229517,Dasatinib,CHEMBL1421,HT29,C4349,C0338106
Vemurafenib,CHEMBL1229517,Dasatinib,CHEMBL1421,A549,C3512,C0152013
Vemurafenib,CHEMBL1229517,Dasatinib,CHEMBL1421,MCF7,C4194,C1134719
5-Fluorouracil,CHEMBL185,IMIQUIMOD,CHEMBL1282,MCF7,C4194,C1134719
5-Fluorouracil,CHEMBL185,IMIQUIMOD,CHEMBL1282,HT29,C4349,C0338106
Crizotinib,CHEMBL601719,ifosfamide,CHEMBL1024,HT29,C4349,C0338106
Crizotinib,CHEMBL601719,ifosfamide,CHEMBL1024,MCF7,C4194,C1134719
Vismodegib,CHEMBL473417,ifosfamide,CHEMBL1024,MCF7,C4194,C1134719
Vismodegib,CHEMBL473417,ifosfamide,CHEMBL1024,HT29,C4349,C0338106
Vandetanib,CHEMBL24828,ifosfamide,CHEMBL1024,MCF7,C4194,C1134719
Vandetanib,CHEMBL24828,ifosfamide,CHEMBL1024,HT29,C4349,C0338106
Ruxolitinib,CHEMBL1789941,ifosfamide,CHEMBL1024,HT29,C4349,C0338106
Ruxolitinib,CHEMBL1789941,ifosfamide,CHEMBL1024,MCF7,C4194,C1134719
Lenalidomide,CHEMBL848,ifosfamide,CHEMBL1024,HT29,C4349,C0338106
Lenalidomide,CHEMBL848,ifosfamide,CHEMBL1024,MCF7,C4194,C1134719
Vemurafenib,CHEMBL1229517,ifosfamide,CHEMBL1024,MCF7,C4194,C1134719
Vemurafenib,CHEMBL1229517,ifosfamide,CHEMBL1024,HT29,C4349,C0338106
Vismodegib,CHEMBL473417,Dasatinib,CHEMBL1421,HT29,C4349,C0338106
Vismodegib,CHEMBL473417,Dasatinib,CHEMBL1421,MCF7,C4194,C1134719
Crizotinib,CHEMBL601719,Dasatinib,CHEMBL1421,MCF7,C4194,C1134719
Crizotinib,CHEMBL601719,Dasatinib,CHEMBL1421,A549,C3512,C0152013
Crizotinib,CHEMBL601719,Dasatinib,CHEMBL1421,HT29,C4349,C0338106
Vandetanib,CHEMBL24828,Dasatinib,CHEMBL1421,HT29,C4349,C0338106
Vandetanib,CHEMBL24828,Dasatinib,CHEMBL1421,A549,C3512,C0152013
Vandetanib,CHEMBL24828,Dasatinib,CHEMBL1421,MCF7,C4194,C1134719
5-Fluorouracil,CHEMBL185,Vemurafenib,CHEMBL1229517,HT29,C4349,C0338106
5-Fluorouracil,CHEMBL185,Vemurafenib,CHEMBL1229517,MCF7,C4194,C1134719
Ruxolitinib,CHEMBL1789941,Dasatinib,CHEMBL1421,MCF7,C4194,C1134719
Ruxolitinib,CHEMBL1789941,Dasatinib,CHEMBL1421,HT29,C4349,C0338106
Ruxolitinib,CHEMBL1789941,Dasatinib,CHEMBL1421,A549,C3512,C0152013
altretamine,CHEMBL1455,Vemurafenib,CHEMBL1229517,HT29,C4349,C0338106
altretamine,CHEMBL1455,Vemurafenib,CHEMBL1229517,MCF7,C4194,C1134719
6-Thioguanine,CHEMBL727,Vemurafenib,CHEMBL1229517,HT29,C4349,C0338106
6-Thioguanine,CHEMBL727,Vemurafenib,CHEMBL1229517,MCF7,C4194,C1134719
chlorambucil,CHEMBL515,Vemurafenib,CHEMBL1229517,HT29,C4349,C0338106
chlorambucil,CHEMBL515,Vemurafenib,CHEMBL1229517,MCF7,C4194,C1134719
Crizotinib,CHEMBL601719,chlorambucil,CHEMBL515,MCF7,C4194,C1134719
Crizotinib,CHEMBL601719,chlorambucil,CHEMBL515,HT29,C4349,C0338106
Vismodegib,CHEMBL473417,chlorambucil,CHEMBL515,HT29,C4349,C0338106
Vismodegib,CHEMBL473417,chlorambucil,CHEMBL515,MCF7,C4194,C1134719
Vandetanib,CHEMBL24828,chlorambucil,CHEMBL515,HT29,C4349,C0338106
Vandetanib,CHEMBL24828,chlorambucil,CHEMBL515,MCF7,C4194,C1134719
Ruxolitinib,CHEMBL1789941,chlorambucil,CHEMBL515,MCF7,C4194,C1134719
Ruxolitinib,CHEMBL1789941,chlorambucil,CHEMBL515,HT29,C4349,C0338106
Lenalidomide,CHEMBL848,chlorambucil,CHEMBL515,MCF7,C4194,C1134719
Lenalidomide,CHEMBL848,chlorambucil,CHEMBL515,HT29,C4349,C0338106
Vemurafenib,CHEMBL1229517,chlorambucil,CHEMBL515,HT29,C4349,C0338106
Vemurafenib,CHEMBL1229517,chlorambucil,CHEMBL515,MCF7,C4194,C1134719
Gefitinib,CHEMBL939,chlorambucil,CHEMBL515,MCF7,C4194,C1134719
Gefitinib,CHEMBL939,chlorambucil,CHEMBL515,HT29,C4349,C0338106
mitoxantrone,CHEMBL58,thalidomide,CHEMBL468,MCF7,C4194,C1134719
mitoxantrone,CHEMBL58,thalidomide,CHEMBL468,HT29,C4349,C0338106
Gefitinib,CHEMBL939,Sunitinib,CHEMBL535,MCF7,C4194,C1134719
Gefitinib,CHEMBL939,Sunitinib,CHEMBL535,HT29,C4349,C0338106
Gefitinib,CHEMBL939,Sunitinib,CHEMBL535,A549,C3512,C0152013
Gefitinib,CHEMBL939,busulfan,CHEMBL820,MCF7,C4194,C1134719
Gefitinib,CHEMBL939,busulfan,CHEMBL820,HT29,C4349,C0338106
Gefitinib,CHEMBL939,Vemurafenib,CHEMBL1229517,MCF7,C4194,C1134719
Gefitinib,CHEMBL939,Vemurafenib,CHEMBL1229517,A549,C3512,C0152013
Gefitinib,CHEMBL939,Vemurafenib,CHEMBL1229517,HT29,C4349,C0338106
Ruxolitinib,CHEMBL1789941,Sunitinib,CHEMBL535,MCF7,C4194,C1134719
Ruxolitinib,CHEMBL1789941,Sunitinib,CHEMBL535,HT29,C4349,C0338106
Ruxolitinib,CHEMBL1789941,Sunitinib,CHEMBL535,HT29,C4349,C0338106
Ruxolitinib,CHEMBL1789941,Sunitinib,CHEMBL535,A549,C3512,C0152013
Vismodegib,CHEMBL473417,Sunitinib,CHEMBL535,HT29,C4349,C0338106
Vismodegib,CHEMBL473417,Sunitinib,CHEMBL535,MCF7,C4194,C1134719
Crizotinib,CHEMBL601719,Sunitinib,CHEMBL535,MCF7,C4194,C1134719
Crizotinib,CHEMBL601719,Sunitinib,CHEMBL535,A549,C3512,C0152013
Crizotinib,CHEMBL601719,Sunitinib,CHEMBL535,HT29,C4349,C0338106
Vandetanib,CHEMBL24828,Sunitinib,CHEMBL535,MCF7,C4194,C1134719
Vandetanib,CHEMBL24828,Sunitinib,CHEMBL535,A549,C3512,C0152013
Vandetanib,CHEMBL24828,Sunitinib,CHEMBL535,HT29,C4349,C0338106
Crizotinib,CHEMBL601719,busulfan,CHEMBL820,MCF7,C4194,C1134719
Crizotinib,CHEMBL601719,busulfan,CHEMBL820,HT29,C4349,C0338106
Vismodegib,CHEMBL473417,busulfan,CHEMBL820,MCF7,C4194,C1134719
Vismodegib,CHEMBL473417,busulfan,CHEMBL820,HT29,C4349,C0338106
Vandetanib,CHEMBL24828,busulfan,CHEMBL820,HT29,C4349,C0338106
Vandetanib,CHEMBL24828,busulfan,CHEMBL820,MCF7,C4194,C1134719
altretamine,CHEMBL1455,Pralatrexate,CHEMBL1201746,HT29,C4349,C0338106
altretamine,CHEMBL1455,Pralatrexate,CHEMBL1201746,MCF7,C4194,C1134719
chlorambucil,CHEMBL515,Pralatrexate,CHEMBL1201746,HT29,C4349,C0338106
chlorambucil,CHEMBL515,Pralatrexate,CHEMBL1201746,MCF7,C4194,C1134719
Ruxolitinib,CHEMBL1789941,busulfan,CHEMBL820,MCF7,C4194,C1134719
Ruxolitinib,CHEMBL1789941,busulfan,CHEMBL820,HT29,C4349,C0338106
6-Thioguanine,CHEMBL727,Pralatrexate,CHEMBL1201746,HT29,C4349,C0338106
6-Thioguanine,CHEMBL727,Pralatrexate,CHEMBL1201746,MCF7,C4194,C1134719
Lenalidomide,CHEMBL848,Sunitinib,CHEMBL535,MCF7,C4194,C1134719
Lenalidomide,CHEMBL848,Sunitinib,CHEMBL535,HT29,C4349,C0338106
Vemurafenib,CHEMBL1229517,Sunitinib,CHEMBL535,HT29,C4349,C0338106
Vemurafenib,CHEMBL1229517,Sunitinib,CHEMBL535,A549,C3512,C0152013
Vemurafenib,CHEMBL1229517,Sunitinib,CHEMBL535,MCF7,C4194,C1134719
5-Fluorouracil,CHEMBL185,Pralatrexate,CHEMBL1201746,HT29,C4349,C0338106
5-Fluorouracil,CHEMBL185,Pralatrexate,CHEMBL1201746,MCF7,C4194,C1134719
Lenalidomide,CHEMBL848,busulfan,CHEMBL820,MCF7,C4194,C1134719
Lenalidomide,CHEMBL848,busulfan,CHEMBL820,HT29,C4349,C0338106
Vemurafenib,CHEMBL1229517,busulfan,CHEMBL820,HT29,C4349,C0338106
Vemurafenib,CHEMBL1229517,busulfan,CHEMBL820,MCF7,C4194,C1134719
5-Fluorouracil,CHEMBL185,thalidomide,CHEMBL468,HT29,C4349,C0338106
5-Fluorouracil,CHEMBL185,thalidomide,CHEMBL468,MCF7,C4194,C1134719
altretamine,CHEMBL1455,thalidomide,CHEMBL468,MCF7,C4194,C1134719
altretamine,CHEMBL1455,thalidomide,CHEMBL468,HT29,C4349,C0338106
6-Thioguanine,CHEMBL727,thalidomide,CHEMBL468,MCF7,C4194,C1134719
6-Thioguanine,CHEMBL727,thalidomide,CHEMBL468,HT29,C4349,C0338106
chlorambucil,CHEMBL515,thalidomide,CHEMBL468,MCF7,C4194,C1134719
chlorambucil,CHEMBL515,thalidomide,CHEMBL468,HT29,C4349,C0338106
Gefitinib,CHEMBL939,altretamine,CHEMBL1455,HT29,C4349,C0338106
Gefitinib,CHEMBL939,altretamine,CHEMBL1455,MCF7,C4194,C1134719
raloxifene,CHEMBL81,Vemurafenib,CHEMBL1229517,HT29,C4349,C0338106
raloxifene,CHEMBL81,Vemurafenib,CHEMBL1229517,MCF7,C4194,C1134719
Lenalidomide,CHEMBL848,Vemurafenib,CHEMBL1229517,MCF7,C4194,C1134719
Lenalidomide,CHEMBL848,Vemurafenib,CHEMBL1229517,HT29,C4349,C0338106
mitoxantrone,CHEMBL58,Pralatrexate,CHEMBL1201746,HT29,C4349,C0338106
mitoxantrone,CHEMBL58,Pralatrexate,CHEMBL1201746,MCF7,C4194,C1134719
5-Fluorouracil,CHEMBL185,Nilotinib,CHEMBL255863,MCF7,C4194,C1134719
5-Fluorouracil,CHEMBL185,Nilotinib,CHEMBL255863,HT29,C4349,C0338106
altretamine,CHEMBL1455,Nilotinib,CHEMBL255863,HT29,C4349,C0338106
altretamine,CHEMBL1455,Nilotinib,CHEMBL255863,MCF7,C4194,C1134719
Gefitinib,CHEMBL939,Pralatrexate,CHEMBL1201746,MCF7,C4194,C1134719
Gefitinib,CHEMBL939,Pralatrexate,CHEMBL1201746,HT29,C4349,C0338106
6-Thioguanine,CHEMBL727,Nilotinib,CHEMBL255863,HT29,C4349,C0338106
6-Thioguanine,CHEMBL727,Nilotinib,CHEMBL255863,MCF7,C4194,C1134719
chlorambucil,CHEMBL515,Nilotinib,CHEMBL255863,HT29,C4349,C0338106
chlorambucil,CHEMBL515,Nilotinib,CHEMBL255863,MCF7,C4194,C1134719
Ruxolitinib,CHEMBL1789941,Pralatrexate,CHEMBL1201746,MCF7,C4194,C1134719
Ruxolitinib,CHEMBL1789941,Pralatrexate,CHEMBL1201746,HT29,C4349,C0338106
Vismodegib,CHEMBL473417,Pralatrexate,CHEMBL1201746,HT29,C4349,C0338106
Vismodegib,CHEMBL473417,Pralatrexate,CHEMBL1201746,MCF7,C4194,C1134719
Crizotinib,CHEMBL601719,Pralatrexate,CHEMBL1201746,MCF7,C4194,C1134719
Crizotinib,CHEMBL601719,Pralatrexate,CHEMBL1201746,HT29,C4349,C0338106
Vandetanib,CHEMBL24828,Pralatrexate,CHEMBL1201746,HT29,C4349,C0338106
Vandetanib,CHEMBL24828,Pralatrexate,CHEMBL1201746,MCF7,C4194,C1134719
Lenalidomide,CHEMBL848,Pralatrexate,CHEMBL1201746,MCF7,C4194,C1134719
Lenalidomide,CHEMBL848,Pralatrexate,CHEMBL1201746,HT29,C4349,C0338106
Vemurafenib,CHEMBL1229517,Pralatrexate,CHEMBL1201746,MCF7,C4194,C1134719
Vemurafenib,CHEMBL1229517,Pralatrexate,CHEMBL1201746,HT29,C4349,C0338106
Vemurafenib,CHEMBL1229517,altretamine,CHEMBL1455,MCF7,C4194,C1134719
Vemurafenib,CHEMBL1229517,altretamine,CHEMBL1455,HT29,C4349,C0338106
Lenalidomide,CHEMBL848,altretamine,CHEMBL1455,HT29,C4349,C0338106
Lenalidomide,CHEMBL848,altretamine,CHEMBL1455,MCF7,C4194,C1134719
Gefitinib,CHEMBL939,allopurinol,CHEMBL1467,HT29,C4349,C0338106
Gefitinib,CHEMBL939,allopurinol,CHEMBL1467,MCF7,C4194,C1134719
5-Fluorouracil,CHEMBL185,busulfan,CHEMBL820,HT29,C4349,C0338106
5-Fluorouracil,CHEMBL185,busulfan,CHEMBL820,MCF7,C4194,C1134719
chlorambucil,CHEMBL515,busulfan,CHEMBL820,HT29,C4349,C0338106
chlorambucil,CHEMBL515,busulfan,CHEMBL820,MCF7,C4194,C1134719
6-Thioguanine,CHEMBL727,busulfan,CHEMBL820,HT29,C4349,C0338106
6-Thioguanine,CHEMBL727,busulfan,CHEMBL820,MCF7,C4194,C1134719
Vandetanib,CHEMBL24828,allopurinol,CHEMBL1467,MCF7,C4194,C1134719
Vandetanib,CHEMBL24828,allopurinol,CHEMBL1467,HT29,C4349,C0338106
Vismodegib,CHEMBL473417,allopurinol,CHEMBL1467,HT29,C4349,C0338106
Vismodegib,CHEMBL473417,allopurinol,CHEMBL1467,MCF7,C4194,C1134719
Crizotinib,CHEMBL601719,allopurinol,CHEMBL1467,HT29,C4349,C0338106
Crizotinib,CHEMBL601719,allopurinol,CHEMBL1467,MCF7,C4194,C1134719
mitoxantrone,CHEMBL58,Nilotinib,CHEMBL255863,A549,C3512,C0152013
mitoxantrone,CHEMBL58,Nilotinib,CHEMBL255863,HT29,C4349,C0338106
mitoxantrone,CHEMBL58,Nilotinib,CHEMBL255863,MCF7,C4194,C1134719
altretamine,CHEMBL1455,busulfan,CHEMBL820,HT29,C4349,C0338106
altretamine,CHEMBL1455,busulfan,CHEMBL820,MCF7,C4194,C1134719
Ruxolitinib,CHEMBL1789941,allopurinol,CHEMBL1467,HT29,C4349,C0338106
Ruxolitinib,CHEMBL1789941,allopurinol,CHEMBL1467,MCF7,C4194,C1134719
Vemurafenib,CHEMBL1229517,Vemurafenib,CHEMBL1229517,MCF7,C4194,C1134719
Vemurafenib,CHEMBL1229517,Vemurafenib,CHEMBL1229517,A549,C3512,C0152013
Vemurafenib,CHEMBL1229517,Vemurafenib,CHEMBL1229517,HT29,C4349,C0338106
Vemurafenib,CHEMBL1229517,allopurinol,CHEMBL1467,MCF7,C4194,C1134719
Vemurafenib,CHEMBL1229517,allopurinol,CHEMBL1467,HT29,C4349,C0338106
Lenalidomide,CHEMBL848,allopurinol,CHEMBL1467,HT29,C4349,C0338106
Lenalidomide,CHEMBL848,allopurinol,CHEMBL1467,MCF7,C4194,C1134719
Ruxolitinib,CHEMBL1789941,Vemurafenib,CHEMBL1229517,A549,C3512,C0152013
Ruxolitinib,CHEMBL1789941,Vemurafenib,CHEMBL1229517,HT29,C4349,C0338106
Ruxolitinib,CHEMBL1789941,Vemurafenib,CHEMBL1229517,MCF7,C4194,C1134719
Vandetanib,CHEMBL24828,Vemurafenib,CHEMBL1229517,MCF7,C4194,C1134719
Vandetanib,CHEMBL24828,Vemurafenib,CHEMBL1229517,A549,C3512,C0152013
Vandetanib,CHEMBL24828,Vemurafenib,CHEMBL1229517,HT29,C4349,C0338106
Vismodegib,CHEMBL473417,Vemurafenib,CHEMBL1229517,MCF7,C4194,C1134719
Vismodegib,CHEMBL473417,Vemurafenib,CHEMBL1229517,HT29,C4349,C0338106
Crizotinib,CHEMBL601719,Vemurafenib,CHEMBL1229517,A549,C3512,C0152013
Crizotinib,CHEMBL601719,Vemurafenib,CHEMBL1229517,HT29,C4349,C0338106
Crizotinib,CHEMBL601719,Vemurafenib,CHEMBL1229517,MCF7,C4194,C1134719
Ruxolitinib,CHEMBL1789941,letrozole,CHEMBL1444,HT29,C4349,C0338106
Ruxolitinib,CHEMBL1789941,letrozole,CHEMBL1444,MCF7,C4194,C1134719
Vandetanib,CHEMBL24828,letrozole,CHEMBL1444,HT29,C4349,C0338106
Vandetanib,CHEMBL24828,letrozole,CHEMBL1444,MCF7,C4194,C1134719
Vismodegib,CHEMBL473417,letrozole,CHEMBL1444,HT29,C4349,C0338106
Vismodegib,CHEMBL473417,letrozole,CHEMBL1444,MCF7,C4194,C1134719
Crizotinib,CHEMBL601719,letrozole,CHEMBL1444,MCF7,C4194,C1134719
Crizotinib,CHEMBL601719,letrozole,CHEMBL1444,HT29,C4349,C0338106
Vemurafenib,CHEMBL1229517,letrozole,CHEMBL1444,HT29,C4349,C0338106
Vemurafenib,CHEMBL1229517,letrozole,CHEMBL1444,MCF7,C4194,C1134719
Lenalidomide,CHEMBL848,letrozole,CHEMBL1444,MCF7,C4194,C1134719
Lenalidomide,CHEMBL848,letrozole,CHEMBL1444,HT29,C4349,C0338106
mitoxantrone,CHEMBL58,busulfan,CHEMBL820,HT29,C4349,C0338106
mitoxantrone,CHEMBL58,busulfan,CHEMBL820,MCF7,C4194,C1134719
Gefitinib,CHEMBL939,letrozole,CHEMBL1444,MCF7,C4194,C1134719
Gefitinib,CHEMBL939,letrozole,CHEMBL1444,HT29,C4349,C0338106
6-Thioguanine,CHEMBL727,allopurinol,CHEMBL1467,MCF7,C4194,C1134719
6-Thioguanine,CHEMBL727,allopurinol,CHEMBL1467,HT29,C4349,C0338106
chlorambucil,CHEMBL515,allopurinol,CHEMBL1467,MCF7,C4194,C1134719
chlorambucil,CHEMBL515,allopurinol,CHEMBL1467,HT29,C4349,C0338106
altretamine,CHEMBL1455,allopurinol,CHEMBL1467,MCF7,C4194,C1134719
altretamine,CHEMBL1455,allopurinol,CHEMBL1467,HT29,C4349,C0338106
5-Fluorouracil,CHEMBL185,allopurinol,CHEMBL1467,MCF7,C4194,C1134719
5-Fluorouracil,CHEMBL185,allopurinol,CHEMBL1467,HT29,C4349,C0338106
Ruxolitinib,CHEMBL1789941,altretamine,CHEMBL1455,HT29,C4349,C0338106
Ruxolitinib,CHEMBL1789941,altretamine,CHEMBL1455,MCF7,C4194,C1134719
Gefitinib,CHEMBL939,Nilotinib,CHEMBL255863,MCF7,C4194,C1134719
Gefitinib,CHEMBL939,Nilotinib,CHEMBL255863,A549,C3512,C0152013
Gefitinib,CHEMBL939,Nilotinib,CHEMBL255863,HT29,C4349,C0338106
Vemurafenib,CHEMBL1229517,Nilotinib,CHEMBL255863,A549,C3512,C0152013
Vemurafenib,CHEMBL1229517,Nilotinib,CHEMBL255863,HT29,C4349,C0338106
Vemurafenib,CHEMBL1229517,Nilotinib,CHEMBL255863,MCF7,C4194,C1134719
Lenalidomide,CHEMBL848,Nilotinib,CHEMBL255863,MCF7,C4194,C1134719
Lenalidomide,CHEMBL848,Nilotinib,CHEMBL255863,HT29,C4349,C0338106
Vandetanib,CHEMBL24828,altretamine,CHEMBL1455,MCF7,C4194,C1134719
Vandetanib,CHEMBL24828,altretamine,CHEMBL1455,HT29,C4349,C0338106
6-Thioguanine,CHEMBL727,hydroxyurea,CHEMBL467,HT29,C4349,C0338106
6-Thioguanine,CHEMBL727,hydroxyurea,CHEMBL467,MCF7,C4194,C1134719
chlorambucil,CHEMBL515,hydroxyurea,CHEMBL467,HT29,C4349,C0338106
chlorambucil,CHEMBL515,hydroxyurea,CHEMBL467,MCF7,C4194,C1134719
altretamine,CHEMBL1455,hydroxyurea,CHEMBL467,HT29,C4349,C0338106
altretamine,CHEMBL1455,hydroxyurea,CHEMBL467,MCF7,C4194,C1134719
5-Fluorouracil,CHEMBL185,hydroxyurea,CHEMBL467,HT29,C4349,C0338106
5-Fluorouracil,CHEMBL185,hydroxyurea,CHEMBL467,MCF7,C4194,C1134719
Crizotinib,CHEMBL601719,altretamine,CHEMBL1455,HT29,C4349,C0338106
Crizotinib,CHEMBL601719,altretamine,CHEMBL1455,MCF7,C4194,C1134719
Ruxolitinib,CHEMBL1789941,Nilotinib,CHEMBL255863,MCF7,C4194,C1134719
Ruxolitinib,CHEMBL1789941,Nilotinib,CHEMBL255863,A549,C3512,C0152013
Ruxolitinib,CHEMBL1789941,Nilotinib,CHEMBL255863,HT29,C4349,C0338106
Vismodegib,CHEMBL473417,altretamine,CHEMBL1455,MCF7,C4194,C1134719
Vismodegib,CHEMBL473417,altretamine,CHEMBL1455,HT29,C4349,C0338106
Vandetanib,CHEMBL24828,Nilotinib,CHEMBL255863,A549,C3512,C0152013
Vandetanib,CHEMBL24828,Nilotinib,CHEMBL255863,HT29,C4349,C0338106
Vandetanib,CHEMBL24828,Nilotinib,CHEMBL255863,MCF7,C4194,C1134719
Crizotinib,CHEMBL601719,Nilotinib,CHEMBL255863,A549,C3512,C0152013
Crizotinib,CHEMBL601719,Nilotinib,CHEMBL255863,HT29,C4349,C0338106
Crizotinib,CHEMBL601719,Nilotinib,CHEMBL255863,MCF7,C4194,C1134719
Vismodegib,CHEMBL473417,Nilotinib,CHEMBL255863,HT29,C4349,C0338106
Vismodegib,CHEMBL473417,Nilotinib,CHEMBL255863,MCF7,C4194,C1134719
altretamine,CHEMBL1455,chlorambucil,CHEMBL515,HT29,C4349,C0338106
altretamine,CHEMBL1455,chlorambucil,CHEMBL515,MCF7,C4194,C1134719
5-Fluorouracil,CHEMBL185,chlorambucil,CHEMBL515,HT29,C4349,C0338106
5-Fluorouracil,CHEMBL185,chlorambucil,CHEMBL515,MCF7,C4194,C1134719
mitoxantrone,CHEMBL58,allopurinol,CHEMBL1467,MCF7,C4194,C1134719
mitoxantrone,CHEMBL58,allopurinol,CHEMBL1467,HT29,C4349,C0338106
mitoxantrone,CHEMBL58,letrozole,CHEMBL1444,HT29,C4349,C0338106
mitoxantrone,CHEMBL58,letrozole,CHEMBL1444,MCF7,C4194,C1134719
mitoxantrone,CHEMBL58,hydroxyurea,CHEMBL467,HT29,C4349,C0338106
mitoxantrone,CHEMBL58,hydroxyurea,CHEMBL467,MCF7,C4194,C1134719
Lenalidomide,CHEMBL848,hydroxyurea,CHEMBL467,MCF7,C4194,C1134719
Lenalidomide,CHEMBL848,hydroxyurea,CHEMBL467,HT29,C4349,C0338106
Vemurafenib,CHEMBL1229517,hydroxyurea,CHEMBL467,HT29,C4349,C0338106
Vemurafenib,CHEMBL1229517,hydroxyurea,CHEMBL467,MCF7,C4194,C1134719
Vismodegib,CHEMBL473417,hydroxyurea,CHEMBL467,HT29,C4349,C0338106
Vismodegib,CHEMBL473417,hydroxyurea,CHEMBL467,MCF7,C4194,C1134719
Crizotinib,CHEMBL601719,hydroxyurea,CHEMBL467,MCF7,C4194,C1134719
Crizotinib,CHEMBL601719,hydroxyurea,CHEMBL467,HT29,C4349,C0338106
Vandetanib,CHEMBL24828,hydroxyurea,CHEMBL467,HT29,C4349,C0338106
Vandetanib,CHEMBL24828,hydroxyurea,CHEMBL467,MCF7,C4194,C1134719
Ruxolitinib,CHEMBL1789941,hydroxyurea,CHEMBL467,HT29,C4349,C0338106
Ruxolitinib,CHEMBL1789941,hydroxyurea,CHEMBL467,MCF7,C4194,C1134719
altretamine,CHEMBL1455,letrozole,CHEMBL1444,HT29,C4349,C0338106
altretamine,CHEMBL1455,letrozole,CHEMBL1444,MCF7,C4194,C1134719
Gefitinib,CHEMBL939,hydroxyurea,CHEMBL467,MCF7,C4194,C1134719
Gefitinib,CHEMBL939,hydroxyurea,CHEMBL467,HT29,C4349,C0338106
chlorambucil,CHEMBL515,letrozole,CHEMBL1444,HT29,C4349,C0338106
chlorambucil,CHEMBL515,letrozole,CHEMBL1444,MCF7,C4194,C1134719
6-Thioguanine,CHEMBL727,letrozole,CHEMBL1444,HT29,C4349,C0338106
6-Thioguanine,CHEMBL727,letrozole,CHEMBL1444,MCF7,C4194,C1134719
5-Fluorouracil,CHEMBL185,letrozole,CHEMBL1444,HT29,C4349,C0338106
5-Fluorouracil,CHEMBL185,letrozole,CHEMBL1444,MCF7,C4194,C1134719
5-Fluorouracil,CHEMBL185,Vorinostat,CHEMBL98,HT29,C4349,C0338106
5-Fluorouracil,CHEMBL185,Vorinostat,CHEMBL98,MCF7,C4194,C1134719
altretamine,CHEMBL1455,Vorinostat,CHEMBL98,HT29,C4349,C0338106
altretamine,CHEMBL1455,Vorinostat,CHEMBL98,MCF7,C4194,C1134719
chlorambucil,CHEMBL515,Vorinostat,CHEMBL98,HT29,C4349,C0338106
chlorambucil,CHEMBL515,Vorinostat,CHEMBL98,MCF7,C4194,C1134719
6-Thioguanine,CHEMBL727,Vorinostat,CHEMBL98,HT29,C4349,C0338106
6-Thioguanine,CHEMBL727,Vorinostat,CHEMBL98,MCF7,C4194,C1134719
Gefitinib,CHEMBL939,anastrozole,CHEMBL1399,MCF7,C4194,C1134719
Gefitinib,CHEMBL939,anastrozole,CHEMBL1399,HT29,C4349,C0338106
Vemurafenib,CHEMBL1229517,6-Thioguanine,CHEMBL727,MCF7,C4194,C1134719
Vemurafenib,CHEMBL1229517,6-Thioguanine,CHEMBL727,HT29,C4349,C0338106
5-Fluorouracil,CHEMBL185,altretamine,CHEMBL1455,HT29,C4349,C0338106
5-Fluorouracil,CHEMBL185,altretamine,CHEMBL1455,MCF7,C4194,C1134719
Ruxolitinib,CHEMBL1789941,6-Thioguanine,CHEMBL727,HT29,C4349,C0338106
Ruxolitinib,CHEMBL1789941,6-Thioguanine,CHEMBL727,MCF7,C4194,C1134719
mitoxantrone,CHEMBL58,Vorinostat,CHEMBL98,MCF7,C4194,C1134719
mitoxantrone,CHEMBL58,Vorinostat,CHEMBL98,A549,C3512,C0152013
mitoxantrone,CHEMBL58,Vorinostat,CHEMBL98,HT29,C4349,C0338106
Crizotinib,CHEMBL601719,6-Thioguanine,CHEMBL727,HT29,C4349,C0338106
Crizotinib,CHEMBL601719,6-Thioguanine,CHEMBL727,MCF7,C4194,C1134719
Vismodegib,CHEMBL473417,6-Thioguanine,CHEMBL727,MCF7,C4194,C1134719
Vismodegib,CHEMBL473417,6-Thioguanine,CHEMBL727,HT29,C4349,C0338106
Vandetanib,CHEMBL24828,6-Thioguanine,CHEMBL727,MCF7,C4194,C1134719
Vandetanib,CHEMBL24828,6-Thioguanine,CHEMBL727,HT29,C4349,C0338106
Ruxolitinib,CHEMBL1789941,anastrozole,CHEMBL1399,MCF7,C4194,C1134719
Ruxolitinib,CHEMBL1789941,anastrozole,CHEMBL1399,HT29,C4349,C0338106
Vandetanib,CHEMBL24828,anastrozole,CHEMBL1399,HT29,C4349,C0338106
Vandetanib,CHEMBL24828,anastrozole,CHEMBL1399,MCF7,C4194,C1134719
Crizotinib,CHEMBL601719,anastrozole,CHEMBL1399,MCF7,C4194,C1134719
Crizotinib,CHEMBL601719,anastrozole,CHEMBL1399,HT29,C4349,C0338106
Vismodegib,CHEMBL473417,anastrozole,CHEMBL1399,HT29,C4349,C0338106
Vismodegib,CHEMBL473417,anastrozole,CHEMBL1399,MCF7,C4194,C1134719
Vemurafenib,CHEMBL1229517,anastrozole,CHEMBL1399,HT29,C4349,C0338106
Vemurafenib,CHEMBL1229517,anastrozole,CHEMBL1399,MCF7,C4194,C1134719
Lenalidomide,CHEMBL848,anastrozole,CHEMBL1399,MCF7,C4194,C1134719
Lenalidomide,CHEMBL848,anastrozole,CHEMBL1399,HT29,C4349,C0338106
mitoxantrone,CHEMBL58,altretamine,CHEMBL1455,HT29,C4349,C0338106
mitoxantrone,CHEMBL58,altretamine,CHEMBL1455,MCF7,C4194,C1134719
Vemurafenib,CHEMBL1229517,raloxifene,CHEMBL81,MCF7,C4194,C1134719
Vemurafenib,CHEMBL1229517,raloxifene,CHEMBL81,HT29,C4349,C0338106
Gefitinib,CHEMBL939,Vorinostat,CHEMBL98,MCF7,C4194,C1134719
Gefitinib,CHEMBL939,Vorinostat,CHEMBL98,HT29,C4349,C0338106
Gefitinib,CHEMBL939,Vorinostat,CHEMBL98,A549,C3512,C0152013
Vandetanib,CHEMBL24828,raloxifene,CHEMBL81,HT29,C4349,C0338106
Vandetanib,CHEMBL24828,raloxifene,CHEMBL81,MCF7,C4194,C1134719
Vismodegib,CHEMBL473417,raloxifene,CHEMBL81,HT29,C4349,C0338106
Vismodegib,CHEMBL473417,raloxifene,CHEMBL81,MCF7,C4194,C1134719
Crizotinib,CHEMBL601719,raloxifene,CHEMBL81,MCF7,C4194,C1134719
Crizotinib,CHEMBL601719,raloxifene,CHEMBL81,HT29,C4349,C0338106
Ruxolitinib,CHEMBL1789941,raloxifene,CHEMBL81,MCF7,C4194,C1134719
Ruxolitinib,CHEMBL1789941,raloxifene,CHEMBL81,HT29,C4349,C0338106
Lenalidomide,CHEMBL848,Vorinostat,CHEMBL98,MCF7,C4194,C1134719
Lenalidomide,CHEMBL848,Vorinostat,CHEMBL98,HT29,C4349,C0338106
Vemurafenib,CHEMBL1229517,Vorinostat,CHEMBL98,HT29,C4349,C0338106
Vemurafenib,CHEMBL1229517,Vorinostat,CHEMBL98,A549,C3512,C0152013
Vemurafenib,CHEMBL1229517,Vorinostat,CHEMBL98,MCF7,C4194,C1134719
Ruxolitinib,CHEMBL1789941,Vorinostat,CHEMBL98,MCF7,C4194,C1134719
Ruxolitinib,CHEMBL1789941,Vorinostat,CHEMBL98,HT29,C4349,C0338106
Ruxolitinib,CHEMBL1789941,Vorinostat,CHEMBL98,A549,C3512,C0152013
Vismodegib,CHEMBL473417,Vorinostat,CHEMBL98,HT29,C4349,C0338106
Vismodegib,CHEMBL473417,Vorinostat,CHEMBL98,MCF7,C4194,C1134719
Crizotinib,CHEMBL601719,Vorinostat,CHEMBL98,MCF7,C4194,C1134719
Crizotinib,CHEMBL601719,Vorinostat,CHEMBL98,A549,C3512,C0152013
Crizotinib,CHEMBL601719,Vorinostat,CHEMBL98,HT29,C4349,C0338106
Vandetanib,CHEMBL24828,Vorinostat,CHEMBL98,HT29,C4349,C0338106
Vandetanib,CHEMBL24828,Vorinostat,CHEMBL98,A549,C3512,C0152013
Vandetanib,CHEMBL24828,Vorinostat,CHEMBL98,MCF7,C4194,C1134719
Gefitinib,CHEMBL939,IMIQUIMOD,CHEMBL1282,HT29,C4349,C0338106
Gefitinib,CHEMBL939,IMIQUIMOD,CHEMBL1282,MCF7,C4194,C1134719
mitoxantrone,CHEMBL58,anastrozole,CHEMBL1399,HT29,C4349,C0338106
mitoxantrone,CHEMBL58,anastrozole,CHEMBL1399,MCF7,C4194,C1134719
5-Fluorouracil,CHEMBL185,temozolomide,CHEMBL810,HT29,C4349,C0338106
5-Fluorouracil,CHEMBL185,temozolomide,CHEMBL810,MCF7,C4194,C1134719
altretamine,CHEMBL1455,temozolomide,CHEMBL810,HT29,C4349,C0338106
altretamine,CHEMBL1455,temozolomide,CHEMBL810,MCF7,C4194,C1134719
chlorambucil,CHEMBL515,temozolomide,CHEMBL810,MCF7,C4194,C1134719
chlorambucil,CHEMBL515,temozolomide,CHEMBL810,HT29,C4349,C0338106
6-Thioguanine,CHEMBL727,temozolomide,CHEMBL810,MCF7,C4194,C1134719
6-Thioguanine,CHEMBL727,temozolomide,CHEMBL810,HT29,C4349,C0338106
mitoxantrone,CHEMBL58,chlorambucil,CHEMBL515,MCF7,C4194,C1134719
mitoxantrone,CHEMBL58,chlorambucil,CHEMBL515,HT29,C4349,C0338106
6-Thioguanine,CHEMBL727,Ixabepilone,CHEMBL1201752,HT29,C4349,C0338106
6-Thioguanine,CHEMBL727,Ixabepilone,CHEMBL1201752,MCF7,C4194,C1134719
Vemurafenib,CHEMBL1229517,IMIQUIMOD,CHEMBL1282,MCF7,C4194,C1134719
Vemurafenib,CHEMBL1229517,IMIQUIMOD,CHEMBL1282,HT29,C4349,C0338106
chlorambucil,CHEMBL515,Ixabepilone,CHEMBL1201752,HT29,C4349,C0338106
chlorambucil,CHEMBL515,Ixabepilone,CHEMBL1201752,MCF7,C4194,C1134719
altretamine,CHEMBL1455,Ixabepilone,CHEMBL1201752,HT29,C4349,C0338106
altretamine,CHEMBL1455,Ixabepilone,CHEMBL1201752,MCF7,C4194,C1134719
5-Fluorouracil,CHEMBL185,Ixabepilone,CHEMBL1201752,HT29,C4349,C0338106
5-Fluorouracil,CHEMBL185,Ixabepilone,CHEMBL1201752,MCF7,C4194,C1134719
mitoxantrone,CHEMBL58,Sunitinib,CHEMBL535,HT29,C4349,C0338106
mitoxantrone,CHEMBL58,Sunitinib,CHEMBL535,A549,C3512,C0152013
mitoxantrone,CHEMBL58,Sunitinib,CHEMBL535,MCF7,C4194,C1134719
Lenalidomide,CHEMBL848,IMIQUIMOD,CHEMBL1282,HT29,C4349,C0338106
Lenalidomide,CHEMBL848,IMIQUIMOD,CHEMBL1282,MCF7,C4194,C1134719
mitoxantrone,CHEMBL58,5-Fluorouracil,CHEMBL185,HT29,C4349,C0338106
mitoxantrone,CHEMBL58,5-Fluorouracil,CHEMBL185,MCF7,C4194,C1134719
5-Fluorouracil,CHEMBL185,anastrozole,CHEMBL1399,HT29,C4349,C0338106
5-Fluorouracil,CHEMBL185,anastrozole,CHEMBL1399,MCF7,C4194,C1134719
altretamine,CHEMBL1455,anastrozole,CHEMBL1399,HT29,C4349,C0338106
altretamine,CHEMBL1455,anastrozole,CHEMBL1399,MCF7,C4194,C1134719
chlorambucil,CHEMBL515,anastrozole,CHEMBL1399,HT29,C4349,C0338106
chlorambucil,CHEMBL515,anastrozole,CHEMBL1399,MCF7,C4194,C1134719
6-Thioguanine,CHEMBL727,anastrozole,CHEMBL1399,HT29,C4349,C0338106
6-Thioguanine,CHEMBL727,anastrozole,CHEMBL1399,MCF7,C4194,C1134719
mitoxantrone,CHEMBL58,temozolomide,CHEMBL810,HT29,C4349,C0338106
mitoxantrone,CHEMBL58,temozolomide,CHEMBL810,MCF7,C4194,C1134719
Ruxolitinib,CHEMBL1789941,IMIQUIMOD,CHEMBL1282,HT29,C4349,C0338106
Ruxolitinib,CHEMBL1789941,IMIQUIMOD,CHEMBL1282,MCF7,C4194,C1134719
Vandetanib,CHEMBL24828,Lenalidomide,CHEMBL848,HT29,C4349,C0338106
Vandetanib,CHEMBL24828,Lenalidomide,CHEMBL848,MCF7,C4194,C1134719
Vismodegib,CHEMBL473417,Lenalidomide,CHEMBL848,HT29,C4349,C0338106
Vismodegib,CHEMBL473417,Lenalidomide,CHEMBL848,MCF7,C4194,C1134719
Crizotinib,CHEMBL601719,Lenalidomide,CHEMBL848,MCF7,C4194,C1134719
Crizotinib,CHEMBL601719,Lenalidomide,CHEMBL848,HT29,C4349,C0338106
Ruxolitinib,CHEMBL1789941,Lenalidomide,CHEMBL848,MCF7,C4194,C1134719
Ruxolitinib,CHEMBL1789941,Lenalidomide,CHEMBL848,HT29,C4349,C0338106
Vandetanib,CHEMBL24828,IMIQUIMOD,CHEMBL1282,MCF7,C4194,C1134719
Vandetanib,CHEMBL24828,IMIQUIMOD,CHEMBL1282,HT29,C4349,C0338106
Vemurafenib,CHEMBL1229517,Lenalidomide,CHEMBL848,HT29,C4349,C0338106
Vemurafenib,CHEMBL1229517,Lenalidomide,CHEMBL848,MCF7,C4194,C1134719
mitoxantrone,CHEMBL58,Ixabepilone,CHEMBL1201752,HT29,C4349,C0338106
mitoxantrone,CHEMBL58,Ixabepilone,CHEMBL1201752,MCF7,C4194,C1134719
Vismodegib,CHEMBL473417,IMIQUIMOD,CHEMBL1282,MCF7,C4194,C1134719
Vismodegib,CHEMBL473417,IMIQUIMOD,CHEMBL1282,HT29,C4349,C0338106
Crizotinib,CHEMBL601719,IMIQUIMOD,CHEMBL1282,HT29,C4349,C0338106
Crizotinib,CHEMBL601719,IMIQUIMOD,CHEMBL1282,MCF7,C4194,C1134719
Lenalidomide,CHEMBL848,5-Fluorouracil,CHEMBL185,MCF7,C4194,C1134719
Lenalidomide,CHEMBL848,5-Fluorouracil,CHEMBL185,HT29,C4349,C0338106
Vemurafenib,CHEMBL1229517,5-Fluorouracil,CHEMBL185,HT29,C4349,C0338106
Vemurafenib,CHEMBL1229517,5-Fluorouracil,CHEMBL185,MCF7,C4194,C1134719
Ruxolitinib,CHEMBL1789941,5-Fluorouracil,CHEMBL185,MCF7,C4194,C1134719
Ruxolitinib,CHEMBL1789941,5-Fluorouracil,CHEMBL185,HT29,C4349,C0338106
Vismodegib,CHEMBL473417,5-Fluorouracil,CHEMBL185,HT29,C4349,C0338106
Vismodegib,CHEMBL473417,5-Fluorouracil,CHEMBL185,MCF7,C4194,C1134719
Crizotinib,CHEMBL601719,5-Fluorouracil,CHEMBL185,MCF7,C4194,C1134719
Crizotinib,CHEMBL601719,5-Fluorouracil,CHEMBL185,HT29,C4349,C0338106
Vandetanib,CHEMBL24828,5-Fluorouracil,CHEMBL185,HT29,C4349,C0338106
Vandetanib,CHEMBL24828,5-Fluorouracil,CHEMBL185,MCF7,C4194,C1134719
mitoxantrone,CHEMBL58,Bortezomib,CHEMBL325041,MCF7,C4194,C1134719
mitoxantrone,CHEMBL58,Bortezomib,CHEMBL325041,HT29,C4349,C0338106
Gefitinib,CHEMBL939,5-Fluorouracil,CHEMBL185,MCF7,C4194,C1134719
Gefitinib,CHEMBL939,5-Fluorouracil,CHEMBL185,HT29,C4349,C0338106
