name,atcCode,idDrugBank,idPubChem,idDrug,smiles,inchikey,dataset_names
(E)-3-Tosylacrylonitrile,,,5353431,190,CC1=CC=C(C=C1)S(=O)(=O)C=CC#N,DOEWDSDBFRHVAP-KRXBUXKQSA-N,"STANFORD,YALE-TNBC"
1-Hexadecanol,,DB09494,2682,375,CCCCCCCCCCCCCCCCO,BXWNKGSJHAJOGX-UHFFFAOYSA-N,STANFORD
10-Deacetylbaccatin III,,,154272,376,CC1=C2C(C(=O)C3(C(CC4C(C3C(C(C2(C)C)(CC1O)O)OC(=O)C5=CC=CC=C5)(CO4)OC(=O)C)O)C)O,YWLXLRUDGLRYDR-ZHPRIASZSA-N,STANFORD
"2,4,5-Trimethoxybenzaldehyde",,,20525,527,COC1=CC(=C(C=C1C=O)OC)OC,IAJBQAYHSQIQRE-UHFFFAOYSA-N,STANFORD
"2,4-Bisanilinopyrimidine, 10",,,44139710,540,CCN1CCN(CC1)C(=O)CC2=CC=C(C=C2)NC3=NC=C(C(=N3)NC4=CC=C(C=C4)C(=O)NC5=CC=CC=C5Cl)F,AKSIZPIFQAYJGF-UHFFFAOYSA-N,STANFORD
2-Aminothiazole,,,2155,487,C1=CSC(=N1)N,RAIPHJJURHTUIC-UHFFFAOYSA-N,STANFORD
2-deoxy-D-glucose,,,,185,,N,YALE-TNBC
2-Methoxyestradiol,,,66414,378,CC12CCC3C(C1CCC2O)CCC4=CC(=C(C=C34)OC)O,CQOQDQWUFQDJMK-SSTWWWIQSA-N,STANFORD
2-Methyladenine,,,15048,383,CC1=NC(=C2C(=N1)N=CN2)N,SMADWRYCYBUIKH-UHFFFAOYSA-N,STANFORD
2-Nitroimidazole,,,10701,556,C1=CN=C(N1)[N+](=O)[O-],YZEUHQHUFTYLPH-UHFFFAOYSA-N,STANFORD
2-Thiouracil,,,1269845,379,C1=CNC(=S)NC1=O,ZEMGGZBWXRYJHK-UHFFFAOYSA-N,STANFORD
20-Hydroxyecdysone,,,5459840,380,CC12CCC3C(=CC(=O)C4C3(CC(C(C4)O)O)C)C1(CCC2C(C)(C(CCC(C)(C)O)O)O)O,NKDFYOWSKOHCCO-YPVLXUMRSA-N,STANFORD
3-Aminobenzamide,,,1645,1101,C1=CC(=CC(=C1)N)C(=O)N,GSCPDZHWVNUUFI-UHFFFAOYSA-N,STANFORD
3-Deazaneplanocin,,,73087,381,C1=CN=C(C2=C1N(C=N2)C3C=C(C(C3O)O)CO)N,OMKHWTRUYNAGFG-IEBDPFPHSA-N,STANFORD
4-Chloro-3-methylphenol,,,1732,720,CC1=C(C=CC(=C1)O)Cl,CFKMVGJGLGKFKI-UHFFFAOYSA-N,STANFORD
4-Methoxyphenol,D11AX06,DB09516,9015,1286,COC1=CC=C(C=C1)O,NWVVVBRKAWDGAB-UHFFFAOYSA-N,STANFORD
405554-55-4,,,49867937,1678,CC1=CC=C(C=C1)C(=O)N(CCCN)C(C2=C(C(=O)C3=C(O2)C=C(C=C3)Cl)CC4=CC=CC=C4)C(C)C.Cl,MLMZVWABFOLFGV-LNLSOMNWSA-N,STANFORD
5-Hydroxytryptophan,,,144,388,C1=CC2=C(C=C1O)C(=CN2)CC(C(=O)O)N,LDCYZAJDBXYCGN-UHFFFAOYSA-N,STANFORD
5-Nonyloxytryptamine oxalate,,,10126593,186,CCCCCCCCCOC1=CC2=C(C=C1)NC=C2CCN.C(=O)(C(=O)O)O,JORSCLBFSAAOFR-UHFFFAOYSA-N,YALE-TNBC
"6,7-Dimethoxy-3-phenylquinoxaline",,,2049,1904,COC1=C(C=C2C(=C1)N=CC(=N2)C3=CC=CC=C3)OC,QNOXYUNHIGOWNY-UHFFFAOYSA-N,STANFORD
6-Bromoindirubin-3'-oxime,,,448949,563,C1=CC=C2C(=C1)C(=C(N2)C3=C(NC4=C3C=CC(=C4)Br)O)N=O,SAQUSDSPQYQNBG-UHFFFAOYSA-N,STANFORD
7-Aminocephalosporanic acid,,,441328,389,CC(=O)OCC1=C(N2C(C(C2=O)N)SC1)C(=O)O,HSHGZXNAXBPPDL-HZGVNTEJSA-N,STANFORD
8-Azaguanine,,,135403646,390,C12=NNN=C1N=C(NC2=O)N,LPXQRXLUHJKZIE-UHFFFAOYSA-N,STANFORD
A-205804,,,9839311,391,CC1=CC=C(C=C1)SC2=C3C=C(SC3=CN=C2)C(=O)N,QQGWEXFLMJGCAL-UHFFFAOYSA-N,STANFORD
A-674563,,,11314340,392,CC1=C2C=C(C=CC2=NN1)C3=CC(=CN=C3)OCC(CC4=CC=CC=C4)N,BPNUQXPIQBZCMR-IBGZPJMESA-N,STANFORD
A-769662,,,54708532,297,C1=CC=C(C(=C1)C2=CC=C(C=C2)C3=CSC4=C3C(=C(C(=O)N4)C#N)O)O,CTESJDQKVOEUOY-UHFFFAOYSA-N,"STANFORD,MIT-MELANOMA"
A-803467,,,16038374,394,COC1=CC(=CC(=C1)NC(=O)C2=CC=C(O2)C3=CC=C(C=C3)Cl)OC,VHKBTPQDHDSBSP-UHFFFAOYSA-N,STANFORD
A-922500,,,24768261,396,C1CC(C(C1)C(=O)O)C(=O)C2=CC=C(C=C2)C3=CC=C(C=C3)NC(=O)NC4=CC=CC=C4,BOZRFEQDOFSZBV-DHIUTWEWSA-N,STANFORD
A66,,,42636535,395,CC1=C(SC(=N1)NC(=O)N2CCCC2C(=O)N)C3=CSC(=N3)C(C)(C)C,HBPXWEPKNBHKAX-NSHDSACASA-N,STANFORD
Abemaciclib mesylate,,,71576678,1187,CCN1CCN(CC1)CC2=CN=C(C=C2)NC3=NC=C(C(=N3)C4=CC5=C(C(=C4)F)N=C(N5C(C)C)C)F.CS(=O)(=O)O,NCJPFQPEVDHJAZ-UHFFFAOYSA-N,STANFORD
Abiraterone,L02BX03,DB05812,132971,2018,CC12CCC(CC1=CCC3C2CCC4(C3CC=C4C5=CN=CC=C5)C)O,GZOSMCIZMLWJML-VJLLXTKPSA-N,NCI-ALMANAC
Abiraterone acetate,,,9821849,439,CC(=O)OC1CCC2(C3CCC4(C(C3CC=C2C1)CC=C4C5=CN=CC=C5)C)C,UVIQSJCZCSLXRZ-UBUQANBQSA-N,STANFORD
Abt-737,,,11228183,397,CN(C)CCC(CSC1=CC=CC=C1)NC2=C(C=C(C=C2)S(=O)(=O)NC(=O)C3=CC=C(C=C3)N4CCN(CC4)CC5=CC=CC=C5C6=CC=C(C=C6)Cl)[N+](=O)[O-],HPLNQCPCUACXLM-PGUFJCEWSA-N,STANFORD
Abt-751,,DB12254,3035714,398,COC1=CC=C(C=C1)S(=O)(=O)NC2=C(N=CC=C2)NC3=CC=C(C=C3)O,URCVCIZFVQDVPM-UHFFFAOYSA-N,STANFORD
Acadesine,,,17513,440,C1=NC(=C(N1C2C(C(C(O2)CO)O)O)N)C(=O)N,RTRQQBHATOEIAF-UUOKFMHZSA-N,STANFORD
Acarbose,,,41774,441,CC1C(C(C(C(O1)OC2C(OC(C(C2O)O)OC3C(OC(C(C3O)O)O)CO)CO)O)O)NC4C=C(C(C(C4O)O)O)CO,XUFXOAAUWZOOIT-UGEKTDRHSA-N,STANFORD
Acebutolol hydrochloride,,,441307,442,CCCC(=O)NC1=CC(=C(C=C1)OCC(CNC(C)C)O)C(=O)C.Cl,KTUFKADDDORSSI-UHFFFAOYSA-N,STANFORD
Aceclidine hydrochloride,,,170367,443,CC(=O)OC1CN2CCC1CC2.Cl,LWWSARSTZGNKGV-UHFFFAOYSA-N,STANFORD
Acemetacin,,,1981,444,CC1=C(C2=C(N1C(=O)C3=CC=C(C=C3)Cl)C=CC(=C2)OC)CC(=O)OCC(=O)O,FSQKKOOTNAMONP-UHFFFAOYSA-N,STANFORD
Acesulfame potassium,,,11074431,445,CC1=CC(=O)[N-]S(=O)(=O)O1.[K+],WBZFUFAFFUEMEI-UHFFFAOYSA-M,STANFORD
Acetanilide,,,904,446,CC(=O)NC1=CC=CC=C1,FZERHIULMFGESH-UHFFFAOYSA-N,STANFORD
Acetarsol,,,1985,447,CC(=O)NC1=C(C=CC(=C1)[As](=O)(O)O)O,ODFJOVXVLFUVNQ-UHFFFAOYSA-N,STANFORD
Acetovanillone,,DB12618,2214,515,CC(=O)C1=CC(=C(C=C1)O)OC,DFYRUELUNQRZTB-UHFFFAOYSA-N,STANFORD
Acetylcholine chloride,,,6060,448,CC(=O)OCC[N+](C)(C)C.[Cl-],JUGOREOARAHOCO-UHFFFAOYSA-M,STANFORD
Acetylcysteine,,DB06151,12035,449,CC(=O)NC(CS)C(=O)O,PWKSKIMOESPYIA-BYPYZUCNSA-N,STANFORD
Acipimox,,DB09055,5310993,451,CC1=CN=C(C=[N+]1[O-])C(=O)O,DJQOOSBJCLSSEY-UHFFFAOYSA-N,STANFORD
Acitretin,,,5284513,452,CC1=CC(=C(C(=C1C=CC(=CC=CC(=CC(=O)O)C)C)C)C)OC,IHUNBGSDBOWDMA-AQFIFDHZSA-N,STANFORD
Aclidinium bromide,,,11519741,453,C1C[N+]2(CCC1C(C2)OC(=O)C(C3=CC=CS3)(C4=CC=CS4)O)CCCOC5=CC=CC=C5.[Br-],XLAKJQPTOJHYDR-QTQXQZBYSA-M,STANFORD
Acyclovir,,DB00787,135398513,450,C1=NC2=C(N1COCCO)N=C(NC2=O)N,MKUXAQIIEYXACX-UHFFFAOYSA-N,STANFORD
Adapalene,,DB00210,60164,454,COC1=C(C=C(C=C1)C2=CC3=C(C=C2)C=C(C=C3)C(=O)O)C45CC6CC(C4)CC(C6)C5,LZCDAPDGXCYOEH-UHFFFAOYSA-N,STANFORD
Adavosertib,,DB11740,24856436,2,CC(C)(C1=NC(=CC=C1)N2C3=NC(=NC=C3C(=O)N2CC=C)NC4=CC=C(C=C4)N5CCN(CC5)C)O,BKWJAKQVGHWELA-UHFFFAOYSA-N,"MERCK,YALE-PDAC,YALE-TNBC,STANFORD,MIT-MELANOMA"
Adefovir dipivoxil,,DB00718,60871,455,CC(C)(C)C(=O)OCOP(=O)(COCCN1C=NC2=C(N=CN=C21)N)OCOC(=O)C(C)(C)C,WOZSCQDILHKSGG-UHFFFAOYSA-N,STANFORD
Adenine hydrochloride,,,76219,456,C1=NC2=NC=NC(=C2N1)N.Cl,UQVDQSWZQXDUJB-UHFFFAOYSA-N,STANFORD
Adenosine,,DB00640,60961,457,C1=NC(=C2C(=N1)N(C=N2)C3C(C(C(O3)CO)O)O)N,OIRDTQYFTABQOQ-KQYNXXCUSA-N,STANFORD
Adiphenine hydrochloride,,,5763,458,CCN(CC)CCOC(=O)C(C1=CC=CC=C1)C2=CC=CC=C2.Cl,LKPINBXAWIMZCG-UHFFFAOYSA-N,STANFORD
AdipoRon,,,16307093,459,C1CN(CCC1NC(=O)COC2=CC=C(C=C2)C(=O)C3=CC=CC=C3)CC4=CC=CC=C4,SHHUPGSHGSNPDB-UHFFFAOYSA-N,STANFORD
Adl-5859,,,46931003,400,CCN(CC)C(=O)C1=CC=C(C=C1)C2=CC3(CCNCC3)OC4=CC=CC(=C42)O.Cl,ZFNLSWREIULTDO-UHFFFAOYSA-N,STANFORD
Adrenalone hydrochloride,,,66136,460,CNCC(=O)C1=CC(=C(C=C1)O)O.Cl,CSRRBDMYOUQTCO-UHFFFAOYSA-N,STANFORD
Adx-47273,,,11383075,401,C1CC(CN(C1)C(=O)C2=CC=C(C=C2)F)C3=NC(=NO3)C4=CC=C(C=C4)F,VXQCCZHCFBHTTD-HNNXBMFYSA-N,STANFORD
Aee788,,DB12558,10297043,402,CCN1CCN(CC1)CC2=CC=C(C=C2)C3=CC4=C(N3)N=CN=C4NC(C)C5=CC=CC=C5,OONFNUWBHFSNBT-HXUWFJFHSA-N,STANFORD
Afatinib,L01XE13,DB08916,10184653,133,CN(C)CC=CC(=O)NC1=C(C=C2C(=C1)C(=NC=N2)NC3=CC(=C(C=C3)F)Cl)OC4CCOC4,ULXXDDBFHOBEHA-CWDCEQMOSA-N,"YALE-TNBC,STANFORD,YALE-PDAC"
AG-14361,,,9840076,404,CN(C)CC1=CC=C(C=C1)C2=NC3=CC=CC4=C3N2CCNC4=O,SEKJSSBJKFLZIT-UHFFFAOYSA-N,STANFORD
AG-1478,,,2051,405,COC1=C(C=C2C(=C1)C(=NC=N2)NC3=CC(=CC=C3)Cl)OC,GFNNBHLJANVSQV-UHFFFAOYSA-N,STANFORD
AG-1879,,,4878,1488,CC(C)(C)N1C2=NC=NC(=C2C(=N1)C3=CC=C(C=C3)Cl)N,PBBRWFOVCUAONR-UHFFFAOYSA-N,STANFORD
Agerafenib,,,56846693,659,CC(C)(C1=CC(=NO1)NC(=O)NC2=CC(=CC=C2)OC3=NC=NC4=CC(=C(C=C43)OC)OC)C(F)(F)F,DKNUPRMJNUQNHR-UHFFFAOYSA-N,STANFORD
Agi-5198,,,56645356,408,CC1=CC=CC=C1C(C(=O)NC2CCCCC2)N(C3=CC(=CC=C3)F)C(=O)CN4C=CN=C4C,FNYGWXSATBUBER-UHFFFAOYSA-N,STANFORD
Agomelatine,,DB06594,82148,461,CC(=O)NCCC1=CC=CC2=C1C=C(C=C2)OC,YJYPHIXNFHFHND-UHFFFAOYSA-N,STANFORD
Albendazole,P02CA03 ,DB00518,2082,259,CCCSC1=CC2=C(C=C1)N=C(N2)NC(=O)OC,HXHWSAZORRCQMX-UHFFFAOYSA-N,"STANFORD,CLOUD"
Albendazole oxide,,DB13871,83969,462,CCCS(=O)C1=CC2=C(C=C1)N=C(N2)NC(=O)OC,VXTGHWHFYNYFFV-UHFFFAOYSA-N,STANFORD
Alectinib,L01XE36 ,DB11363,49806720,187,CCC1=CC2=C(C=C1N3CCC(CC3)N4CCOCC4)C(C5=C(C2=O)C6=C(N5)C=C(C=C6)C#N)(C)C,KDGFLJKFZUIJMX-UHFFFAOYSA-N,"YALE-TNBC,STANFORD"
Alfacalcidol,,DB01436,5282181,463,CC(C)CCCC(C)C1CCC2C1(CCCC2=CC=C3CC(CC(C3=C)O)O)C,OFHCOWSQAMBJIW-AVJTYSNKSA-N,STANFORD
Alfuzosin Hydrochloride,,,71764,464,CN(CCCNC(=O)C1CCCO1)C2=NC3=CC(=C(C=C3C(=N2)N)OC)OC.Cl,YTNKWDJILNVLGX-UHFFFAOYSA-N,STANFORD
Alibendol,,,71916,465,COC1=CC(=CC(=C1O)C(=O)NCCO)CC=C,UMJHTFHIQDEGKB-UHFFFAOYSA-N,STANFORD
Alisertib,,DB05220,24771867,177,COC1=C(C(=CC=C1)F)C2=NCC3=CN=C(N=C3C4=C2C=C(C=C4)Cl)NC5=CC(=C(C=C5)C(=O)O)OC,ZLHFILGSQDJULK-UHFFFAOYSA-N,"YALE-PDAC,STANFORD,YALE-TNBC"
Aliskiren hemifumarate,,,6918427,466,CC(C)C(CC1=CC(=C(C=C1)OC)OCCCOC)CC(C(CC(C(C)C)C(=O)NCC(C)(C)C(=O)N)O)N.CC(C)C(CC1=CC(=C(C=C1)OC)OCCCOC)CC(C(CC(C(C)C)C(=O)NCC(C)(C)C(=O)N)O)N.C(=CC(=O)O)C(=O)O,KLRSDBSKUSSCGU-KRQUFFFQSA-N,STANFORD
Alizapride hydrochloride,,,135497066,467,COC1=CC2=C(C=C1C(=O)NCC3CCCN3CC=C)NN=N2.Cl,BRECEDGYMYXGNF-UHFFFAOYSA-N,STANFORD
Alizarin,,,6293,468,C1=CC=C2C(=C1)C(=O)C3=C(C2=O)C(=C(C=C3)O)O,RGCKGOZRHPZPFP-UHFFFAOYSA-N,STANFORD
Alk-IN-1,,,57390074,414,CN(C)C1CCN(CC1)C2=CC(=C(C=C2)NC3=NC=C(C(=N3)NC4=CC=CC=C4P(=O)(C)C)Cl)OC,OVDSPTSBIQCAIN-UHFFFAOYSA-N,STANFORD
Allapinine,,,51346120,1200,CCN1CC2(CCC(C34C2CC(C31)C5(CC(C6CC4C5(C6OC)O)OC)O)OC)OC(=O)C7=CC=CC=C7NC(=O)C.Br,CFFYROOPXPKMEQ-OPLXFBIMSA-N,STANFORD
Allitinib,,,24739943,418,C=CC(=O)NC1=CC2=C(C=C1)N=CN=C2NC3=CC(=C(C=C3)OCC4=CC(=CC=C4)F)Cl,MVZGYPSXNDCANY-UHFFFAOYSA-N,STANFORD
Allopurinol,M04AA01;M04AA51,DB00437,2094,3,C1=C2C(=NC=NC2=O)NN1,OFCNXPDARWKPPY-UHFFFAOYSA-N,"STANFORD,NCI-ALMANAC"
Allylthiourea,,,1549517,470,C=CCNC(=S)N,HTKFORQRBXIQHD-UHFFFAOYSA-N,STANFORD
Almotriptan malate,,,123607,471,CN(C)CCC1=CNC2=C1C=C(C=C2)CS(=O)(=O)N3CCCC3.C(C(C(=O)O)O)C(=O)O,QHATUKWEVNMHRY-UHFFFAOYSA-N,STANFORD
Aloe-emodin,,,10207,472,C1=CC2=C(C(=C1)O)C(=O)C3=C(C2=O)C=C(C=C3O)CO,YDQWDHRMZQUTBA-UHFFFAOYSA-N,STANFORD
Alogliptin,,DB06203,11450633,473,CN1C(=O)C=C(N(C1=O)CC2=CC=CC=C2C#N)N3CCCC(C3)N,ZSBOMTDTBDDKMP-OAHLLOKOSA-N,STANFORD
Aloperine,,,162147,474,C1CCN2CC3CC(C2C1)C=C4C3NCCC4,SKOLRLSBMUGVOY-GBJTYRQASA-N,STANFORD
Alpelisib,,DB12015,56649450,130,CC1=C(SC(=N1)NC(=O)N2CCCC2C(=O)N)C3=CC(=NC=C3)C(C)(C)C(F)(F)F,STUWGJZDJHPWGZ-LBPRGKRZSA-N,"YALE-PDAC,STANFORD"
Alphagan,,,54405,634,C1CN=C(N1)NC2=C(C3=NC=CN=C3C=C2)Br.C(C(C(=O)O)O)(C(=O)O)O,QZHBYNSSDLTCRG-LREBCSMRSA-N,STANFORD
Alprostadil,,,5280723,475,CCCCCC(C=CC1C(CC(=O)C1CCCCCCC(=O)O)O)O,GMVPRGQOIOIIMI-DWKJAMRDSA-N,STANFORD
Altrenogest,,,10041070,476,CC12C=CC3=C4CCC(=O)C=C4CCC3C1CCC2(CC=C)O,VWAUPFMBXBWEQY-ANULTFPQSA-N,STANFORD
Altretamine,L01XX03,DB00488,2123,4,CN(C)C1=NC(=NC(=N1)N(C)C)N(C)C,UUVWYPNAQBNQJQ-UHFFFAOYSA-N,"STANFORD,NCI-ALMANAC"
Alverine citrate,,,21718,477,CCN(CCCC1=CC=CC=C1)CCCC2=CC=CC=C2.C(C(=O)O)C(CC(=O)O)(C(=O)O)O,RYHCACJBKCOBTJ-UHFFFAOYSA-N,STANFORD
Alvespimycin,,B12442,5288674,162,CC1CC(C(C(C=C(C(C(C=CC=C(C(=O)NC2=CC(=O)C(=C(C1)C2=O)NCCN(C)C)C)OC)OC(=O)N)C)C)O)OC,KUFRQPKVAWMTJO-LMZWQJSESA-N,"YALE-PDAC,YALE-TNBC,STANFORD"
Alvocidib,,DB03496,5287969,170,CN1CCC(C(C1)O)C2=C(C=C(C3=C2OC(=CC3=O)C4=CC=CC=C4Cl)O)O,BIIVYFLTOXDAOV-YVEFUNNKSA-N,"YALE-PDAC,YALE-TNBC"
AM-1241,,,10141893,409,CN1CCCCC1CN2C=C(C3=CC=CC=C32)C(=O)C4=C(C=CC(=C4)[N+](=O)[O-])I,ZUHIXXCLLBMBDW-UHFFFAOYSA-N,STANFORD
AM251,,,2125,410,CC1=C(N(N=C1C(=O)NN2CCCCC2)C3=C(C=C(C=C3)Cl)Cl)C4=CC=C(C=C4)I,BUZAJRPLUGXRAB-UHFFFAOYSA-N,STANFORD
Amantadine hydrochloride,,,64150,478,C1C2CC3CC1CC(C2)(C3)N.Cl,WOLHOYHSEKDWQH-UHFFFAOYSA-N,STANFORD
Ambrisentan,,DB06403,6918493,479,CC1=CC(=NC(=N1)OC(C(=O)O)C(C2=CC=CC=C2)(C3=CC=CC=C3)OC)C,OUJTZYPIHDYQMC-LJQANCHMSA-N,STANFORD
Ambroxol hydrochloride,,,108013,480,C1CC(CCC1NCC2=C(C(=CC(=C2)Br)Br)N)O.Cl,QNVKOSLOVOTXKF-UHFFFAOYSA-N,STANFORD
Amfenac sodium hydrate,,,23663941,482,C1=CC=C(C=C1)C(=O)C2=CC=CC(=C2N)CC(=O)[O-].O.[Na+],QZNJPJDUBTYMRS-UHFFFAOYSA-M,STANFORD
Amg-458,,,24764449,411,CC1=C(C(=O)N(N1CC(C)(C)O)C2=CC=CC=C2)C(=O)NC3=NC=C(C=C3)OC4=C5C=CC(=CC5=NC=C4)OC,GLBZSOQDAOLMGC-UHFFFAOYSA-N,STANFORD
Amg-517,,,16007367,412,CC(=O)NC1=NC2=C(C=CC=C2S1)OC3=NC=NC(=C3)C4=CC=C(C=C4)C(F)(F)F,YUTIXVXZQIQWGY-UHFFFAOYSA-N,STANFORD
AMG-900,,,24856041,413,CC1=CSC(=C1)C2=NN=C(C3=CC=CC=C32)NC4=CC=C(C=C4)OC5=C(C=CC=N5)C6=NC(=NC=C6)N,IVUGFMLRJOCGAS-UHFFFAOYSA-N,STANFORD
Amifostine,V03AF05,DB01143,2141,5,C(CN)CNCCSP(=O)(O)O,JKOQGQFVAUAYPM-UHFFFAOYSA-N,NCI-ALMANAC
Amiloride hydrochloride,,,16230,484,C1(=C(N=C(C(=N1)Cl)N)N)C(=O)N=C(N)N.Cl,ACHKKGDWZVCSNH-UHFFFAOYSA-N,STANFORD
Aminocaproic acid,,,564,374,C(CCC(=O)O)CCN,SLXKOJJOQWFEFD-UHFFFAOYSA-N,STANFORD
Aminofurazanyl-azabenzimidazole 6n,,,16095342,2008,CCN1C2=CC(=NC=C2N=C1C3=NON=C3N)OC4=CC=CC(=C4)NC(=O)C5=CC=C(C=C5)OCCN6CCOCC6,YOVNFNXUCOWYSG-UHFFFAOYSA-N,DECREASE
Aminoglutethimide,,DB00357,2145,485,CCC1(CCC(=O)NC1=O)C2=CC=C(C=C2)N,ROBVIMPUHSLWNV-UHFFFAOYSA-N,STANFORD
Aminohippuric acid,,DB00345,2148,384,C1=CC(=CC=C1C(=O)NCC(=O)O)N,HSMNQINEKMPTIC-UHFFFAOYSA-N,STANFORD
Aminolevulinic Acid,L01XD04,DB00855,137,6,C(CC(=O)O)C(=O)CN,ZGXJTSGNIOSYLO-UHFFFAOYSA-N,"STANFORD,NCI-ALMANAC"
Aminophylline,,DB01223,9433,486,CN1C2=C(C(=O)N(C1=O)C)NC=N2.CN1C2=C(C(=O)N(C1=O)C)NC=N2.C(CN)N,FQPFAHBPWDRTLU-UHFFFAOYSA-N,STANFORD
Aminopyrine,,,6009,483,CC1=C(C(=O)N(N1C)C2=CC=CC=C2)N(C)C,RMMXTBMQSGEXHJ-UHFFFAOYSA-N,STANFORD
Amiodarone hydrochloride,,,441325,488,CCCCC1=C(C2=CC=CC=C2O1)C(=O)C3=CC(=C(C(=C3)I)OCCN(CC)CC)I.Cl,ITPDYQOUSLNIHG-UHFFFAOYSA-N,STANFORD
Amisulpride,,,2159,489,CCN1CCCC1CNC(=O)C2=CC(=C(C=C2OC)N)S(=O)(=O)CC,NTJOBXMMWNYJFB-UHFFFAOYSA-N,STANFORD
Amitriptyline hydrochloride,,,11065,490,CN(C)CCC=C1C2=CC=CC=C2CCC3=CC=CC=C31.Cl,KFYRPLNVJVHZGT-UHFFFAOYSA-N,STANFORD
Amlodipine,,DB00381,2162,491,CCOC(=O)C1=C(NC(=C(C1C2=CC=CC=C2Cl)C(=O)OC)C)COCCN,HTIQEAQVCYTUBX-UHFFFAOYSA-N,STANFORD
Ammonium glycyrrhizate,,,62074,492,CC1(C2CCC3(C(C2(CCC1OC4C(C(C(C(O4)C(=O)O)O)O)OC5C(C(C(C(O5)C(=O)O)O)O)O)C)C(=O)C=C6C3(CCC7(C6CC(CC7)(C)C(=O)O)C)C)C)C.N,ILRKKHJEINIICQ-OOFFSTKBSA-N,STANFORD
Amonafide,,DB05022,50515,493,CN(C)CCN1C(=O)C2=CC=CC3=CC(=CC(=C32)C1=O)N,UPALIKSFLSVKIS-UHFFFAOYSA-N,STANFORD
Amorolfine hydrochloride,,,54259,494,CCC(C)(C)C1=CC=C(C=C1)CC(C)CN2CC(OC(C2)C)C.Cl,XZKWIPVTHGWDCF-KUZYQSSXSA-N,STANFORD
Amoxicillin,,DB01060,33613,495,CC1(C(N2C(S1)C(C2=O)NC(=O)C(C3=CC=C(C=C3)O)N)C(=O)O)C,LSQZJLSUYDQPKJ-NJBDSQKTSA-N,STANFORD
Amoxicillin sodium,,,23663126,496,CC1(C(N2C(S1)C(C2=O)NC(=O)C(C3=CC=C(C=C3)O)N)C(=O)[O-])C.[Na+],BYHDFCISJXIVBV-YWUHCJSESA-M,STANFORD
Ampelopsin,,,161557,845,C1=C(C=C(C(=C1O)O)O)C2C(C(=O)C3=C(C=C(C=C3O2)O)O)O,KJXSIXMJHKAJOD-LSDHHAIUSA-N,STANFORD
Ampicillin sodium,,,23663979,499,CC1(C(N2C(S1)C(C2=O)NC(=O)C(C3=CC=CC=C3)N)C(=O)[O-])C.[Na+],KLOHDWPABZXLGI-YWUHCJSESA-M,STANFORD
Ampicillin trihydrate,,,23565,498,CC1(C(N2C(S1)C(C2=O)NC(=O)C(C3=CC=CC=C3)N)C(=O)O)C.O.O.O,RXDALBZNGVATNY-CWLIKTDRSA-N,STANFORD
Ampiroxicam,,,2176,500,CCOC(=O)OC(C)OC1=C(N(S(=O)(=O)C2=CC=CC=C21)C)C(=O)NC3=CC=CC=N3,LSNWBKACGXCGAJ-UHFFFAOYSA-N,STANFORD
Amprenavir,,DB00701,65016,501,CC(C)CN(CC(C(CC1=CC=CC=C1)NC(=O)OC2CCOC2)O)S(=O)(=O)C3=CC=C(C=C3)N,YMARZQAQMVYCKC-OEMFJLHTSA-N,STANFORD
Amprolium,,,8732,502,CCCC1=NC=C(C(=N1)N)C[N+]2=CC=CC=C2C.Cl.[Cl-],PJBQYZZKGNOKNJ-UHFFFAOYSA-M,STANFORD
Amuvatinib,,DB12742,11282283,503,C1CN(CCN1C2=NC=NC3=C2OC4=CC=CC=C43)C(=S)NCC5=CC6=C(C=C5)OCO6,FOFDIMHVKGYHRU-UHFFFAOYSA-N,STANFORD
Anacetrapib,,,11556427,504,CC1C(OC(=O)N1CC2=C(C=CC(=C2)C(F)(F)F)C3=CC(=C(C=C3OC)F)C(C)C)C4=CC(=CC(=C4)C(F)(F)F)C(F)(F)F,MZZLGJHLQGUVPN-HAWMADMCSA-N,STANFORD
Anagrelide hydrochloride,,,135413494,505,C1C2=C(C=CC(=C2Cl)Cl)N=C3N1CC(=O)N3.Cl,TVWRQCIPWUCNMI-UHFFFAOYSA-N,STANFORD
Anastrozole,L02BG03,DB01217,2187,7,CC(C)(C#N)C1=CC(=CC(=C1)CN2C=NC=N2)C(C)(C)C#N,YBBLVLTVTVSKRW-UHFFFAOYSA-N,"NCI-ALMANAC,STANFORD"
Andarine,,,9824562,506,CC(=O)NC1=CC=C(C=C1)OCC(C)(C(=O)NC2=CC(=C(C=C2)[N+](=O)[O-])C(F)(F)F)O,YVXVTLGIDOACBJ-SFHVURJKSA-N,STANFORD
Andrographolide,,DB05767,5318517,507,CC12CCC(C(C1CCC(=C)C2CC=C3C(COC3=O)O)(C)CO)O,BOJKULTULYSRAS-OTESTREVSA-N,STANFORD
Aniracetam,,DB04599,2196,508,COC1=CC=C(C=C1)C(=O)N2CCCC2=O,ZXNRTKGTQJPIJK-UHFFFAOYSA-N,STANFORD
Anisotropine methylbromide,,,657201,509,CCCC(CCC)C(=O)OC1CC2CCC(C1)[N+]2(C)C.[Br-],QSFKGMJOKUZAJM-JXMYBXCISA-M,STANFORD
Antazoline hydrochloride,,,17275,510,C1CN=C(N1)CN(CC2=CC=CC=C2)C3=CC=CC=C3.Cl,SWKDMSRRIBZZAY-UHFFFAOYSA-N,STANFORD
Antipyrine,,DB01435,2206,511,CC1=CC(=O)N(N1C)C2=CC=CC=C2,VEQOALNAAJBPNY-UHFFFAOYSA-N,STANFORD
Apalutamide,,DB11901,24872560,416,CNC(=O)C1=C(C=C(C=C1)N2C(=S)N(C(=O)C23CCC3)C4=CC(=C(N=C4)C#N)C(F)(F)F)F,HJBWBFZLDZWPHF-UHFFFAOYSA-N,STANFORD
Apatinib Mesylate,,,45139106,512,CS(=O)(=O)O.C1CCC(C1)(C#N)C2=CC=C(C=C2)NC(=O)C3=C(N=CC=C3)NCC4=CC=NC=C4,FYJROXRIVQPKRY-UHFFFAOYSA-N,STANFORD
Apigenin,,DB07352,5280443,513,C1=CC(=CC=C1C2=CC(=O)C3=C(C=C(C=C3O2)O)O)O,KZNIFHPLKGYRTM-UHFFFAOYSA-N,STANFORD
Apitolisib,,DB12180,25254071,1012,CC1=C(SC2=C1N=C(N=C2N3CCOCC3)C4=CN=C(N=C4)N)CN5CCN(CC5)C(=O)C(C)O,YOVVNQKCSKSHKT-HNNXBMFYSA-N,STANFORD
Apixaban,,DB06605,10182969,514,COC1=CC=C(C=C1)N2C3=C(CCN(C3=O)C4=CC=C(C=C4)N5CCCCC5=O)C(=N2)C(=O)N,QNZCBYKSOIHPEH-UHFFFAOYSA-N,STANFORD
Apoptosis Activator 2,,,1901244,516,C1=CC=C2C(=C1)C(=O)C(=O)N2CC3=CC(=C(C=C3)Cl)Cl,KGRJPLRFGLMQMV-UHFFFAOYSA-N,STANFORD
Apremilast,,DB05676,11561674,517,CCOC1=C(C=CC(=C1)C(CS(=O)(=O)C)N2C(=O)C3=C(C2=O)C(=CC=C3)NC(=O)C)OC,IMOZEMNVLZVGJZ-QGZVFWFLSA-N,STANFORD
Aprepitant,A04AD12,DB00673,135413536,260,CC(C1=CC(=CC(=C1)C(F)(F)F)C(F)(F)F)OC2C(N(CCO2)CC3=NNC(=O)N3)C4=CC=C(C=C4)F,ATALOFNDEOCMKK-OITMNORJSA-N,"STANFORD,CLOUD"
AR-42,,,6918848,415,CC(C)C(C1=CC=CC=C1)C(=O)NC2=CC=C(C=C2)C(=O)NO,LAMIXXKAWNLXOC-INIZCTEOSA-N,STANFORD
AR-A014418,,DB01950,448014,188,COC1=CC=C(C=C1)CNC(=O)NC2=NC=C(S2)[N+](=O)[O-],YAEMHJKFIIIULI-UHFFFAOYSA-N,"YALE-TNBC,STANFORD"
Arbidol Hydrochloride,,,9958103,518,CCOC(=O)C1=C(N(C2=CC(=C(C(=C21)CN(C)C)O)Br)C)CSC3=CC=CC=C3.Cl,OMZHXQXQJGCSKN-UHFFFAOYSA-N,STANFORD
Arbutin,,DB11217,440936,519,C1=CC(=CC=C1O)OC2C(C(C(C(O2)CO)O)O)O,BJRNKVDFDLYUGJ-RMPHRYRLSA-N,STANFORD
Arecoline,,DB04365,2230,520,CN1CCC=C(C1)C(=O)OC,HJJPJSXJAXAIPN-UHFFFAOYSA-N,STANFORD
Argatroban,,,92722,521,CC1CCN(C(C1)C(=O)O)C(=O)C(CCCN=C(N)N)NS(=O)(=O)C2=CC=CC3=C2NCC(C3)C,KXNPVXPOPUZYGB-IOVMHBDKSA-N,STANFORD
Aripiprazole,,DB01238,60795,522,C1CC(=O)NC2=C1C=CC(=C2)OCCCCN3CCN(CC3)C4=C(C(=CC=C4)Cl)Cl,CEUORZQYGODEFX-UHFFFAOYSA-N,STANFORD
ARRY-380 Analog,,,42598643,1073,CC1=C(C=CC(=C1)NC2=NC=NC3=C2C=C(C=C3)C4=CC=C(O4)CNCCS(=O)(=O)C)OC5=CC6=NC=NN6C=C5,QVMNYGOVNWWFKF-UHFFFAOYSA-N,STANFORD
Artemether,,DB06697,68911,523,CC1CCC2C(C(OC3C24C1CCC(O3)(OO4)C)OC)C,SXYIRMFQILZOAM-HVNFFKDJSA-N,STANFORD
Artemisinin,,DB13132,68827,524,CC1CCC2C(C(=O)OC3C24C1CCC(O3)(OO4)C)C,BLUAFEHZUWYNDE-NNWCWBAJSA-N,STANFORD
Artesunate,,DB09274,6917864,525,CC1CCC2C(C(OC3C24C1CCC(O3)(OO4)C)OC(=O)CCC(=O)O)C,FIHJKUPKCHIPAT-AHIGJZGOSA-N,STANFORD
Articaine hydrochloride,,,32169,526,CCCNC(C)C(=O)NC1=C(SC=C1C)C(=O)OC.Cl,GDWDBGSWGNEMGJ-UHFFFAOYSA-N,STANFORD
AS-252424,,,11630874,298,C1=CC(=C(C=C1F)O)C2=CC=C(O2)C=C3C(=O)NC(=O)S3,OYYVWNDMOQPMGE-SDQBBNPISA-N,"MIT-MELANOMA,STANFORD"
AS-604850,,,5287855,417,C1=CC2=C(C=C1C=C3C(=O)NC(=O)S3)OC(O2)(F)F,SRLVNYDXMUGOFI-YWEYNIOJSA-N,STANFORD
Ascorbic acid,A11GA01;B03AA10;G01AD03;S01XA15,DB00126,54670067,1953,C(C(C1C(=C(C(=O)O1)O)O)O)O,CIWBSHSKHKDKBQ-JLAZNSOCSA-N,STANFORD
Ascorbyl palmitate,,,54680660,1173,CCCCCCCCCCCCCCCC(=O)OCC(C1C(=C(C(=O)O1)O)O)O,QAQJMLQRFWZOBN-LAUBAEHRSA-N,STANFORD
Asenapine,,,3036780,528,CN1CC2C(C1)C3=C(C=CC(=C3)Cl)OC4=CC=CC=C24,VSWBSWWIRNCQIJ-GJZGRUSLSA-N,STANFORD
Asiatic acid,,,119034,529,CC1CCC2(CCC3(C(=CCC4C3(CCC5C4(CC(C(C5(C)CO)O)O)C)C)C2C1C)C)C(=O)O,JXSVIVRDWWRQRT-UYDOISQJSA-N,STANFORD
Aspartame,,DB00168,134601,530,COC(=O)C(CC1=CC=CC=C1)NC(=O)C(CC(=O)O)N,IAOZJIPTCAWIRG-QWRGUYRKSA-N,STANFORD
Aspirin,,DB00945,2244,531,CC(=O)OC1=CC=CC=C1C(=O)O,BSYNRYMUTXBXSQ-UHFFFAOYSA-N,STANFORD
Astragaloside A,,,13943299,532,CC1(C(CCC23C1C(CC4C2(C3)CCC5(C4(CC(C5C6(CCC(O6)C(C)(C)O)C)O)C)C)OC7C(C(C(C(O7)CO)O)O)O)OC8C(C(C(CO8)O)O)O)C,QMNWISYXSJWHRY-AUJDEUPOSA-N,STANFORD
AT-7519,,,11338033,421,C1CNCCC1NC(=O)C2=C(C=NN2)NC(=O)C3=C(C=CC=C3Cl)Cl,OVPNQJVDAFNBDN-UHFFFAOYSA-N,STANFORD
AT-7867,,,11175137,422,C1CNCCC1(C2=CC=C(C=C2)C3=CNN=C3)C4=CC=C(C=C4)Cl,LZMOSYUFVYJEPY-UHFFFAOYSA-N,STANFORD
AT-9283,,,135398495,423,C1CC1NC(=O)NC2=C(NN=C2)C3=NC4=C(N3)C=C(C=C4)CN5CCOCC5,LOLPPWBBNUVNQZ-UHFFFAOYSA-N,STANFORD
Ataluren,,DB05016,11219835,533,C1=CC=C(C(=C1)C2=NC(=NO2)C3=CC(=CC=C3)C(=O)O)F,OOUGLTULBSNHNF-UHFFFAOYSA-N,STANFORD
Atazanavir sulfate,,,158550,534,CC(C)(C)C(C(=O)NC(CC1=CC=CC=C1)C(CN(CC2=CC=C(C=C2)C3=CC=CC=N3)NC(=O)C(C(C)(C)C)NC(=O)OC)O)NC(=O)OC.OS(=O)(=O)O,DQSGVVGOPRWTKI-QVFAWCHISA-N,STANFORD
Atomoxetine hydrochloride,,,54840,535,CC1=CC=CC=C1OC(CCNC)C2=CC=CC=C2.Cl,LUCXVPAZUDVVBT-UNTBIKODSA-N,STANFORD
Atorvastatin,C10AA05,DB01076,60823,189,CC(C)C1=C(C(=C(N1CCC(CC(CC(=O)O)O)O)C2=CC=C(C=C2)F)C3=CC=CC=C3)C(=O)NC4=CC=CC=C4,XUKUURHRXDUEBC-KAYWLYCHSA-N,YALE-TNBC
Atorvastatin calcium,,,60822,536,CC(C)C1=C(C(=C(N1CCC(CC(CC(=O)[O-])O)O)C2=CC=C(C=C2)F)C3=CC=CC=C3)C(=O)NC4=CC=CC=C4.CC(C)C1=C(C(=C(N1CCC(CC(CC(=O)[O-])O)O)C2=CC=C(C=C2)F)C3=CC=CC=C3)C(=O)NC4=CC=CC=C4.[Ca+2],FQCKMBLVYCEXJB-MNSAWQCASA-L,STANFORD
Atovaquone,,DB01117,74989,537,C1CC(CCC1C2=CC=C(C=C2)Cl)C3=C(C4=CC=CC=C4C(=O)C3=O)O,BSJMWHQBCZFXBR-UHFFFAOYSA-N,STANFORD
Atracurium besylate,,DB00732,47320,538,C[N+]1(CCC2=CC(=C(C=C2C1CC3=CC(=C(C=C3)OC)OC)OC)OC)CCC(=O)OCCCCCOC(=O)CC[N+]4(CCC5=CC(=C(C=C5C4CC6=CC(=C(C=C6)OC)OC)OC)OC)C.C1=CC=C(C=C1)S(=O)(=O)[O-].C1=CC=C(C=C1)S(=O)(=O)[O-],XXZSQOVSEBAPGS-UHFFFAOYSA-L,STANFORD
Atropine,,DB00572,174174,539,CN1C2CCC1CC(C2)OC(=O)C(CO)C3=CC=CC=C3,RKUNBYITZUJHSG-PJPHBNEVSA-N,STANFORD
"Autophagy Inducer, STF-62247",,,704473,1695,CC1=CC(=CC=C1)NC2=NC(=CS2)C3=CC=NC=C3,KATNUHQNJGNLPW-UHFFFAOYSA-N,STANFORD
Avagacestat,,DB11893,46883536,541,C1=CC(=CC=C1S(=O)(=O)N(CC2=C(C=C(C=C2)C3=NOC=N3)F)C(CCC(F)(F)F)C(=O)N)Cl,XEAOPVUAMONVLA-QGZVFWFLSA-N,STANFORD
Avanafil,,DB06237,9869929,542,COC1=C(C=C(C=C1)CNC2=NC(=NC=C2C(=O)NCC3=NC=CC=N3)N4CCCC4CO)Cl,WEAJZXNPAWBCOA-INIZCTEOSA-N,STANFORD
Avasimibe,,,166558,543,CC(C)C1=C(C(=CC=C1)C(C)C)OS(=O)(=O)NC(=O)CC2=C(C=C(C=C2C(C)C)C(C)C)C(C)C,PTQXTEKSNBVPQJ-UHFFFAOYSA-N,STANFORD
Avn-944,,,9918559,2006,CCC(CC#N)OC(=O)NC(C)C1=CC(=CC=C1)NC(=O)NC2=CC(=C(C=C2)C3=CN=CO3)OC,GYCPCOJTCINIFZ-OXJNMPFZSA-N,DECREASE
Avobenzone,,DB09495,51040,544,CC(C)(C)C1=CC=C(C=C1)C(=O)CC(=O)C2=CC=C(C=C2)OC,XNEFYCZVKIDDMS-UHFFFAOYSA-N,STANFORD
Axitinib,,DB06626,6450551,545,CNC(=O)C1=CC=CC=C1SC2=CC3=C(C=C2)C(=NN3)C=CC4=CC=CC=N4,RITAVMQDGBJQJZ-FMIVXFBMSA-N,STANFORD
AZ-191,,,72716071,429,CN1CCN(CC1)C2=CC(=C(C=C2)NC3=NC=CC(=N3)C4=CN(C5=C4C=CN=C5)C)OC,ZYVXTMKTGDARKR-UHFFFAOYSA-N,STANFORD
AZ-20,,,46244454,430,CC1COCCN1C2=NC(=NC(=C2)C3(CC3)S(=O)(=O)C)C4=C5C=CNC5=CC=C4,SCGCBAAYLFTIJU-CQSZACIVSA-N,STANFORD
AZ-3146,,,56973724,426,CN1CCC(CC1)OC2=CC(=C(C=C2)NC3=NC=C4C(=N3)N(C(=O)N4C)C5CCCC5)OC,YUKWVHPTFRQHMF-UHFFFAOYSA-N,STANFORD
AZ-628,,,11676786,427,CC1=C(C=C(C=C1)NC(=O)C2=CC(=CC=C2)C(C)(C)C#N)NC3=CC4=C(C=C3)N=CN(C4=O)C,ZGBGPEDJXCYQPH-UHFFFAOYSA-N,STANFORD
AZ-960,,,25099184,428,CC1=CC(=NN1)NC2=C(C=C(C(=N2)NC(C)C3=CC=C(C=C3)F)C#N)F,SUNXHXDJOIXABJ-NSHDSACASA-N,STANFORD
Azacitidine,L01BC07,DB00928,9444,8,C1=NC(=NC(=O)N1C2C(C(C(O2)CO)O)O)N,NMUSYJAQQFHJEW-KVTDHHQDSA-N,"STANFORD,CLOUD,NCI-ALMANAC"
Azactam,,,5742832,557,CC1C(C(=O)N1S(=O)(=O)O)NC(=O)C(=NOC(C)(C)C(=O)O)C2=CSC(=N2)N,WZPBZJONDBGPKJ-VEHQQRBSSA-N,STANFORD
Azacyclonol,,,15723,546,C1CNCCC1C(C2=CC=CC=C2)(C3=CC=CC=C3)O,ZMISODWVFHHWNR-UHFFFAOYSA-N,STANFORD
Azaperone,,,15443,547,C1CN(CCN1CCCC(=O)C2=CC=C(C=C2)F)C3=CC=CC=N3,XTKDAFGWCDAMPY-UHFFFAOYSA-N,STANFORD
Azatadine maleate,,,5281066,548,CN1CCC(=C2C3=CC=CC=C3CCC4=C2N=CC=C4)CC1.C(=CC(=O)O)C(=O)O.C(=CC(=O)O)C(=O)O,SGHXFFAHXTZRQM-SPIKMXEPSA-N,STANFORD
Azathioprine,,DB00993,2265,549,CN1C=NC(=C1SC2=NC=NC3=C2NC=N3)[N+](=O)[O-],LMEKQMALGUDUQG-UHFFFAOYSA-N,STANFORD
AZD-1080,,,135564570,431,C1COCCN1CC2=CN=C(C=C2)C3=C(NC4=C3C=C(C=C4)C#N)O,BLTVBQXJFVRPFK-UHFFFAOYSA-N,STANFORD
Azd-1480,,,16659841,132,CC1=CC(=NN1)NC2=NC(=NC=C2Cl)NC(C)C3=NC=C(C=N3)F,PDOQBOJDRPLBQU-QMMMGPOBSA-N,YALE-PDAC
AZD-1981,,,11292191,432,CC1=C(C2=C(C=CC=C2N1CC(=O)O)NC(=O)C)SC3=CC=C(C=C3)Cl,JWYIGNODXSRKGP-UHFFFAOYSA-N,STANFORD
AZD-2461,,,44199317,433,COC1CCN(CC1)C(=O)C2=C(C=CC(=C2)CC3=NNC(=O)C4=CC=CC=C43)F,HYNBNUYQTQIHJK-UHFFFAOYSA-N,STANFORD
AZD-2858,,,10138980,434,CN1CCN(CC1)S(=O)(=O)C2=CC=C(C=C2)C3=CN=C(C(=N3)C(=O)NC4=CN=CC=C4)N,FHCSBLWRGCOVPT-UHFFFAOYSA-N,STANFORD
AZD-3463,,,56599293,139,COC1=C(C=CC(=C1)N2CCC(CC2)N)NC3=NC=C(C(=N3)C4=CNC5=CC=CC=C54)Cl,GCYIGMXOIWJGBU-UHFFFAOYSA-N,STANFORD
AZD-3514,,,46893585,435,CC(=O)N1CCN(CC1)CCOC2=CC=C(C=C2)C3CCN(CC3)C4=NN5C(=NN=C5C(F)(F)F)CC4,JMEYDSHPKCSIJC-UHFFFAOYSA-N,STANFORD
AZD-5438,,,16747683,436,CC1=NC=C(N1C(C)C)C2=NC(=NC=C2)NC3=CC=C(C=C3)S(=O)(=O)C,WJRRGYBTGDJBFX-UHFFFAOYSA-N,STANFORD
AZD-6482,,,44137675,437,CC1=CN2C(=O)C=C(N=C2C(=C1)C(C)NC3=CC=CC=C3C(=O)O)N4CCOCC4,IRTDIKMSKMREGO-OAHLLOKOSA-N,STANFORD
AZD-7762,,DB12242,11152667,119,C1CC(CNC1)NC(=O)C2=C(C=C(S2)C3=CC(=CC=C3)F)NC(=O)N,IAYGCINLNONXHY-LBPRGKRZSA-N,"YALE-PDAC,STANFORD,YALE-TNBC,MIT-MELANOMA"
AZD-8055,,DB12774,25262965,116,CC1COCCN1C2=NC(=NC3=C2C=CC(=N3)C4=CC(=C(C=C4)OC)CO)N5CCOCC5C,KVLFRAWTRWDEDF-IRXDYDNUSA-N,"STANFORD,YALE-PDAC"
Azd4547,,DB12247,51039095,112,CC1CN(CC(N1)C)C2=CC=C(C=C2)C(=O)NC3=NNC(=C3)CCC4=CC(=CC(=C4)OC)OC,VRQMAABPASPXMW-HDICACEKSA-N,"STANFORD,YALE-TNBC"
Azd8330,,,16666708,438,CC1=CC(=C(N(C1=O)C)NC2=C(C=C(C=C2)I)F)C(=O)NOCCO,RWEVIPRMPFNTLO-UHFFFAOYSA-N,STANFORD
Azelastine hydrochloride,,,54360,550,CN1CCCC(CC1)N2C(=O)C3=CC=CC=C3C(=N2)CC4=CC=C(C=C4)Cl.Cl,YEJAJYAHJQIWNU-UHFFFAOYSA-N,STANFORD
Azelnidipine,,DB09230,65948,551,CC1=C(C(C(=C(N1)N)C(=O)OC2CN(C2)C(C3=CC=CC=C3)C4=CC=CC=C4)C5=CC(=CC=C5)[N+](=O)[O-])C(=O)OC(C)C,ZKFQEACEUNWPMT-UHFFFAOYSA-N,STANFORD
Azilsartan,,,135415867,552,CCOC1=NC2=CC=CC(=C2N1CC3=CC=C(C=C3)C4=CC=CC=C4C5=NOC(=O)N5)C(=O)O,KGSXMPPBFPAXLY-UHFFFAOYSA-N,STANFORD
Azilsartan medoxomil,,DB08822,135409642,553,CCOC1=NC2=CC=CC(=C2N1CC3=CC=C(C=C3)C4=CC=CC=C4C5=NOC(=O)N5)C(=O)OCC6=C(OC(=O)O6)C,QJFSABGVXDWMIW-UHFFFAOYSA-N,STANFORD
Azithromycin,,DB00207,447043,554,CCC1C(C(C(N(CC(CC(C(C(C(C(C(=O)O1)C)OC2CC(C(C(O2)C)O)(C)OC)C)OC3C(C(CC(O3)C)N(C)C)O)(C)O)C)C)C)O)(C)O,MQTOSJVFKKJCRP-BICOPXKESA-N,STANFORD
Azlin,,,23685176,555,CC1(C(N2C(S1)C(C2=O)NC(=O)C(C3=CC=CC=C3)NC(=O)N4CCNC4=O)C(=O)[O-])C.[Na+],UVOCNBWUHNCKJM-XFAPPKAWSA-M,STANFORD
Bacitracin ZINC,,,3083711,583,CCC(C)C1C(=O)NC(C(=O)NC(C(=O)NC(C(=O)NC(C(=O)NCCCCC(C(=O)NC(C(=O)N1)CCCN)NC(=O)C(C(C)CC)NC(=O)C(CCC(=O)O)NC(=O)C(CC(C)C)NC(=O)C2CSC(=N2)C(C(C)CC)N)CC(=O)N)CC(=O)O)CC3C=NC=N3)CC4=CC=CC=C4.[Zn],QSNOBVJFKSQBBD-UHFFFAOYSA-N,STANFORD
Baicalein,,,5281605,584,C1=CC=C(C=C1)C2=CC(=O)C3=C(O2)C=C(C(=C3O)O)O,FXNFHKRTJBSTCS-UHFFFAOYSA-N,STANFORD
Baicalin,,,64982,585,C1=CC=C(C=C1)C2=CC(=O)C3=C(C(=C(C=C3O2)OC4C(C(C(C(O4)C(=O)O)O)O)O)O)O,IKIIZLYTISPENI-ZFORQUDYSA-N,STANFORD
Balofloxacin,,,65958,586,CNC1CCCN(C1)C2=C(C=C3C(=C2OC)N(C=C(C3=O)C(=O)O)C4CC4)F,MGQLHRYJBWGORO-UHFFFAOYSA-N,STANFORD
Barasertib,,DB11747,16007391,587,CCN(CCCOC1=CC2=C(C=C1)C(=NC=N2)NC3=NNC(=C3)CC(=O)NC4=CC(=CC=C4)F)CCO,QYZOGCMHVIGURT-UHFFFAOYSA-N,STANFORD
Bardoxolone methyl,,,400769,588,CC1(CCC2(CCC3(C(C2C1)C(=O)C=C4C3(CCC5C4(C=C(C(=O)C5(C)C)C#N)C)C)C)C(=O)OC)C,WPTTVJLTNAWYAO-KPOXMGGZSA-N,STANFORD
Batimastat,,,5362422,589,CC(C)CC(C(CSC1=CC=CS1)C(=O)NO)C(=O)NC(CC2=CC=CC=C2)C(=O)NC,XFILPEOLDIKJHX-QYZOEREBSA-N,STANFORD
BAX Activator Molecule 7,,,3101542,558,CCOC1=CC=CC=C1N=NC2=C(NN(C2=O)C3=NC(=CS3)C4=CC=CC=C4)C,WRLVHADVOGFZOZ-UHFFFAOYSA-N,STANFORD
Bazedoxifene hydrochloride,,,9936012,590,CC1=C(N(C2=C1C=C(C=C2)O)CC3=CC=C(C=C3)OCCN4CCCCCC4)C5=CC=C(C=C5)O.Cl,COOWZQXURKSOKE-UHFFFAOYSA-N,STANFORD
Beclomethasone dipropionate,,DB00394,21700,591,CCC(=O)OCC(=O)C1(C(CC2C1(CC(C3(C2CCC4=CC(=O)C=CC43C)Cl)O)C)C)OC(=O)CC,KUVIULQEHSCUHY-XYWKZLDCSA-N,STANFORD
Belinostat,,DB05015,6918638,592,C1=CC=C(C=C1)NS(=O)(=O)C2=CC=CC(=C2)C=CC(=O)NO,NCNRHFGMJRPRSK-MDZDMXLPSA-N,STANFORD
Belnacasan,,,11398092,1929,CCOC1C(CC(=O)O1)NC(=O)C2CCCN2C(=O)C(C(C)(C)C)NC(=O)C3=CC(=C(C=C3)N)Cl,SJDDOCKBXFJEJB-MOKWFATOSA-N,STANFORD
Bemcentinib,,DB12411,46215462,2007,C1CCN(C1)C2CCC3=C(CC2)C=C(C=C3)NC4=NN(C(=N4)N)C5=NN=C6C(=C5)CCCC7=CC=CC=C76,KXMZDGSRSGHMMK-VWLOTQADSA-N,DECREASE
Bemegride,,,2310,593,CCC1(CC(=O)NC(=O)C1)C,ORRZGUBHBVWWOP-UHFFFAOYSA-N,STANFORD
Benazepril hydrochloride,,,5362123,594,CCOC(=O)C(CCC1=CC=CC=C1)NC2CCC3=CC=CC=C3N(C2=O)CC(=O)O.Cl,VPSRQEHTHIMDQM-FKLPMGAJSA-N,STANFORD
Bendamustine,L01AA09,DB06769,65628,9,CN1C2=C(C=C(C=C2)N(CCCl)CCCl)N=C1CCCC(=O)O,YTKUWDBFDASYHO-UHFFFAOYSA-N,NCI-ALMANAC
Bendamustine hydrochloride,,,77082,595,CN1C2=C(C=C(C=C2)N(CCCl)CCCl)N=C1CCCC(=O)O.Cl,ZHSKUOZOLHMKEA-UHFFFAOYSA-N,STANFORD
Bendroflumethiazide,,DB00436,2315,596,C1=CC=C(C=C1)CC2NC3=C(C=C(C(=C3)C(F)(F)F)S(=O)(=O)N)S(=O)(=O)N2,HDWIHXWEUNVBIY-UHFFFAOYSA-N,STANFORD
Benidipine hydrochloride,,,656667,598,CC1=C(C(C(=C(N1)C)C(=O)OC2CCCN(C2)CC3=CC=CC=C3)C4=CC(=CC=C4)[N+](=O)[O-])C(=O)OC.Cl,KILKDKRQBYMKQX-MIPPOABVSA-N,STANFORD
Benoxinate hydrochloride,,,6420040,1441,CCCCOC1=C(C=CC(=C1)C(=O)OCCN(CC)CC)N.Cl,PRGUDWLMFLCODA-UHFFFAOYSA-N,STANFORD
Benserazide hydrochloride,,,26964,599,C1=CC(=C(C(=C1CNNC(=O)C(CO)N)O)O)O.Cl,ULFCBIUXQQYDEI-UHFFFAOYSA-N,STANFORD
Benzbromarone,,DB12319,2333,600,CCC1=C(C2=CC=CC=C2O1)C(=O)C3=CC(=C(C(=C3)Br)O)Br,WHQCHUCQKNIQEC-UHFFFAOYSA-N,STANFORD
Benzethonium chloride,,,8478,601,CC(C)(C)CC(C)(C)C1=CC=C(C=C1)OCCOCC[N+](C)(C)CC2=CC=CC=C2.[Cl-],UREZNYTWGJKWBI-UHFFFAOYSA-M,STANFORD
Benzocaine,,DB01086,2337,602,CCOC(=O)C1=CC=C(C=C1)N,BLFLLBZGZJTVJG-UHFFFAOYSA-N,STANFORD
Benzoic acid,,DB03793,243,603,C1=CC=C(C=C1)C(=O)O,WPYMKLBDIGXBTP-UHFFFAOYSA-N,STANFORD
Benzoylthiamine monophosphate,,DB11748,3032771,597,CC1=NC=C(C(=N1)N)CN(C=O)C(=C(CCOP(=O)(O)O)SC(=O)C2=CC=CC=C2)C,BTNNPSLJPBRMLZ-LGMDPLHJSA-N,STANFORD
Benztropine mesylate,,,238053,604,CN1C2CCC1CC(C2)OC(C3=CC=CC=C3)C4=CC=CC=C4.CS(=O)(=O)O,CPFJLLXFNPCTDW-UHFFFAOYSA-N,STANFORD
Benzydamine hydrochloride,,,65464,605,CN(C)CCCOC1=NN(C2=CC=CC=C21)CC3=CC=CC=C3.Cl,HNNIWKQLJSNAEQ-UHFFFAOYSA-N,STANFORD
Bephenium hydroxynaphthoate,,,54678490,606,C[N+](C)(CCOC1=CC=CC=C1)CC2=CC=CC=C2.C1=CC=C2C=C(C(=CC2=C1)C(=O)O)[O-],PMPQCPQAHTXCDK-UHFFFAOYSA-M,STANFORD
Bepotastine besilate,,,164521,607,C1CN(CCC1OC(C2=CC=C(C=C2)Cl)C3=CC=CC=N3)CCCC(=O)O.C1=CC=C(C=C1)S(=O)(=O)O,UDGHXQPQKQPSBB-BOXHHOBZSA-N,STANFORD
Berberine chloride,,,12456,608,COC1=C(C2=C[N+]3=C(C=C2C=C1)C4=CC5=C(C=C4CC3)OCO5)OC.[Cl-],VKJGBAJNNALVAV-UHFFFAOYSA-M,STANFORD
Bergapten,,DB12216,2355,609,COC1=C2C=CC(=O)OC2=CC3=C1C=CO3,BGEBZHIAGXMEMV-UHFFFAOYSA-N,STANFORD
Bergenin,,,66065,610,COC1=C(C=C2C(=C1O)C3C(C(C(C(O3)CO)O)O)OC2=O)O,YWJXCIXBAKGUKZ-HJJNZUOJSA-N,STANFORD
Berzosertib,,DB11794,59472121,1920,CC(C)S(=O)(=O)C1=CC=C(C=C1)C2=CN=C(C(=N2)C3=CC(=NO3)C4=CC=C(C=C4)CNC)N,JZCWLJDSIRUGIN-UHFFFAOYSA-N,STANFORD
beta-Carotene,,DB06755,5280489,611,CC1=C(C(CCC1)(C)C)C=CC(=CC=CC(=CC=CC=C(C)C=CC=C(C)C=CC2=C(CCCC2(C)C)C)C)C,OENHQHLEOONYIE-JLTXGRSLSA-N,STANFORD
beta-Lapachone,,DB11948,3885,612,CC1(CCC2=C(O1)C3=CC=CC=C3C(=O)C2=O)C,QZPQTZZNNJUOLS-UHFFFAOYSA-N,STANFORD
Betahistine dihydrochloride,,,68643,613,CNCCC1=CC=CC=N1.Cl.Cl,XVDFMHARQUBJRE-UHFFFAOYSA-N,STANFORD
Betamethasone,,DB00443,9782,614,CC1CC2C3CCC4=CC(=O)C=CC4(C3(C(CC2(C1(C(=O)CO)O)C)O)F)C,UREBDLICKHMUKA-DVTGEIKXSA-N,STANFORD
Betamipron,,,71651,615,C1=CC=C(C=C1)C(=O)NCCC(=O)O,CWXYHOHYCJXYFQ-UHFFFAOYSA-N,STANFORD
Betaxolol,,DB00195,2369,616,CC(C)NCC(COC1=CC=C(C=C1)CCOCC2CC2)O,NWIUTZDMDHAVTP-UHFFFAOYSA-N,STANFORD
Bethanechol chloride,,,11548,617,CC(C[N+](C)(C)C)OC(=O)N.[Cl-],XXRMYXBSBOVVBH-UHFFFAOYSA-N,STANFORD
Betulinic acid,,DB12480,64971,618,CC(=C)C1CCC2(C1C3CCC4C5(CCC(C(C5CCC4(C3(CC2)C)C)(C)C)O)C)C(=O)O,QGJZLNKBHJESQX-FZFNOLFKSA-N,STANFORD
Bexarotene,L01XX25,DB00307,82146,363,CC1=CC2=C(C=C1C(=C)C3=CC=C(C=C3)C(=O)O)C(CCC2(C)C)(C)C,NAVMQTYZDKMPEU-UHFFFAOYSA-N,"STANFORD,MIT-MELANOMA"
Bezafibrate,,DB01393,39042,619,CC(C)(C(=O)O)OC1=CC=C(C=C1)CCNC(=O)C2=CC=C(C=C2)Cl,IIBYAHWJQTYFKB-UHFFFAOYSA-N,STANFORD
BGT-226 maleate,,,57336745,560,CN1C2=CN=C3C=CC(=CC3=C2N(C1=O)C4=CC(=C(C=C4)N5CCNCC5)C(F)(F)F)C6=CN=C(C=C6)OC.C(=CC(=O)O)C(=O)O,YUXMAKUNSXIEKN-BTJKTKAUSA-N,STANFORD
BI-2536,,,11364421,164,CCC1C(=O)N(C2=CN=C(N=C2N1C3CCCC3)NC4=C(C=C(C=C4)C(=O)NC5CCN(CC5)C)OC)C,XQVVPGYIWAGRNI-JOCHJYFZSA-N,"STANFORD,VISAGE,YALE-TNBC,YALE-PDAC"
BI-78D3,,,2747117,299,C1COC2=C(O1)C=CC(=C2)N3C(=O)NN=C3SC4=NC=C(S4)[N+](=O)[O-],QFRLDZGQEZCCJZ-UHFFFAOYSA-N,MIT-MELANOMA
BI-D1870,,,25023738,191,CC1C(=O)N(C2=CN=C(N=C2N1CCC(C)C)NC3=CC(=C(C(=C3)F)O)F)C,DTEKTGDVSARYDS-UHFFFAOYSA-N,"STANFORD,YALE-TNBC,MIT-MELANOMA"
BIBR-1532,,,9927531,561,CC(=CC(=O)NC1=CC=CC=C1C(=O)O)C2=CC3=CC=CC=C3C=C2,PGFQXGLPJUCTOI-WYMLVPIESA-N,STANFORD
Bicalutamide,,DB01128,2375,620,CC(CS(=O)(=O)C1=CC=C(C=C1)F)(C(=O)NC2=CC(=C(C=C2)C#N)C(F)(F)F)O,LKJPYSCBVHEWIU-UHFFFAOYSA-N,STANFORD
Bicuculline,,DB11562,10237,364,CN1CCC2=CC3=C(C=C2C1C4C5=C(C6=C(C=C5)OCO6)C(=O)O4)OCO3,IYGYMKDQCDOMRE-ZWKOTPCHSA-N,STANFORD
Bifonazole,,DB04794,2378,621,C1=CC=C(C=C1)C2=CC=C(C=C2)C(C3=CC=CC=C3)N4C=CN=C4,OCAPBUJLXMYKEJ-UHFFFAOYSA-N,STANFORD
BIIB-021,,DB12359,16736529,562,CC1=CN=C(C(=C1OC)C)CN2C=NC3=C2N=C(N=C3Cl)N,QULDDKSCVCJTPV-UHFFFAOYSA-N,"STANFORD,DECREASE"
Bilobalide,,,73581,622,CC(C)(C)C1(CC2C3(C14C(C(=O)OC4OC3=O)O)CC(=O)O2)O,MOLPUWBMSBJXER-YDGSQGCISA-N,STANFORD
Bimatoprost,,DB00905,5311027,623,CCNC(=O)CCCC=CCC1C(CC(C1C=CC(CCC2=CC=CC=C2)O)O)O,AQOKCDNYWBIDND-FTOWTWDKSA-N,STANFORD
Bindarit,,,71354,624,CC(C)(C(=O)O)OCC1=NN(C2=CC=CC=C21)CC3=CC=CC=C3,MTHORRSSURHQPZ-UHFFFAOYSA-N,STANFORD
Binimetinib,L01XE41,DB11967,10288191,1240,CN1C=NC2=C1C=C(C(=C2F)NC3=C(C=C(C=C3)Br)F)C(=O)NOCCO,ACWZRVQXLIRSDF-UHFFFAOYSA-N,STANFORD
Biochanin A,,,5280373,625,COC1=CC=C(C=C1)C2=COC3=CC(=CC(=C3C2=O)O)O,WUADCCWRTIWANL-UHFFFAOYSA-N,STANFORD
Biotin,,DB00121,171548,626,C1C2C(C(S1)CCCCC(=O)O)NC(=O)N2,YBJHBAHKTGYVGT-ZKWXMUAHSA-N,STANFORD
Biperiden hydrochloride,,,92151,627,C1CCN(CC1)CCC(C2CC3CC2C=C3)(C4=CC=CC=C4)O.Cl,RDNLAULGBSQZMP-UHFFFAOYSA-N,STANFORD
Birinapant,,DB11782,49836020,628,CCC(C(=O)N1CC(CC1CC2=C(NC3=C2C=CC(=C3)F)C4=C(C5=C(N4)C=C(C=C5)F)CC6CC(CN6C(=O)C(CC)NC(=O)C(C)NC)O)O)NC(=O)C(C)NC,PKWRMUKBEYJEIX-DXXQBUJASA-N,STANFORD
Bisacodyl,,DB09020,2391,629,CC(=O)OC1=CC=C(C=C1)C(C2=CC=C(C=C2)OC(=O)C)C3=CC=CC=N3,KHOITXIGCFIULA-UHFFFAOYSA-N,STANFORD
Bisoprolol fumarate,,,6917733,630,CC(C)NCC(COC1=CC=C(C=C1)COCCOC(C)C)O.C(=CC(=O)O)C(=O)O,RZPZLFIUFMNCLY-WLHGVMLRSA-N,STANFORD
BIX 01294 Trihydrochloride,,,46945860,565,CN1CCCN(CC1)C2=NC3=CC(=C(C=C3C(=N2)NC4CCN(CC4)CC5=CC=CC=C5)OC)OC.Cl.Cl.Cl,FMURUEPQXKJIPS-UHFFFAOYSA-N,STANFORD
BIX-02188,,,135398492,566,CN(C)CC1=CC(=CC=C1)N=C(C2=CC=CC=C2)C3=C(NC4=C3C=CC(=C4)C(=O)N)O,WGPXKFOFEXJMBD-UHFFFAOYSA-N,STANFORD
BIX-02189,,,135659062,567,CN(C)CC1=CC(=CC=C1)N=C(C2=CC=CC=C2)C3=C(NC4=C3C=CC(=C4)C(=O)N(C)C)O,ZGXOBLVQIVXKEB-UHFFFAOYSA-N,STANFORD
Blebbistatin,,,3476986,368,CC1=CC2=C(C=C1)N=C3C(C2=O)(CCN3C4=CC=CC=C4)O,LZAXPYOBKSJSEX-UHFFFAOYSA-N,STANFORD
Bleomycin,L01DC01,DB00290,5360373,10,CC1=C(N=C(N=C1N)C(CC(=O)N)NCC(C(=O)N)N)C(=O)NC(C(C2=CN=CN2)OC3C(C(C(C(O3)CO)O)O)OC4C(C(C(C(O4)CO)O)OC(=O)N)O)C(=O)NC(C)C(C(C)C(=O)NC(C(C)O)C(=O)NCCC5=NC(=CS5)C6=NC(=CS6)C(=O)NCCC[S+](C)C)O,OYVAGSVQBOHSSS-WXFSZRTFSA-O,NCI-ALMANAC
Bleomycin sulfate,,,72466,631,CC1=C(N=C(N=C1N)C(CC(=O)N)NCC(C(=O)N)N)C(=O)NC(C(C2=CN=CN2)OC3C(C(C(C(O3)CO)O)O)OC4C(C(C(C(O4)CO)O)OC(=O)N)O)C(=O)NC(C)C(C(C)C(=O)NC(C(C)O)C(=O)NCCC5=NC(=CS5)C6=NC(=CS6)C(=O)NCCC[S+](C)C)O.OS(=O)(=O)[O-],WUIABRMSWOKTOF-OCBSMOPSSA-N,STANFORD
BML-190,,,2415,568,CC1=C(C2=C(N1C(=O)C3=CC=C(C=C3)Cl)C=CC(=C2)OC)CC(=O)N4CCOCC4,BJSDNVVWJYDOLK-UHFFFAOYSA-N,STANFORD
Bms-265246,,,135402864,569,CCCCOC1=C(C=NC2=NNC=C12)C(=O)C3=C(C=C(C=C3F)C)F,SCFMWQIQBVZOQR-UHFFFAOYSA-N,STANFORD
Bms-345541,,,9926054,570,CC1=CC2=C(C=C1)N=C(C3=NC=C(N23)C)NCCN.Cl,MIDKPVLYXNLFGZ-UHFFFAOYSA-N,STANFORD
Bms-378806,,,5495818,571,CC1CN(CCN1C(=O)C(=O)C2=CNC3=NC=CC(=C23)OC)C(=O)C4=CC=CC=C4,OKGPFTLYBPQBIX-CQSZACIVSA-N,STANFORD
BMS-387032,,,3025986,344,CC(C)(C)C1=CN=C(O1)CSC2=CN=C(S2)NC(=O)C3CCNCC3,OUSFTKFNBAZUKL-UHFFFAOYSA-N,"STANFORD,DECREASE,MIT-MELANOMA"
Bms-536924,,,135440466,301,CC1=CC(=CC2=C1N=C(N2)C3=C(C=CNC3=O)NCC(C4=CC(=CC=C4)Cl)O)N5CCOCC5,ZWVZORIKUNOTCS-OAQYLSRUSA-N,MIT-MELANOMA
Bms-599626,,DB12318,10437018,399,CC1=C2C(=NC=NN2C=C1NC(=O)OCC3COCCN3)NC4=CC5=C(C=C4)N(N=C5)CC6=CC(=CC=C6)F,LUJZZYWHBDHDQX-QFIPXVFZSA-N,STANFORD
Bms-707035,,,54682040,572,CN1C(=O)C(=C(N=C1N2CCCCS2(=O)=O)C(=O)NCC3=CC=C(C=C3)F)O,VNIWZCGZPBJWBI-UHFFFAOYSA-N,STANFORD
Bms-754807,,,24785538,192,CC1(CCCN1C2=NN3C=CC=C3C(=N2)NC4=NNC(=C4)C5CC5)C(=O)NC6=CN=C(C=C6)F,LQVXSNNAFNGRAH-QHCPKHFHSA-N,"STANFORD,YALE-TNBC,DECREASE"
Bms-777607,,,24794418,573,CCOC1=C(C(=O)N(C=C1)C2=CC=C(C=C2)F)C(=O)NC3=CC(=C(C=C3)OC4=C(C(=NC=C4)N)Cl)F,VNBRGSXVFBYQNN-UHFFFAOYSA-N,STANFORD
BMS-794833,,,44155856,574,C1=CC(=CC=C1C2=CNC=C(C2=O)C(=O)NC3=CC(=C(C=C3)OC4=C(C(=NC=C4)N)Cl)F)F,PDYXPCKITKHFOZ-UHFFFAOYSA-N,STANFORD
BMS-833923,,,57662985,575,CC1=C(C=C(C=C1)CNC)NC(=O)C2=CC=C(C=C2)NC3=NC4=CC=CC=C4C(=N3)C5=CC=CC=C5,KLRRGBHZCJLIEL-UHFFFAOYSA-N,STANFORD
BMY-7378,,,210172,576,COC1=CC=CC=C1N2CCN(CC2)CCN3C(=O)CC4(CCCC4)CC3=O.Cl.Cl,NIBOMXUDFLRHRV-UHFFFAOYSA-N,STANFORD
Bortezomib,L01XX32,DB00188,387447,11,B(C(CC(C)C)NC(=O)C(CC1=CC=CC=C1)NC(=O)C2=NC=CN=C2)(O)O,GXJABQQUPOEUTA-RDJZCZTQSA-N,"STANFORD,CLOUD,MIT-MELANOMA,MERCK,NCI-ALMANAC,YALE-TNBC"
Bosentan hydrate,,,185462,632,CC(C)(C)C1=CC=C(C=C1)S(=O)(=O)NC2=C(C(=NC(=N2)C3=NC=CC=N3)OCCO)OC4=CC=CC=C4OC.O,SXTRWVVIEPWAKM-UHFFFAOYSA-N,STANFORD
Bosutinib,L01XE14 ,DB06616,5328940,193,CN1CCN(CC1)CCCOC2=C(C=C3C(=C2)N=CC(=C3NC4=CC(=C(C=C4Cl)Cl)OC)C#N)OC,UBPYILGKFZZVDX-UHFFFAOYSA-N,"YALE-TNBC,STANFORD"
BRD-7389,,,1080352,165,C1=CC=C(C=C1)CCNC2=C3C4=CC=CC=C4C(=O)C5=C3C(=CC=C5)NC2=O,XASCINRGTHLHGM-UHFFFAOYSA-N,"YALE-PDAC,YALE-TNBC"
Brefeldin A,,DB07348,5287620,633,CC1CCCC=CC2CC(CC2C(C=CC(=O)O1)O)O,KQNZDYYTLMIZCT-KQPMLPITSA-N,STANFORD
Brinzolamide,,DB01194,68844,635,CCNC1CN(S(=O)(=O)C2=C1C=C(S2)S(=O)(=O)N)CCCOC,HCRKCZRJWPKOAR-JTQLQIEISA-N,STANFORD
Brivanib,,DB11958,11234052,300,CC1=CC2=C(N1)C=CC(=C2F)OC3=NC=NN4C3=C(C(=C4)OCC(C)O)C,WCWUXEGQKLTGDX-LLVKDONJSA-N,"MIT-MELANOMA,STANFORD"
Brivanib alaninate,,DB11865,11154925,636,CC1=CC2=C(N1)C=CC(=C2F)OC3=NC=NN4C3=C(C(=C4)OCC(C)OC(=O)C(C)N)C,LTEJRLHKIYCEOX-OCCSQVGLSA-N,STANFORD
BRL-15572,,,9891303,577,C1CN(CCN1CC(C(C2=CC=CC=C2)C3=CC=CC=C3)O)C4=CC(=CC=C4)Cl.Cl.Cl,WPEXRXMQMPOHIO-UHFFFAOYSA-N,STANFORD
BRL-54443,,,2438,578,CN1CCC(CC1)C2=CNC3=C2C=C(C=C3)O,WKNFADCGOAHBPG-UHFFFAOYSA-N,STANFORD
Bromfenac sodium,,,23693301,637,C1=CC(=C(C(=C1)C(=O)C2=CC=C(C=C2)Br)N)CC(=O)[O-].[Na+],HZFGMQJYAFHESD-UHFFFAOYSA-M,STANFORD
Bromhexine hydrochloride,,,5702220,638,CN(CC1=C(C(=CC(=C1)Br)Br)N)C2CCCCC2.Cl,UCDKONUHZNTQPY-UHFFFAOYSA-N,STANFORD
Brompheniramine maleate,,,5281067,639,CN(C)CCC(C1=CC=C(C=C1)Br)C2=CC=CC=N2.C(=CC(=O)O)C(=O)O,SRGKFVAASLQVBO-BTJKTKAUSA-N,STANFORD
Broxyquinoline,,,2453,640,C1=CC2=C(C(=C(C=C2Br)Br)O)N=C1,ZDASUJMDVPTNTF-UHFFFAOYSA-N,STANFORD
Brucine,,,442021,641,COC1=C(C=C2C(=C1)C34CCN5C3CC6C7C4N2C(=O)CC7OCC=C6C5)OC,RRKTZKIUPZVBMF-IBTVXLQLSA-N,STANFORD
BS-181 hydrochloride,,,49867928,579,CC(C)C1=C2N=C(C=C(N2N=C1)NCC3=CC=CC=C3)NCCCCCCN.Cl,NVIJWMOQODWNFN-UHFFFAOYSA-N,STANFORD
BTZ043 Racemate,,,49769085,580,CC1COC2(O1)CCN(CC2)C3=NC(=O)C4=C(S3)C(=CC(=C4)C(F)(F)F)[N+](=O)[O-],GTUIRORNXIOHQR-UHFFFAOYSA-N,STANFORD
Bufexamac,,DB13346,2466,643,CCCCOC1=CC=C(C=C1)CC(=O)NO,MXJWRABVEGLYDG-UHFFFAOYSA-N,STANFORD
Buflomedil hydrochloride,,,6420013,644,COC1=CC(=C(C(=C1)OC)C(=O)CCCN2CCCC2)OC.Cl,ZDPACSAHMZADFZ-UHFFFAOYSA-N,STANFORD
Bumetanide,,DB00887,2471,645,CCCCNC1=C(C(=CC(=C1)C(=O)O)S(=O)(=O)N)OC2=CC=CC=C2,MAEIEVLCKWDQJH-UHFFFAOYSA-N,STANFORD
Buparlisib,,DB11666,16654980,118,C1COCCN1C2=NC(=NC(=C2)C3=CN=C(C=C3C(F)(F)F)N)N4CCOCC4,CWHUFRVAEUJCEF-UHFFFAOYSA-N,STANFORD
Bupivacaine hydrochloride,,,64737,646,CCCCN1CCCCC1C(=O)NC2=C(C=CC=C2C)C.Cl,SIEYLFHKZGLBNX-UHFFFAOYSA-N,STANFORD
Bupropion,,DB01156,444,481,CC(C(=O)C1=CC(=CC=C1)Cl)NC(C)(C)C,SNPPWIUOZRMYNY-UHFFFAOYSA-N,STANFORD
Buspirone hydrochloride,,,36431,647,C1CCC2(C1)CC(=O)N(C(=O)C2)CCCCN3CCN(CC3)C4=NC=CC=N4.Cl,RICLFGYGYQXUFH-UHFFFAOYSA-N,STANFORD
Busulfan,L01AB01,DB01008,2478,12,CS(=O)(=O)OCCCCOS(=O)(=O)C,COVZYZSDYWQREU-UHFFFAOYSA-N,"STANFORD,NCI-ALMANAC"
Butein,,,5281222,648,C1=CC(=C(C=C1C=CC(=O)C2=C(C=C(C=C2)O)O)O)O,AYMYWHCQALZEGT-ORCRQEGFSA-N,STANFORD
Butenafine hydrochloride,,,443867,649,CC(C)(C)C1=CC=C(C=C1)CN(C)CC2=CC=CC3=CC=CC=C32.Cl,LJBSAUIFGPSHCN-UHFFFAOYSA-N,STANFORD
Butoconazole nitrate,,,47471,650,C1=CC(=C(C(=C1)Cl)SC(CCC2=CC=C(C=C2)Cl)CN3C=CN=C3)Cl.[N+](=O)(O)[O-],ZHPWRQIPPNZNML-UHFFFAOYSA-N,STANFORD
BX 513 hydrochloride,,,56972186,194,C1CN(CCC1(C2=CC=C(C=C2)Cl)O)CCCC(C#N)(C3=CC=CC=C3)C4=CC=CC=C4.Cl,SSZWNUGWOGONQJ-UHFFFAOYSA-N,YALE-TNBC
BX-795,,,10077147,581,C1CCN(C1)C(=O)NC2=CC=CC(=C2)NC3=NC=C(C(=N3)NCCCNC(=O)C4=CC=CS4)I,VAVXGGRQQJZYBL-UHFFFAOYSA-N,STANFORD
BX-912,,,11754511,582,C1CCN(C1)C(=O)NC2=CC=CC(=C2)NC3=NC=C(C(=N3)NCCC4=CN=CN4)Br,DMMILYKXNCVKOJ-UHFFFAOYSA-N,STANFORD
c-Myc Inhibitor,,,1271002,377,CCC1=CC=C(C=C1)C=C2C(=O)NC(=S)S2,SVXDHPADAXBMFB-JXMROGBWSA-N,STANFORD
C22H31NO2,,,9927971,387,CC(C)N(CCC(C1=CC=CC=C1)C2=C(C=CC(=C2)CO)O)C(C)C,DUXZAXCGJSBGDW-UHFFFAOYSA-N,STANFORD
C75,,,,302,,N,MIT-MELANOMA
Cabazitaxel,,DB06772,9854073,680,CC1=C2C(C(=O)C3(C(CC4C(C3C(C(C2(C)C)(CC1OC(=O)C(C(C5=CC=CC=C5)NC(=O)OC(C)(C)C)O)O)OC(=O)C6=CC=CC=C6)(CO4)OC(=O)C)OC)C)OC,BMQGVNUXMIRLCK-OAGWZNDDSA-N,STANFORD
Cabozantinib,L01XE26 ,DB08875,25102847,257,COC1=CC2=C(C=CN=C2C=C1OC)OC3=CC=C(C=C3)NC(=O)C4(CC4)C(=O)NC5=CC=C(C=C5)F,ONIQOQHATWINJY-UHFFFAOYSA-N,"STANFORD,YALE-TNBC"
Caffeic acid,,DB01880,689043,681,C1=CC(=C(C=C1C=CC(=O)O)O)O,QAIPRVGONGVQAS-DUXPYHPUSA-N,STANFORD
Caffeic acid phenethyl ester,,,5281787,682,C1=CC=C(C=C1)CCOC(=O)C=CC2=CC(=C(C=C2)O)O,SWUARLUWKZWEBQ-VQHVLOKHSA-N,STANFORD
Calcifediol,,DB00146,5283731,683,CC(CCCC(C)(C)O)C1CCC2C1(CCCC2=CC=C3CC(CCC3=C)O)C,JWUBBDSIWDLEOM-DTOXIADCSA-N,STANFORD
Calcitriol,,DB00136,5280453,684,CC(CCCC(C)(C)O)C1CCC2C1(CCCC2=CC=C3CC(CC(C3=C)O)O)C,GMRQFYUYWCNGIN-NKMMMXOESA-N,STANFORD
Calcium glucoheptonate,,DB00326,62859,685,C(C(C(C(C(C(C(=O)[O-])O)O)O)O)O)O.C(C(C(C(C(C(C(=O)[O-])O)O)O)O)O)O.[Ca+2],FATUQANACHZLRT-KMRXSBRUSA-L,STANFORD
Camostat mesylate,,,5284360,686,CN(C)C(=O)COC(=O)CC1=CC=C(C=C1)OC(=O)C2=CC=C(C=C2)N=C(N)N.CS(=O)(=O)O,FSEKIHNIDBATFG-UHFFFAOYSA-N,STANFORD
Camptosar,L01XX19,,60837,1130,CCC1=C2CN3C(=CC4=C(C3=O)COC(=O)C4(CC)O)C2=NC5=C1C=C(C=C5)OC(=O)N6CCC(CC6)N7CCCCC7.O.O.O.Cl,KLEAIHJJLUAXIQ-JDRGBKBRSA-N,STANFORD
Camptothecin,,DB04690,24360,687,CCC1(C2=C(COC1=O)C(=O)N3CC4=CC5=CC=CC=C5N=C4C3=C2)O,VSJKWCGYPAHWDS-FQEVSTJZSA-N,STANFORD
Canagliflozin,,DB08907,24812758,688,CC1=C(C=C(C=C1)C2C(C(C(C(O2)CO)O)O)O)CC3=CC=C(S3)C4=CC=C(C=C4)F,XTNGUQKDFGDXSJ-ZXGKGEBGSA-N,STANFORD
Candesartan,,DB13919,2541,689,CCOC1=NC2=CC=CC(=C2N1CC3=CC=C(C=C3)C4=CC=CC=C4C5=NNN=N5)C(=O)O,HTQMVQVXFRQIKW-UHFFFAOYSA-N,STANFORD
Candesartan cilexetil,,DB00796,2540,690,CCOC1=NC2=CC=CC(=C2N1CC3=CC=C(C=C3)C4=CC=CC=C4C5=NNN=N5)C(=O)OC(C)OC(=O)OC6CCCCC6,GHOSNRCGJFBJIB-UHFFFAOYSA-N,STANFORD
Canertinib,,DB05424,156414,691,C=CC(=O)NC1=C(C=C2C(=C1)C(=NC=N2)NC3=CC(=C(C=C3)F)Cl)OCCCN4CCOCC4,OMZCMEYTWSXEPZ-UHFFFAOYSA-N,STANFORD
Capecitabine,L01BC06,DB01101,60953,13,CCCCCOC(=O)NC1=NC(=O)N(C=C1F)C2C(C(C(O2)C)O)O,GAGWJHPBXLXJQN-UORFTKCHSA-N,"STANFORD,NCI-ALMANAC"
Capivasertib,,DB12218,25227436,120,C1CN(CCC1(C(=O)NC(CCO)C2=CC=C(C=C2)Cl)N)C3=NC=NC4=C3C=CN4,JDUBGYFRJFOXQC-KRWDZBQOSA-N,STANFORD
Capmatinib,,DB11791,25145656,1099,CNC(=O)C1=C(C=C(C=C1)C2=NN3C(=CN=C3N=C2)CC4=CC5=C(C=C4)N=CC=C5)F,LIOLIMKSCNQPLV-UHFFFAOYSA-N,STANFORD
Captopril,,DB01197,44093,692,CC(CS)C(=O)N1CCCC1C(=O)O,FAKRSMQSSFJEIM-RQJHMYQMSA-N,STANFORD
Carbadox,,,135511839,693,COC(=O)NN=CC1=[N+](C2=CC=CC=C2[N+](=C1)[O-])[O-],OVGGLBAWFMIPPY-WUXMJOGZSA-N,STANFORD
Carbamazepine,,DB00564,2554,694,C1=CC=C2C(=C1)C=CC3=CC=CC=C3N2C(=O)N,FFGPTBGBLSHEPO-UHFFFAOYSA-N,STANFORD
Carbazochrome sodium sulfonate,,,135705561,695,CN1C(CC2=CC(=C(C=C21)O)N=NC(=O)N)S(=O)(=O)[O-].[Na+],PDZKPUQLQNDXMQ-UHFFFAOYSA-M,STANFORD
Carbenicillin disodium,,,20933,696,CC1(C(N2C(S1)C(C2=O)NC(=O)C(C3=CC=CC=C3)C(=O)[O-])C(=O)[O-])C.[Na+].[Na+],RTYJTGSCYUUYAL-YCAHSCEMSA-L,STANFORD
Carbenoxolone sodium,,,636402,697,CC1(C2CCC3(C(C2(CCC1OC(=O)CCC(=O)[O-])C)C(=O)C=C4C3(CCC5(C4CC(CC5)(C)C(=O)[O-])C)C)C)C.[Na+].[Na+],BQENDLAVTKRQMS-SBBGFIFASA-L,STANFORD
Carbidopa,,,34359,698,CC(CC1=CC(=C(C=C1)O)O)(C(=O)O)NN,TZFNLOMSOLWIDK-JTQLQIEISA-N,STANFORD
Carbimazole,,DB00389,31072,699,CCOC(=O)N1C=CN(C1=S)C,CFOYWRHIYXMDOT-UHFFFAOYSA-N,STANFORD
Carboplatin,L01XA02,DB00958,38904,14,C1CC(C1)(C(=O)O)C(=O)O.N.N.[Pt],DVQHYTBCTGYNNN-UHFFFAOYSA-N,"MERCK,NCI-ALMANAC,YALE-TNBC,STANFORD,CLOUD"
Carfilzomib,L01XX45,DB08889,11556711,110,CC(C)CC(C(=O)C1(CO1)C)NC(=O)C(CC2=CC=CC=C2)NC(=O)C(CC(C)C)NC(=O)C(CCC3=CC=CC=C3)NC(=O)CN4CCOCC4,BLMPQMFVWMYDKT-NZTKNTHTSA-N,"YALE-TNBC,STANFORD,YALE-PDAC"
Carisoprodol,M03BA02,DB00395,2576,262,CCCC(C)(COC(=O)N)COC(=O)NC(C)C,OFZCIYFFPZCNJE-UHFFFAOYSA-N,CLOUD
Carmofur,,DB09010,2577,700,CCCCCCNC(=O)N1C=C(C(=O)NC1=O)F,AOCCBINRVIKJHY-UHFFFAOYSA-N,STANFORD
Carmustine,L01AD01,DB00262,2578,15,C(CCl)NC(=O)N(CCCl)N=O,DLGOEMSEDOSKAD-UHFFFAOYSA-N,NCI-ALMANAC
Carprofen,,DB00821,2581,701,CC(C1=CC2=C(C=C1)C3=C(N2)C=CC(=C3)Cl)C(=O)O,PUXBGTOOZJQSKH-UHFFFAOYSA-N,STANFORD
Carvedilol,,DB01136,2585,702,COC1=CC=CC=C1OCCNCC(COC2=CC=CC3=C2C4=CC=CC=C4N3)O,OGHNVEJMJSYVRP-UHFFFAOYSA-N,STANFORD
Caspofungin acetate,,,6850808,703,CCC(C)CC(C)CCCCCCCCC(=O)NC1CC(C(NC(=O)C2C(CCN2C(=O)C(NC(=O)C(NC(=O)C3CC(CN3C(=O)C(NC1=O)C(C)O)O)C(C(C4=CC=C(C=C4)O)O)O)C(CCN)O)O)NCCN)O.CC(=O)O.CC(=O)O,OGUJBRYAAJYXQP-LLXMLGLCSA-N,STANFORD
Catharanthine,,,5458190,704,CCC1=CC2CC3(C1N(C2)CCC4=C3NC5=CC=CC=C45)C(=O)OC,CMKFQVZJOWHHDV-NQZBTDCJSA-N,STANFORD
Cathepsin inhibitor 1,,,44224135,705,CC(C)(C)C1=NN(C(=C1)C(=O)NC(CC2=CC(=CC=C2)Cl)C(=O)NCC#N)C,MZRVIHRERYCHBL-HNNXBMFYSA-N,STANFORD
CCG-190730,,,675434,1105,CC1=CC(=C(N1C2=CC=C(C=C2)F)C)C(=O)CN3CCCC3,JUWDSDKJBMFLHE-UHFFFAOYSA-N,STANFORD
CCG-50014,,,2733079,654,CC1=CC=C(C=C1)N2C(=O)N(C(=O)S2)CC3=CC=C(C=C3)F,QUIIIYITNGOFEI-UHFFFAOYSA-N,STANFORD
CCT-128930,,,17751819,655,C1CN(CCC1(CC2=CC=C(C=C2)Cl)N)C3=NC=NC4=C3C=CN4,RZIDZIGAXXNODG-UHFFFAOYSA-N,STANFORD
Cct-129202,,,16202152,656,CN(C)C1=CC=C(C=C1)C2=NC3=NC=C(C(=C3N2)N4CCN(CC4)CC(=O)NC5=NC=CS5)Cl,QYKHWEFPFAGNEV-UHFFFAOYSA-N,STANFORD
CCT-137690,,,25154041,657,CC1=CC(=NO1)CN2CCN(CC2)C3=C4C(=NC=C3Br)N=C(N4)C5=CC=C(C=C5)N6CCN(CC6)C,GFLQCBTXTRCREJ-UHFFFAOYSA-N,STANFORD
Cediranib,L01XE32,DB04849,9933475,303,CC1=CC2=C(N1)C=CC(=C2F)OC3=NC=NC4=CC(=C(C=C43)OC)OCCCN5CCCC5,XXJWYDDUDKYVKI-UHFFFAOYSA-N,"MIT-MELANOMA,STANFORD"
Cefoperazone,,,44187,708,CCN1CCN(C(=O)C1=O)C(=O)NC(C2=CC=C(C=C2)O)C(=O)NC3C4N(C3=O)C(=C(CS4)CSC5=NN=NN5C)C(=O)O,GCFBRXLSHGKWDP-XCGNWRKASA-N,STANFORD
Cefoselis sulfate,,,9830519,709,CON=C(C1=CSC(=N1)N)C(=O)NC2C3N(C2=O)C(=C(CS3)CN4C=CC(=N)N4CCO)C(=O)O.OS(=O)(=O)O,LZOLCSVRFKCSEM-ZQCAECPKSA-N,STANFORD
Ceftiofur hydrochloride,,,9937686,710,CON=C(C1=CSC(=N1)N)C(=O)NC2C3N(C2=O)C(=C(CS3)CSC(=O)C4=CC=CO4)C(=O)O.Cl,KEQFDTJEEQKVLM-JUODUXDSSA-N,STANFORD
Celecoxib,L01XX33;M01AH01;G01AE10,DB00482,2662,16,CC1=CC=C(C=C1)C2=CC(=NN2C3=CC=C(C=C3)S(=O)(=O)N)C(F)(F)F,RZEKVGVHFLEQIL-UHFFFAOYSA-N,"STANFORD,NCI-ALMANAC"
CEP-33779,,,57336812,660,CN1CCN(CC1)C2=CC=CC(=C2)NC3=NN4C=CC=C(C4=N3)C5=CC=C(C=C5)S(=O)(=O)C,RFZKSQIFOZZIAQ-UHFFFAOYSA-N,STANFORD
Cephalexin,,DB00567,27447,711,CC1=C(N2C(C(C2=O)NC(=O)C(C3=CC=CC=C3)N)SC1)C(=O)O,ZAIPMKNFIOOWCQ-UEKVPHQBSA-N,STANFORD
Cephalomannine,,,6436208,712,CC=C(C)C(=O)NC(C1=CC=CC=C1)C(C(=O)OC2CC3(C(C4C(C(CC5C4(CO5)OC(=O)C)O)(C(=O)C(C(=C2C)C3(C)C)OC(=O)C)C)OC(=O)C6=CC=CC=C6)O)O,DBXFAPJCZABTDR-WBYYIXQISA-N,STANFORD
Cepharanthine,,,10206,713,CN1CCC2=CC3=C(C4=C2C1CC5=CC=C(C=C5)OC6=C(C=CC(=C6)CC7C8=CC(=C(C=C8CCN7C)OC)O4)OC)OCO3,YVPXVXANRNDGTA-WDYNHAJCSA-N,STANFORD
Ceritinib,L01XE28,DB09063,57379345,1177,CC1=CC(=C(C=C1C2CCNCC2)OC(C)C)NC3=NC=C(C(=N3)NC4=CC=CC=C4S(=O)(=O)C(C)C)Cl,VERWOWGGCGHDQE-UHFFFAOYSA-N,STANFORD
Cerivastatin,C10AA06 ,DB00439,446156,263,CC(C)C1=C(C(=C(C(=N1)C(C)C)COC)C2=CC=C(C=C2)F)C=CC(CC(CC(=O)O)O)O,SEERZIQQUAZTOL-ANMDKAQQSA-N,CLOUD
Cerulenin,,,5282054,195,CC=CCC=CCCC(=O)C1C(O1)C(=O)N,GVEZIHKRYBHEFX-NQQPLRFYSA-N,YALE-TNBC
Cetirizine hydrochloride,,,55182,714,C1CN(CCN1CCOCC(=O)O)C(C2=CC=CC=C2)C3=CC=C(C=C3)Cl.Cl.Cl,PGLIUCLTXOYQMV-UHFFFAOYSA-N,STANFORD
Cetrimonium bromide,,,5974,715,CCCCCCCCCCCCCCCC[N+](C)(C)C.[Br-],LZZYPRNAOMGNLH-UHFFFAOYSA-M,STANFORD
Cetylpyridinium chloride,,,31239,716,CCCCCCCCCCCCCCCC[N+]1=CC=CC=C1.[Cl-],YMKDRGPMQRFJGP-UHFFFAOYSA-M,STANFORD
CFTR(inh)-172,,,1554208,661,C1=CC(=CC(=C1)N2C(=O)C(=CC3=CC=C(C=C3)C(=O)O)SC2=S)C(F)(F)F,JIMHYXZZCWVCMI-ZSOIEALJSA-N,STANFORD
Cgk733,,,6605258,662,C1=CC=C(C=C1)C(C2=CC=CC=C2)C(=O)NC(C(Cl)(Cl)Cl)NC(=S)NC3=CC(=C(C=C3)F)[N+](=O)[O-],HLCDNLNLQNYZTK-UHFFFAOYSA-N,STANFORD
CGS 21680 hydrochloride,,,10256643,663,CCNC(=O)C1C(C(C(O1)N2C=NC3=C(N=C(N=C32)NCCC4=CC=C(C=C4)CCC(=O)O)N)O)O.Cl,QPHVMNOEKKJYJO-MJWSIIAUSA-N,STANFORD
CH5132799,,DB13051,49784945,664,CS(=O)(=O)N1CCC2=C(N=C(N=C21)N3CCOCC3)C4=CN=C(N=C4)N,JEGHXKRHKHPBJD-UHFFFAOYSA-N,STANFORD
CHEMBL272357,,,12934390,386,CC1=CC(=O)OC2=C1C=CC(=C2C=O)O,RTHHSXOVIJWFQP-UHFFFAOYSA-N,STANFORD
CHEMBL590022,,,1204893,653,C1=CC(=CC=C1C2=CC=C(O2)C=C3C(=O)NC(=O)S3)F,UFBTYTGRUBUUIL-KPKJPENVSA-N,STANFORD
Chenodeoxycholic acid,,DB06777,10133,717,CC(CCC(=O)O)C1CCC2C1(CCC3C2C(CC4C3(CCC(C4)O)C)O)C,RUDATBOHQWOJDD-BSWAIDMHSA-N,STANFORD
CHIR-124,,,135399748,665,C1CN2CCC1C(C2)NC3=C(C(=O)NC4=C3C=C(C=C4)Cl)C5=NC6=CC=CC=C6N5,MOVBBVMDHIRCTG-LJQANCHMSA-N,STANFORD
CHIR-98014,,,53396311,666,C1=CC(=C(C=C1Cl)Cl)C2=NC(=NC=C2N3C=CN=C3)NCCNC4=NC(=C(C=C4)[N+](=O)[O-])N,MDZCSIDIPDZWKL-UHFFFAOYSA-N,STANFORD
Chir-99021,,,9956119,667,CC1=CN=C(N1)C2=CN=C(N=C2C3=C(C=C(C=C3)Cl)Cl)NCCNC4=NC=C(C=C4)C#N,AQGNHMOJWBZFQQ-UHFFFAOYSA-N,STANFORD
Chlorambucil,L01AA02,DB00291,2708,17,C1=CC(=CC=C1CCCC(=O)O)N(CCCl)CCCl,JCKYGMPEJWAADB-UHFFFAOYSA-N,NCI-ALMANAC
Chloramphenicol,,,5959,718,C1=CC(=CC=C1C(C(CO)NC(=O)C(Cl)Cl)O)[N+](=O)[O-],WIIZWVCIJKGZOK-RKDXNWHRSA-N,STANFORD
Chlormezanone,,DB01178,2717,719,CN1C(S(=O)(=O)CCC1=O)C2=CC=C(C=C2)Cl,WEQAYVWKMWHEJO-UHFFFAOYSA-N,STANFORD
Chlorogenic acid,,DB12029,1794427,721,C1C(C(C(CC1(C(=O)O)O)OC(=O)C=CC2=CC(=C(C=C2)O)O)O)O,CWVRJTMFETXNAD-JUHZACGLSA-N,STANFORD
Chlorothiazide,,DB00880,2720,722,C1=C2C(=CC(=C1Cl)S(=O)(=O)N)S(=O)(=O)N=CN2,JBMKAUGHUNFTOL-UHFFFAOYSA-N,STANFORD
Chloroxine,,DB01243,2722,723,C1=CC2=C(C(=C(C=C2Cl)Cl)O)N=C1,WDFKMLRRRCGAKS-UHFFFAOYSA-N,STANFORD
Chlorpheniramine maleate,,,5281068,724,CN(C)CCC(C1=CC=C(C=C1)Cl)C2=CC=CC=N2.C(=CC(=O)O)C(=O)O,DBAKFASWICGISY-BTJKTKAUSA-N,STANFORD
Chlorpromazine hydrochloride,,,6240,725,CN(C)CCCN1C2=CC=CC=C2SC3=C1C=C(C=C3)Cl.Cl,FBSMERQALIEGJT-UHFFFAOYSA-N,STANFORD
Chlorpropamide,,DB00672,2727,726,CCCNC(=O)NS(=O)(=O)C1=CC=C(C=C1)Cl,RKWGIWYCVPQPMF-UHFFFAOYSA-N,STANFORD
Chlorquinaldol,,,6301,728,CC1=NC2=C(C=C1)C(=CC(=C2O)Cl)Cl,GPTXWRGISTZRIO-UHFFFAOYSA-N,STANFORD
Chlorzoxazone,M03BB03,DB00356,2733,264,C1=CC2=C(C=C1Cl)NC(=O)O2,TZFWDZFKRBELIQ-UHFFFAOYSA-N,"STANFORD,CLOUD"
Cholecalciferol,A11CC05 ,DB00169,5280795,1955,CC(C)CCCC(C)C1CCC2C1(CCCC2=CC=C3CC(CCC3=C)O)C,QYSXJUFSXHHAJI-YRZJJWOYSA-N,STANFORD
Choline chloride,,,6209,729,C[N+](C)(C)CCO.[Cl-],SGMZJAMFUVOLNK-UHFFFAOYSA-M,STANFORD
Chromocarb,,,2741,730,C1=CC=C2C(=C1)C(=O)C=C(O2)C(=O)O,RVMGXWBCQGAWBR-UHFFFAOYSA-N,STANFORD
Chrysin,,,5281607,731,C1=CC=C(C=C1)C2=CC(=O)C3=C(C=C(C=C3O2)O)O,RTIXKCRFFJGDFG-UHFFFAOYSA-N,STANFORD
Chrysophanol,,,10208,732,CC1=CC2=C(C(=C1)O)C(=O)C3=C(C2=O)C=CC=C3O,LQGUBLBATBMXHT-UHFFFAOYSA-N,STANFORD
Ciclopirox,,,2749,733,CC1=CC(=O)N(C(=C1)C2CCCCC2)O,SCKYRAXSEDYPSA-UHFFFAOYSA-N,STANFORD
Ciclopirox olamine,,,38911,734,CC1=CC(=O)N(C(=C1)C2CCCCC2)O.C(CO)N,MBRHNTMUYWQHMR-UHFFFAOYSA-N,STANFORD
Cilazapril monohydrate,,,56329,735,CCOC(=O)C(CCC1=CC=CC=C1)NC2CCCN3CCCC(N3C2=O)C(=O)O.O,JQRZBPFGBRIWSN-YOTVLOEGSA-N,STANFORD
Cilengitide,,DB11890,176873,736,CC(C)C1C(=O)NC(C(=O)NCC(=O)NC(C(=O)NC(C(=O)N1C)CC2=CC=CC=C2)CC(=O)O)CCCN=C(N)N,AMLYAMJWYAIXIA-VWNVYAMZSA-N,STANFORD
Cilnidipine,,DB09232,5282138,737,CC1=C(C(C(=C(N1)C)C(=O)OCC=CC2=CC=CC=C2)C3=CC(=CC=C3)[N+](=O)[O-])C(=O)OCCOC,KJEBULYHNRNJTE-DHZHZOJOSA-N,STANFORD
Cilomilast,,DB03849,151170,738,COC1=C(C=C(C=C1)C2(CCC(CC2)C(=O)O)C#N)OC3CCCC3,CFBUZOUXXHZCFB-UHFFFAOYSA-N,STANFORD
Cilostazol,,DB01166,2754,739,C1CCC(CC1)N2C(=NN=N2)CCCCOC3=CC4=C(C=C3)NC(=O)CC4,RRGUKTPIGVIEKM-UHFFFAOYSA-N,STANFORD
Cimetidine,,DB00501,2756,740,CC1=C(N=CN1)CSCCNC(=NC)NC#N,AQIXAKUUQRKLND-UHFFFAOYSA-N,STANFORD
Cinacalcet,H05BX01,DB01012,156419,265,CC(C1=CC=CC2=CC=CC=C21)NCCCC3=CC(=CC=C3)C(F)(F)F,VDHAWDNDOKGFTD-MRXNPFEDSA-N,CLOUD
Cinacalcet hydrochloride,,,156418,741,CC(C1=CC=CC2=CC=CC=C21)NCCCC3=CC(=CC=C3)C(F)(F)F.Cl,QANQWUQOEJZMLL-PKLMIRHRSA-N,STANFORD
Cinchonidine,,,101744,742,C=CC1CN2CCC1CC2C(C3=CC=NC4=CC=CC=C34)O,KMPWYEUPVWOPIM-KODHJQJWSA-N,STANFORD
Cinchophen,,,8593,743,C1=CC=C(C=C1)C2=NC3=CC=CC=C3C(=C2)C(=O)O,YTRMTPPVNRALON-UHFFFAOYSA-N,STANFORD
Cinepazide maleate,,,5282458,744,COC1=CC(=CC(=C1OC)OC)C=CC(=O)N2CCN(CC2)CC(=O)N3CCCC3.C(=CC(=O)O)C(=O)O,XSTJTOKYCAJVMJ-GVTSEVKNSA-N,STANFORD
Cinoxacin,,DB00827,2762,745,CCN1C2=CC3=C(C=C2C(=O)C(=N1)C(=O)O)OCO3,VDUWPHTZYNWKRN-UHFFFAOYSA-N,STANFORD
CIP 13-74,,,,196,,N,YALE-TNBC
Ciprofibrate,,,2763,746,CC(C)(C(=O)O)OC1=CC=C(C=C1)C2CC2(Cl)Cl,KPSRODZRAIWAKH-UHFFFAOYSA-N,STANFORD
Ciproxifan,,,6422124,747,C1CC1C(=O)C2=CC=C(C=C2)OCCCC3=CN=CN3,ACQBHJXEAYTHCY-UHFFFAOYSA-N,STANFORD
Cisatracurium besylate,,DB00565,62886,748,C[N+]1(CCC2=CC(=C(C=C2C1CC3=CC(=C(C=C3)OC)OC)OC)OC)CCC(=O)OCCCCCOC(=O)CC[N+]4(CCC5=CC(=C(C=C5C4CC6=CC(=C(C=C6)OC)OC)OC)OC)C.C1=CC=C(C=C1)S(=O)(=O)[O-].C1=CC=C(C=C1)S(=O)(=O)[O-],XXZSQOVSEBAPGS-DONVQRBFSA-L,STANFORD
Cladribine,L01BB04,DB00242,20279,18,C1C(C(OC1N2C=NC3=C(N=C(N=C32)Cl)N)CO)O,PTOAARAWEBMLNO-KVQBGUIXSA-N,"NCI-ALMANAC,STANFORD"
Clarithromycin,,DB01211,84029,749,CCC1C(C(C(C(=O)C(CC(C(C(C(C(C(=O)O1)C)OC2CC(C(C(O2)C)O)(C)OC)C)OC3C(C(CC(O3)C)N(C)C)O)(C)OC)C)C)O)(C)O,AGOYDEPGAOXOCK-KCBOHYOISA-N,STANFORD
Clemastine fumarate,,,5281069,750,CC(C1=CC=CC=C1)(C2=CC=C(C=C2)Cl)OCCC3CCCN3C.C(=CC(=O)O)C(=O)O,PMGQWSIVQFOFOQ-YKVZVUFRSA-N,STANFORD
Cleocin,,,16051951,755,CCCC1CC(N(C1)C)C(=O)NC(C2C(C(C(C(O2)SC)O)O)O)C(C)Cl.Cl,AUODDLQVRAJAJM-XJQDNNTCSA-N,STANFORD
Clevidipine,,DB04920,153994,751,CCCC(=O)OCOC(=O)C1=C(NC(=C(C1C2=C(C(=CC=C2)Cl)Cl)C(=O)OC)C)C,KPBZROQVTHLCDU-UHFFFAOYSA-N,STANFORD
Clevudine,,,73115,752,CC1=CN(C(=O)NC1=O)C2C(C(C(O2)CO)O)F,GBBJCSTXCAQSSJ-XQXXSGGOSA-N,STANFORD
Climbazole,,,37907,753,CC(C)(C)C(=O)C(N1C=CN=C1)OC2=CC=C(C=C2)Cl,OWEGWHBOCFMBLP-UHFFFAOYSA-N,STANFORD
Clindamycin,,DB01190,446598,754,CCCC1CC(N(C1)C)C(=O)NC(C2C(C(C(C(O2)SC)O)O)O)C(C)Cl,KDLRVYVGXIQJDK-AWPVFWJPSA-N,STANFORD
Clindamycin palmitate hydrochloride,,,16052038,756,CCCCCCCCCCCCCCCC(=O)OC1C(C(C(OC1SC)C(C(C)Cl)NC(=O)C2CC(CN2C)CCC)O)O.Cl,GTNDZRUWKHDICY-DJHAJVGHSA-N,STANFORD
Clinofibrate,,DB09006,2787,757,CCC(C)(C(=O)O)OC1=CC=C(C=C1)C2(CCCCC2)C3=CC=C(C=C3)OC(C)(CC)C(=O)O,BMOVQUBVGICXQN-UHFFFAOYSA-N,STANFORD
Clobetasol propionate,,DB01013,32798,758,CCC(=O)OC1(C(CC2C1(CC(C3(C2CCC4=CC(=O)C=CC43C)F)O)C)C)C(=O)CCl,CBGUOGMQLZIXBE-XGQKBEPLSA-N,STANFORD
Clofarabine,L01BB06,DB00631,119182,19,C1=NC2=C(N=C(N=C2N1C3C(C(C(O3)CO)O)F)Cl)N,WDDPHFBMKLOVOX-AYQXTPAHSA-N,"CLOUD,STANFORD,NCI-ALMANAC"
Clofarabine active form,,,,266,,N,CLOUD
Clofazimine,,DB00845,2794,759,CC(C)N=C1C=C2C(=NC3=CC=CC=C3N2C4=CC=C(C=C4)Cl)C=C1NC5=CC=C(C=C5)Cl,WDQPAMHFFCXSNU-UHFFFAOYSA-N,STANFORD
Clofibric acid,,,2797,760,CC(C)(C(=O)O)OC1=CC=C(C=C1)Cl,TXCGAZHTZHNUAI-UHFFFAOYSA-N,STANFORD
Clomiphene citrate,,,3033832,761,CCN(CC)CCOC1=CC=C(C=C1)C(=C(C2=CC=CC=C2)Cl)C3=CC=CC=C3.C(C(=O)O)C(CC(=O)O)(C(=O)O)O,PYTMYKVIJXPNBD-OQKDUQJOSA-N,STANFORD
Clomipramine hydrochloride,N06AA04,,68539,762,CN(C)CCCN1C2=CC=CC=C2CCC3=C1C=C(C=C3)Cl.Cl,WIMWMKZEIBHDTH-UHFFFAOYSA-N,STANFORD
Clonidine hydrochloride,,,20179,763,C1CN=C(N1)NC2=C(C=CC=C2Cl)Cl.Cl,ZNIFSRGNXRYGHF-UHFFFAOYSA-N,STANFORD
Clopidogrel,C01AC04,DB00758,60606,764,COC(=O)C(C1=CC=CC=C1Cl)N2CCC3=C(C2)C=CS3,GKTWGGQPFAXNFI-HNNXBMFYSA-N,STANFORD
Clorprenaline hydrochloride,,,23360,765,CC(C)NCC(C1=CC=CC=C1Cl)O.Cl,CPCPUCRSKRHVAH-UHFFFAOYSA-N,STANFORD
Clorsulon,,,43231,766,C1=C(C(=CC(=C1N)S(=O)(=O)N)S(=O)(=O)N)C(=C(Cl)Cl)Cl,QOVTVIYTBRHADL-UHFFFAOYSA-N,STANFORD
Closantel,,,42574,767,CC1=CC(=C(C=C1NC(=O)C2=C(C(=CC(=C2)I)I)O)Cl)C(C#N)C3=CC=C(C=C3)Cl,JMPFSEBWVLAJKM-UHFFFAOYSA-N,STANFORD
Closantel sodium,,,23683671,768,CC1=CC(=C(C=C1NC(=O)C2=C(C(=CC(=C2)I)I)[O-])Cl)C(C#N)C3=CC=C(C=C3)Cl.[Na+],LREGMDNUOGTSIK-UHFFFAOYSA-M,STANFORD
Clotrimazole,A01AB18;D01AC01;G01AF02,DB00257,2812,769,C1=CC=C(C=C1)C(C2=CC=CC=C2)(C3=CC=CC=C3Cl)N4C=CN=C4,VNFPBHJOKIVQEB-UHFFFAOYSA-N,STANFORD
Cloxapen,,,23675743,770,CC1=C(C(=NO1)C2=CC=CC=C2Cl)C(=O)NC3C4N(C3=O)C(C(S4)(C)C)C(=O)[O-].O.[Na+],KCUWTKOTPIUBRI-VICXVTCVSA-M,STANFORD
Clozapine,,DB00363,135398737,771,CN1CCN(CC1)C2=NC3=C(C=CC(=C3)Cl)NC4=CC=CC=C42,QZUDBNBUXVUHMW-UHFFFAOYSA-N,STANFORD
CNX-774,,,59174579,669,CNC(=O)C1=NC=CC(=C1)OC2=CC=C(C=C2)NC3=NC=C(C(=N3)NC4=CC(=CC=C4)NC(=O)C=C)F,VVLHQJDAUIPZFH-UHFFFAOYSA-N,STANFORD
Cobicistat,,DB09065,25151504,772,CC(C)C1=NC(=CS1)CN(C)C(=O)NC(CCN2CCOCC2)C(=O)NC(CCC(CC3=CC=CC=C3)NC(=O)OCC4=CN=CS4)CC5=CC=CC=C5,ZCIGNRJZKPOIKD-CQXVEOKZSA-N,STANFORD
Conivaptan hydrochloride,,,216322,773,CC1=NC2=C(N1)CCN(C3=CC=CC=C32)C(=O)C4=CC=C(C=C4)NC(=O)C5=CC=CC=C5C6=CC=CC=C6.Cl,BTYHAFSDANBVMJ-UHFFFAOYSA-N,STANFORD
Cortisone acetate,,DB01380,5745,774,CC(=O)OCC(=O)C1(CCC2C1(CC(=O)C3C2CCC4=CC(=O)CCC34C)C)O,ITRJWOMZKQRYTA-RFZYENFJSA-N,STANFORD
Costunolide,,,5281437,775,CC1=CCCC(=CC2C(CC1)C(=C)C(=O)O2)C,HRYLQFBHBWLLLL-AHNJNIBGSA-N,STANFORD
Coumarin,,DB04665,323,776,C1=CC=C2C(=C1)C=CC(=O)O2,ZYGHJZDHTFUPRJ-UHFFFAOYSA-N,STANFORD
CP-673451,,,10158940,671,COCCOC1=CC2=C(C=C1)N(C=N2)C3=NC4=C(C=CC=C4N5CCC(CC5)N)C=C3,DEEOXSOLTLIWMG-UHFFFAOYSA-N,STANFORD
CP-724714,,DB12302,9874913,672,CC1=NC=C(C=C1)OC2=C(C=C(C=C2)NC3=NC=NC4=C3C=C(C=C4)C=CCNC(=O)COC)C,LLVZBTWPGQVVLW-SNAWJCMRSA-N,STANFORD
CP-91149,,,9843900,673,CN(C)C(=O)C(C(CC1=CC=CC=C1)NC(=O)C2=CC3=C(N2)C=CC(=C3)Cl)O,HINJNZFCMLSBCI-PKOBYXMFSA-N,STANFORD
CREBi1,,,,167,,N,YALE-PDAC
Crenolanib,,DB11832,10366136,777,CC1(COC1)COC2=CC3=C(C=C2)N(C=N3)C4=NC5=C(C=CC=C5N6CCC(CC6)N)C=C4,DYNHJHQFHQTFTP-UHFFFAOYSA-N,STANFORD
Crizotinib,L01XE16,DB08865,11626560,168,CC(C1=C(C=CC(=C1Cl)F)Cl)OC2=C(N=CC(=C2)C3=CN(N=C3)C4CCNCC4)N,KTEIFNKAUNYNJU-GFCCVEGCSA-N,"YALE-TNBC,MIT-MELANOMA,YALE-PDAC,STANFORD"
Cryptotanshinone,,,160254,778,CC1COC2=C1C(=O)C(=O)C3=C2C=CC4=C3CCCC4(C)C,GVKKJJOMQCNPGB-JTQLQIEISA-N,STANFORD
Cudc-101,,DB12174,24756910,676,COC1=C(C=C2C(=C1)N=CN=C2NC3=CC=CC(=C3)C#C)OCCCCCCC(=O)NO,PLIVFNIUGLLCEK-UHFFFAOYSA-N,STANFORD
Curcumin,,DB11672,969516,197,COC1=C(C=CC(=C1)C=CC(=O)CC(=O)C=CC2=CC(=C(C=C2)O)OC)O,VFLDPWHFBUODDF-FCXRPNKRSA-N,"STANFORD,YALE-TNBC"
Curcumol,,,14240392,780,CC1CCC2C13CC(C(O3)(CC2=C)O)C(C)C,QRMPRVXWPCLVNI-YYFQZIEXSA-N,STANFORD
Cyanocobalamin,B03BA01,,5311498,1952,CC1=CC2=C(C=C1C)N(C=N2)C3C(C(C(O3)CO)OP(=O)([O-])OC(C)CNC(=O)CCC4(C(C5C6(C(C(C(=C(C7=NC(=CC8=NC(=C(C4=N5)C)C(C8(C)C)CCC(=O)N)C(C7(C)CC(=O)N)CCC(=O)N)C)[N-]6)CCC(=O)N)(C)CC(=O)N)C)CC(=O)N)C)O.[C-]#N.[Co+3],FDJOLVPMNUYSCM-WZHZPDAFSA-L,STANFORD
CYC-116,,,6420138,678,CC1=C(SC(=N1)N)C2=NC(=NC=C2)NC3=CC=C(C=C3)N4CCOCC4,GPSZYOIFQZPWEJ-UHFFFAOYSA-N,STANFORD
Cyclamic acid,,,7533,781,C1CCC(CC1)NS(=O)(=O)O,HCAJEUSONLESMK-UHFFFAOYSA-N,STANFORD
Cyclandelate,,DB04838,2893,782,CC1CC(CC(C1)(C)C)OC(=O)C(C2=CC=CC=C2)O,WZHCOOQXZCIUNC-UHFFFAOYSA-N,STANFORD
Cyclizine hydrochloride,,,67533,783,CN1CCN(CC1)C(C2=CC=CC=C2)C3=CC=CC=C3.Cl.Cl,CKLJCUGYMOMAEJ-UHFFFAOYSA-N,STANFORD
Cyclocytidine hydrochloride,,,25050,784,C1=CN2C3C(C(C(O3)CO)O)OC2=NC1=N.Cl,KZOWNALBTMILAP-JBMRGDGGSA-N,STANFORD
Cycloguanil,P01BB02,,9049,267,CC1(N=C(N=C(N1C2=CC=C(C=C2)Cl)N)N)C,QMNFFXRFOJIOKZ-UHFFFAOYSA-N,CLOUD
Cyclophosphamide,L01AA01,DB00531,2907,20,C1CNP(=O)(OC1)N(CCCl)CCCl,CMSMOCZEIVJLDB-UHFFFAOYSA-N,"MERCK,NCI-ALMANAC,STANFORD"
Cyclosporin A,,DB00091,5284373,785,CCC1C(=O)N(CC(=O)N(C(C(=O)NC(C(=O)N(C(C(=O)NC(C(=O)NC(C(=O)N(C(C(=O)N(C(C(=O)N(C(C(=O)N(C(C(=O)N1)C(C(C)CC=CC)O)C)C(C)C)C)CC(C)C)C)CC(C)C)C)C)C)CC(C)C)C)C(C)C)CC(C)C)C)C,PMATZTZNYRCHOR-CGLBZJNRSA-N,STANFORD
CYP3cide,,,71315139,1469,CC1=CC=C(C=C1)C2=C(C=NN2C)C3=NN(C4=C3C(=NC=N4)N5CCC(C5)N6CCCCC6)C,WDWIMDKOXZZYHH-FQEVSTJZSA-N,STANFORD
Cyproheptadine hydrochloride,,,13770,787,CN1CCC(=C2C3=CC=CC=C3C=CC4=CC=CC=C42)CC1.Cl,ZPMVNZLARAEGHB-UHFFFAOYSA-N,STANFORD
Cyproterone acetate,,DB04839,9880,788,CC(=O)C1(CCC2C1(CCC3C2C=C(C4=CC(=O)C5CC5C34C)Cl)C)OC(=O)C,UWFYSQMTEOIJJG-FDTZYFLXSA-N,STANFORD
Cyromazine,,,47866,789,C1CC1NC2=NC(=NC(=N2)N)N,LVQDKIWDGQRHTE-UHFFFAOYSA-N,STANFORD
Cysteamine hydrochloride,,,9082,790,C(CS)N.Cl,OGMADIBCHLQMIP-UHFFFAOYSA-N,STANFORD
Cytarabine,L01BC01,DB00987,6253,21,C1=CN(C(=O)N=C1N)C2C(C(C(O2)CO)O)O,UHDGCWIWMRVCDJ-CCXZUQQUSA-N,"STANFORD,NCI-ALMANAC,CLOUD"
Cytidine,,DB02097,6175,791,C1=CN(C(=O)N=C1N)C2C(C(C(O2)CO)O)O,UHDGCWIWMRVCDJ-XVFCMESISA-N,STANFORD
Cytisine,,DB09028,10235,792,C1C2CNCC1C3=CC=CC(=O)N3C2,ANJTVLIZGCUXLD-DTWKUNHWSA-N,STANFORD
CZC-24832,,,42623951,679,CC(C)(C)NS(=O)(=O)C1=CN=CC(=C1)C2=CN3C(=NC(=N3)N)C(=C2)F,RXRZPHQBTHQXSV-UHFFFAOYSA-N,STANFORD
D-Amygdalin,,,656516,1194,C1=CC=C(C=C1)C(C#N)OC2C(C(C(C(O2)COC3C(C(C(C(O3)CO)O)O)O)O)O)O,XUCIJNAGGSZNQT-JHSLDZJXSA-N,STANFORD
D-Glucose,,,5793,829,C(C1C(C(C(C(O1)O)O)O)O)O,WQZGKKKJIJFFOK-GASJEMHNSA-N,STANFORD
D-Xylose,,,135191,1980,C1C(C(C(C(O1)O)O)O)O,SRBFZHDQGSBBOR-IOVATXLUSA-N,STANFORD
Dabigatran etexilate methanesulfonate,,,11434065,800,CCCCCCOC(=O)N=C(C1=CC=C(C=C1)NCC2=NC3=C(N2C)C=CC(=C3)C(=O)N(CCC(=O)OCC)C4=CC=CC=N4)N.CS(=O)(=O)O,XETBXHPXHHOLOE-UHFFFAOYSA-N,STANFORD
Dabrafenib,,DB08912,44462760,801,CC(C)(C)C1=NC(=C(S1)C2=NC(=NC=C2)N)C3=C(C(=CC=C3)NS(=O)(=O)C4=C(C=CC=C4F)F)F,BFSMGDJOXZAERB-UHFFFAOYSA-N,STANFORD
Dacarbazine,L01AX04,DB00851,5353562,22,CN(C)NN=C1C(=NC=N1)C(=O)N,OMJKFYKNWZZKTK-UXBLZVDNSA-N,"NCI-ALMANAC,STANFORD"
Dacinostat,,,6445533,1176,C1=CC=C2C(=C1)C(=CN2)CCN(CCO)CC3=CC=C(C=C3)C=CC(=O)NO,BWDQBBCUWLSASG-MDZDMXLPSA-N,STANFORD
Daclatasvir,,DB09102,25154714,803,CC(C)C(C(=O)N1CCCC1C2=NC=C(N2)C3=CC=C(C=C3)C4=CC=C(C=C4)C5=CN=C(N5)C6CCCN6C(=O)C(C(C)C)NC(=O)OC)NC(=O)OC,FKRSSPOQAMALKA-CUPIEXAXSA-N,STANFORD
Dacomitinib,L01XE47,DB11963,11511120,804,COC1=C(C=C2C(=C1)N=CN=C2NC3=CC(=C(C=C3)F)Cl)NC(=O)C=CCN4CCCCC4,LVXJQMNHJWSHET-AATRIKPKSA-N,STANFORD
Dactinomycin,L01DA01,DB00970,457193,23,CC1C(C(=O)NC(C(=O)N2CCCC2C(=O)N(CC(=O)N(C(C(=O)O1)C(C)C)C)C)C(C)C)NC(=O)C3=C4C(=C(C=C3)C)OC5=C(C(=O)C(=C(C5=N4)C(=O)NC6C(OC(=O)C(N(C(=O)CN(C(=O)C7CCCN7C(=O)C(NC6=O)C(C)C)C)C)C(C)C)C)N)C,RJURFGZVJUQBHK-IIXSONLDSA-N,"NCI-ALMANAC,YALE-TNBC"
Dactolisib,,DB11651,11977753,332,CC(C)(C#N)C1=CC=C(C=C1)N2C3=C4C=C(C=CC4=NC=C3N(C2=O)C)C5=CC6=CC=CC=C6N=C5,JOGKUKXHTYWRGZ-UHFFFAOYSA-N,"MERCK,MIT-MELANOMA,DECREASE,STANFORD,YALE-TNBC"
Daidzein,,,5281708,805,C1=CC(=CC=C1C2=COC3=C(C2=O)C=CC(=C3)O)O,ZQSIJRDFPHDXIC-UHFFFAOYSA-N,STANFORD
Dalcetrapib,,DB12181,6918540,806,CCC(CC)CC1(CCCCC1)C(=O)NC2=CC=CC=C2SC(=O)C(C)C,YZQLWPMZQVHJED-UHFFFAOYSA-N,STANFORD
Danoprevir,,DB11779,11285588,807,CC(C)(C)OC(=O)NC1CCCCCC=CC2CC2(NC(=O)C3CC(CN3C1=O)OC(=O)N4CC5=C(C4)C(=CC=C5)F)C(=O)NS(=O)(=O)C6CC6,ZVTDLPBHTSMEJZ-JSZLBQEHSA-N,STANFORD
Danusertib,,DB11778,11442891,808,CN1CCN(CC1)C2=CC=C(C=C2)C(=O)NC3=NNC4=C3CN(C4)C(=O)C(C5=CC=CC=C5)OC,XKFTZKGMDDZMJI-HSZRJFAPSA-N,"STANFORD,DECREASE"
Dapagliflozin,A10BK01 ,DB06292,9887712,199,CCOC1=CC=C(C=C1)CC2=C(C=CC(=C2)C3C(C(C(C(O3)CO)O)O)O)Cl,JVHXJTBJCFBINQ-ADAARDCZSA-N,"STANFORD,YALE-TNBC"
Daphnetin,,,5280569,809,C1=CC(=C(C2=C1C=CC(=O)O2)O)O,ATEFPOUAMCWAQS-UHFFFAOYSA-N,STANFORD
Dapivirine,,DB08639,214347,810,CC1=CC(=C(C(=C1)C)NC2=NC(=NC=C2)NC3=CC=C(C=C3)C#N)C,ILAYIAGXTHKHNT-UHFFFAOYSA-N,STANFORD
Dapt,,,5311272,795,CC(C(=O)NC(C1=CC=CC=C1)C(=O)OC(C)(C)C)NC(=O)CC2=CC(=CC(=C2)F)F,DWJXYEABWRJFSP-XOBRGWDASA-N,STANFORD
Daptomycin,,DB00080,16134395,812,CCCCCCCCCC(=O)NC(CC1=CNC2=CC=CC=C21)C(=O)NC(CC(=O)N)C(=O)NC(CC(=O)O)C(=O)NC3C(OC(=O)C(NC(=O)C(NC(=O)C(NC(=O)CNC(=O)C(NC(=O)C(NC(=O)C(NC(=O)C(NC(=O)CNC3=O)CCCN)CC(=O)O)C)CC(=O)O)CO)C(C)CC(=O)O)CC(=O)C4=CC=CC=C4N)C,DOAKLVKFURWEDJ-RWDRXURGSA-N,STANFORD
Darifenacin hydrobromide,,,444030,813,C1CN(CC1C(C2=CC=CC=C2)(C3=CC=CC=C3)C(=O)N)CCC4=CC5=C(C=C4)OCC5.Br,UQAVIASOPREUIT-VQIWEWKSSA-N,STANFORD
Darinaparsin,,,11683005,307,C[As](C)SCC(C(=O)NCC(=O)O)NC(=O)CCC(C(=O)O)N,JGDXFQORBMPJGR-YUMQZZPRSA-N,MIT-MELANOMA
Darunavir ethanolate,,,23725083,814,CCO.CC(C)CN(CC(C(CC1=CC=CC=C1)NC(=O)OC2COC3C2CCO3)O)S(=O)(=O)C4=CC=C(C=C4)N,QWSHKNICRJHQCY-VBTXLZOXSA-N,STANFORD
Dasatinib,L01XE06,DB01254,3062316,24,CC1=C(C(=CC=C1)Cl)NC(=O)C2=CN=C(S2)NC3=CC(=NC(=N3)C)N4CCN(CC4)CCO,ZBNZXTGUTAYRHI-UHFFFAOYSA-N,"MIT-MELANOMA,DECREASE,MERCK,NCI-ALMANAC,YALE-PDAC,YALE-TNBC,STANFORD"
Daunorubicin,L01DB02,DB00694,30323,25,CC1C(C(CC(O1)OC2CC(CC3=C2C(=C4C(=C3O)C(=O)C5=C(C4=O)C(=CC=C5)OC)O)(C(=O)C)O)N)O,STQGQHZAVUOBTE-VGBVRHCVSA-N,NCI-ALMANAC
Decamethonium bromide,,,10921,815,C[N+](C)(C)CCCCCCCCCC[N+](C)(C)C.[Br-].[Br-],HLXQFVXURMXRPU-UHFFFAOYSA-L,STANFORD
Decitabine,L01BC08,DB01262,451668,26,C1C(C(OC1N2C=NC(=NC2=O)N)CO)O,XAUDJQYHKZQPEU-KVQBGUIXSA-N,"NCI-ALMANAC,YALE-TNBC,MIT-MELANOMA,STANFORD"
Deferasirox,,DB01609,214348,816,C1=CC=C(C(=C1)C2=NN(C(=N2)C3=CC=CC=C3O)C4=CC=C(C=C4)C(=O)O)O,BOFQWVMAQOTZIW-UHFFFAOYSA-N,STANFORD
Deflazacort,,DB11921,189821,817,CC1=NC2(C(O1)CC3C2(CC(C4C3CCC5=CC(=O)C=CC45C)O)C)C(=O)COC(=O)C,FBHSPRKOSMHSIF-GRMWVWQJSA-N,STANFORD
Degrasyn,,,11222830,818,CCCC(C1=CC=CC=C1)NC(=O)C(=CC2=NC(=CC=C2)Br)C#N,LIDOPKHSVQTSJY-VMEIHUARSA-N,STANFORD
Dehydroepiandrosterone,,,5881,819,CC12CCC3C(C1CCC2=O)CC=C4C3(CCC(C4)O)C,FMGSKLZLMKYGDP-USOAJAOKSA-N,STANFORD
Delanzomib,,DB11956,24800541,658,B(C(CC(C)C)NC(=O)C(C(C)O)NC(=O)C1=CC=CC(=N1)C2=CC=CC=C2)(O)O,SJFBTAPEPRWNKH-CCKFTAQKSA-N,STANFORD
Deoxyarbutin,,,11745519,820,C1CCOC(C1)OC2=CC=C(C=C2)O,GFBCWCDNXDKFRH-UHFFFAOYSA-N,STANFORD
Desloratadine,,DB00967,124087,821,C1CC2=C(C=CC(=C2)Cl)C(=C3CCNCC3)C4=C1C=CC=N4,JAUOIFJMECXRGI-UHFFFAOYSA-N,STANFORD
Desmethyl Erlotinib,,,18924996,1412,COCCOC1=C(C=C2C(=C1)N=CN=C2NC3=CC=CC(=C3)C#C)OCCO.Cl,BUOXOWNQZVIETJ-UHFFFAOYSA-N,STANFORD
Desonide,,DB01260,5311066,822,CC1(OC2CC3C4CCC5=CC(=O)C=CC5(C4C(CC3(C2(O1)C(=O)CO)C)O)C)C,WBGKWQHBNHJJPZ-LECWWXJVSA-N,STANFORD
Desvenlafaxine,,DB06700,125017,823,CN(C)CC(C1=CC=C(C=C1)O)C2(CCCCC2)O,KYYIDSXMWOZKMP-UHFFFAOYSA-N,STANFORD
Desvenlafaxine Succinate,,,6918664,824,CN(C)CC(C1=CC=C(C=C1)O)C2(CCCCC2)O.C(CC(=O)O)C(=O)O.O,PWPDEXVGKDEKTE-UHFFFAOYSA-N,STANFORD
Detomidine hydrochloride,,,56031,825,CC1=C(C(=CC=C1)CC2=CN=CN2)C.Cl,OIWRDXKNDCJZSM-UHFFFAOYSA-N,STANFORD
Detrol,,,443878,1869,CC1=CC(=C(C=C1)O)C(CCN(C(C)C)C(C)C)C2=CC=CC=C2.C(C(C(=O)O)O)(C(=O)O)O,TWHNMSJGYKMTRB-KXYUELECSA-N,STANFORD
Devimistat,,DB12109,24770514,674,C1=CC=C(C=C1)CSCCC(CCCCC(=O)O)SCC2=CC=CC=C2,ZYRLHJIMTROTBO-UHFFFAOYSA-N,STANFORD
Dexamethasone,R01AD03;S03CA01;S02CA06;H02AB02;S01BA01;C05AA09;S01CB01;S02BA06;D10AA03;A01AC02;D07AB19;D07CB04;D07XB05;R01AD53;S03BA01;S01CA01,DB01234,5743,27,CC1CC2C3CCC4=CC(=O)C=CC4(C3(C(CC2(C1(C(=O)CO)O)C)O)F)C,UREBDLICKHMUKA-CXSFZGCWSA-N,"MERCK,STANFORD"
Dexlansoprazole,,DB05351,9578005,826,CC1=C(C=CN=C1CS(=O)C2=NC3=CC=CC=C3N2)OCC(F)(F)F,MJIHNNLFOKEZEW-RUZDIDTESA-N,STANFORD
Dexmedetomidine,N05CM18,DB00633,5311068,827,CC1=C(C(=CC=C1)C(C)C2=CN=CN2)C,CUHVIMMYOGQXCV-NSHDSACASA-N,STANFORD
Dexrazoxane,V03AF02,DB00380,71384,28,CC(CN1CC(=O)NC(=O)C1)N2CC(=O)NC(=O)C2,BMKDZUISNHGIBY-ZETCQYMHSA-N,NCI-ALMANAC
Dexrazoxane hydrochloride,,,6918223,828,CC(CN1CC(=O)NC(=O)C1)N2CC(=O)NC(=O)C2.Cl,BIFMNMPSIYHKDN-FJXQXJEOSA-N,STANFORD
Diacerein,,DB11994,26248,830,CC(=O)OC1=CC=CC2=C1C(=O)C3=C(C2=O)C=C(C=C3OC(=O)C)C(=O)O,TYNLGDBUJLVSMA-UHFFFAOYSA-N,STANFORD
Diamminedichloroplatinum,L01XA01,DB00515,2767,29,[NH2-].[NH2-].Cl[Pt+2]Cl,DQLATGHUWYMOKM-UHFFFAOYSA-L,"NCI-ALMANAC,DECREASE,STANFORD,MIT-MELANOMA"
Diarsenic Trioxide,L01XX27,DB01169,261004,30,O=[As]O[As]=O,IKWTVSLWAPBBKU-UHFFFAOYSA-N,NCI-ALMANAC
Diazoxide,C02DA01;V03AH01,DB01119,3019,268,CC1=NS(=O)(=O)C2=C(N1)C=CC(=C2)Cl,GDLBFKVLRPITMI-UHFFFAOYSA-N,CLOUD
Dibenzothiophene,,,3023,831,C1=CC=C2C(=C1)C3=CC=CC=C3S2,IYYZUPMFVPLQIF-UHFFFAOYSA-N,STANFORD
Dibucaine hydrochloride,,,521951,832,CCCCOC1=NC2=CC=CC=C2C(=C1)C(=O)NCCN(CC)CC.Cl,IVHBBMHQKZBJEU-UHFFFAOYSA-N,STANFORD
Dichlorphenamide,,DB01144,3038,833,C1=C(C=C(C(=C1S(=O)(=O)N)Cl)Cl)S(=O)(=O)N,GJQPMPFPNINLKP-UHFFFAOYSA-N,STANFORD
Diclazuril,,,456389,834,C1=CC(=CC=C1C(C#N)C2=C(C=C(C=C2Cl)N3C(=O)NC(=O)C=N3)Cl)Cl,ZSZFUDFOPOMEET-UHFFFAOYSA-N,STANFORD
Diclofenac diethylamine,,,115087,835,CCNCC.C1=CC=C(C(=C1)CC(=O)O)NC2=C(C=CC=C2Cl)Cl,ZQVZPANTCLRASL-UHFFFAOYSA-N,STANFORD
Diclofenac potassium,,,23667642,836,C1=CC=C(C(=C1)CC(=O)[O-])NC2=C(C=CC=C2Cl)Cl.[K+],KXZOIWWTXOCYKR-UHFFFAOYSA-M,STANFORD
Diclofenac sodium,,,5018304,837,C1=CC=C(C(=C1)CC(=O)[O-])NC2=C(C=CC=C2Cl)Cl.[Na+],KPHWPUGNDIVLNH-UHFFFAOYSA-M,STANFORD
Dicloxacillin sodium,,,23667628,838,CC1=C(C(=NO1)C2=C(C=CC=C2Cl)Cl)C(=O)NC3C4N(C3=O)C(C(S4)(C)C)C(=O)[O-].[Na+],GXOMMGAFBINOJY-SLINCCQESA-M,STANFORD
Dicyclomine hydrochloride,,,441344,839,CCN(CC)CCOC(=O)C1(CCCCC1)C2CCCCC2.Cl,GUBNMFJOJGDCEL-UHFFFAOYSA-N,STANFORD
Didanosine,J05AF02,DB00900,135398739,840,C1CC(OC1CO)N2C=NC3=C2N=CNC3=O,BXZVVICBKDXVGW-NKWVEPMBSA-N,STANFORD
Dienogest,,DB09123,68861,841,CC12CCC3=C4CCC(=O)C=C4CCC3C1CCC2(CC#N)O,AZFLJNIPTRTECV-FUMNGEBKSA-N,STANFORD
Diethylstilbestrol,,,448537,842,CCC(=C(CC)C1=CC=C(C=C1)O)C2=CC=C(C=C2)O,RGLYKWWBQGJZGM-ISLYRVAYSA-N,STANFORD
Dificid,,,10034073,971,CCC1C=C(C(CC=CC=C(C(=O)OC(CC=C(C=C(C1OC2C(C(C(C(O2)(C)C)OC(=O)C(C)C)O)O)C)C)C(C)O)COC3C(C(C(C(O3)C)OC(=O)C4=C(C(=C(C(=C4O)Cl)O)Cl)CC)O)OC)O)C,ZVGNESXIJDCBKN-UUEYKCAUSA-N,STANFORD
Difloxacin hydrochloride,,,56205,843,CN1CCN(CC1)C2=C(C=C3C(=C2)N(C=C(C3=O)C(=O)O)C4=CC=C(C=C4)F)F.Cl,JFMGBGLSDVIOHL-UHFFFAOYSA-N,STANFORD
Difluprednate,D07AC19,DB06781,443936,844,CCCC(=O)OC1(CCC2C1(CC(C3(C2CC(C4=CC(=O)C=CC43C)F)F)O)C)C(=O)COC(=O)C,WYQPLTPSGFELIB-JTQPXKBDSA-N,STANFORD
Digoxin,C01AA05,DB00390,2724385,200,CC1C(C(CC(O1)OC2C(OC(CC2O)OC3C(OC(CC3O)OC4CCC5(C(C4)CCC6C5CC(C7(C6(CCC7C8=CC(=O)OC8)O)C)O)C)C)C)O)O,LTMHDMANZUZIPE-PUGKRICDSA-N,YALE-TNBC
Dihydrodiethylstilbestrol,,,3606,1082,CCC(C1=CC=C(C=C1)O)C(CC)C2=CC=C(C=C2)O,PBBGSZCBWVPOOL-UHFFFAOYSA-N,STANFORD
Dihydroqinghaosu,P01BF05,,3000518,261,CC1CCC2C(C(OC3C24C1CCC(O3)(OO4)C)O)C,BJDCWCLMFKKGEE-ISOSDAIHSA-N,"CLOUD,STANFORD"
Diltiazem hydrochloride,,,62920,846,CC(=O)OC1C(SC2=CC=CC=C2N(C1=O)CCN(C)C)C3=CC=C(C=C3)OC.Cl,HDRXZJPWHTXQRI-BHDTVMLSSA-N,STANFORD
Dimaprit Dihydrochloride,,,90045,847,CN(C)CCCSC(=N)N.Cl.Cl,DFWCPLGXFMSUCW-UHFFFAOYSA-N,STANFORD
Dimesna,,,65625,848,C(CS(=O)(=O)[O-])SSCCS(=O)(=O)[O-].[Na+].[Na+],KQYGMURBTJPBPQ-UHFFFAOYSA-L,STANFORD
Dimethyl fumarate,,,637568,849,COC(=O)C=CC(=O)OC,LDCRTTXIJACKKU-ONEGZZNKSA-N,STANFORD
Diminazene aceturate,,,5284544,850,CC(=O)NCC(=O)O.CC(=O)NCC(=O)O.C1=CC(=CC=C1C(=N)N)NN=NC2=CC=C(C=C2)C(=N)N,OKQSSSVVBOUMNZ-UHFFFAOYSA-N,STANFORD
Dinaciclib,,DB12021,46926350,31,CCC1=C2N=C(C=C(N2N=C1)NCC3=C[N+](=CC=C3)[O-])N4CCCCC4CCO,PIMQWRZWLQKKBJ-SFHVURJKSA-N,"MERCK,DECREASE,STANFORD"
Dioscin,,,119245,851,CC1CCC2(C(C3C(O2)CC4C3(CCC5C4CC=C6C5(CCC(C6)OC7C(C(C(C(O7)CO)OC8C(C(C(C(O8)C)O)O)O)O)OC9C(C(C(C(O9)C)O)O)O)C)C)C)OC1,VNONINPVFQTJOC-ZGXDEBHDSA-N,STANFORD
Diosmetin,,DB11259,5281612,852,COC1=C(C=C(C=C1)C2=CC(=O)C3=C(C=C(C=C3O2)O)O)O,MBNGWHIJMBWFHU-UHFFFAOYSA-N,STANFORD
Diosmin,,DB08995,5281613,853,CC1C(C(C(C(O1)OCC2C(C(C(C(O2)OC3=CC(=C4C(=C3)OC(=CC4=O)C5=CC(=C(C=C5)OC)O)O)O)O)O)O)O)O,GZSOSUNBTXMUFQ-YFAPSIMESA-N,STANFORD
Diperodon hydrochloride,,,10830,854,C1CCN(CC1)CC(COC(=O)NC2=CC=CC=C2)OC(=O)NC3=CC=CC=C3.Cl,OWULVAZDMWJBLB-UHFFFAOYSA-N,STANFORD
Diphemanil methylsulfate,,DB00729,6126,855,C[N+]1(CCC(=C(C2=CC=CC=C2)C3=CC=CC=C3)CC1)C.COS(=O)(=O)[O-],BREMLQBSKCSNNH-UHFFFAOYSA-M,STANFORD
Diphenhydramine hydrochloride,,,8980,856,CN(C)CCOC(C1=CC=CC=C1)C2=CC=CC=C2.Cl,PCHPORCSPXIHLZ-UHFFFAOYSA-N,STANFORD
Diprophylline,,,3182,887,CN1C2=C(C(=O)N(C1=O)C)N(C=N2)CC(CO)O,KSCFJBIXMNOVSH-UHFFFAOYSA-N,STANFORD
Dipyridamole,B01AC07,DB00975,3108,269,C1CCN(CC1)C2=NC(=NC3=C2N=C(N=C3N4CCCCC4)N(CCO)CCO)N(CCO)CCO,IZEKFCXSFNUWAM-UHFFFAOYSA-N,"STANFORD,CLOUD"
Dirithromycin,J01FA13,DB00954,6473883,857,CCC1C(C2C(C(C(CC(C(C(C(C(C(=O)O1)C)OC3CC(C(C(O3)C)O)(C)OC)C)OC4C(C(CC(O4)C)N(C)C)O)(C)O)C)NC(O2)COCCOC)C)(C)O,WLOHNSSYAXHWNR-DWIOZXRMSA-N,STANFORD
Disufenton sodium,,,6440181,1355,CC(C)(C)[N+](=CC1=C(C=C(C=C1)S(=O)(=O)[O-])S(=O)(=O)[O-])[O-].[Na+].[Na+],XLZOVRYBVCMCGL-BPNVQINPSA-L,STANFORD
Disulfiram,N07BB01;P03AA04,DB00822,3117,858,CCN(CC)C(=S)SSC(=S)N(CC)CC,AUZONCFQVSMFAP-UHFFFAOYSA-N,STANFORD
Divalproex sodium,,,23663956,859,CCCC(CCC)C(=O)O.CCCC(CCC)C(=O)[O-].[Na+],MSRILKIQRXUYCT-UHFFFAOYSA-M,STANFORD
Dizocilpine,,,180081,1248,CC12C3=CC=CC=C3CC(N1)C4=CC=CC=C24,LBOJYSIDWZQNJS-CVEARBPZSA-N,STANFORD
DL-Carnitine hydrochloride,,,5970,798,C[N+](C)(C)CC(CC(=O)O)O.[Cl-],JXXCENBLGFBQJM-UHFFFAOYSA-N,STANFORD
DNA Methyltransferase Inhibitor II,,,24858111,1683,CC1=CC(=NC(=N1)N)NC2=CC=C(C=C2)NC(=O)C3=CC=C(C=C3)NC4=CC=NC5=CC=CC=C54,QSYLKMKIVWJAAK-UHFFFAOYSA-N,STANFORD
Docetaxel,L01CD02,DB01248,148124,32,CC1=C2C(C(=O)C3(C(CC4C(C3C(C(C2(C)C)(CC1OC(=O)C(C(C5=CC=CC=C5)NC(=O)OC(C)(C)C)O)O)OC(=O)C6=CC=CC=C6)(CO4)OC(=O)C)O)C)O,ZDZOTLJHXYCWBA-VCVYQWHSSA-N,"STANFORD,MIT-MELANOMA,NCI-ALMANAC,YALE-TNBC"
Dofetilide,C01BD04,DB00204,71329,860,CN(CCC1=CC=C(C=C1)NS(=O)(=O)C)CCOC2=CC=C(C=C2)NS(=O)(=O)C,IXTMWRCNAAVVAI-UHFFFAOYSA-N,STANFORD
Dolutegravir,J05AX12,DB08930,54726191,861,CC1CCOC2N1C(=O)C3=C(C(=O)C(=CN3C2)C(=O)NCC4=C(C=C(C=C4)F)F)O,RHWKPHLQXYSBKR-BMIGLBTASA-N,STANFORD
Domiphen bromide,,,10866,862,CCCCCCCCCCCC[N+](C)(C)CCOC1=CC=CC=C1.[Br-],OJIYIVCMRYCWSE-UHFFFAOYSA-M,STANFORD
Domperidone,A03FA03,DB01184,3151,863,C1CN(CCC1N2C3=C(C=C(C=C3)Cl)NC2=O)CCCN4C5=CC=CC=C5NC4=O,FGXWKSZFVQUSTL-UHFFFAOYSA-N,STANFORD
Dopamine hydrochloride,,,65340,864,C1=CC(=C(C=C1CCN)O)O.Cl,CTENFNNZBMHDDG-UHFFFAOYSA-N,STANFORD
Doramapimod,,,156422,564,CC1=CC=C(C=C1)N2C(=CC(=N2)C(C)(C)C)NC(=O)NC3=CC=C(C4=CC=CC=C43)OCCN5CCOCC5,MVCOAUNKQVWQHZ-UHFFFAOYSA-N,STANFORD
Doripenem hydrate,,,636377,865,CC1C2C(C(=O)N2C(=C1SC3CC(NC3)CNS(=O)(=O)N)C(=O)O)C(C)O.O,NTUBEBXBDGKBTJ-WGLOMNHJSA-N,STANFORD
Dorsomorphin,,,11524144,308,C1CCN(CC1)CCOC2=CC=C(C=C2)C3=CN4C(=C(C=N4)C5=CC=NC=C5)N=C3,XHBVYDAKJHETMP-UHFFFAOYSA-N,MIT-MELANOMA
Doryx,,,54686183,875,CCO.CC1C2C(C3C(C(=O)C(=C(C3(C(=O)C2=C(C4=C1C=CC=C4O)O)O)O)C(=O)N)N(C)C)O.CC1C2C(C3C(C(=O)C(=C(C3(C(=O)C2=C(C4=C1C=CC=C4O)O)O)O)C(=O)N)N(C)C)O.O.Cl.Cl,UHHHTIKWXBRCLT-VDBOFHIQSA-N,STANFORD
Dovitinib,,DB05928,135398510,169,CN1CCN(CC1)C2=CC3=C(C=C2)N=C(N3)C4=C(C5=C(C=CC=C5F)NC4=O)N,PIQCTGMSNWUMAF-UHFFFAOYSA-N,"STANFORD,YALE-TNBC,MIT-MELANOMA,YALE-PDAC"
Dovitinib dilactic acid,,,135985126,866,CC(C(=O)O)O.CC(C(=O)O)O.CN1CCN(CC1)C2=CC3=C(C=C2)N=C(N3)C4=C(C5=C(C=CC=C5F)NC4=O)N,XXLPVQZYQCGXOV-UHFFFAOYSA-N,STANFORD
Doxapram hydrochloride monohydrate,,,64648,868,CCN1CC(C(C1=O)(C2=CC=CC=C2)C3=CC=CC=C3)CCN4CCOCC4.O.Cl,ZOMBFZRWMLIDPX-UHFFFAOYSA-N,STANFORD
Doxazosin mesylate,,,62978,869,COC1=C(C=C2C(=C1)C(=NC(=N2)N3CCN(CC3)C(=O)C4COC5=CC=CC=C5O4)N)OC.CS(=O)(=O)O,VJECBOKJABCYMF-UHFFFAOYSA-N,STANFORD
Doxercalciferol,,,5281107,870,CC(C)C(C)C=CC(C)C1CCC2C1(CCCC2=CC=C3CC(CC(C3=C)O)O)C,HKXBNHCUPKIYDM-CGMHZMFXSA-N,STANFORD
Doxifluridine,,DB12947,18343,871,CC1C(C(C(O1)N2C=C(C(=O)NC2=O)F)O)O,ZWAOHEXOSAUJHY-ZIYNGMLESA-N,STANFORD
Doxofylline,,,50942,872,CN1C2=C(C(=O)N(C1=O)C)N(C=N2)CC3OCCO3,HWXIGFIVGWUZAO-UHFFFAOYSA-N,STANFORD
Doxorubicin,L01DB01,DB00997,31703,33,CC1C(C(CC(O1)OC2CC(CC3=C2C(=C4C(=C3O)C(=O)C5=C(C4=O)C(=CC=C5)OC)O)(C(=O)CO)O)N)O,AOJJSUZBOXZQNB-TZSSRYMLSA-N,"MERCK,NCI-ALMANAC,STANFORD,CLOUD"
Doxycycline hydrochloride,,,54685920,874,CC1C2C(C3C(C(=O)C(=C(C3(C(=O)C2=C(C4=C1C=CC=C4O)O)O)O)C(=O)N)N(C)C)O.Cl,PTNZGHXUZDHMIQ-CVHRZJFOSA-N,STANFORD
Doxylamine succinate,,,11224,876,CC(C1=CC=CC=C1)(C2=CC=CC=N2)OCCN(C)C.C(CC(=O)O)C(=O)O,KBAUFVUYFNWQFM-UHFFFAOYSA-N,STANFORD
Dronedarone,C01BD07,DB04855,208898,270,CCCCC1=C(C2=C(O1)C=CC(=C2)NS(=O)(=O)C)C(=O)C3=CC=C(C=C3)OCCCN(CCCC)CCCC,ZQTNQVWKHCQYLQ-UHFFFAOYSA-N,CLOUD
Dronedarone hydrochloride,,,219025,877,CCCCC1=C(C2=C(O1)C=CC(=C2)NS(=O)(=O)C)C(=O)C3=CC=C(C=C3)OCCCN(CCCC)CCCC.Cl,DWKVCQXJYURSIQ-UHFFFAOYSA-N,STANFORD
Droperidol,,DB00450,3168,878,C1CN(CC=C1N2C3=CC=CC=C3NC2=O)CCCC(=O)C4=CC=C(C=C4)F,RMEDXOLNCUSCGS-UHFFFAOYSA-N,STANFORD
Dropropizine,,,3169,879,C1CN(CCN1CC(CO)O)C2=CC=CC=C2,PTVWPYVOOKLBCG-UHFFFAOYSA-N,STANFORD
Drospirenone,,DB01395,68873,880,CC12CCC(=O)C=C1C3CC3C4C2CCC5(C4C6CC6C57CCC(=O)O7)C,METQSPRSQINEEU-HXCATZOESA-N,STANFORD
Droxinostat,,,568416,881,CC1=C(C=CC(=C1)Cl)OCCCC(=O)NO,JHSXDAWGLCZYSM-UHFFFAOYSA-N,STANFORD
Duloxetine hydrochloride,,,60834,882,CNCCC(C1=CC=CS1)OC2=CC=CC3=CC=CC=C32.Cl,BFFSMCNJSOPUAY-LMOVPXPDSA-N,STANFORD
Dutasteride,,DB01126,6918296,883,CC12CCC3C(C1CCC2C(=O)NC4=C(C=CC(=C4)C(F)(F)F)C(F)(F)F)CCC5C3(C=CC(=O)N5)C,JWJOTENAMICLJG-QWBYCMEYSA-N,STANFORD
Duvelisib,,DB11952,50905713,1104,CC(C1=CC2=C(C(=CC=C2)Cl)C(=O)N1C3=CC=CC=C3)NC4=NC=NC5=C4NC=N5,SJVQHLPISAIATJ-ZDUSSCGKSA-N,STANFORD
Dyclonine hydrochloride,,,68304,884,CCCCOC1=CC=C(C=C1)C(=O)CCN2CCCCC2.Cl,KNZADIMHVBBPOA-UHFFFAOYSA-N,STANFORD
Dydrogesterone,,,9051,885,CC(=O)C1CCC2C1(CCC3C2C=CC4=CC(=O)CCC34C)C,JGMOKGBVKVMRFX-HQZYFCCVSA-N,STANFORD
Dynasore,,,135533054,886,C1=CC=C2C=C(C(=CC2=C1)C(=O)NN=CC3=CC(=C(C=C3)O)O)O,SYNDQCRDGGCQRZ-VXLYETTFSA-N,STANFORD
Ebastine,,DB11742,3191,896,CC(C)(C)C1=CC=C(C=C1)C(=O)CCCN2CCC(CC2)OC(C3=CC=CC=C3)C4=CC=CC=C4,MJJALKDDGIKVBE-UHFFFAOYSA-N,STANFORD
Econazole nitrate,,,68589,897,C1=CC(=CC=C1COC(CN2C=CN=C2)C3=C(C=C(C=C3)Cl)Cl)Cl.[N+](=O)(O)[O-],DDXORDQKGIZAME-UHFFFAOYSA-N,STANFORD
Edaravone,N07XX14,DB12243,4021,898,CC1=NN(C(=O)C1)C2=CC=CC=C2,QELUYTUMUWHWMC-UHFFFAOYSA-N,STANFORD
Edoxaban,B01AF03,DB09075,10280735,899,CN1CCC2=C(C1)SC(=N2)C(=O)NC3CC(CCC3NC(=O)C(=O)NC4=NC=C(C=C4)Cl)C(=O)N(C)C,HGVDHZBSSITLCT-JLJPHGGASA-N,STANFORD
Efaproxiral sodium,,,2725048,900,CC1=CC(=CC(=C1)NC(=O)CC2=CC=C(C=C2)OC(C)(C)C(=O)[O-])C.[Na+],SWDPIHPGORBMFR-UHFFFAOYSA-M,STANFORD
Efavirenz,J05AG03,DB00625,64139,201,C1CC1C#CC2(C3=C(C=CC(=C3)Cl)NC(=O)O2)C(F)(F)F,XPOQHMRABVBWPR-ZDUSSCGKSA-N,YALE-TNBC
Eflornithine,D11AX16;P01CX03,DB06243,3009,271,C(CC(C(F)F)(C(=O)O)N)CN,VLCYCQAOQCDTCN-UHFFFAOYSA-N,CLOUD
EHop-016,,,51031035,889,CCN1C2=C(C=C(C=C2)NC3=NC(=NC=C3)NCCCN4CCOCC4)C5=CC=CC=C51,AFTZZRFCMOAFCR-UHFFFAOYSA-N,STANFORD
EHT-1864,,,9938202,202,C1COCCN1CC2=CC(=O)C(=CO2)OCCCCCSC3=C4C=CC(=CC4=NC=C3)C(F)(F)F.Cl.Cl,LSECOAJFCKFQJG-UHFFFAOYSA-N,YALE-TNBC
Elaiophylin,,,6444206,901,CCC1C(OC(CC1OC2CC(C(C(O2)C)O)O)(C(C)C(C(C)C3C(C=CC=CC(=O)OC(C(C=CC=CC(=O)O3)C)C(C)C(C(C)C4(CC(C(C(O4)C)CC)OC5CC(C(C(O5)C)O)O)O)O)C)O)O)C,OSERMIPXNLXAPD-MJMYBOKFSA-N,STANFORD
Elesclomol,,DB05719,300471,239,CN(C(=S)C1=CC=CC=C1)NC(=O)CC(=O)NN(C)C(=S)C2=CC=CC=C2,BKJIXTWSNXCKJH-UHFFFAOYSA-N,"YALE-TNBC,MIT-MELANOMA,STANFORD"
Eletriptan hydrobromide,,,656631,902,CN1CCCC1CC2=CNC3=C2C=C(C=C3)CCS(=O)(=O)C4=CC=CC=C4.Br,UTINOWOSWSPFLJ-FSRHSHDFSA-N,STANFORD
Eltrombopag,,DB06210,135449332,903,CC1=C(C=C(C=C1)N2C(=O)C(=C(N2)C)N=NC3=CC=CC(=C3O)C4=CC(=CC=C4)C(=O)O)C,SVOQIEJWJCQGDQ-UHFFFAOYSA-N,STANFORD
Elvitegravir,,DB09101,5277135,904,CC(C)C(CO)N1C=C(C(=O)C2=C1C=C(C(=C2)CC3=C(C(=CC=C3)Cl)F)OC)C(=O)O,JUZYLCPPVHEVSV-LJQANCHMSA-N,STANFORD
Embelin,,,3218,203,CCCCCCCCCCCC1=C(C(=O)C=C(C1=O)O)O,IRSFLDGTOHBADP-UHFFFAOYSA-N,"STANFORD,YALE-TNBC,MIT-MELANOMA"
Emodin,,DB07715,3220,905,CC1=CC2=C(C(=C1)O)C(=O)C3=C(C2=O)C=C(C=C3O)O,RHMXXJGYXNZAPX-UHFFFAOYSA-N,STANFORD
Empagliflozin,A10BK03,DB09038,11949646,906,C1COCC1OC2=CC=C(C=C2)CC3=C(C=CC(=C3)C4C(C(C(C(O4)CO)O)O)O)Cl,OBWASQILIWPZMG-QZMOQZSNSA-N,STANFORD
Emtricitabine,,DB00879,60877,907,C1C(OC(S1)CO)N2C=C(C(=NC2=O)N)F,XQSPYNMVSIKCOC-NTSWFWBYSA-N,STANFORD
Enalapril maleate,,,5388961,908,CCOC(=O)C(CCC1=CC=CC=C1)NC(C)C(=O)N2CCCC2C(=O)O.C(=CC(=O)O)C(=O)O,OYFJQPXVCSSHAI-QFPUQLAESA-N,STANFORD
Enalaprilat dihydrate,,,6917719,909,CC(C(=O)N1CCCC1C(=O)O)NC(CCC2=CC=CC=C2)C(=O)O.O.O,MZYVOFLIPYDBGD-MLZQUWKJSA-N,STANFORD
Enmd-2076,,,16041424,309,CC1=CC(=NN1)NC2=CC(=NC(=N2)C=CC3=CC=CC=C3)N4CCN(CC4)C,BLQYVHBZHAISJM-CMDGGOBGSA-N,"MIT-MELANOMA,STANFORD"
Enobosarm,,DB12078,11326715,1247,CC(COC1=CC=C(C=C1)C#N)(C(=O)NC2=CC(=C(C=C2)C#N)C(F)(F)F)O,JNGVJMBLXIUVRD-SFHVURJKSA-N,STANFORD
Enoxacin,,DB00467,3229,910,CCN1C=C(C(=O)C2=CC(=C(N=C21)N3CCNCC3)F)C(=O)O,IDYZIJYBMGIQMJ-UHFFFAOYSA-N,STANFORD
Enoxolone,,,10114,911,CC1(C2CCC3(C(C2(CCC1O)C)C(=O)C=C4C3(CCC5(C4CC(CC5)(C)C(=O)O)C)C)C)C,MPDGHEJMBKOTSU-YKLVYJNSSA-N,STANFORD
Enrofloxacin,,,71188,912,CCN1CCN(CC1)C2=C(C=C3C(=C2)N(C=C(C3=O)C(=O)O)C4CC4)F,SPFYMRJSYKOXGV-UHFFFAOYSA-N,STANFORD
Entacapone,N04BX02,DB00494,5281081,913,CCN(CC)C(=O)C(=CC1=CC(=C(C(=C1)O)O)[N+](=O)[O-])C#N,JRURYQJSLYLRLN-BJMVGYQFSA-N,STANFORD
Entecavir hydrate,,,135526609,914,C=C1C(CC(C1CO)O)N2C=NC3=C2N=C(NC3=O)N.O,YXPVEXCTPGULBZ-WQYNNSOESA-N,STANFORD
Entinostat,,,4261,217,C1=CC=C(C(=C1)N)NC(=O)C2=CC=C(C=C2)CNC(=O)OCC3=CN=CC=C3,INVTYAOGFAGBOE-UHFFFAOYSA-N,"YALE-TNBC,STANFORD,DECREASE"
Enzalutamide,L02BB04,DB08899,15951529,915,CC1(C(=O)N(C(=S)N1C2=CC(=C(C=C2)C(=O)NC)F)C3=CC(=C(C=C3)C#N)C(F)(F)F)C,WXCXUHSOUPDCQV-UHFFFAOYSA-N,STANFORD
Enzastaurin,,,176167,204,CN1C=C(C2=CC=CC=C21)C3=C(C(=O)NC3=O)C4=CN(C5=CC=CC=C54)C6CCN(CC6)CC7=CC=CC=N7,AXRCEOKUDYDWLF-UHFFFAOYSA-N,"YALE-TNBC,MIT-MELANOMA"
Epalrestat,,,1549120,916,CC(=CC1=CC=CC=C1)C=C2C(=O)N(C(=S)S2)CC(=O)O,CHNUOJQWGUIOLD-NFZZJPOKSA-N,STANFORD
Epiandrosterone,,,441302,917,CC12CCC(CC1CCC3C2CCC4(C3CCC4=O)C)O,QGXBDMJGAMFCBF-LUJOEAJASA-N,STANFORD
Epigallocatechin gallate,,DB12116,65064,369,C1C(C(OC2=CC(=CC(=C21)O)O)C3=CC(=C(C(=C3)O)O)O)OC(=O)C4=CC(=C(C(=C4)O)O)O,WMBWREPUVVBILR-WIYYLYMNSA-N,STANFORD
Epinastine hydrochloride,,,157313,918,C1C2C3=CC=CC=C3CC4=CC=CC=C4N2C(=N1)N.Cl,VKXSGUIOOQPGAF-UHFFFAOYSA-N,STANFORD
Epinephrine,A01AD01;B02BC09;C01CA24;R01AA14;R03AA01;S01EA01,DB00668,5816,1172,CNCC(C1=CC(=C(C=C1)O)O)O,UCTWMZQNUQWSLP-VIFPVBQESA-N,STANFORD
Epinephrine bitartrate,,,5815,919,CNCC(C1=CC(=C(C=C1)O)O)O.C(C(C(=O)O)O)(C(=O)O)O,YLXIPWWIOISBDD-NDAAPVSOSA-N,STANFORD
Epinephrine hydrochloride,,,441411,920,CNCC(C1=CC(=C(C=C1)O)O)O.Cl,ATADHKWKHYVBTJ-FVGYRXGTSA-N,STANFORD
Epirubicin,L01DB03,DB00445,41867,2019,CC1C(C(CC(O1)OC2CC(CC3=C2C(=C4C(=C3O)C(=O)C5=C(C4=O)C(=CC=C5)OC)O)(C(=O)CO)O)N)O,AOJJSUZBOXZQNB-VTZDEGQISA-N,NCI-ALMANAC
Epirubicin hydrochloride,,,65348,921,CC1C(C(CC(O1)OC2CC(CC3=C2C(=C4C(=C3O)C(=O)C5=C(C4=O)C(=CC=C5)OC)O)(C(=O)CO)O)N)O.Cl,MWWSFMDVAYGXBV-FGBSZODSSA-N,STANFORD
Epothilone A,,,448799,922,CC1CCCC2C(O2)CC(OC(=O)CC(C(C(=O)C(C1O)C)(C)C)O)C(=CC3=CSC(=N3)C)C,HESCAJZNRMSMJG-KKQRBIROSA-N,STANFORD
Epothilone B,,,448013,923,CC1CCCC2(C(O2)CC(OC(=O)CC(C(C(=O)C(C1O)C)(C)C)O)C(=CC3=CSC(=N3)C)C)C,QXRSDHAAWVKZLJ-PVYNADRNSA-N,STANFORD
Epoxomicin,,,11226684,924,CCC(C)C(C(=O)NC(C(C)O)C(=O)NC(CC(C)C)C(=O)C1(CO1)C)NC(=O)C(C(C)CC)N(C)C(=O)C,DOGIDQKFVLKMLQ-JTHVHQAWSA-N,STANFORD
Eprazinone dihydrochloride,,,73356,925,CCOC(CN1CCN(CC1)CC(C)C(=O)C2=CC=CC=C2)C3=CC=CC=C3.Cl.Cl,BPMQVOKMMQFZGV-UHFFFAOYSA-N,STANFORD
Eprosartan mesylate,,,5282474,926,CCCCC1=NC=C(N1CC2=CC=C(C=C2)C(=O)O)C=C(CC3=CC=CS3)C(=O)O.CS(=O)(=O)O,DJSLTDBPKHORNY-XMMWENQYSA-N,STANFORD
EPZ-005687,,,60160561,892,CC1=CC(=C(C(=O)N1)CNC(=O)C2=C3C=NN(C3=CC(=C2)C4=CC=C(C=C4)CN5CCOCC5)C6CCCC6)C,ZOIBZSZLMJDVDQ-UHFFFAOYSA-N,STANFORD
EPZ004777 hydrochloride,,,67811385,891,CC(C)N(CCCNC(=O)NC1=CC=C(C=C1)C(C)(C)C)CC2C(C(C(O2)N3C=CC4=C(N=CN=C43)N)O)O.Cl,NPEPLDAFAVXSBD-XRJUUMFPSA-N,STANFORD
Equol,,DB11674,91469,927,C1C(COC2=C1C=CC(=C2)O)C3=CC=C(C=C3)O,ADFCQWZHKCXPAJ-GFCCVEGCSA-N,STANFORD
Erastin,,,11214940,928,CCOC1=CC=CC=C1N2C(=O)C3=CC=CC=C3N=C2C(C)N4CCN(CC4)C(=O)COC5=CC=C(C=C5)Cl,BKQFRNYHFIQEKN-UHFFFAOYSA-N,STANFORD
Erdosteine,,,65632,929,C1CSC(=O)C1NC(=O)CSCC(=O)O,QGFORSXNKQLDNO-UHFFFAOYSA-N,STANFORD
Ergocalciferol,A11CC01,DB00153,5280793,1954,CC(C)C(C)C=CC(C)C1CCC2C1(CCCC2=CC=C3CC(CCC3=C)O)C,MECHNRXZTMCUDQ-RKHKHRCZSA-N,STANFORD
Ergosterol,,,444679,930,CC(C)C(C)C=CC(C)C1CCC2C1(CCC3C2=CC=C4C3(CCC(C4)O)C)C,DNVPQKQSNYMLRS-APGDWVJJSA-N,STANFORD
Eribulin,L01XX41,DB08871,11354606,2017,CC1CC2CCC3C(=C)CC(O3)CCC45CC6C(O4)C7C(O6)C(O5)C8C(O7)CCC(O8)CC(=O)CC9C(CC(C1=C)O2)OC(C9OC)CC(CN)O,UFNVPOGXISZXJD-JBQZKEIOSA-N,NCI-ALMANAC
Erlotinib,L01XE03,DB00530,176870,34,COCCOC1=C(C=C2C(=C1)C(=NC=N2)NC3=CC=CC(=C3)C#C)OCCOC,AAKJLRGGTJKAMG-UHFFFAOYSA-N,"MERCK,NCI-ALMANAC,YALE-PDAC,YALE-TNBC,MIT-MELANOMA"
Erlotinib hydrochloride,,,176871,931,COCCOC1=C(C=C2C(=C1)C(=NC=N2)NC3=CC=CC(=C3)C#C)OCCOC.Cl,GTTBEUCJPZQMDZ-UHFFFAOYSA-N,STANFORD
Erythritol,,DB04481,222285,932,C(C(C(CO)O)O)O,UNXHWFMMPAWVPI-ZXZARUISSA-N,STANFORD
Erythromycin,D10AF02;J01FA01;S01AA17,DB00199,12560,933,CCC1C(C(C(C(=O)C(CC(C(C(C(C(C(=O)O1)C)OC2CC(C(C(O2)C)O)(C)OC)C)OC3C(C(CC(O3)C)N(C)C)O)(C)O)C)C)O)(C)O,ULGZDMOVFRHVEP-RWJQBGPGSA-N,STANFORD
ES-936,,DB02400,4470790,205,CC1=C(C2=C(N1C)C(=O)C=C(C2=O)OC)COC3=CC=C(C=C3)[N+](=O)[O-],IBLWSLZYYZHSRG-UHFFFAOYSA-N,YALE-TNBC
Escitalopram oxalate,,,146571,934,CN(C)CCCC1(C2=C(CO1)C=C(C=C2)C#N)C3=CC=C(C=C3)F.C(=O)(C(=O)O)O,KTGRHKOEFSJQNS-BDQAORGHSA-N,STANFORD
Esculin,,DB13155,5281417,935,C1=CC(=O)OC2=CC(=C(C=C21)OC3C(C(C(C(O3)CO)O)O)O)O,XHCADAYNFIFUHF-TVKJYDDYSA-N,STANFORD
Esmolol hydrochloride,,,104769,936,CC(C)NCC(COC1=CC=C(C=C1)CCC(=O)OC)O.Cl,GEKNCWBANDDJJL-UHFFFAOYSA-N,STANFORD
Esomeprazole Sodium,,,46853837,937,CC1=CN=C(C(=C1OC)C)CS(=O)C2=NC3=C([N-]2)C=C(C=C3)OC.[Na+],RYXPMWYHEBGTRV-JIDHJSLPSA-N,STANFORD
Estradiol,,DB00783,5757,938,CC12CCC3C(C1CCC2O)CCC4=C3C=CC(=C4)O,VOXZDWNPVJITMN-ZBRFXRBCSA-N,STANFORD
Estradiol valerate,,,13791,939,CCCCC(=O)OC1CCC2C1(CCC3C2CCC4=C3C=CC(=C4)O)C,RSEPBGGWRJCQGY-RBRWEJTLSA-N,STANFORD
Estramustine Phosphate Sodium,L01XX11,DB01196,259331,35,CC12CCC3C(C1CCC2O)CCC4=C3C=CC(=C4)OC(=O)N(CCCl)CCCl,FRPJXPJMRWBBIH-RBRWEJTLSA-N,NCI-ALMANAC
Estriol,,DB04573,5756,940,CC12CCC3C(C1CC(C2O)O)CCC4=C3C=CC(=C4)O,PROQIPRRNZUXQM-ZXXIGWHRSA-N,STANFORD
Estrone,,DB00655,5870,941,CC12CCC3C(C1CCC2=O)CCC4=C3C=CC(=C4)O,DNXHEGUUPJUMQT-CBZIJGRNSA-N,STANFORD
Etamsylate,,,17506,944,CCNCC.C1=CC(=C(C=C1O)S(=O)(=O)O)O,HBGOLJKPSFNJSD-UHFFFAOYSA-N,STANFORD
Ethacridine lactate monohydrate,,,165457,942,CCOC1=CC2=C(C3=C(C=C(C=C3)N)N=C2C=C1)N.CC(C(=O)O)O.O,NYEPHMYJRNWPLA-UHFFFAOYSA-N,STANFORD
Ethambutol Hydrochloride,,,14051,943,CCC(CO)NCCNC(CC)CO.Cl.Cl,AUAHHJJRFHRVPV-BZDVOYDHSA-N,STANFORD
Ethinyl estradiol,G03CA01;L02AA03,DB00977,5991,272,CC12CCC3C(C1CCC2(C#C)O)CCC4=C3C=CC(=C4)O,BFPYWIDHMRZLRN-SLHNCBLASA-N,"CLOUD,STANFORD"
Ethionamide,J04AD03,DB00609,2761171,945,CCC1=NC=CC(=C1)C(=S)N,AEOCXXJPGCBFJA-UHFFFAOYSA-N,STANFORD
Ethynodiol diacetate,,,9270,946,CC(=O)OC1CCC2C3CCC4(C(C3CCC2=C1)CCC4(C#C)OC(=O)C)C,ONKUMRGIYFNPJW-KIEAKMPYSA-N,STANFORD
Etodolac,M01AB08,DB00749,3308,947,CCC1=C2C(=CC=C1)C3=C(N2)C(OCC3)(CC)CC(=O)O,NNYBQONXHNTVIJ-UHFFFAOYSA-N,STANFORD
Etofibrate,C10AB09,DB08983,65777,948,CC(C)(C(=O)OCCOC(=O)C1=CN=CC=C1)OC2=CC=C(C=C2)Cl,XXRVYAFBUDSLJX-UHFFFAOYSA-N,STANFORD
Etomidate,N01AX07,,36339,949,CCOC(=O)C1=CN=CN1C(C)C2=CC=CC=C2,NPUKDXXFDDZOKR-UHFFFAOYSA-N,STANFORD
Etoposide,L01CB01,DB00773,36462,36,CC1OCC2C(O1)C(C(C(O2)OC3C4COC(=O)C4C(C5=CC6=C(C=C35)OCO6)C7=CC(=C(C(=C7)OC)O)OC)O)O,VJJPUSNTGOMMGY-MRVIYFEKSA-N,"MIT-MELANOMA,MERCK,NCI-ALMANAC,YALE-TNBC,STANFORD"
ETP-46464,,,72199292,894,CC(C)(C#N)C1=CC=C(C=C1)N2C3=C4C=C(C=CC4=NC=C3COC2=O)C5=CC6=CC=CC=C6N=C5,DPLMXAYKJZOTKO-UHFFFAOYSA-N,STANFORD
Etravirine,J05AG04,DB06414,193962,950,CC1=CC(=CC(=C1OC2=NC(=NC(=C2Br)N)NC3=CC=C(C=C3)C#N)C)C#N,PYGWGZALEOIKDF-UHFFFAOYSA-N,STANFORD
Evacetrapib,,DB11655,49836058,951,CC1=CC(=C2C(=C1)C(CCCN2CC3CCC(CC3)C(=O)O)N(CC4=CC(=CC(=C4)C(F)(F)F)C(F)(F)F)C5=NN(N=N5)C)C,IHIUGIVXARLYHP-UXNJHFGPSA-N,STANFORD
Everolimus,L01XE10;L04AA18,DB01590,6442177,37,CC1CCC2CC(C(=CC=CC=CC(CC(C(=O)C(C(C(=CC(C(=O)CC(OC(=O)C3CCCCN3C(=O)C(=O)C1(O2)O)C(C)CC4CCC(C(C4)OC)OCCO)C)C)O)OC)C)C)C)OC,HKVAMNSJSFKALM-GKUWKFKPSA-N,"STANFORD,DECREASE,NCI-ALMANAC,YALE-TNBC,CLOUD,MIT-MELANOMA"
Evodiamine,,,442088,952,CN1C2C3=C(CCN2C(=O)C4=CC=CC=C41)C5=CC=CC=C5N3,TXDUTHBFYKGSAH-SFHVURJKSA-N,STANFORD
EVP4593,,,509554,1587,C1=CC=C(C=C1)OC2=CC=C(C=C2)CCNC3=NC=NC4=C3C=C(C=C4)N,IBAKVEUZKHOWNG-UHFFFAOYSA-N,STANFORD
Exemestane,L02BG06,DB00990,60198,38,CC12CCC3C(C1CCC2=O)CC(=C)C4=CC(=O)C=CC34C,BFYIZQONLCFLEV-DAELLWKTSA-N,"STANFORD,NCI-ALMANAC"
Ezetimibe,C10AX09,DB00973,150311,953,C1=CC(=CC=C1C2C(C(=O)N2C3=CC=C(C=C3)F)CCC(C4=CC=C(C=C4)F)O)O,OLNTVTPDXPETLC-XPWALMASSA-N,STANFORD
Famciclovir,J05AB09;S01AD07,DB00426,3324,956,CC(=O)OCC(CCN1C=NC2=CN=C(N=C21)N)COC(=O)C,GGXKWVWZWMLJEH-UHFFFAOYSA-N,STANFORD
Famprofazone,,,3326,958,CC(C)C1=C(N(N(C1=O)C2=CC=CC=C2)C)CN(C)C(C)CC3=CC=CC=C3,GNUXVOXXWGNPIV-UHFFFAOYSA-N,STANFORD
Fasiglifam,,DB12491,24857286,1789,CC1=CC(=CC(=C1C2=CC=CC(=C2)COC3=CC4=C(C=C3)C(CO4)CC(=O)O)C)OCCCS(=O)(=O)C,BZCALJIHZVNMGJ-HSZRJFAPSA-N,STANFORD
Fasudil hydrochloride,,,163751,959,C1CNCCN(C1)S(=O)(=O)C2=CC=CC3=C2C=CN=C3.Cl,LFVPBERIVUNMGV-UHFFFAOYSA-N,STANFORD
Febuxostat,M04AA03,DB04854,134018,273,CC1=C(SC(=N1)C2=CC(=C(C=C2)OCC(C)C)C#N)C(=O)O,BQSJTQLCZDPROO-UHFFFAOYSA-N,"CLOUD,STANFORD"
Fedratinib,,DB12500,16722836,1798,CC1=CN=C(N=C1NC2=CC(=CC=C2)S(=O)(=O)NC(C)(C)C)NC3=CC=C(C=C3)OCCN4CCCC4,JOOXLOJCABQBSG-UHFFFAOYSA-N,STANFORD
Felbamate,N03AX10,DB00949,3331,960,C1=CC=C(C=C1)C(COC(=O)N)COC(=O)N,WKGXYQFOCVYPAC-UHFFFAOYSA-N,STANFORD
Felodipine,C08CA02,DB01023,3333,961,CCOC(=O)C1=C(NC(=C(C1C2=C(C(=CC=C2)Cl)Cl)C(=O)OC)C)C,RZTAMFZIAATZDJ-UHFFFAOYSA-N,STANFORD
Fenbendazole,,,3334,962,COC(=O)NC1=NC2=C(N1)C=C(C=C2)SC3=CC=CC=C3,HDDSHPAODJUKPD-UHFFFAOYSA-N,STANFORD
Fenofibrate,C10AB05,DB01039,3339,963,CC(C)OC(=O)C(C)(C)OC1=CC=C(C=C1)C(=O)C2=CC=C(C=C2)Cl,YMTINGFKWWXKFG-UHFFFAOYSA-N,STANFORD
Fenspiride hydrochloride,,,68626,965,C1CN(CCC12CNC(=O)O2)CCC3=CC=CC=C3.Cl,FIKFLLIUPUVONI-UHFFFAOYSA-N,STANFORD
Fenticonazole nitrate,,,51754,966,C1=CC=C(C=C1)SC2=CC=C(C=C2)COC(CN3C=CN=C3)C4=C(C=C(C=C4)Cl)Cl.[N+](=O)(O)[O-],FJNRUWDGCVDXLU-UHFFFAOYSA-N,STANFORD
Ferrostatin-1,,,4068248,967,CCOC(=O)C1=CC(=C(C=C1)NC2CCCCC2)N,UJHBVMHOBZBWMX-UHFFFAOYSA-N,STANFORD
Ferulic acid,,DB07767,445858,968,COC1=C(C=CC(=C1)C=CC(=O)O)O,KSEBMYQBYZTDHS-HWKANZROSA-N,STANFORD
Fesoterodine fumarate,G04BD11,,9849808,969,CC(C)C(=O)OC1=C(C=C(C=C1)CO)C(CCN(C(C)C)C(C)C)C2=CC=CC=C2.C(=CC(=O)O)C(=O)O,MWHXMIASLKXGBU-RNCYCKTQSA-N,STANFORD
Fexofenadine hydrochloride,,,63002,970,CC(C)(C1=CC=C(C=C1)C(CCCN2CCC(CC2)C(C3=CC=CC=C3)(C4=CC=CC=C4)O)O)C(=O)O.Cl,RRJFVPUCXDGFJB-UHFFFAOYSA-N,STANFORD
FH535,,,,311,,N,MIT-MELANOMA
Fimepinostat,,DB11891,54575456,677,CN(CC1=CC2=C(S1)C(=NC(=N2)C3=CN=C(C=C3)OC)N4CCOCC4)C5=NC=C(C=N5)C(=O)NO,JOWXJLIFIIOYMS-UHFFFAOYSA-N,STANFORD
Finasteride,D11AX10;G04CB01,DB01216,57363,972,CC12CCC3C(C1CCC2C(=O)NC(C)(C)C)CCC4C3(C=CC(=O)N4)C,DBEPLOCGEIEOCV-WSBQPABSSA-N,STANFORD
Fingolimod,L04AA27,DB08868,107970,312,CCCCCCCCC1=CC=C(C=C1)CCC(CO)(CO)N,KKGQTZUTZRNORY-UHFFFAOYSA-N,MIT-MELANOMA
Fingolimod hydrochloride,L04AA27,,107969,973,CCCCCCCCC1=CC=C(C=C1)CCC(CO)(CO)N.Cl,SWZTYAVBMYWFGS-UHFFFAOYSA-N,STANFORD
Fisetin,,,5281614,974,C1=CC(=C(C=C1C2=C(C(=O)C3=C(O2)C=C(C=C3)O)O)O)O,XHEFDIBZLJXQHF-UHFFFAOYSA-N,STANFORD
FK866,,,,313,,N,MIT-MELANOMA
Flavopiridol hydrochloride,,,9910986,975,CN1CCC(C(C1)O)C2=C(C=C(C3=C2OC(=CC3=O)C4=CC=CC=C4Cl)O)O.Cl,LGMSNQNWOCSPIK-LWHGMNCYSA-N,STANFORD
Flavoxate hydrochloride,,,441345,976,CC1=C(OC2=C(C1=O)C=CC=C2C(=O)OCCN3CCCCC3)C4=CC=CC=C4.Cl,XOEVKNFZUQEERE-UHFFFAOYSA-N,STANFORD
Flopropione,,,3362,977,CCC(=O)C1=C(C=C(C=C1O)O)O,PTHLEKANMPKYDB-UHFFFAOYSA-N,STANFORD
Florfenicol,,,114811,978,CS(=O)(=O)C1=CC=C(C=C1)C(C(CF)NC(=O)C(Cl)Cl)O,AYIRNRDRBQJXIF-NXEZZACHSA-N,STANFORD
Floxuridine,,DB00322,5790,39,C1C(C(OC1N2C=C(C(=O)NC2=O)F)CO)O,ODKNJVUHOIMIIZ-RRKCRQDMSA-N,"STANFORD,NCI-ALMANAC,DECREASE"
Flt-3 inhibitor,,,1048845,1793,COC1=C(C=C(C=C1)C(=O)NC2=C(C3=C(S2)CCCC3)C(=O)N)OC,FSPQCTGGIANIJZ-UHFFFAOYSA-N,STANFORD
Flubendazole,P02CA05,DB08974,35802,979,COC(=O)NC1=NC2=C(N1)C=C(C=C2)C(=O)C3=CC=C(C=C3)F,CPEUVMUXAHMANV-UHFFFAOYSA-N,STANFORD
Fluconazole,D01AC15;J02AC01,DB00196,3365,980,C1=CC(=C(C=C1F)F)C(CN2C=NC=N2)(CN3C=NC=N3)O,RFHAOTPXVQNOHP-UHFFFAOYSA-N,STANFORD
Flucytosine,D01AE21;J02AX01,DB01099,3366,981,C1=NC(=O)NC(=C1F)N,XRECTZIEBJDKEO-UHFFFAOYSA-N,STANFORD
Fludarabine,L01BB05,DB01073,657237,40,C1=NC2=C(N=C(N=C2N1C3C(C(C(O3)CO)O)O)F)N,HBUBKKRHXORPQB-FJFJXFQQSA-N,"STANFORD,MIT-MELANOMA,NCI-ALMANAC"
Flufenamic acid,,DB02266,3371,983,C1=CC=C(C(=C1)C(=O)O)NC2=CC=CC(=C2)C(F)(F)F,LPEPZBJOKDYZAD-UHFFFAOYSA-N,STANFORD
Flumazenil,,DB01205,3373,984,CCOC(=O)C1=C2CN(C(=O)C3=C(N2C=N1)C=CC(=C3)F)C,OFBIFZUFASYYRE-UHFFFAOYSA-N,STANFORD
Flumequine,J01MB07,DB08972,3374,985,CC1CCC2=C3N1C=C(C(=O)C3=CC(=C2)F)C(=O)O,DPSPPJIUMHPXMA-UHFFFAOYSA-N,STANFORD
Flumethasone,D07AB03;D07XB01,DB00663,16490,986,CC1CC2C3CC(C4=CC(=O)C=CC4(C3(C(CC2(C1(C(=O)CO)O)C)O)F)C)F,WXURHACBFYSXBI-GQKYHHCASA-N,STANFORD
Flunarizine hydrochloride,,,5282407,987,C1CN(CCN1CC=CC2=CC=CC=C2)C(C3=CC=C(C=C3)F)C4=CC=C(C=C4)F.Cl.Cl,RXKMOPXNWTYEHI-RDRKJGRWSA-N,STANFORD
Flunixin meglumine,,,39212,988,CC1=C(C=CC=C1NC2=C(C=CC=N2)C(=O)O)C(F)(F)F.CNCC(C(C(C(CO)O)O)O)O,MGCCHNLNRBULBU-WZTVWXICSA-N,STANFORD
Fluocinolone acetonide,C05AA10;D07AC04;S01BA15;S02BA08,DB00591,6215,989,CC1(OC2CC3C4CC(C5=CC(=O)C=CC5(C4(C(CC3(C2(O1)C(=O)CO)C)O)F)C)F)C,FEBLZLNTKCEFIT-VSXGLTOVSA-N,STANFORD
Fluocinonide,C05AA11;B07AC08,DB01047,9642,990,CC(=O)OCC(=O)C12C(CC3C1(CC(C4(C3CC(C5=CC(=O)C=CC54C)F)F)O)C)OC(O2)(C)C,WJOHZNCJWYWUJD-IUGZLZTKSA-N,STANFORD
Fluorometholone acetate,,,240767,991,CC1CC2C3CCC(C3(CC(C2(C4(C1=CC(=O)C=C4)C)F)O)C)(C(=O)C)OC(=O)C,YRFXGQHBPBMFHW-SBTZIJSASA-N,STANFORD
Fluorouracil,L01BC02;L01BC52,DB00544,3385,41,C1=C(C(=O)NC(=O)N1)F,GHASVSINZRGABV-UHFFFAOYSA-N,"MERCK,NCI-ALMANAC,YALE-PDAC,YALE-TNBC,STANFORD,CLOUD"
Fluoxetine hydrochloride,,,62857,992,CNCCC(C1=CC=CC=C1)OC2=CC=C(C=C2)C(F)(F)F.Cl,GIYXAJPCNFJEHY-UHFFFAOYSA-N,STANFORD
Flupirtine maleate,,,6435335,993,CCOC(=O)NC1=C(N=C(C=C1)NCC2=CC=C(C=C2)F)N.C(=CC(=O)O)C(=O)O,DPYIXBFZUMCMJM-BTJKTKAUSA-N,STANFORD
Flurbiprofen,M01AE09;M02AA19;R02AX01;S01BC04,DB00712,3394,994,CC(C1=CC(=C(C=C1)C2=CC=CC=C2)F)C(=O)O,SYTBZMRGLBWNTM-UHFFFAOYSA-N,STANFORD
Flutamide,L02BB01,DB00499,3397,995,CC(C)C(=O)NC1=CC(=C(C=C1)[N+](=O)[O-])C(F)(F)F,MKXKFYHWDHIYRV-UHFFFAOYSA-N,STANFORD
Fluticasone propionate,,DB00588,444036,996,CCC(=O)OC1(C(CC2C1(CC(C3(C2CC(C4=CC(=O)C=CC43C)F)F)O)C)C)C(=O)SCF,WMWTYOKRWGGJOA-CENSZEJFSA-N,STANFORD
Fluvastatin sodium,C10AA04,,23663976,997,CC(C)N1C2=CC=CC=C2C(=C1C=CC(CC(CC(=O)[O-])O)O)C3=CC=C(C=C3)F.[Na+],ZGGHKIMDNBDHJB-NRFPMOEYSA-M,STANFORD
Fluvoxamine maleate,,,9560989,998,COCCCCC(=NOCCN)C1=CC=C(C=C1)C(F)(F)F.C(=CC(=O)O)C(=O)O,LFMYNZPAVPMEGP-PIDGMYBPSA-N,STANFORD
Foretinib,,DB12307,42642645,171,COC1=CC2=C(C=CN=C2C=C1OCCCN3CCOCC3)OC4=C(C=C(C=C4)NC(=O)C5(CC5)C(=O)NC6=CC=C(C=C6)F)F,CXQHYVUVSFXTMY-UHFFFAOYSA-N,"YALE-TNBC,YALE-PDAC,STANFORD"
Formestane,L02BG02,DB08905,11273,999,CC12CCC(=O)C(=C1CCC3C2CCC4(C3CCC4=O)C)O,OSVMTWJCGUFAOD-KZQROQTASA-N,STANFORD
Formononetin,,,5280378,1000,COC1=CC=C(C=C1)C2=COC3=C(C2=O)C=CC(=C3)O,HKQYGTCOTHHOMP-UHFFFAOYSA-N,STANFORD
Formoterol hemifumarate,,,9832292,1001,CC(CC1=CC=C(C=C1)OC)NCC(C2=CC(=C(C=C2)O)NC=O)O.CC(CC1=CC=C(C=C1)OC)NCC(C2=CC(=C(C=C2)O)NC=O)O.C(=CC(=O)O)C(=O)O,OBRNDARFFFHCGE-PERKLWIXSA-N,STANFORD
Forskolin,,DB02587,47936,1002,CC(=O)OC1C(C2C(CCC(C2(C3(C1(OC(CC3=O)(C)C=C)C)O)C)O)(C)C)O,OHCQJHSOBUTRHG-KGGHGJDLSA-N,STANFORD
Foscarnet sodium,,,44561,1004,C(=O)([O-])P(=O)([O-])[O-].[Na+].[Na+].[Na+],DFHAXXVZCFXGOQ-UHFFFAOYSA-K,STANFORD
Fostamatinib,B02BX09,DB12010,11671467,1005,CC1(C(=O)N(C2=C(O1)C=CC(=N2)NC3=NC(=NC=C3F)NC4=CC(=C(C(=C4)OC)OC)OC)COP(=O)(O)O)C,GKDRMWXFWHEQQT-UHFFFAOYSA-N,STANFORD
FT-0655530,,,45489809,895,COC1=CC=CC(=C1[O-])C=NCCN=CC2=C(C(=CC=C2)OC)[O-].[Cl-].[Mn+2],ZCNKLAVGNJEDNF-UHFFFAOYSA-K,STANFORD
FT-0761318,,,3549,1071,CCOC(=O)C1=C(OC2=C(C1C(C#N)C(=O)OCC)C=C(C=C2)Br)N,SXJDCULZDFWMJC-UHFFFAOYSA-N,STANFORD
Fulvestrant,L02BA03,DB00947,104741,42,CC12CCC3C(C1CCC2O)C(CC4=C3C=CC(=C4)O)CCCCCCCCCS(=O)CCCC(C(F)(F)F)(F)F,VWUXBMIQPBEWFH-WCCTWKNTSA-N,"STANFORD,NCI-ALMANAC"
Fungizone,,DB00681,5280965,497,CC1C=CC=CC=CC=CC=CC=CC=CC(CC2C(C(CC(O2)(CC(CC(C(CCC(CC(CC(=O)OC(C(C1O)C)C)O)O)O)O)O)O)O)C(=O)O)OC3C(C(C(C(O3)C)O)N)O,APKFDSVGJQXUKY-INPOYWNPSA-N,STANFORD
Furaltadone hydrochloride,,,9576185,1006,C1COCCN1CC2CN(C(=O)O2)N=CC3=CC=C(O3)[N+](=O)[O-].Cl,PPSVFZXMDMUIGB-FJUODKGNSA-N,STANFORD
Furosemide,C03CA01,DB00695,3440,1007,C1=COC(=C1)CNC2=CC(=C(C=C2C(=O)O)S(=O)(=O)N)Cl,ZZUFCTLCJUWOSV-UHFFFAOYSA-N,STANFORD
Gabexate mesylate,,,6604561,1033,CCOC(=O)C1=CC=C(C=C1)OC(=O)CCCCCN=C(N)N.CS(=O)(=O)O,DNTNDFLIKUKKOC-UHFFFAOYSA-N,STANFORD
Galeterone,,DB12415,11188409,1035,CC12CCC(CC1=CCC3C2CCC4(C3CC=C4N5C=NC6=CC=CC=C65)C)O,PAFKTGFSEFKSQG-PAASFTFBSA-N,STANFORD
Gallamine triethiodide,,DB00483,6172,1036,CC[N+](CC)(CC)CCOC1=C(C(=CC=C1)OCC[N+](CC)(CC)CC)OCC[N+](CC)(CC)CC.[I-].[I-].[I-],REEUVFCVXKWOFE-UHFFFAOYSA-K,STANFORD
Galunisertib,,DB11911,10090485,1181,CC1=NC(=CC=C1)C2=NN3CCCC3=C2C4=C5C=C(C=CC5=NC=C4)C(=O)N,IVRXNBXKWIJUQB-UHFFFAOYSA-N,STANFORD
gamma-Secretase Inhibitor XX,,,11454028,1983,CC(C(=O)NC1C2=CC=CC=C2C3=CC=CC=C3N(C1=O)C)NC(=O)CC4=CC(=CC(=C4)F)F,QSHGISMANBKLQL-OWJWWREXSA-N,STANFORD
Ganciclovir,,DB01004,135398740,1037,C1=NC2=C(N1COC(CO)CO)N=C(NC2=O)N,IRSCQMHQWWYFCW-UHFFFAOYSA-N,STANFORD
Gandotinib,,,46213929,1185,CC1=CC(=NN1)NC2=NN3C(=C(N=C3C(=C2)CN4CCOCC4)C)CC5=C(C=C(C=C5)Cl)F,SQSZANZGUXWJEA-UHFFFAOYSA-N,STANFORD
Ganetespib,,DB12047,135564985,1038,CC(C)C1=C(C=C(C(=C1)C2=NNC(=O)N2C3=CC4=C(C=C3)N(C=C4)C)O)O,RVAQIUULWULRNW-UHFFFAOYSA-N,STANFORD
GANT-61,,,421610,206,CN(C)C1=CC=CC=C1CN2CCCN(C2C3=CC=NC=C3)CC4=CC=CC=C4N(C)C,KVQOGDQTWWCZFX-UHFFFAOYSA-N,YALE-TNBC
Gastrodin,,,115067,1039,C1=CC(=CC=C1CO)OC2C(C(C(C(O2)CO)O)O)O,PUQSUZTXKPLAPR-UJPOAAIJSA-N,STANFORD
Gatifloxacin,,,5379,1040,CC1CN(CCN1)C2=C(C=C3C(=C2OC)N(C=C(C3=O)C(=O)O)C4CC4)F,XUBOMFCQGDBHNK-UHFFFAOYSA-N,STANFORD
Gdc-0152,,DB12380,46940575,1009,CC(C(=O)NC(C1CCCCC1)C(=O)N2CCCC2C(=O)NC3=C(N=NS3)C4=CC=CC=C4)NC,WZRFLSDVFPIXOV-LRQRDZAKSA-N,STANFORD
Gdc-0349,,DB13072,59239165,1010,CCNC(=O)NC1=CC=C(C=C1)C2=NC3=C(CCN(C3)C4COC4)C(=N2)N5CCOCC5C,RGJOJUGRHPQXGF-INIZCTEOSA-N,STANFORD
GDC-0879,,,11717001,1011,C1CC(=NO)C2=C1C=C(C=C2)C3=CN(N=C3C4=CC=NC=C4)CCO,DEZZLWQELQORIU-RELWKKBWSA-N,STANFORD
Gedatolisib,,DB11896,44516953,1465,CN(C)C1CCN(CC1)C(=O)C2=CC=C(C=C2)NC(=O)NC3=CC=C(C=C3)C4=NC(=NC(=N4)N5CCOCC5)N6CCOCC6,DWZAEMINVBZMHQ-UHFFFAOYSA-N,STANFORD
Gefitinib,L01XE02,DB00317,123631,43,COC1=C(C=C2C(=C1)N=CN=C2NC3=CC(=C(C=C3)F)Cl)OCCCN4CCOCC4,XGALLCVXEZPNRQ-UHFFFAOYSA-N,"NCI-ALMANAC,STANFORD"
Geldanamycin,,DB02424,5288382,44,CC1CC(C(C(C=C(C(C(C=CC=C(C(=O)NC2=CC(=O)C(=C(C1)C2=O)OC)C)OC)OC(=O)N)C)C)O)OC,QTQAWLPCGQOSGP-KSRBKZBZSA-N,"STANFORD,MERCK"
Gemcitabine,L01BC05,DB00441,60750,45,C1=CN(C(=O)N=C1N)C2C(C(C(O2)CO)O)(F)F,SDUQYLNIPVEERB-QPPQHZFASA-N,"MERCK,NCI-ALMANAC,YALE-PDAC,YALE-TNBC,MIT-MELANOMA,STANFORD"
Gemfibrozil,C10AB04,DB01241,3463,1041,CC1=CC(=C(C=C1)C)OCCCC(C)(C)C(=O)O,HEMJJKBWTPKOJG-UHFFFAOYSA-N,STANFORD
Genipin,,,442424,1042,COC(=O)C1=COC(C2C1CC=C2CO)O,AZKVWQKMDGGDSV-BCMRRPTOSA-N,STANFORD
Geniposide,,,107848,1043,COC(=O)C1=COC(C2C1CC=C2CO)OC3C(C(C(C(O3)CO)O)O)O,IBFYXTRXDNAPMM-BVTMAQQCSA-N,STANFORD
Geniposidic acid,,,443354,1044,C1C=C(C2C1C(=COC2OC3C(C(C(C(O3)CO)O)O)O)C(=O)O)CO,ZJDOESGVOWAULF-OGJQONSISA-N,STANFORD
Genistein,,DB01645,5280961,1045,C1=CC(=CC=C1C2=COC3=CC(=CC(=C3C2=O)O)O)O,TZBJGXHYKVUXJN-UHFFFAOYSA-N,STANFORD
Gentian violet,,,11057,779,CN(C)C1=CC=C(C=C1)C(=C2C=CC(=[N+](C)C)C=C2)C3=CC=C(C=C3)N(C)C.[Cl-],ZXJXZNDDNMQXFV-UHFFFAOYSA-M,STANFORD
Geodon,,,219099,2000,C1CN(CCN1CCC2=C(C=C3C(=C2)CC(=O)N3)Cl)C4=NSC5=CC=CC=C54.Cl,NZDBKBRIBJLNNT-UHFFFAOYSA-N,STANFORD
Gestodene,,DB06730,3033968,1046,CCC12CCC3C(C1C=CC2(C#C)O)CCC4=CC(=O)CCC34,SIGSPDASOTUPFS-XUDSTZEESA-N,STANFORD
GGTI-298,,,9811606,207,CC(C)CC(C(=O)OC)NC(=O)C1=C(C=C(C=C1)NCC(CS)N)C2=CC=CC3=CC=CC=C32,XVWPFYDMUFBHBF-CLOONOSVSA-N,YALE-TNBC
Gimeracil,,DB09257,54679224,1047,C1=C(C(=CNC1=O)Cl)O,ZPLQIPFOCGIIHV-UHFFFAOYSA-N,STANFORD
Ginkgolide-A,,DB06743,9909368,1048,CC1C(=O)OC2C1(C34C(=O)OC5C3(C2)C6(C(C5)C(C)(C)C)C(C(=O)OC6O4)O)O,FPUXKXIZEIDQKW-VKMVSBOZSA-N,STANFORD
Ginkgolide-B,,,6324617,1049,CC1C(=O)OC2C1(C34C(=O)OC5C3(C2O)C6(C(C5)C(C)(C)C)C(C(=O)OC6O4)O)O,SQOJOAFXDQDRGF-MMQTXUMRSA-N,STANFORD
Givinostat,,,9804992,1050,CCN(CC)CC1=CC2=C(C=C1)C=C(C=C2)COC(=O)NC3=CC=C(C=C3)C(=O)NO,YALNUENQHAQXEA-UHFFFAOYSA-N,STANFORD
Glafenine hydrochloride,,,3085326,1051,C1=CC=C(C(=C1)C(=O)OCC(CO)O)NC2=C3C=CC(=CC3=NC=C2)Cl.Cl,CEUMONXVSJOJIH-UHFFFAOYSA-N,STANFORD
Gliclazide,,,3475,1052,CC1=CC=C(C=C1)S(=O)(=O)NC(=O)NN2CC3CCCC3C2,BOVGTQGAOIONJV-UHFFFAOYSA-N,STANFORD
Glimepiride,A10BB12,DB00222,3476,1053,CCC1=C(CN(C1=O)C(=O)NCCC2=CC=C(C=C2)S(=O)(=O)NC(=O)NC3CCC(CC3)C)C,WIGIZIANZCJQQY-UHFFFAOYSA-N,STANFORD
Glipizide,A10BB07,,3478,1054,CC1=CN=C(C=N1)C(=O)NCCC2=CC=C(C=C2)S(=O)(=O)NC(=O)NC3CCCCC3,ZJJXGWJIGJFDTL-UHFFFAOYSA-N,STANFORD
Gliquidone,A10BB08,DB01251,91610,1055,CC1(C2=C(C=C(C=C2)OC)C(=O)N(C1=O)CCC3=CC=C(C=C3)S(=O)(=O)NC(=O)NC4CCCCC4)C,LLJFMFZYVVLQKT-UHFFFAOYSA-N,STANFORD
Glyburide,A10BB01,DB01016,3488,1056,COC1=C(C=C(C=C1)Cl)C(=O)NCCC2=CC=C(C=C2)S(=O)(=O)NC(=O)NC3CCCCC3,ZNNLBTZKUZBEKO-UHFFFAOYSA-N,STANFORD
Glycyrrhizic acid,A05BA08,,14982,1057,CC1(C2CCC3(C(C2(CCC1OC4C(C(C(C(O4)C(=O)O)O)O)OC5C(C(C(C(O5)C(=O)O)O)O)O)C)C(=O)C=C6C3(CCC7(C6CC(CC7)(C)C(=O)O)C)C)C)C,LPLVUJXQOOQHMX-QWBHMCJMSA-N,STANFORD
GNF-2,,,5311510,1013,C1=CC(=CC(=C1)C(=O)N)C2=CC(=NC=N2)NC3=CC=C(C=C3)OC(F)(F)F,WEVYNIUIFUYDGI-UHFFFAOYSA-N,STANFORD
Go-6983,,,3499,1058,CN(C)CCCN1C=C(C2=C1C=CC(=C2)OC)C3=C(C(=O)NC3=O)C4=CNC5=CC=CC=C54,LLJJDLHGZUOMQP-UHFFFAOYSA-N,STANFORD
Golgicide A,,,25113626,1059,C1C=CC2C1C(NC3=C2C=C(C=C3F)F)C4=CN=CC=C4,NJZHEQOUHLZCOX-FTLRAWMYSA-N,STANFORD
Golvatinib,,DB11977,16118392,1060,CN1CCN(CC1)C2CCN(CC2)C(=O)NC3=NC=CC(=C3)OC4=CC(=C(C=C4)NC(=O)C5(CC5)C(=O)NC6=CC=C(C=C6)F)F,UQRCJCNVNUFYDX-UHFFFAOYSA-N,STANFORD
Gossypol,,,3503,2005,CC1=CC2=C(C(=C(C(=C2C(C)C)O)O)C=O)C(=C1C3=C(C4=C(C=C3C)C(=C(C(=C4C=O)O)O)C(C)C)O)O,QBKSWRVVCFFDOT-UHFFFAOYSA-N,STANFORD
Gossypol acetic acid,,,227456,419,CC1=CC2=C(C(=C(C(=C2C(C)C)O)O)C=O)C(=C1C3=C(C4=C(C=C3C)C(=C(C(=C4C=O)O)O)C(C)C)O)O.CC(=O)O,NIOHNDKHQHVLKA-UHFFFAOYSA-N,STANFORD
Gramine,,,6890,1061,CN(C)CC1=CNC2=CC=CC=C21,OCDGBSUVYYVKQZ-UHFFFAOYSA-N,STANFORD
Griseofulvin,,,441140,1063,CC1CC(=O)C=C(C12C(=O)C3=C(O2)C(=C(C=C3OC)OC)Cl)OC,DDUHZTYCFQRHIY-RBHXEPJQSA-N,STANFORD
GSK J4 HCl,,,71729974,1014,CCOC(=O)CCNC1=CC(=NC(=N1)C2=CC=CC=N2)N3CCC4=CC=CC=C4CC3.Cl,TYXWLTBYINKVNT-UHFFFAOYSA-N,STANFORD
GSK-0660,,,46233311,314,COC1=C(C=CC(=C1)NC2=CC=CC=C2)NS(=O)(=O)C3=C(SC=C3)C(=O)OC,NDFKBGWLUHKMFY-UHFFFAOYSA-N,MIT-MELANOMA
GSK-1059615,,DB11962,23582824,1015,C1=CC2=NC=CC(=C2C=C1C=C3C(=O)NC(=O)S3)C4=CC=NC=C4,QDITZBLZQQZVEE-YBEGLDIGSA-N,STANFORD
GSK-1070916,,,46885626,1016,CCN1C=C(C(=N1)C2=CC=C(C=C2)NC(=O)N(C)C)C3=C4C=C(NC4=NC=C3)C5=CC=CC(=C5)CN(C)C,QTBWCSQGBMPECM-UHFFFAOYSA-N,STANFORD
GSK-1838705A,,,25182616,1018,CNC(=O)C1=C(C=CC=C1F)NC2=NC(=NC3=C2C=CN3)NC4=C(C=C5CCN(C5=C4)C(=O)CN(C)C)OC,HZTYDQRUAWIZRE-UHFFFAOYSA-N,STANFORD
GSK-1904529A,,,25124816,1019,CCC1=CC(=C(C=C1N2CCC(CC2)N3CCN(CC3)S(=O)(=O)C)OC)NC4=NC=CC(=N4)C5=C(N=C6N5C=CC=C6)C7=CC(=C(C=C7)OC)C(=O)NC8=C(C=CC=C8F)F,MOSKATHMXWSZTQ-UHFFFAOYSA-N,STANFORD
GSK-256066,,DB12137,9827968,1021,CC1=CC(=CC2=C(C(=CN=C12)C(=O)N)NC3=CC(=CC=C3)OC)S(=O)(=O)C4=CC=CC(=C4)C(=O)N(C)C,JFHROPTYMMSOLG-UHFFFAOYSA-N,STANFORD
GSK-2636771,,DB11795,56949517,1022,CC1=C(C=CC=C1C(F)(F)F)CN2C(=NC3=C(C=C(C=C32)N4CCOCC4)C(=O)O)C,XTKLTGBKIDQGQL-UHFFFAOYSA-N,STANFORD
GSK-3787,,,2800647,1023,C1=CC(=CC=C1C(=O)NCCS(=O)(=O)C2=NC=C(C=C2)C(F)(F)F)Cl,JFUIMTGOQCQTPF-UHFFFAOYSA-N,STANFORD
GSK-429286,,,11373846,1024,CC1=C(C(CC(=O)N1)C2=CC=C(C=C2)C(F)(F)F)C(=O)NC3=C(C=C4C(=C3)C=NN4)F,OLIIUAHHAZEXEX-UHFFFAOYSA-N,STANFORD
Gsk-461364,,,15983966,1025,CC(C1=CC=CC=C1C(F)(F)F)OC2=C(SC(=C2)N3C=NC4=C3C=C(C=C4)CN5CCN(CC5)C)C(=O)N,ZHJGWYRLJUCMRT-QGZVFWFLSA-N,STANFORD
Gsk-690693,,DB12745,16725726,208,CCN1C2=C(C(=NC=C2OCC3CCCNC3)C#CC(C)(C)O)N=C1C4=NON=C4N,KGPGFQWBCSZGEL-ZDUSSCGKSA-N,"STANFORD,YALE-TNBC"
GSK2334470,,,46215815,172,CC1CCC(CN1C2=NC(=NC(=C2)C3=CC4=C(C=C3)C(=NN4)N)NC)C(=O)NC5CCCCC5,QLPHOXTXAKOFMU-WBVHZDCISA-N,YALE-PDAC
GSK650394A,,,,173,,N,"YALE-PDAC,MIT-MELANOMA"
Guaifenesin,,,3516,1064,COC1=CC=CC=C1OCC(CO)O,HSRJKNPTNIJEKV-UHFFFAOYSA-N,STANFORD
Guanabenz acetate,,,5702062,1065,CC(=O)O.C1=CC(=C(C(=C1)Cl)C=NN=C(N)N)Cl,MCSPBPXATWBACD-GAYQJXMFSA-N,STANFORD
Guanethidine monosulfate,,,86471,1066,C1CCCN(CCC1)CCN=C(N)N.OS(=O)(=O)O,YUFWAVFNITUSHI-UHFFFAOYSA-N,STANFORD
Guanidine hydrochloride,,,5742,1067,C(=N)(N)N.Cl,PJJJBBJSCAKJQF-UHFFFAOYSA-N,STANFORD
Guanosine,,,135398635,1068,C1=NC2=C(N1C3C(C(C(O3)CO)O)O)N=C(NC2=O)N,NYHBQMYGNKIUIF-UUOKFMHZSA-N,STANFORD
GW-2580,,,11617559,316,COC1=CC=C(C=C1)COC2=C(C=C(C=C2)CC3=CN=C(N=C3N)N)OC,MYQAUKPBNJWPIE-UHFFFAOYSA-N,"MIT-MELANOMA,STANFORD"
GW-4064,,,9893571,1027,CC(C)C1=C(C(=NO1)C2=C(C=CC=C2Cl)Cl)COC3=CC(=C(C=C3)C=CC4=CC(=CC=C4)C(=O)O)Cl,BYTNEISLBIENSA-MDZDMXLPSA-N,STANFORD
GW-441756,,,16219401,317,CN1C=C(C2=CC=CC=C21)C=C3C4=C(C=CC=N4)NC3=O,NXNQLECPAXXYTR-UHFFFAOYSA-N,"STANFORD,MIT-MELANOMA"
GW-5074,,,5924208,1028,C1=CC2=C(C=C1I)C(=CC3=CC(=C(C(=C3)Br)O)Br)C(=O)N2,LMXYVLFTZRPNRV-KMKOMSMNSA-N,STANFORD
GW-788388,,,10202642,1029,C1COCCC1NC(=O)C2=CC=C(C=C2)C3=NC=CC(=C3)C4=C(NN=C4)C5=CC=CC=N5,SAGZIBJAQGBRQA-UHFFFAOYSA-N,STANFORD
GW-842166X,,DB11903,10253143,1030,C1COCCC1CNC(=O)C2=CN=C(N=C2C(F)(F)F)NC3=C(C=C(C=C3)Cl)Cl,TWQYWUXBZHPIIV-UHFFFAOYSA-N,STANFORD
GW-9508,,,11595431,1031,C1=CC=C(C=C1)OC2=CC=CC(=C2)CNC3=CC=C(C=C3)CCC(=O)O,DGENZVKCTGIDRZ-UHFFFAOYSA-N,STANFORD
GW-9662,,,644213,318,C1=CC=C(C=C1)NC(=O)C2=C(C=CC(=C2)[N+](=O)[O-])Cl,DNTSIBUQMRRYIU-UHFFFAOYSA-N,"MIT-MELANOMA,STANFORD"
GW0742,,,9934458,315,CC1=C(C=CC(=C1)SCC2=C(N=C(S2)C3=CC(=C(C=C3)C(F)(F)F)F)C)OCC(=O)O,HWVNEWGKWRGSRK-UHFFFAOYSA-N,"STANFORD,MIT-MELANOMA"
GW3965 HCl,,,16078973,1026,C1=CC=C(C=C1)C(CN(CCCOC2=CC=CC(=C2)CC(=O)O)CC3=C(C(=CC=C3)C(F)(F)F)Cl)C4=CC=CC=C4.Cl,NMPUWJFHNOUNQU-UHFFFAOYSA-N,STANFORD
Gynostemma Extract,,,46887681,1069,CC(=CCCC(C)(C1CCC2(C1C(CC3C2(CCC4C3(CCC(C4(C)C)OC5C(C(C(C(O5)CO)O)O)O)C)C)O)C)OC6C(C(C(C(O6)COC7C(C(C(CO7)O)O)O)O)O)O)C,ZTQSADJAYQOCDD-HUGMCNGHSA-N,STANFORD
GZD-824,,,51038269,1032,CC1=C(C=C(C=C1)C(=O)NC2=CC(=C(C=C2)CN3CCN(CC3)C)C(F)(F)F)C#CC4=CC5=C(NN=C5)N=C4,TZKBVRDEOITLRB-UHFFFAOYSA-N,STANFORD
H-89 Dihydrochloride,,,5702541,1070,C1=CC2=C(C=CN=C2)C(=C1)S(=O)(=O)NCCNCC=CC3=CC=C(C=C3)Br.Cl.Cl,GELOGQJVGPIKAM-WTVBWJGASA-N,STANFORD
Haematoxylin,,,442514,1078,C1C2=CC(=C(C=C2C3C1(COC4=C3C=CC(=C4O)O)O)O)O,WZUVPPKBWHMQCE-XJKSGUPXSA-N,STANFORD
Halcinonide,,DB06786,443943,1075,CC1(OC2CC3C4CCC5=CC(=O)CCC5(C4(C(CC3(C2(O1)C(=O)CCl)C)O)F)C)C,MUQNGPZZQDCDFT-JNQJZLCISA-N,STANFORD
Halobetasol propionate,,,6918178,1076,CCC(=O)OC1(C(CC2C1(CC(C3(C2CC(C4=CC(=O)C=CC43C)F)F)O)C)C)C(=O)CCl,BDSYKGHYMJNPAB-LICBFIPMSA-N,STANFORD
Halofantrine,P01BX01,DB01218,37393,274,CCCCN(CCCC)CCC(C1=C2C=CC(=CC2=C3C=C(C=C(C3=C1)Cl)Cl)C(F)(F)F)O,FOHHNHSLJDZUGQ-UHFFFAOYSA-N,CLOUD
Haloperidol,,DB00502,3559,1077,C1CN(CCC1(C2=CC=C(C=C2)Cl)O)CCCC(=O)C3=CC=C(C=C3)F,LNEPOXFFQSENCJ-UHFFFAOYSA-N,STANFORD
HBX-41108,,,16065773,209,C1=CC2=C(C=C1Cl)C(=O)C3=NC(=C(N=C23)C#N)C#N,BIGPXXAUSQLTQR-UHFFFAOYSA-N,YALE-TNBC
HC-030031,,,1150897,1072,CC(C)C1=CC=C(C=C1)NC(=O)CN2C=NC3=C2C(=O)N(C(=O)N3C)C,HEQDZPHDVAOBLN-UHFFFAOYSA-N,STANFORD
Hdac-IN-1,,,11381449,1239,CN1C=C(C=C1C=CC(=O)NO)C=CC(=O)C2=CC(=CC=C2)F,QRDAPCMJAOQZSU-KQQUZDAGSA-N,STANFORD
Hesperadin,,,135421442,1079,CCS(=O)(=O)NC1=CC2=C(C=C1)NC(=C2C(=NC3=CC=C(C=C3)CN4CCCCC4)C5=CC=CC=C5)O,HYHIYZMIFPJROG-UHFFFAOYSA-N,STANFORD
Hesperetin,,DB01094,72281,1080,COC1=C(C=C(C=C1)C2CC(=O)C3=C(C=C(C=C3O2)O)O)O,AIONOLUJZLIMTK-AWEZNQCLSA-N,STANFORD
Hesperidin,,DB04703,10621,1081,CC1C(C(C(C(O1)OCC2C(C(C(C(O2)OC3=CC(=C4C(=O)CC(OC4=C3)C5=CC(=C(C=C5)OC)O)O)O)O)O)O)O)O,QUQPHWDTPGMPEX-QJBIFVCTSA-N,STANFORD
HIF-1i,,,,319,,N,MIT-MELANOMA
Histamine dihydrochloride,,,5818,1083,C1=C(NC=N1)CCN.Cl.Cl,PPZMYIBUHIPZOS-UHFFFAOYSA-N,STANFORD
Histone Deacetylase Inhibitor III,,,3994,1238,CN(C)C1=CC=C(C=C1)C(=O)NCCCCCCC(=O)NO,MXWDSZWTBOCWBK-UHFFFAOYSA-N,STANFORD
Hmn-214,,,9888590,1074,CC(=O)N(C1=CC=CC=C1C=CC2=CC=[N+](C=C2)[O-])S(=O)(=O)C3=CC=C(C=C3)OC,OCKHRKSTDPOHEN-BQYQJAHWSA-N,STANFORD
HMTase Inhibitor IX,,,54766613,1257,CCC(CC)(C(=O)NC(CCCN=C(N)N)C(=O)NC1(CCCC1)C(=O)NC(C2=CC=C(C=C2)F)C3=CC=C(C=C3)F)NC(=O)C(C)C,RZKSQRIPRKWVBU-MHZLTWQESA-N,STANFORD
Homatropine hydrobromide,,,6419941,1084,CN1C2CCC1CC(C2)OC(=O)C(C3=CC=CC=C3)O.Br,DWSGTFTVBLXELC-MOTQWOLNSA-N,STANFORD
Homoharringtonine,L01XX40,DB04865,285033,210,CC(C)(CCCC(CC(=O)OC)(C(=O)OC1C2C3=CC4=C(C=C3CCN5C2(CCC5)C=C1OC)OCO4)O)O,HYFHYPWGAURHIV-JFIAXGOJSA-N,YALE-TNBC
Honokiol,,,72303,1085,C=CCC1=CC(=C(C=C1)O)C2=CC(=C(C=C2)O)CC=C,FVYXIJYOAGAUQK-UHFFFAOYSA-N,STANFORD
Hordenine,,,68313,1086,CN(C)CCC1=CC=C(C=C1)O,KUBCEEMXQZUPDQ-UHFFFAOYSA-N,STANFORD
Hydralazine hydrochloride,,,9351,1087,C1=CC=C2C(=C1)C=NN=C2NN.Cl,ZUXNZUWOTSUBMN-UHFFFAOYSA-N,STANFORD
Hydrochlorothiazide,C03AA03,DB00999,3639,1088,C1NC2=CC(=C(C=C2S(=O)(=O)N1)S(=O)(=O)N)Cl,JZUFKLXOESDKRF-UHFFFAOYSA-N,STANFORD
Hydrocortisone,H02AB09,DB00741,5754,1089,CC12CCC(=O)C=C1CCC3C2C(CC4(C3CCC4(C(=O)CO)O)C)O,JYGXADMDTFJGBT-VWUMJDOOSA-N,STANFORD
Hydroxychloroquine,P01BA02 ,DB01611,3652,211,CCN(CCCC(C)NC1=C2C=CC(=CC2=NC=C1)Cl)CCO,XXSMGPRMXLTPCZ-UHFFFAOYSA-N,YALE-TNBC
Hydroxyurea,L01XX05,DB01005,3657,46,C(=O)(N)NO,VSNHCAURESNICA-UHFFFAOYSA-N,"CLOUD,NCI-ALMANAC,STANFORD"
Hydroxyzine hydrochloride,,,91513,1090,C1CN(CCN1CCOCCO)C(C2=CC=CC=C2)C3=CC=C(C=C3)Cl.Cl.Cl,ANOMHKZSQFYSBR-UHFFFAOYSA-N,STANFORD
Hymecromone,,,5280567,385,CC1=CC(=O)OC2=C1C=CC(=C2)O,HSHNITRMYYLLCV-UHFFFAOYSA-N,STANFORD
Hyodeoxycholic acid,,DB11789,5283820,1091,CC(CCC(=O)O)C1CCC2C1(CCC3C2CC(C4C3(CCC(C4)O)C)O)C,DGABKXLVXPYZII-SIBKNCMHSA-N,STANFORD
Hyoscyamine,A03BA03,DB00424,154417,1092,CN1C2CCC1CC(C2)OC(=O)C(CO)C3=CC=CC=C3,RKUNBYITZUJHSG-VFSICIBPSA-N,STANFORD
I-BET,,,,212,,N,YALE-TNBC
I-Bet151,,,52912189,1094,CC1=C(C(=NO1)C)C2=C(C=C3C(=C2)N=CC4=C3N(C(=O)N4)C(C)C5=CC=CC=N5)OC,VUVUVNZRUGEAHB-CYBMUJFWSA-N,STANFORD
Ibrutinib,L01XE27,DB09053,24821094,1108,C=CC(=O)N1CCCC(C1)N2C3=NC=NC(=C3C(=N2)C4=CC=C(C=C4)OC5=CC=CC=C5)N,XYFPWWZEPKGCCK-GOSISDBHSA-N,STANFORD
Ibuprofen,C01EB16,DB01050,3672,1109,CC(C)CC1=CC=C(C=C1)C(C)C(=O)O,HEFNNWSXXWATRW-UHFFFAOYSA-N,STANFORD
Ibutilide fumarate,,,5281065,1110,CCCCCCCN(CC)CCCC(C1=CC=C(C=C1)NS(=O)(=O)C)O.CCCCCCCN(CC)CCCC(C1=CC=C(C=C1)NS(=O)(=O)C)O.C(=CC(=O)O)C(=O)O,PCIOHQNIRPWFMV-WXXKFALUSA-N,STANFORD
Icariin,,DB12052,5318997,1111,CC1C(C(C(C(O1)OC2=C(OC3=C(C2=O)C(=CC(=C3CC=C(C)C)OC4C(C(C(C(O4)CO)O)O)O)O)C5=CC=C(C=C5)OC)O)O)O,TZJALUIVHRYQQB-XLRXWWTNSA-N,STANFORD
ICG-001,,,11238147,1095,C1CN(C2CN(C(=O)C(N2C1=O)CC3=CC=C(C=C3)O)CC4=CC=CC5=CC=CC=C54)C(=O)NCC6=CC=CC=C6,HQWTUOLCGKIECB-XZWHSSHBSA-N,STANFORD
Icotinib,,DB11737,22024915,1112,C#CC1=CC(=CC=C1)NC2=NC=NC3=CC4=C(C=C32)OCCOCCOCCO4,QQLKULDARVNMAL-UHFFFAOYSA-N,STANFORD
ID-8,,,791637,1096,CC1=C(C2=C(N1C3=CC=C(C=C3)OC)C=C(C=C2)O)[N+](=O)[O-],VVZNWYXIOADGSW-UHFFFAOYSA-N,STANFORD
Idarubicin,L01DB06,DB01177,42890,2016,CC1C(C(CC(O1)OC2CC(CC3=C2C(=C4C(=C3O)C(=O)C5=CC=CC=C5C4=O)O)(C(=O)C)O)N)O,XDXDZDZNSLXDNA-TZNDIEGXSA-N,NCI-ALMANAC
Idebenone,,,3686,1113,CC1=C(C(=O)C(=C(C1=O)OC)OC)CCCCCCCCCCO,JGPMMRGNQUBGND-UHFFFAOYSA-N,STANFORD
Idelalisib,,DB09054,11625818,652,CCC(C1=NC2=C(C(=CC=C2)F)C(=O)N1C3=CC=CC=C3)NC4=NC=NC5=C4NC=N5,IFSDAJWBUCMOAH-HNNXBMFYSA-N,STANFORD
Idoxuridine,,DB00249,5905,1114,C1C(C(OC1N2C=C(C(=O)NC2=O)I)CO)O,XQFRJNBWHJMXHO-RRKCRQDMSA-N,STANFORD
IEM 1754 dihydrobroMide,,,9887867,1097,C1C2CC3CC1CC(C2)(C3)CNCCCCCN.Br.Br,JMPHTNNJCZDROM-UHFFFAOYSA-N,STANFORD
Ifenprodil,,,656586,1115,CC(C(C1=CC=C(C=C1)O)O)N2CCC(CC2)CC3=CC=CC=C3.CC(C(C1=CC=C(C=C1)O)O)N2CCC(CC2)CC3=CC=CC=C3.C(C(C(=O)O)O)(C(=O)O)O,DMPRDSPPYMZQBT-CEAXSRTFSA-N,STANFORD
Ifosfamide,L01AA06,DB01181,3690,47,C1CN(P(=O)(OC1)NCCCl)CCCl,HOMGKSMUEGBAAB-UHFFFAOYSA-N,"NCI-ALMANAC,STANFORD"
IKK Inhibitor VII,,,9549298,1098,C1CCN(C1)C2CCN(CC2)C(=O)C3=CC=C(C=C3)NC4=NC=CC(=N4)C5=CC6=CC=CC=C6S5,BWZJBXAPRCVCKQ-UHFFFAOYSA-N,STANFORD
IKK-2 Inhibitor IV,,,9903786,1801,C1=CC(=CC=C1C2=CC(=C(S2)NC(=O)N)C(=O)N)F,SAYGKHKXGCPTLX-UHFFFAOYSA-N,STANFORD
Ilomastat,,,132519,1116,CC(C)CC(CC(=O)NO)C(=O)NC(CC1=CNC2=CC=CC=C21)C(=O)NC,NITYDPDXAAFEIT-DYVFJYSZSA-N,STANFORD
Iloperidone,N05AX14,DB04946,71360,1117,CC(=O)C1=CC(=C(C=C1)OCCCN2CCC(CC2)C3=NOC4=C3C=CC(=C4)F)OC,XMXHEBAFVSFQEX-UHFFFAOYSA-N,STANFORD
Imatinib,L01XE01,DB00619,5291,48,CC1=C(C=C(C=C1)NC(=O)C2=CC=C(C=C2)CN3CCN(CC3)C)NC4=NC=CC(=N4)C5=CN=CC=C5,KTUFNOKKBVMGRW-UHFFFAOYSA-N,"CLOUD,NCI-ALMANAC,YALE-TNBC,STANFORD"
Imatinib mesylate,,,123596,1118,CC1=C(C=C(C=C1)NC(=O)C2=CC=C(C=C2)CN3CCN(CC3)C)NC4=NC=CC(=N4)C5=CN=CC=C5.CS(=O)(=O)O,YLMAHDNUQAMNNX-UHFFFAOYSA-N,STANFORD
IMD-0354,,,5081913,174,C1=CC(=C(C=C1Cl)C(=O)NC2=CC(=CC(=C2)C(F)(F)F)C(F)(F)F)O,CHILCFMQWMQVAL-UHFFFAOYSA-N,"STANFORD,YALE-TNBC,MIT-MELANOMA,YALE-PDAC"
Imidapril hydrochloride,,,5485193,1119,CCOC(=O)C(CCC1=CC=CC=C1)NC(C)C(=O)N2C(CN(C2=O)C)C(=O)O.Cl,LSLQGMMMRMDXHN-GEUPQXMHSA-N,STANFORD
Imipramine hydrochloride,,,8228,1120,CN(C)CCCN1C2=CC=CC=C2CCC3=CC=CC=C31.Cl,XZZXIYZZBJDEEP-UHFFFAOYSA-N,STANFORD
Imiquimod,D06BB10,DB00724,57469,49,CC(C)CN1C=NC2=C1C3=CC=CC=C3N=C2N,DOUYETYNHWVLEO-UHFFFAOYSA-N,"NCI-ALMANAC,STANFORD"
Indacaterol maleate,,,9827599,1121,CCC1=C(C=C2CC(CC2=C1)NCC(C3=C4C=CC(=O)NC4=C(C=C3)O)O)CC.C(=CC(=O)O)C(=O)O,IREJFXIHXRZFER-PCBAQXHCSA-N,STANFORD
Indapamide,C03BA11,DB00808,3702,1122,CC1CC2=CC=CC=C2N1NC(=O)C3=CC(=C(C=C3)Cl)S(=O)(=O)N,NDDAHWYSQHTHNT-UHFFFAOYSA-N,STANFORD
Indibulin,,,2929,2009,C1=CC=C2C(=C1)C(=CN2CC3=CC=C(C=C3)Cl)C(=O)C(=O)NC4=CC=NC=C4,SOLIIYNRSAWTSQ-UHFFFAOYSA-N,DECREASE
Indirubin,,,10177,1123,C1=CC=C2C(=C1)C(=C(N2)O)C3=NC4=CC=CC=C4C3=O,JNLNPCNGMHKCKO-UHFFFAOYSA-N,STANFORD
Indole-3-butyric acid,,DB02740,8617,382,C1=CC=C2C(=C1)C(=CN2)CCCC(=O)O,JTEDVYBZBROSJT-UHFFFAOYSA-N,STANFORD
Indole-3-carbinol,,,3712,320,C1=CC=C2C(=C1)C(=CN2)CO,IVYPNXXAYMYVSP-UHFFFAOYSA-N,"STANFORD,MIT-MELANOMA"
Indomethacin,C01EB03;M01AB01;M02AA23;S01BC01,,3715,1124,CC1=C(C2=C(N1C(=O)C3=CC=C(C=C3)Cl)C=CC(=C2)OC)CC(=O)O,CGIGDMFJXJATDK-UHFFFAOYSA-N,STANFORD
Infigratinib,,DB11886,53235510,559,CCN1CCN(CC1)C2=CC=C(C=C2)NC3=CC(=NC=N3)N(C)C(=O)NC4=C(C(=CC(=C4Cl)OC)OC)Cl,QADPYRIHXKWUSV-UHFFFAOYSA-N,STANFORD
Iniparib,,,9796068,1125,C1=CC(=C(C=C1C(=O)N)[N+](=O)[O-])I,MDOJTZQKHMAPBK-UHFFFAOYSA-N,"DECREASE,STANFORD"
Inosine,D06BB05;G01AZ02;S01XA10,DB04335,135398641,1126,C1=NC2=C(C(=O)N1)N=CN2C3C(C(C(O3)CO)O)O,UGQMRVRMYYASKQ-KQYNXXCUSA-N,STANFORD
Intepirdine,,DB12680,11256720,1677,C1CN(CCN1)C2=CC=CC3=CC(=CN=C32)S(=O)(=O)C4=CC=CC=C4,JJZFWROHYSMCMU-UHFFFAOYSA-N,STANFORD
IOWH032,,,135565181,1102,C1=CC=C(C=C1)OC2=CC=C(C=C2)CNC(=O)C3=NC(=NO3)C4=CC(=C(C(=C4)Br)O)Br,DSFNLJXHXBIKDS-UHFFFAOYSA-N,STANFORD
IOX2,,,54685215,1103,C1=CC=C(C=C1)CN2C3=CC=CC=C3C(=C(C2=O)C(=O)NCC(=O)O)O,CAOSCCRYLYQBES-UHFFFAOYSA-N,STANFORD
IPA-3,,,521106,321,C1=CC=C2C(=C1)C=CC(=C2SSC3=C(C=CC4=CC=CC=C43)O)O,RFAXLXKIAKIUDT-UHFFFAOYSA-N,"STANFORD,MIT-MELANOMA"
Ipatasertib,,DB11743,24788740,1008,CC1CC(C2=C1C(=NC=N2)N3CCN(CC3)C(=O)C(CNC(C)C)C4=CC=C(C=C4)Cl)O,GRZXWCHAXNAUHY-NSISKUIASA-N,"STANFORD,DECREASE"
Ipratropium bromide,R01AX03;R03BB01,DB00332,657308,1127,CC(C)[N+]1(C2CCC1CC(C2)OC(=O)C(CO)C3=CC=CC=C3)C.[Br-],LHLMOSXCXGLMMN-CLTUNHJMSA-M,STANFORD
Ipriflavone,M05BX01,,3747,1128,CC(C)OC1=CC2=C(C=C1)C(=O)C(=CO2)C3=CC=CC=C3,SFBODOKJTYAUCM-UHFFFAOYSA-N,STANFORD
Irbesartan,C09CA04,DB01029,3749,1129,CCCCC1=NC2(CCCC2)C(=O)N1CC3=CC=C(C=C3)C4=CC=CC=C4C5=NNN=N5,YOSHYTLCDANDAN-UHFFFAOYSA-N,STANFORD
Irinotecan,L01XX19,DB00762,60838,275,CCC1=C2CN3C(=CC4=C(C3=O)COC(=O)C4(CC)O)C2=NC5=C1C=C(C=C5)OC(=O)N6CCC(CC6)N7CCCCC7,UWKQSNNFCGGAFS-XIFFEERXSA-N,"STANFORD,CLOUD"
Irsogladine,,DB13056,3752,1131,C1=CC(=C(C=C1Cl)C2=NC(=NC(=N2)N)N)Cl,ATCGGEJZONJOCL-UHFFFAOYSA-N,STANFORD
Isoconazole nitrate,,,159968,1132,C1=CC(=C(C(=C1)Cl)COC(CN2C=CN=C2)C3=C(C=C(C=C3)Cl)Cl)Cl.[N+](=O)(O)[O-],NNGQLSIGRSTLLU-UHFFFAOYSA-N,STANFORD
Isoliquiritigenin,,,638278,1133,C1=CC(=CC=C1C=CC(=O)C2=C(C=C(C=C2)O)O)O,DXDRHHKMWQZJHT-FPYGCLRLSA-N,STANFORD
Isoniazid,J04AC01 ,DB00951,3767,276,C1=CN=CC=C1C(=O)NN,QRXWMOHMRWLFEY-UHFFFAOYSA-N,"CLOUD,STANFORD"
Isoproterenol hydrochloride,,,5807,1134,CC(C)NCC(C1=CC(=C(C=C1)O)O)O.Cl,IROWCYIEJAOFOW-UHFFFAOYSA-N,STANFORD
Isosorbide,,,12597,1135,C1C(C2C(O1)C(CO2)O)O,KLDXJTOLSGUMSJ-JGWLITMVSA-N,STANFORD
Isotretinoin,D10AD04;D10BA01,DB00982,5282379,1136,CC1=C(C(CCC1)(C)C)C=CC(=CC=CC(=CC(=O)O)C)C,SHGAZHPCJJPHSC-XFYACQKRSA-N,STANFORD
Isovaleramide,,,10930,1137,CC(C)CC(=O)N,SANOUVWGPVYVAV-UHFFFAOYSA-N,STANFORD
Ispinesib,,,6851740,1138,CC1=CC=C(C=C1)C(=O)N(CCCN)C(C2=NC3=C(C=CC(=C3)Cl)C(=O)N2CC4=CC=CC=C4)C(C)C,QJZRFPJCWMNVAV-HHHXNRCGSA-N,STANFORD
Isradipine,C08CA03,DB00270,3784,1139,CC1=C(C(C(=C(N1)C)C(=O)OC(C)C)C2=CC=CC3=NON=C32)C(=O)OC,HMJIYCCIJYRONP-UHFFFAOYSA-N,STANFORD
Istradefylline,,DB11757,5311037,1140,CCN1C2=C(C(=O)N(C1=O)CC)N(C(=N2)C=CC3=CC(=C(C=C3)OC)OC)C,IQVRBWUUXZMOPW-PKNBQFBNSA-N,STANFORD
Itraconazole,J02AC02,DB01167,3793,277,CCC(C)N1C(=O)N(C=N1)C2=CC=C(C=C2)N3CCN(CC3)C4=CC=C(C=C4)OCC5COC(O5)(CN6C=NC=N6)C7=C(C=C(C=C7)Cl)Cl,VHVPQPYKVGDNFY-UHFFFAOYSA-N,"STANFORD,CLOUD"
Ivabradine hydrochloride,C01EB17,,3045381,1141,CN(CCCN1CCC2=CC(=C(C=C2CC1=O)OC)OC)CC3CC4=CC(=C(C=C34)OC)OC.Cl,HLUKNZUABFFNQS-ZMBIFBSDSA-N,STANFORD
Ivacaftor,R07AX02,DB08820,16220172,1142,CC(C)(C)C1=CC(=C(C=C1NC(=O)C2=CNC3=CC=CC=C3C2=O)O)C(C)(C)C,PURKAOJPTOLRMP-UHFFFAOYSA-N,STANFORD
Ivemend,A04AD12,,135564864,1003,CC(C1=CC(=CC(=C1)C(F)(F)F)C(F)(F)F)OC2C(N(CCO2)CC3=NN(C(=O)N3)P(=O)(O)O)C4=CC=C(C=C4)F.CNCC(C(C(C(CO)O)O)O)O.CNCC(C(C(C(CO)O)O)O)O,VRQHBYGYXDWZDL-OOZCZQCLSA-N,STANFORD
Ivermectin,D11AX22;P02CF01,,6321424,1143,CCC(C)C1C(CCC2(O1)CC3CC(O2)CC=C(C(C(C=CC=C4COC5C4(C(C=C(C5O)C)C(=O)O3)O)C)OC6CC(C(C(O6)C)OC7CC(C(C(O7)C)O)OC)OC)C)C,AZSNMRSAGSSBNP-XPNPUAGNSA-N,STANFORD
IWR-1-endo,,,44483163,1107,C1C2C=CC1C3C2C(=O)N(C3=O)C4=CC=C(C=C4)C(=O)NC5=CC=CC6=C5N=CC=C6,ZGSXEXBYLJIOGF-ALFLXDJESA-N,STANFORD
Ixabepilone,L01DC04,DB04845,6445540,51,CC1CCCC2(C(O2)CC(NC(=O)CC(C(C(=O)C(C1O)C)(C)C)O)C(=CC3=CSC(=N3)C)C)C,FABUFPQFXZVHFB-PVYNADRNSA-N,NCI-ALMANAC
Ixazomib,,,25183872,1254,B(C(CC(C)C)NC(=O)CNC(=O)C1=C(C=CC(=C1)Cl)Cl)(O)O,MXAYKZJJDUDWDS-LBPRGKRZSA-N,STANFORD
jak3 inhibitor ii,,,3795,1962,COC1=C(C=C2C(=C1)C(=NC=N2)NC3=CC(=C(C=C3)O)Br)OC,CBIAKDAYHRWZCU-UHFFFAOYSA-N,STANFORD
JIB-04,,,6519698,1144,C1=CC=C(C=C1)C(=NNC2=NC=C(C=C2)Cl)C3=CC=CC=N3,YHHFKWKMXWRVTJ-OQKWZONESA-N,STANFORD
JK184,,,1069686,213,CCOC1=CC=C(C=C1)NC2=NC(=CS2)C3=C(N=C4N3C=CC=C4)C,ROYXIPOUVGDTAO-UHFFFAOYSA-N,YALE-TNBC
JNJ-1661010,,,2809273,1145,C1CN(CCN1C2=NC(=NS2)C3=CC=CC=C3)C(=O)NC4=CC=CC=C4,BHBOSTKQCZEAJM-UHFFFAOYSA-N,STANFORD
Jnj-38877605,,DB13113,46911863,1147,CN1C=C(C=N1)C2=NN3C(=NN=C3C(C4=CC5=C(C=C4)N=CC=C5)(F)F)C=C2,JRWCBEOAFGHNNU-UHFFFAOYSA-N,STANFORD
JNJ-7706621,,,5330790,1148,C1=CC(=C(C(=C1)F)C(=O)N2C(=NC(=N2)NC3=CC=C(C=C3)S(=O)(=O)N)N)F,KDKUVYLMPJIGKA-UHFFFAOYSA-N,STANFORD
JNJ-7777120,,,4908365,1149,CN1CCN(CC1)C(=O)C2=CC3=C(N2)C=CC(=C3)Cl,HUQJRYMLJBBEDO-UHFFFAOYSA-N,STANFORD
JNK5a,,,,322,,N,MIT-MELANOMA
JQ1 Compound,,,46907787,175,CC1=C(SC2=C1C(=NC(C3=NN=C(N32)C)CC(=O)OC(C)(C)C)C4=CC=C(C=C4)Cl)C,DNVXATUJJDPFDM-KRWDZBQOSA-N,"STANFORD,YALE-PDAC,YALE-TNBC"
JSH-23,,,16760588,1150,CC1=CC(=C(C=C1)NCCCC2=CC=CC=C2)N,YMFNPBSZFWXMAD-UHFFFAOYSA-N,STANFORD
Jtc-801,,,5311339,1151,CCC1=CC=C(C=C1)OCC2=CC=CC=C2C(=O)NC3=CC4=C(C=C(N=C4C=C3)C)N.Cl,NQLIYKXNAXKMBL-UHFFFAOYSA-N,STANFORD
JZL-184,,,25021165,323,C1CN(CCC1C(C2=CC3=C(C=C2)OCO3)(C4=CC5=C(C=C4)OCO5)O)C(=O)OC6=CC=C(C=C6)[N+](=O)[O-],SEGYOKHGGFKMCX-UHFFFAOYSA-N,"MIT-MELANOMA,STANFORD"
K02288,,,46173038,1152,COC1=CC(=CC(=C1OC)OC)C2=C(N=CC(=C2)C3=CC(=CC=C3)O)N,CJLMANFTWLNAKC-UHFFFAOYSA-N,STANFORD
Kaempferol,,,5280863,1161,C1=CC(=CC=C1C2=C(C(=O)C3=C(C=C(C=C3O2)O)O)O)O,IYRMWMYZSQPJKC-UHFFFAOYSA-N,STANFORD
Ketanserin,C02KD01,DB12465,3822,1162,C1CN(CCC1C(=O)C2=CC=C(C=C2)F)CCN3C(=O)C4=CC=CC=C4NC3=O,FPCCSQOGAWCVBH-UHFFFAOYSA-N,STANFORD
Ketoprofen,M01AE03;M02AA10,DB01009,3825,1164,CC(C1=CC(=CC=C1)C(=O)C2=CC=CC=C2)C(=O)O,DKYWVDODHFEZIM-UHFFFAOYSA-N,STANFORD
Ketorolac,M01AB15;S01BC05,DB00465,3826,1165,C1CN2C(=CC=C2C(=O)C3=CC=CC=C3)C1C(=O)O,OZWKMVRBQXNZKK-UHFFFAOYSA-N,STANFORD
Ketotifen fumarate,,,5282408,1166,CN1CCC(=C2C3=C(C(=O)CC4=CC=CC=C42)SC=C3)CC1.C(=CC(=O)O)C(=O)O,YNQQEYBLVYAWNX-WLHGVMLRSA-N,STANFORD
Ki16198,,,9913405,1167,CC1=NOC(=C1NC(=O)OC(C)C2=CC=CC=C2Cl)C3=CC=C(C=C3)CSCCC(=O)OC,HHVJBROTJWPHHX-UHFFFAOYSA-N,STANFORD
Ki16425,,,10367662,1168,CC1=NOC(=C1NC(=O)OC(C)C2=CC=CC=C2Cl)C3=CC=C(C=C3)CSCCC(=O)O,LLIFMNUXGDHTRO-UHFFFAOYSA-N,STANFORD
Ki8751,,,11317348,1169,COC1=CC2=C(C=CN=C2C=C1OC)OC3=CC(=C(C=C3)NC(=O)NC4=C(C=C(C=C4)F)F)F,LFKQSJNCVRGFCC-UHFFFAOYSA-N,STANFORD
Kinetin,,DB11336,3830,1170,C1=COC(=C1)CNC2=NC=NC3=C2NC=N3,QANMHLXAZMSUEX-UHFFFAOYSA-N,STANFORD
KP372-1,,,,215,,N,YALE-TNBC
KPT-185,,,53495165,1153,CC(C)OC(=O)C=CN1C=NC(=N1)C2=CC(=CC(=C2)OC)C(F)(F)F,NLNGWFLRRRYNIL-PLNGDYQASA-N,STANFORD
KPT-276,,,71496742,1154,C1C(CN1C(=O)C=CN2C=NC(=N2)C3=CC(=CC(=C3)C(F)(F)F)C(F)(F)F)(F)F,JCHAWRDHMUSLMM-UPHRSURJSA-N,STANFORD
Krn-633,,,9549295,1156,CCCNC(=O)NC1=C(C=C(C=C1)OC2=NC=NC3=CC(=C(C=C32)OC)OC)Cl,VPBYZLCHOKSGRX-UHFFFAOYSA-N,STANFORD
Ku-0063794,,,16736978,324,CC1CN(CC(O1)C)C2=NC3=C(C=CC(=N3)C4=CC(=C(C=C4)OC)CO)C(=N2)N5CCOCC5,RFSMUFRPPYDYRD-CALCHBBNSA-N,"STANFORD,MIT-MELANOMA"
KU-55933,,,5278396,325,C1COCCN1C2=CC(=O)C=C(O2)C3=C4C(=CC=C3)SC5=CC=CC=C5S4,XRKYMMUGXMWDAO-UHFFFAOYSA-N,"MIT-MELANOMA,STANFORD"
Ku-60019,,,15953870,113,CC1CN(CC(O1)C)CC(=O)NC2=CC3=C(C=C2)SC4=C(C3)C=CC=C4C5=CC(=O)C=C(O5)N6CCOCC6,SCELLOWTHJGVIC-BGYRXZFFSA-N,STANFORD
KW-2449,,,11427553,1157,C1CN(CCN1)C(=O)C2=CC=C(C=C2)C=CC3=NNC4=CC=CC=C43,YYLKKYCXAOBSRM-JXMROGBWSA-N,STANFORD
KW-2478,,,23116322,1158,CCC1=C(C(=C(C=C1O)O)C(=O)C2=CC(=C(C=C2)OCCN3CCOCC3)OC)CC(=O)N(CCOC)CCOC,VFUXSYAXEKYYMB-UHFFFAOYSA-N,STANFORD
KY02111,,,8582409,1160,COC1=C(C=C(C=C1)CCC(=O)NC2=NC3=C(S2)C=C(C=C3)Cl)OC,LXFKEVQQSKQXPR-UHFFFAOYSA-N,STANFORD
Kytril,,,65264,1062,CN1C2CCCC1CC(C2)NC(=O)C3=NN(C4=CC=CC=C43)C.Cl,QYZRTBKYBJRGJB-UHFFFAOYSA-N,STANFORD
l-(+)-Rhamnose monohydrate,,,20849066,1171,CC(C(C(C(C=O)O)O)O)O.O,CBDCDOTZPYZPRO-DEZHIRTDSA-N,STANFORD
L-778123,,,216453,107,C1CN(C(=O)CN1CC2=CN=CN2CC3=CC=C(C=C3)C#N)C4=CC(=CC=C4)Cl.Cl,YNBSQYGTJLIPJS-UHFFFAOYSA-N,MERCK
L-779450,,,9950176,326,C1=CC=C(C=C1)C2=NC(=C(N2)C3=CC=NC=C3)C4=CC(=C(C=C4)Cl)O,WXJLXRNWMLWVFB-UHFFFAOYSA-N,MIT-MELANOMA
Lacidipine,C08CA09,DB09236,5311217,1193,CCOC(=O)C1=C(NC(=C(C1C2=CC=CC=C2C=CC(=O)OC(C)(C)C)C(=O)OCC)C)C,GKQPCPXONLDCMU-CCEZHUSRSA-N,STANFORD
Lafutidine,A02BA08,DB12770,5282136,1195,C1CCN(CC1)CC2=CC(=NC=C2)OCC=CCNC(=O)CS(=O)CC3=CC=CO3,KMZQAVXSMUKBPD-DJWKRKHSSA-N,STANFORD
Lamivudine,J05AF05,DB00709,60825,1196,C1C(OC(S1)CO)N2C=CC(=NC2=O)N,JTEGQNOMFQHVDC-NKWVEPMBSA-N,STANFORD
Lamotrigine,N03AX09,DB00555,3878,1197,C1=CC(=C(C(=C1)Cl)Cl)C2=C(N=C(N=N2)N)N,PYZRQGJRPPTADH-UHFFFAOYSA-N,STANFORD
Lansoprazole,A02BC03,DB00448,3883,1198,CC1=C(C=CN=C1CS(=O)C2=NC3=CC=CC=C3N2)OCC(F)(F)F,MJIHNNLFOKEZEW-UHFFFAOYSA-N,STANFORD
Lapatinib,L01XE07,DB01259,208908,52,CS(=O)(=O)CCNCC1=CC=C(O1)C2=CC3=C(C=C2)N=CN=C3NC4=CC(=C(C=C4)OCC5=CC(=CC=C5)F)Cl,BCFGMOOMADDAQU-UHFFFAOYSA-N,"MERCK,NCI-ALMANAC,YALE-TNBC,MIT-MELANOMA"
Lapatinib Ditosylate,,,9941095,1199,CC1=CC=C(C=C1)S(=O)(=O)O.CC1=CC=C(C=C1)S(=O)(=O)O.CS(=O)(=O)CCNCC1=CC=C(O1)C2=CC3=C(C=C2)N=CN=C3NC4=CC(=C(C=C4)OCC5=CC(=CC=C5)F)Cl,UWYXLGUQQFPJRI-UHFFFAOYSA-N,STANFORD
Laquinimod,N07XX10,DB06685,54677946,1201,CCN(C1=CC=CC=C1)C(=O)C2=C(C3=C(C=CC=C3Cl)N(C2=O)C)O,GKWPCEFFIHSJOE-UHFFFAOYSA-N,STANFORD
Lcl-161,,DB12085,24737642,2011,CC(C(=O)NC(C1CCCCC1)C(=O)N2CCCC2C3=NC(=CS3)C(=O)C4=CC=C(C=C4)F)NC,UFPFGVNKHCLJJO-SSKFGXFMSA-N,DECREASE
LDN-57444,,,16760696,1178,CC(=O)ON=C1C2=C(C=CC(=C2)Cl)N(C1=O)CC3=C(C=CC(=C3)Cl)Cl,OPQRFPHLZZPCCH-PGMHBOJBSA-N,STANFORD
Leflunomide,L04AA13,DB01097,3899,278,CC1=C(C=NO1)C(=O)NC2=CC=C(C=C2)C(F)(F)F,VHOGYURTWQBHIL-UHFFFAOYSA-N,"CLOUD,STANFORD"
Lenalidomide,L04AX04,DB00480,216326,54,C1CC(=O)NC(=O)C1N2CC3=C(C2=O)C=CC=C3N,GOTYRUGSSMKFNF-UHFFFAOYSA-N,"NCI-ALMANAC,MIT-MELANOMA,STANFORD"
Lenvatinib,L01XE29,DB09078,9823820,1202,COC1=CC2=NC=CC(=C2C=C1C(=O)N)OC3=CC(=C(C=C3)NC(=O)NC4CC4)Cl,WOSKHXYHFSIKNG-UHFFFAOYSA-N,STANFORD
Lestaurtinib,,,126565,327,CC12C(CC(O1)N3C4=CC=CC=C4C5=C6C(=C7C8=CC=CC=C8N2C7=C53)CNC6=O)(CO)O,UIARLYUEJFELEN-LROUJFHJSA-N,MIT-MELANOMA
Letrozole,L02BG04,DB01006,3902,55,C1=CC(=CC=C1C#N)C(C2=CC=C(C=C2)C#N)N3C=NC=N3,HPJKCIUCZWXJDR-UHFFFAOYSA-N,"STANFORD,NCI-ALMANAC"
Levetiracetam,N03AX14,DB01202,5284583,1203,CCC(C(=O)N)N1CCCC1=O,HPHUVLMMVZITSG-LURJTMIESA-N,STANFORD
Levobetaxolol hydrochloride,,,60656,1204,CC(C)NCC(COC1=CC=C(C=C1)CCOCC2CC2)O.Cl,CHDPSNLJFOQTRK-LMOVPXPDSA-N,STANFORD
Levocarnitine,A16AA01,DB00583,10917,1175,C[N+](C)(C)CC(CC(=O)[O-])O,PHIQHXFUZVPYII-ZCFIWIBFSA-N,STANFORD
Levodropropizine,,,65859,1205,C1CN(CCN1CC(CO)O)C2=CC=CC=C2,PTVWPYVOOKLBCG-ZDUSSCGKSA-N,STANFORD
Levofloxacin,J01MA12,DB01137,149096,1206,CC1COC2=C3N1C=C(C(=O)C3=CC(=C2N4CCN(CC4)C)F)C(=O)O,GSDSWSVVBLHKDQ-JTQLQIEISA-N,STANFORD
Levonorgestrel,G03AC03;G03AD01,DB00367,13109,1207,CCC12CCC3C(C1CCC2(C#C)O)CCC4=CC(=O)CCC34,WWYNJERNGUHSAO-XUDSTZEESA-N,STANFORD
Levosimendan,C01CX08,DB00922,3033825,1208,CC1CC(=O)NN=C1C2=CC=C(C=C2)NN=C(C#N)C#N,WHXMKTBCFHIYNQ-SECBINFHSA-N,STANFORD
Levosulpiride,,,688272,1209,CCN1CCCC1CNC(=O)C2=C(C=CC(=C2)S(=O)(=O)N)OC,BGRJTUBHPOOWDU-NSHDSACASA-N,STANFORD
Levothyroxine,H03AA01,DB00451,5819,1174,C1=C(C=C(C(=C1I)OC2=CC(=C(C(=C2)I)O)I)I)CC(C(=O)O)N,XUIIKFGFIJCVMT-LBPRGKRZSA-N,STANFORD
Lfm-a13,,,54676905,328,CC(=C(C#N)C(=O)NC1=C(C=CC(=C1)Br)Br)O,UVSVTDVJQAJIFG-VURMDHGXSA-N,MIT-MELANOMA
LGK-974,,,46926973,1179,CC1=CC(=CN=C1C2=CC(=NC=C2)C)CC(=O)NC3=NC=C(C=C3)C4=NC=CN=C4,XXYGTCZJJLTAGH-UHFFFAOYSA-N,STANFORD
Licofelone,,DB04725,133021,1210,CC1(CC2=C(C(=C(N2C1)CC(=O)O)C3=CC=C(C=C3)Cl)C4=CC=CC=C4)C,UAWXGRJVZSAUSZ-UHFFFAOYSA-N,STANFORD
Lidocaine,C01BB01;C05AD01;D04AB01;N01BB02;R02AD02;S01HA07;S02DA01,DB00281,3676,1211,CCN(CC)CC(=O)NC1=C(C=CC=C1C)C,NNJVILVZKWQKPM-UHFFFAOYSA-N,STANFORD
Limonin,,,179651,1212,CC1(C2CC(=O)C3(C(C24COC(=O)CC4O1)CCC5(C36C(O6)C(=O)OC5C7=COC=C7)C)C)C,KBDSLGBFQAGHBE-MSGMIQHVSA-N,STANFORD
Linagliptin,A10BH05,DB08882,10096344,1213,CC#CCN1C2=C(N=C1N3CCCC(C3)N)N(C(=O)N(C2=O)CC4=NC5=CC=CC=C5C(=N4)C)C,LTXREWYXXSTFRX-QGZVFWFLSA-N,STANFORD
Lincomycin hydrochloride,,,64710,1214,CCCC1CC(N(C1)C)C(=O)NC(C2C(C(C(C(O2)SC)O)O)O)C(C)O.Cl,POUMFISTNHIPTI-BOMBIWCESA-N,STANFORD
Linezolid,J01XX08,DB00601,441401,1215,CC(=O)NCC1CN(C(=O)O1)C2=CC(=C(C=C2)N3CCOCC3)F,TYZROVQLWOKYKF-ZDUSSCGKSA-N,STANFORD
Linifanib,,,11485656,1216,CC1=CC(=C(C=C1)F)NC(=O)NC2=CC=C(C=C2)C3=C4C(=CC=C3)NN=C4N,MPVGZUGXCQEXTM-UHFFFAOYSA-N,STANFORD
Linsitinib,,DB06075,11640390,111,CC1(CC(C1)C2=NC(=C3N2C=CN=C3N)C4=CC5=C(C=C4)C=CC(=N5)C6=CC=CC=C6)O,PKCDDUHJAFVJJB-UHFFFAOYSA-N,"DECREASE,STANFORD,MIT-MELANOMA"
Liothyronine sodium,H03AA02,,23666110,1217,C1=CC(=C(C=C1OC2=C(C=C(C=C2I)CC(C(=O)[O-])N)I)I)O.[Na+],SBXXSUDPJJJJLC-YDALLXLXSA-M,STANFORD
Lithium citrate,,,13520,1218,[Li+].[Li+].[Li+].C(C(=O)[O-])C(CC(=O)[O-])(C(=O)[O-])O,WJSIUCDMWSDDCE-UHFFFAOYSA-K,STANFORD
Lithocholic acid,,,9903,1219,CC(CCC(=O)O)C1CCC2C1(CCC3C2CCC4C3(CCC(C4)O)C)C,SMEROWZSTRWXGI-HVATVPOCSA-N,STANFORD
Livalo,,,5282451,1541,C1CC1C2=NC3=CC=CC=C3C(=C2C=CC(CC(CC(=O)[O-])O)O)C4=CC=C(C=C4)F.C1CC1C2=NC3=CC=CC=C3C(=C2C=CC(CC(CC(=O)[O-])O)O)C4=CC=C(C=C4)F.[Ca+2],RHGYHLPFVJEAOC-FFNUKLMVSA-L,STANFORD
Lomefloxacin hydrochloride,,,68624,1220,CCN1C=C(C(=O)C2=CC(=C(C(=C21)F)N3CCNC(C3)C)F)C(=O)O.Cl,KXEBLAPZMOQCKO-UHFFFAOYSA-N,STANFORD
Lomeguatrib,,,3025944,1221,C1=C(SC=C1Br)COC2=NC(=NC3=C2NC=N3)N,JUJPKFNFCWJBCX-UHFFFAOYSA-N,STANFORD
Lomerizine hydrochloride,,,122125,1222,COC1=C(C(=C(C=C1)CN2CCN(CC2)C(C3=CC=C(C=C3)F)C4=CC=C(C=C4)F)OC)OC.Cl.Cl,LOGVKVSFYBBUAJ-UHFFFAOYSA-N,STANFORD
Lomibuvir,,DB11954,24798764,1926,CC1CCC(CC1)C(=O)N(C2CCC(CC2)O)C3=C(SC(=C3)C#CC(C)(C)C)C(=O)O,WPMJNLCLKAKMLA-UHFFFAOYSA-N,STANFORD
Lomustine,L01AD02,DB01206,3950,56,C1CCC(CC1)NC(=O)N(CCCl)N=O,GQYIWUVLTXOXAJ-UHFFFAOYSA-N,"NCI-ALMANAC,STANFORD"
Lonafarnib,,,148195,1223,C1CN(CCC1CC(=O)N2CCC(CC2)C3C4=C(CCC5=C3N=CC(=C5)Br)C=C(C=C4Br)Cl)C(=O)N,DHMTURDWPRKSOA-RUZDIDTESA-N,STANFORD
Lonidamine,,,39562,1224,C1=CC=C2C(=C1)C(=NN2CC3=C(C=C(C=C3)Cl)Cl)C(=O)O,WDRYRZXSPDWGEB-UHFFFAOYSA-N,STANFORD
Loperamide hydrochloride,,,71420,1225,CN(C)C(=O)C(CCN1CCC(CC1)(C2=CC=C(C=C2)Cl)O)(C3=CC=CC=C3)C4=CC=CC=C4.Cl,PGYPOBZJRVSMDS-UHFFFAOYSA-N,STANFORD
Lopinavir,J05AR10,DB01601,92727,1226,CC1=C(C(=CC=C1)C)OCC(=O)NC(CC2=CC=CC=C2)C(CC(CC3=CC=CC=C3)NC(=O)C(C(C)C)N4CCCNC4=O)O,KJHKTHWMRKYKJE-SUGCFTRWSA-N,STANFORD
Loratadine,R06AX13,DB00455,3957,1227,CCOC(=O)N1CCC(=C2C3=C(CCC4=C2N=CC=C4)C=C(C=C3)Cl)CC1,JCCNYMKQOSZNPW-UHFFFAOYSA-N,STANFORD
Lorcaserin hydrochloride,,,11673085,1228,CC1CNCCC2=C1C=C(C=C2)Cl.Cl,ITIHHRMYZPNGRC-QRPNPIFTSA-N,STANFORD
Lornoxicam,M01AC05,DB06725,54690031,1229,CN1C(=C(C2=C(S1(=O)=O)C=C(S2)Cl)O)C(=O)NC3=CC=CC=N3,WLHQHAUOOXYABV-UHFFFAOYSA-N,STANFORD
Losartan potassium,B03XA01,,11751549,1230,CCCCC1=NC(=C(N1CC2=CC=C(C=C2)C3=CC=CC=C3C4=NN=N[N-]4)CO)Cl.[K+],OXCMYAYHXIHQOA-UHFFFAOYSA-N,STANFORD
Loteprednol etabonate,,,444025,1231,CCOC(=O)OC1(CCC2C1(CC(C3C2CCC4=CC(=O)C=CC34C)O)C)C(=O)OCCl,DMKSVUSAATWOCU-HROMYWEYSA-N,STANFORD
Lovastatin,C10AA02,DB00227,53232,1232,CCC(C)C(=O)OC1CC(C=C2C1C(C(C=C2)C)CCC3CC(CC(=O)O3)O)C,PCZOHLXUXFIOCF-BXMDZJJMSA-N,STANFORD
Loxapine succinate,,,71399,1233,CN1CCN(CC1)C2=NC3=CC=CC=C3OC4=C2C=C(C=C4)Cl.C(CC(=O)O)C(=O)O,YQZBAXDVDZTKEQ-UHFFFAOYSA-N,STANFORD
LSN415169,,,,329,,N,MIT-MELANOMA
Lubiprostone,A06AX03,DB01046,157920,1234,CCCCC(C1(CCC2C(O1)CC(=O)C2CCCCCCC(=O)O)O)(F)F,WGFOBBZOWHGYQH-MXHNKVEKSA-N,STANFORD
Luliconazole,D01AC18,DB08933,3003141,1235,C1C(SC(=C(C#N)N2C=CN=C2)S1)C3=C(C=C(C=C3)Cl)Cl,YTAOBBFIOAEMLL-REQDGWNSSA-N,STANFORD
Lumacaftor,,DB09280,16678941,1930,CC1=C(N=C(C=C1)NC(=O)C2(CC2)C3=CC4=C(C=C3)OC(O4)(F)F)C5=CC(=CC=C5)C(=O)O,UFSKUSARDNFIRC-UHFFFAOYSA-N,STANFORD
Luminespib,,,135539077,424,CCNC(=O)C1=NOC(=C1C2=CC=C(C=C2)CN3CCOCC3)C4=CC(=C(C=C4O)O)C(C)C,NDAZATDQFDPQBD-UHFFFAOYSA-N,STANFORD
Lumiracoxib,M01AH06,DB01283,151166,1236,CC1=CC(=C(C=C1)NC2=C(C=CC=C2Cl)F)CC(=O)O,KHPKQFYUPIUARC-UHFFFAOYSA-N,STANFORD
Luteolin,,,5280445,1237,C1=CC(=C(C=C1C2=CC(=O)C3=C(C=C(C=C3O2)O)O)O)O,IQPNAANSBPBGFQ-UHFFFAOYSA-N,STANFORD
LY-2109761,,,11655119,1180,C1CC2=C(C(=NN2C1)C3=CC=CC=N3)C4=C5C=CC(=CC5=NC=C4)OCCN6CCOCC6,IHLVSLOZUHKNMQ-UHFFFAOYSA-N,STANFORD
LY-2608204,,,46832368,1184,C1CCC(CC1)C2CC2(C3=CC=C(C=C3)S(=O)(=O)C4CC4)C(=O)NC5=NC=C(S5)SCCN6CCCC6,QIIVJLHCZUTGSD-CUBQBAPOSA-N,STANFORD
LY-2811376,,,44251605,1186,CC1(CCSC(=N1)N)C2=C(C=C(C(=C2)C3=CN=CN=C3)F)F,MJQMRGWYPNIERM-HNNXBMFYSA-N,STANFORD
LY-294002,,DB02656,3973,1189,C1COCCN1C2=CC(=O)C3=C(O2)C(=CC=C3)C4=CC=CC=C4,CZQHHVNHHHRRDU-UHFFFAOYSA-N,STANFORD
LY-3009120,,,71721540,2010,CC1=CC(=C(C=C1C2=C(N=C3C(=C2)C=NC(=N3)NC)C)NC(=O)NCCC(C)(C)C)F,HHCBMISMPSAZBF-UHFFFAOYSA-N,DECREASE
LY-364947,,,447966,1190,C1=CC=C2C(=C1)C(=CC=N2)C3=C(NN=C3)C4=CC=CC=N4,IBCXZJCWDGCXQT-UHFFFAOYSA-N,STANFORD
LY-404039,,,9834591,1191,C1C(C2C(C2S1(=O)=O)C(=O)O)(C(=O)O)N,AVDUGNCTZRCAHH-MDASVERJSA-N,STANFORD
LY-411575,,,10435235,1192,CC(C(=O)NC1C2=CC=CC=C2C3=CC=CC=C3N(C1=O)C)NC(=O)C(C4=CC(=CC(=C4)F)F)O,ULSSJYNJIZWPSB-CVRXJBIPSA-N,STANFORD
Macitentan,C02KX04,DB08932,16004692,1261,CCCNS(=O)(=O)NC1=C(C(=NC=N1)OCCOC2=NC=C(C=N2)Br)C3=CC=C(C=C3)Br,JGCMEBMXRHSZKX-UHFFFAOYSA-N,STANFORD
Magnolol,,,72300,1262,C=CCC1=CC(=C(C=C1)O)C2=C(C=CC(=C2)CC=C)O,VVOAZFWZEDHOOU-UHFFFAOYSA-N,STANFORD
Malonoben,,,5614,1903,CC(C)(C)C1=CC(=CC(=C1O)C(C)(C)C)C=C(C#N)C#N,MZOPWQKISXCCTP-UHFFFAOYSA-N,STANFORD
Malotilate,,,4006,1263,CC(C)OC(=O)C(=C1SC=CS1)C(=O)OC(C)C,YPIQVCUJEKAZCP-UHFFFAOYSA-N,STANFORD
Manidipine,C08CA11,DB09238,4008,1264,CC1=C(C(C(=C(N1)C)C(=O)OCCN2CCN(CC2)C(C3=CC=CC=C3)C4=CC=CC=C4)C5=CC(=CC=C5)[N+](=O)[O-])C(=O)OC,ANEBWFXPVPTEET-UHFFFAOYSA-N,STANFORD
Manidipine dihydrochloride,,,150762,1265,CC1=C(C(C(=C(N1)C)C(=O)OCCN2CCN(CC2)C(C3=CC=CC=C3)C4=CC=CC=C4)C5=CC(=CC=C5)[N+](=O)[O-])C(=O)OC.Cl.Cl,JINNGBXKBDUGQT-UHFFFAOYSA-N,STANFORD
Mannitol,,DB00742,6251,793,C(C(C(C(C(CO)O)O)O)O)O,FBPFZTCFMRRESA-KVTDHHQDSA-N,STANFORD
Maprotiline hydrochloride,,,71478,1266,CNCCCC12CCC(C3=CC=CC=C31)C4=CC=CC=C24.Cl,NZDMFGKECODQRY-UHFFFAOYSA-N,STANFORD
Maraviroc,,,3002977,1267,CC1=NN=C(N1C2CC3CCC(C2)N3CCC(C4=CC=CC=C4)NC(=O)C5CCC(CC5)(F)F)C(C)C,GSNHKUDZZFZSJB-HLMSNRGBSA-N,STANFORD
Marbofloxacin,,,60651,1268,CN1CCN(CC1)C2=C(C=C3C4=C2OCN(N4C=C(C3=O)C(=O)O)C)F,BPFYOAJNDMUVBL-UHFFFAOYSA-N,STANFORD
Masitinib,L01XE22,,10074640,1269,CC1=C(C=C(C=C1)NC(=O)C2=CC=C(C=C2)CN3CCN(CC3)C)NC4=NC(=CS4)C5=CN=CC=C5,WJEOLQLKVOPQFV-UHFFFAOYSA-N,STANFORD
Matrine,,,91466,365,C1CC2C3CCCN4C3C(CCC4)CN2C(=O)C1,ZSBXGIUJOOQZMP-JLNYLFASSA-N,STANFORD
Mdivi-1,,,3825829,1270,COC1=C(C=C(C(=C1)N2C(=O)C3=CC=CC=C3NC2=S)Cl)Cl,NZJKEVWTYMOYOR-UHFFFAOYSA-N,STANFORD
Mecarbinate,,,616236,1271,CCOC(=O)C1=C(N(C2=C1C=C(C=C2)O)C)C,YTBNTDMBGXAOCG-UHFFFAOYSA-N,STANFORD
Mechlorethamine,L01AA05,DB00888,4033,57,CN(CCCl)CCCl,HAWPXGHAZFHHAD-UHFFFAOYSA-N,NCI-ALMANAC
Meclizine hydrochloride,,,64713,1272,CC1=CC(=CC=C1)CN2CCN(CC2)C(C3=CC=CC=C3)C4=CC=C(C=C4)Cl.Cl.Cl,VCTHNOIYJIXQLV-UHFFFAOYSA-N,STANFORD
Meclofenamic acid,M01AG04;M02AA18,DB00939,4037,279,CC1=C(C(=C(C=C1)Cl)NC2=CC=CC=C2C(=O)O)Cl,SBDNJUWAMKYJOX-UHFFFAOYSA-N,CLOUD
Medetomidine hydrochloride,,,68601,1273,CC1=C(C(=CC=C1)C(C)C2=CN=CN2)C.Cl,VPNGEIHDPSLNMU-UHFFFAOYSA-N,STANFORD
Medroxyprogesterone acetate,,DB00603,6279,1274,CC1CC2C(CCC3(C2CCC3(C(=O)C)OC(=O)C)C)C4(C1=CC(=O)CC4)C,PSGAAPLEWMOORI-PEINSRQWSA-N,STANFORD
Mefenamic acid,M01AG01,DB00784,4044,1275,CC1=C(C(=CC=C1)NC2=CC=CC=C2C(=O)O)C,HYYBABOKPJLUIN-UHFFFAOYSA-N,STANFORD
Mefloquine,P01BC02,,40692,280,C1CCNC(C1)C(C2=CC(=NC3=C2C=CC=C3C(F)(F)F)C(F)(F)F)O,XEEQGYMUWCZPDN-DOMZBBRYSA-N,CLOUD
Megestrol Acetate,G03AA04;G03DB02;L02AB01;G03FA08;G03AC05;G03FB04;G03AB01,DB00351,11683,58,CC1=CC2C(CCC3(C2CCC3(C(=O)C)OC(=O)C)C)C4(C1=CC(=O)CC4)C,RQZAXGRLVPAYTJ-GQFGMJRRSA-N,"NCI-ALMANAC,STANFORD"
Meglumine,,,8567,1276,CNCC(C(C(C(CO)O)O)O)O,MBBZMMPHUWSWHV-BDVNFPICSA-N,STANFORD
MEK1/2 Inhibitor,,,9549284,1687,C1=CC=C(C(=C1)C(=C(N)SC2=CC=C(C=C2)N)C#N)C(F)(F)F,JLOXTZFYJNCPIS-FYWRMAATSA-N,STANFORD
Melatonin,N05CH01,DB01065,896,1277,CC(=O)NCCC1=CNC2=C1C=C(C=C2)OC,DRLFMBDRBRZALE-UHFFFAOYSA-N,STANFORD
Meloxicam,QM01AC06,DB00814,54677470,1278,CC1=CN=C(S1)NC(=O)C2=C(C3=CC=CC=C3S(=O)(=O)N2C)O,ZRVUJXDFFKFLMG-UHFFFAOYSA-N,STANFORD
Melphalan,L01AA03,DB01042,460612,59,C1=CC(=CC=C1CC(C(=O)O)N)N(CCCl)CCCl,SGDBTWWWUNNDEQ-LBPRGKRZSA-N,NCI-ALMANAC
Memantine hydrochloride,N06DX01,,181458,1279,CC12CC3CC(C1)(CC(C3)(C2)N)C.Cl,LDDHMLJTFXJGPI-UHFFFAOYSA-N,STANFORD
Menadione,B02BA02,DB00170,4055,1280,CC1=CC(=O)C2=CC=CC=C2C1=O,MJVAVZPDRWSRRC-UHFFFAOYSA-N,STANFORD
Mepacrine,P01AX05,DB01103,237,60,CCN(CC)CCCC(C)NC1=C2C=C(C=CC2=NC3=C1C=CC(=C3)Cl)OC,GPKJTRJOBQGKQK-UHFFFAOYSA-N,NCI-ALMANAC
Mepenzolate bromide,,,6461,1281,C[N+]1(CCCC(C1)OC(=O)C(C2=CC=CC=C2)(C3=CC=CC=C3)O)C.[Br-],JRRNZNSGDSFFIR-UHFFFAOYSA-M,STANFORD
Mepiroxol,,,71668,1282,C1=CC(=C[N+](=C1)[O-])CO,LQYJAVWWKTWWKN-UHFFFAOYSA-N,STANFORD
Mepivacaine hydrochloride,,,66070,1283,CC1=C(C(=CC=C1)C)NC(=O)C2CCCCN2C.Cl,RETIMRUQNCDCQB-UHFFFAOYSA-N,STANFORD
Meprednisone,,,5284587,1284,CC1CC2C3CCC4=CC(=O)C=CC4(C3C(=O)CC2(C1(C(=O)CO)O)C)C,PIDANAQULIKBQS-RNUIGHNZSA-N,STANFORD
Meptazinol hydrochloride,,,65483,1285,CCC1(CCCCN(C1)C)C2=CC(=CC=C2)O.Cl,MPJUSISYVXABBH-UHFFFAOYSA-N,STANFORD
Mercaptopurine,L01BB02,DB01033,667490,61,C1=NC2=C(N1)C(=S)N=CN2,GLVAUDGFNGKCSF-UHFFFAOYSA-N,"STANFORD,NCI-ALMANAC,CLOUD"
Meropenem,J01DH02,DB00760,441130,1287,CC1C2C(C(=O)N2C(=C1SC3CC(NC3)C(=O)N(C)C)C(=O)O)C(C)O,DMJNNHOOLUXYBV-PQTSNVLCSA-N,STANFORD
Mesalamine,A07EC02,DB00244,4075,1288,C1=CC(=C(C=C1N)C(=O)O)O,KBOPZPXVLCULAV-UHFFFAOYSA-N,STANFORD
Mesna,,,23662354,1289,C(CS(=O)(=O)[O-])S.[Na+],XOGTZOOQQBDUSI-UHFFFAOYSA-M,STANFORD
Mestranol,,DB01357,6291,1290,CC12CCC3C(C1CCC2(C#C)O)CCC4=C3C=CC(=C4)OC,IMSSROKUHAOUJS-MJCUULBUSA-N,STANFORD
Metformin,A10BA02;A10BD13;A10BD18;A10BD02;A10BD03;A10BD10;A10BD16;A10BD14;A10BD15;A10BD08;A10BD05;A10BD07;A10BD17;A10BD20;A10BD11,DB00331,4091,62,CN(C)C(=N)N=C(N)N,XZWYZXLIPXDOLR-UHFFFAOYSA-N,"MERCK,YALE-TNBC"
Methacycline hydrochloride,,,54685047,1291,CN(C)C1C2C(C3C(=C)C4=C(C(=CC=C4)O)C(=C3C(=O)C2(C(=C(C1=O)C(=O)N)O)O)O)O.Cl,VXPSARQTYDZXAO-CCHMMTNSSA-N,STANFORD
Methazolamide,S01EC05,DB00703,4100,1292,CC(=O)N=C1N(N=C(S1)S(=O)(=O)N)C,FLOSMHQXBMRNHR-UHFFFAOYSA-N,STANFORD
Methenamine,J01XX05,DB06799,4101,1293,C1N2CN3CN1CN(C2)C3,VKYKSIONXSXAKP-UHFFFAOYSA-N,STANFORD
Methimazole,H03BB02,DB00763,1349907,1294,CN1C=CNC1=S,PMRYVIKBURPHAH-UHFFFAOYSA-N,STANFORD
Methocarbamol,M03BA03,DB00423,4107,1295,COC1=CC=CC=C1OCC(COC(=O)N)O,GNXFOGHNGIVQEH-UHFFFAOYSA-N,STANFORD
Methotrexate,L01BA01;L04AX03,DB00563,126941,63,CN(CC1=CN=C2C(=N1)C(=NC(=N2)N)N)C3=CC=C(C=C3)C(=O)NC(CCC(=O)O)C(=O)O,FBOZXECLQNJBKD-ZDUSSCGKSA-N,"CLOUD,MERCK,NCI-ALMANAC,STANFORD"
Methoxsalen,D05AD02;D05BA02,DB00553,4114,64,COC1=C2C(=CC3=C1OC=C3)C=CC(=O)O2,QXKHYNVANLEOEG-UHFFFAOYSA-N,"STANFORD,NCI-ALMANAC"
Methscopolamine,A03BB03;S01FA03,DB11315,71183,1296,C[N+]1(C2CC(CC1C3C2O3)OC(=O)C(CO)C4=CC=CC=C4)C,LZCOQTDXKCNBEE-XJMZPCNVSA-N,STANFORD
Methyclothiazide,C03AA08,DB00232,4121,1297,CN1C(NC2=CC(=C(C=C2S1(=O)=O)S(=O)(=O)N)Cl)CCl,CESYKOGBSMNBPD-UHFFFAOYSA-N,STANFORD
Methyl-Hesperidin,,,4613731,1298,CC1C(C(C(C(O1)OCC2C(C(C(C(O2)OC3=CC(=C4C(=O)CC(OC4=C3)C5=CC(=C(C=C5)OC)OC)O)O)O)O)O)O)O,GUMSHIGGVOJLBP-UHFFFAOYSA-N,STANFORD
Methylhydantoin-5-(D),,,1615267,1299,CC1C(=O)NC(=O)N1,VMAQYKGITHDWKL-UWTATZPHSA-N,STANFORD
Methylprednisolone,D07AA01;D10AA02;H02AB04,DB00959,6741,1300,CC1CC2C3CCC(C3(CC(C2C4(C1=CC(=O)C=C4)C)O)C)(C(=O)CO)O,VHRSUDSXCMQTMA-PJHHCJLFSA-N,STANFORD
Methylthiouracil,H03BA01,,667493,1301,CC1=CC(=O)NC(=S)N1,HWGBHCRJGXAGEU-UHFFFAOYSA-N,STANFORD
Meticrane,,,4165,1302,CC1=CC2=C(C=C1S(=O)(=O)N)S(=O)(=O)CCC2,FNQQBFNIYODEMB-UHFFFAOYSA-N,STANFORD
Metolazone,,DB00524,4170,1303,CC1NC2=CC(=C(C=C2C(=O)N1C3=CC=CC=C3C)S(=O)(=O)N)Cl,AQCHWTWZEMGIFD-UHFFFAOYSA-N,STANFORD
Metoprolol tartrate,,,441308,1304,CC(C)NCC(COC1=CC=C(C=C1)CCOC)O.CC(C)NCC(COC1=CC=C(C=C1)CCOC)O.C(C(C(=O)O)O)(C(=O)O)O,YGULWPYYGQCFMP-CEAXSRTFSA-N,STANFORD
Metronidazole,A01AB17;D06BX01;G01AF01;J01XD01;P01AB01,DB00916,4173,1305,CC1=NC=C(N1CCO)[N+](=O)[O-],VAOCPAMSLUNLGC-UHFFFAOYSA-N,STANFORD
Mevastatin,,DB06693,64715,1306,CCC(C)C(=O)OC1CCC=C2C1C(C(C=C2)C)CCC3CC(CC(=O)O3)O,AJLFOPYRIVGYMJ-INTXDZFKSA-N,STANFORD
Mexiletine hydrochloride,,,21467,1307,CC1=C(C(=CC=C1)C)OCC(C)N.Cl,NFEIBWMZVIVJLQ-UHFFFAOYSA-N,STANFORD
Mezlocillin sodium,,,23685177,1308,CC1(C(N2C(S1)C(C2=O)NC(=O)C(C3=CC=CC=C3)NC(=O)N4CCN(C4=O)S(=O)(=O)C)C(=O)[O-])C.[Na+],GTGQRSIMEUWHPA-ZBJAFUORSA-M,STANFORD
MGCD-265 analog,,,24901704,1242,CN1C=C(N=C1)C2=CC3=NC=CC(=C3S2)OC4=C(C=C(C=C4)NC(=S)NC(=O)CC5=CC=CC=C5)F,UFICVEHDQUKCEA-UHFFFAOYSA-N,STANFORD
mGluR5 inhibitor,,,11646823,675,CC1=C(N=C(N1C2=CC=C(C=C2)OC(F)(F)F)C)C#CC3=CC(=NC=C3)Cl,GOHCTCOGYKAJLZ-UHFFFAOYSA-N,STANFORD
Mianserin hydrochloride,,,68551,1309,CN1CCN2C(C1)C3=CC=CC=C3CC4=CC=CC=C42.Cl,YNPFMWCWRVTGKJ-UHFFFAOYSA-N,STANFORD
Miconazole,,,4189,1310,C1=CC(=C(C=C1Cl)Cl)COC(CN2C=CN=C2)C3=C(C=C(C=C3)Cl)Cl,BYBLEWFAAKGYCD-UHFFFAOYSA-N,STANFORD
Miconazole nitrate,,,68553,1311,C1=CC(=C(C=C1Cl)Cl)COC(CN2C=CN=C2)C3=C(C=C(C=C3)Cl)Cl.[N+](=O)(O)[O-],MCCACAIVAXEFAL-UHFFFAOYSA-N,STANFORD
Midostaurin,,,9829523,330,CC12C(C(CC(O1)N3C4=CC=CC=C4C5=C6C(=C7C8=CC=CC=C8N2C7=C53)CNC6=O)N(C)C(=O)C9=CC=CC=C9)OC,BMGQWWVMWDBQGC-IIFHNQTCSA-N,MIT-MELANOMA
Mifepristone,,,55245,1312,CC#CC1(CCC2C1(CC(C3=C4CCC(=O)C=C4CCC23)C5=CC=C(C=C5)N(C)C)C)O,VKHAHZOOUSRJNA-GCNJZUOMSA-N,STANFORD
Miglitol,,,441314,1313,C1C(C(C(C(N1CCO)CO)O)O)O,IBAQFPQHRJAVAV-ULAWRXDQSA-N,STANFORD
Milciclib,,,16718576,1314,CC1(CC2=CN=C(N=C2C3=C1C(=NN3C)C(=O)NC)NC4=CC=C(C=C4)N5CCN(CC5)C)C,RXZMYLDMFYNEIM-UHFFFAOYSA-N,STANFORD
Milnacipran hydrochloride,,,163701,1315,CCN(CC)C(=O)C1(CC1CN)C2=CC=CC=C2.Cl,XNCDYJFPRPDERF-PBCQUBLHSA-N,STANFORD
Milrinone,C01CE02,DB00235,4197,1316,CC1=C(C=C(C(=O)N1)C#N)C2=CC=NC=C2,PZRHRDRVRGEVNW-UHFFFAOYSA-N,STANFORD
Mirabegron,G04BD12,DB08893,9865528,1317,C1=CC=C(C=C1)C(CNCCC2=CC=C(C=C2)NC(=O)CC3=CSC(=N3)N)O,PBAPPPCECJKMCM-IBGZPJMESA-N,STANFORD
Mirtazapine,N06AX11,DB00370,4205,1318,CN1CCN2C(C1)C3=CC=CC=C3CC4=C2N=CC=C4,RONZAEMNMFQXRA-UHFFFAOYSA-N,STANFORD
Mitomycin,L01DC03,DB00305,5746,65,CC1=C(C(=O)C2=C(C1=O)N3CC4C(C3(C2COC(=O)N)OC)N4)N,NWIBSHFKIJFRCO-WUDYKRTCSA-N,"MERCK,NCI-ALMANAC,YALE-TNBC"
Mitotane,L01XX23,DB00648,4211,66,C1=CC=C(C(=C1)C(C2=CC=C(C=C2)Cl)C(Cl)Cl)Cl,JWBOIMRXGHLCPP-UHFFFAOYSA-N,"NCI-ALMANAC,STANFORD,CLOUD"
Mitoxantrone,L01DB07,DB01204,4212,67,C1=CC(=C2C(=C1NCCNCCO)C(=O)C3=C(C=CC(=C3C2=O)O)O)NCCNCCO,KKZJGLLVHKMTCM-UHFFFAOYSA-N,NCI-ALMANAC
Mitoxantrone hydrochloride,,,51082,1319,C1=CC(=C2C(=C1NCCNCCO)C(=O)C3=C(C=CC(=C3C2=O)O)O)NCCNCCO.Cl.Cl,ZAHQPTJLOCWVPG-UHFFFAOYSA-N,STANFORD
Mizoribine,,DB12617,104762,1320,C1=NC(=C(N1C2C(C(C(O2)CO)O)O)O)C(=O)N,HZQDCMWJEBCWBR-UUOKFMHZSA-N,STANFORD
MK-0752,,DB12852,9803433,1243,C1CC(CCC1CCC(=O)O)(C2=C(C=CC(=C2)F)F)S(=O)(=O)C3=CC=C(C=C3)Cl,XCGJIFAKUZNNOR-UHFFFAOYSA-N,STANFORD
MK-2048,,,54698642,1244,CCN1CC(N2C3=C(C(=C2C1=O)O)C(=O)N(N=C3C(=O)NC)CC4=CC(=C(C=C4)F)Cl)C,JSRREMIKIHJGAA-JTQLQIEISA-N,STANFORD
MK-2206,,,24964624,68,C1CC(C1)(C2=CC=C(C=C2)C3=C(C=C4C(=N3)C=CN5C4=NNC5=O)C6=CC=CC=C6)N,ULDXWLCXEDXJGE-UHFFFAOYSA-N,"MERCK,YALE-PDAC,YALE-TNBC,MIT-MELANOMA"
MK-2206 dihydrochloride,,,46930998,1245,C1CC(C1)(C2=CC=C(C=C2)C3=C(C=C4C(=N3)C=CN5C4=NNC5=O)C6=CC=CC=C6)N.Cl.Cl,HWUHTJIKQZZBRA-UHFFFAOYSA-N,STANFORD
MK-2461,,,44137946,1246,CN1C=C(C=N1)C2=CC3=C(C=CC4=C(C3=O)C=C(C=C4)NS(=O)(=O)N(C)CC5COCCO5)N=C2,JGEBLDKNWBUGRZ-HXUWFJFHSA-N,STANFORD
MK-4541,,,59691338,74,CC12CCC3C(C1CCC2NC(=O)OCC(F)(F)F)CCC4C3(C=CC(=O)N4C)C,OGBFNZPDLOPGEO-OCWMMRLVSA-N,MERCK
MK-5108,,DB12556,24748204,53,C1CC(CCC1OC2=C(C(=CC=C2)Cl)F)(CC3=NC(=CC=C3)NC4=NC=CS4)C(=O)O,LCVIRAZGMYMNNT-UHFFFAOYSA-N,"MERCK,STANFORD"
MK-801,,,16219612,371,CC12C3=CC=CC=C3CC(N1)C4=CC=CC=C24.C(=CC(=O)O)C(=O)O,QLTXKCWMEZIHBJ-FWHYOZOBSA-N,STANFORD
MK-8245,,DB13024,24988881,1249,C1CN(CCC1OC2=C(C=CC(=C2)F)Br)C3=NOC(=C3)C4=NN(N=N4)CC(=O)O,UJEAABFSXKCSGI-UHFFFAOYSA-N,STANFORD
MK-8745,,,11676373,1250,C1CN(CCN1CC2=NC(=CC=C2)NC3=NC=CS3)C(=O)C4=C(C(=CC=C4)Cl)F,YCRFPWKUUNKNDN-UHFFFAOYSA-N,STANFORD
MK-8776,,DB11899,16224745,1,CN1C=C(C=N1)C2=C3N=C(C(=C(N3N=C2)N)Br)C4CCCNC4,GMIZZEXBPRLVIV-UHFFFAOYSA-N,MERCK
MK2a Inhibitor,,,11382492,166,C1=CC=C(C(=C1)C2=CC=C(C=C2)CCCC(=O)NC3=CC=C(C=C3)O)F,ODYAQBDIXCVKAE-UHFFFAOYSA-N,"YALE-PDAC,YALE-TNBC"
ML133 hydrochloride,,,44247466,1252,COC1=CC=C(C=C1)CNCC2=CC=CC3=CC=CC=C32.Cl,NGQIBUUFXDPHKT-UHFFFAOYSA-N,STANFORD
MLN-8054,,,11712649,1255,C1C2=CN=C(N=C2C3=C(C=C(C=C3)Cl)C(=N1)C4=C(C=CC=C4F)F)NC5=CC=C(C=C5)C(=O)O,HHFBDROWDBDFBR-UHFFFAOYSA-N,STANFORD
Mocetinostat,,DB11830,9865515,1321,C1=CC=C(C(=C1)N)NC(=O)C2=CC=C(C=C2)CNC3=NC=CC(=N3)C4=CN=CC=C4,HRNLUBSXIHFDHP-UHFFFAOYSA-N,STANFORD
Moclobemide,N06AG02,DB01171,4235,1322,C1COCCN1CCNC(=O)C2=CC=C(C=C2)Cl,YHXISWVBGDMDLQ-UHFFFAOYSA-N,STANFORD
Moexipril hydrochloride,,,54889,1323,CCOC(=O)C(CCC1=CC=CC=C1)NC(C)C(=O)N2CC3=CC(=C(C=C3CC2C(=O)O)OC)OC.Cl,JXRAXHBVZQZSIC-JKVLGAQCSA-N,STANFORD
Moguisteine,,,65935,1324,CCOC(=O)CC(=O)N1CCSC1COC2=CC=CC=C2OC,WSYVIAQNTFPTBI-UHFFFAOYSA-N,STANFORD
Molibresib,,,46943432,1093,CCNC(=O)CC1C2=NN=C(N2C3=C(C=C(C=C3)OC)C(=N1)C4=CC=C(C=C4)Cl)C,AAAQFGUYHFJNHI-SFHVURJKSA-N,STANFORD
Momelotinib,,DB11763,25062766,198,C1COCCN1C2=CC=C(C=C2)NC3=NC=CC(=N3)C4=CC=C(C=C4)C(=O)NCC#N,ZVHNDZWQTBEVRY-UHFFFAOYSA-N,"STANFORD,YALE-TNBC"
Mometasone furoate,,,441336,1325,CC1CC2C3CCC4=CC(=O)C=CC4(C3(C(CC2(C1(C(=O)CCl)OC(=O)C5=CC=CO5)C)O)Cl)C,WOFMFGQZHJDGCX-ZULDAHANSA-N,STANFORD
Monobenzone,,DB00600,7638,1326,C1=CC=C(C=C1)COC2=CC=C(C=C2)O,VYQNWZOUAUKGHI-UHFFFAOYSA-N,STANFORD
Montelukast sodium,,,23663996,1327,CC(C)(C1=CC=CC=C1CCC(C2=CC=CC(=C2)C=CC3=NC4=C(C=CC(=C4)Cl)C=C3)SCC5(CC5)CC(=O)[O-])O.[Na+],LBFBRXGCXUHRJY-HKHDRNBDSA-M,STANFORD
Morin hydrate,,,16219651,1328,C1=CC(=C(C=C1O)O)C2=C(C(=O)C3=C(C=C(C=C3O2)O)O)O.O,MYUBTSPIIFYCIU-UHFFFAOYSA-N,STANFORD
Moroxydine hydrochloride,,,76621,1329,C1COCCN1C(=N)N=C(N)N.Cl,FXYZDFSNBBOHTA-UHFFFAOYSA-N,STANFORD
Mosapride citrate,,,119583,1330,CCOC1=CC(=C(C=C1C(=O)NCC2CN(CCO2)CC3=CC=C(C=C3)F)Cl)N.C(C(=O)O)C(CC(=O)O)(C(=O)O)O,HUZTYZBFZKRPFG-UHFFFAOYSA-N,STANFORD
Motesanib diphosphate,,,16097729,1331,CC1(CNC2=C1C=CC(=C2)NC(=O)C3=C(N=CC=C3)NCC4=CC=NC=C4)C.OP(=O)(O)O.OP(=O)(O)O,ONDPWWDPQDCQNJ-UHFFFAOYSA-N,STANFORD
Moxalactam disodium,,,441242,1332,CN1C(=NN=N1)SCC2=C(N3C(C(C3=O)(NC(=O)C(C4=CC=C(C=C4)O)C(=O)[O-])OC)OC2)C(=O)[O-].[Na+].[Na+],GRIXGZQULWMCLU-HUTAOCTPSA-L,STANFORD
Moxifloxacin hydrochloride,,,101526,1333,COC1=C2C(=CC(=C1N3CC4CCCNC4C3)F)C(=O)C(=CN2C5CC5)C(=O)O.Cl,IDIIJJHBXUESQI-DFIJPDEKSA-N,STANFORD
Moxonidine,C02AC05,DB09242,4810,1334,CC1=NC(=C(C(=N1)Cl)NC2=NCCN2)OC,WPNJAUFVNXKLIM-UHFFFAOYSA-N,STANFORD
Mozavaptan,,,119369,1335,CC1=CC=CC=C1C(=O)NC2=CC=C(C=C2)C(=O)N3CCCC(C4=CC=CC=C43)N(C)C,WRNXUQJJCIZICJ-UHFFFAOYSA-N,STANFORD
MPEP,,,3025961,1259,CC1=NC(=CC=C1)C#CC2=CC=CC=C2,NEWKHUASLBMWRE-UHFFFAOYSA-N,STANFORD
MRK-003,,,15953832,73,C1CC2CC3=C(CC1C24CN(S(=O)(=O)N4)CC(F)(F)F)C=CC(=C3)C=CCN5CCC(CC5)C(F)(F)F,NKHUILHBYOOZDF-NCOIWELASA-N,MERCK
MRS-2578,,,16078986,1260,C1=CC(=CC(=C1)N=C=S)NC(=S)NCCCCNC(=S)NC2=CC(=CC=C2)N=C=S,QOHNRGHTJPFMSL-UHFFFAOYSA-N,STANFORD
MST-104,,,310360,1906,C1=CC(=CC=C1NC(=O)NC2=CC=C(C=C2)S(=O)(=O)N)F,YJQZNWPYLCNRLP-UHFFFAOYSA-N,STANFORD
Mubritinib,,DB12682,6444692,1336,C1=CC(=CC=C1CCCCN2C=CN=N2)OCC3=COC(=N3)C=CC4=CC=C(C=C4)C(F)(F)F,ZTFBIUXIQYRUNT-MDWZMJQESA-N,STANFORD
Mycophenolate mofetil,L04AA06,DB00688,5281078,1337,CC1=C2COC(=O)C2=C(C(=C1OC)CC=C(C)CCC(=O)OCCN3CCOCC3)O,RTGDFNSFWBGLEC-SYZQJQIISA-N,STANFORD
Mycophenolic acid,L04AA06,DB01024,446541,281,CC1=C2COC(=O)C2=C(C(=C1OC)CC=C(C)CCC(=O)O)O,HPNSFSBZBAHARI-RUDMXATFSA-N,"CLOUD,STANFORD"
Myricetin,,DB02375,5281672,1338,C1=C(C=C(C(=C1O)O)O)C2=C(C(=O)C3=C(C=C(C=C3O2)O)O)O,IKMDFBPHZNJCSN-UHFFFAOYSA-N,STANFORD
Myricitrin,,,5281673,1339,CC1C(C(C(C(O1)OC2=C(OC3=CC(=CC(=C3C2=O)O)O)C4=CC(=C(C(=C4)O)O)O)O)O)O,DCYOADKBABEMIQ-OWMUPTOHSA-N,STANFORD
"N,N'-Dibenzylquinazoline-2,4-diamine",,,676352,796,C1=CC=C(C=C1)CNC2=NC(=NC3=CC=CC=C32)NCC4=CC=CC=C4,QAIMUUJJAJBPCL-UHFFFAOYSA-N,STANFORD
N-Methyl-D-aspartic acid,,,22880,1342,CNC(CC(=O)O)C(=O)O,HOKKHZGPKSLGJE-GSVOUGTGSA-N,STANFORD
N6-methyladenosine,,,102175,1340,CNC1=C2C(=NC=N1)N(C=N2)C3C(C(C(O3)CO)O)O,VQAYFKKCNSOZKM-IOSLPCCCSA-N,STANFORD
Nabumetone,,,4409,1356,CC(=O)CCC1=CC2=C(C=C1)C=C(C=C2)OC,BLXXJMDCKKHMKV-UHFFFAOYSA-N,STANFORD
Nadifloxacin,,,4410,1357,CC1CCC2=C3N1C=C(C(=O)C3=CC(=C2N4CCC(CC4)O)F)C(=O)O,JYJTVFIEFKZWCJ-UHFFFAOYSA-N,STANFORD
Nafamostat mesylate,,,5311180,1358,CS(=O)(=O)O.CS(=O)(=O)O.C1=CC(=CC=C1C(=O)OC2=CC3=C(C=C2)C=C(C=C3)C(=N)N)N=C(N)N,SRXKIZXIRHMPFW-UHFFFAOYSA-N,STANFORD
Nafcillin sodium,,,23667630,1359,CCOC1=C(C2=CC=CC=C2C=C1)C(=O)NC3C4N(C3=O)C(C(S4)(C)C)C(=O)[O-].[Na+],AYAPZOUDXCDGIF-FRFVDRIFSA-M,STANFORD
Naftopidil,,DB12092,4418,1360,COC1=CC=CC=C1N2CCN(CC2)CC(COC3=CC=CC4=CC=CC=C43)O,HRRBJVNMSRJFHQ-UHFFFAOYSA-N,STANFORD
Naftopidil dihydrochloride,,,11957660,1361,COC1=CC=CC=C1N2CCN(CC2)CC(COC3=CC=CC4=CC=CC=C43)O.Cl.Cl,HZVCEQMJXMUXJF-UHFFFAOYSA-N,STANFORD
Nalfon,,,64746,964,CC(C1=CC(=CC=C1)OC2=CC=CC=C2)C(=O)[O-].CC(C1=CC(=CC=C1)OC2=CC=CC=C2)C(=O)[O-].[Ca+2],VHUXSAWXWSTUOD-UHFFFAOYSA-L,STANFORD
Nalidixic acid,,DB00779,4421,1362,CCN1C=C(C(=O)C2=C1N=C(C=C2)C)C(=O)O,MHWLWQUZZRMNGJ-UHFFFAOYSA-N,STANFORD
Naloxone hydrochloride,,,5464092,1363,C=CCN1CCC23C4C(=O)CCC2(C1CC5=C3C(=C(C=C5)O)O4)O.Cl,RGPDIGOSVORSAK-STHHAXOLSA-N,STANFORD
Naltrexone hydrochloride,,,5485201,1364,C1CC1CN2CCC34C5C(=O)CCC3(C2CC6=C4C(=C(C=C6)O)O5)O.Cl,RHBRMCOKKKZVRY-ITLPAZOVSA-N,STANFORD
Nanchangmycin,,,86278937,1365,CC1CC(C(OC1C2CC(C3(O2)C(C(CC(O3)C4(CCC5(O4)CC(C(C(O5)C(C)C=C(C)C(=O)C(C)CC(C)C(=O)[O-])C)O)C)OC6CCC(C(O6)C)OC)C)C)(CO)O)C.[Na+],XMAIRYYXDCNFKP-SEDNIUBGSA-M,STANFORD
Naphazoline hydrochloride,,,11079,1366,C1CN=C(N1)CC2=CC=CC3=CC=CC=C32.Cl,DJDFFEBSKJCGHC-UHFFFAOYSA-N,STANFORD
Naproxen,,DB00788,156391,1367,CC(C1=CC2=C(C=C1)C=C(C=C2)OC)C(=O)O,CMWTZPSULFXXJA-VIFPVBQESA-N,STANFORD
Naratriptan,,DB00952,4440,1368,CNS(=O)(=O)CCC1=CC2=C(C=C1)NC=C2C3CCN(CC3)C,AMKVXSZCKVJAGH-UHFFFAOYSA-N,STANFORD
Naringenin,,,932,1369,C1C(OC2=CC(=CC(=C2C1=O)O)O)C3=CC=C(C=C3)O,FTVWIRXFELQLPI-UHFFFAOYSA-N,STANFORD
Naringin,,,442428,1370,CC1C(C(C(C(O1)OC2C(C(C(OC2OC3=CC(=C4C(=O)CC(OC4=C3)C5=CC=C(C=C5)O)O)CO)O)O)O)O)O,DFPMSGMNTNDNHN-ZPHOTFPESA-N,STANFORD
Naringin dihydrochalcone,,,9894584,1371,CC1C(C(C(C(O1)OC2C(C(C(OC2OC3=CC(=C(C(=C3)O)C(=O)CCC4=CC=C(C=C4)O)O)CO)O)O)O)O)O,CWBZAESOUBENAP-QVNVHUMTSA-N,STANFORD
Natamycin,A01AB10;A07AA03;D01AA02;G01AA02;S01AA10,DB00826,5284447,1372,CC1CC=CC=CC=CC=CC(CC2C(C(CC(O2)(CC(CC3C(O3)C=CC(=O)O1)O)O)O)C(=O)O)OC4C(C(C(C(O4)C)O)N)O,NCXMLFZGDNKEPB-FFPOYIOWSA-N,STANFORD
Nateglinide,A10BX03,DB00731,5311309,1373,CC(C)C1CCC(CC1)C(=O)NC(CC2=CC=CC=C2)C(=O)O,OELFLUMRDSZNSF-OFLPRAFFSA-N,STANFORD
Nattokinase,,,49867936,1256,B1(OC(=O)CC(O1)(CC(=O)O)C(=O)O)C(CC(C)C)NC(=O)CNC(=O)C2=C(C=CC(=C2)Cl)Cl,YTXSYWAKVMZICI-PVCZSOGJSA-N,STANFORD
Navitoclax,,DB12340,24978538,128,CC1(CCC(=C(C1)CN2CCN(CC2)C3=CC=C(C=C3)C(=O)NS(=O)(=O)C4=CC(=C(C=C4)NC(CCN5CCOCC5)CSC6=CC=CC=C6)S(=O)(=O)C(F)(F)F)C7=CC=C(C=C7)Cl)C,JLYAXFNOILIKPP-KXQOOQHDSA-N,"DECREASE,STANFORD,YALE-TNBC,MIT-MELANOMA"
Nebivolol,C07AB12,DB04861,71301,1374,C1CC2=C(C=CC(=C2)F)OC1C(CNCC(C3CCC4=C(O3)C=CC(=C4)F)O)O,KOHIRBRYDXPAMZ-UHFFFAOYSA-N,STANFORD
Necrostatin-1,,,2828334,1375,CN1C(=O)C(NC1=S)CC2=CNC3=CC=CC=C32,TXUWMXQFNYDOEZ-UHFFFAOYSA-N,STANFORD
Nefiracetam,,DB13082,71157,1376,CC1=C(C(=CC=C1)C)NC(=O)CN2CCCC2=O,NGHTXZCKLWZPGK-UHFFFAOYSA-N,STANFORD
Neflamapimod,,DB07138,3038525,1928,C1=CC(=C(C(=C1)Cl)C2=C3C=CC(=NN3C=NC2=O)SC4=C(C=C(C=C4)F)F)Cl,VEPKQEUBKLEPRA-UHFFFAOYSA-N,STANFORD
Nefopam hydrochloride,,,155290,1377,CN1CCOC(C2=CC=CC=C2C1)C3=CC=CC=C3.Cl,CNNVSINJDJNHQK-UHFFFAOYSA-N,STANFORD
Nelarabine,L01BB07,DB01280,3011155,70,COC1=NC(=NC2=C1N=CN2C3C(C(C(O3)CO)O)O)N,IXOXBSCIXZEQEQ-UHTZMRCNSA-N,"NCI-ALMANAC,STANFORD"
Nelfinavir,J05AE04 ,DB00220,64143,218,CC1=C(C=CC=C1O)C(=O)NC(CSC2=CC=CC=C2)C(CN3CC4CCCCC4CC3C(=O)NC(C)(C)C)O,QAGYKUNXZHXKMR-HKWSIXNMSA-N,YALE-TNBC
Neohesperidin,,,442439,1378,CC1C(C(C(C(O1)OC2C(C(C(OC2OC3=CC(=C4C(=O)CC(OC4=C3)C5=CC(=C(C=C5)OC)O)O)CO)O)O)O)O)O,ARGKVCXINMKCAZ-UZRWAPQLSA-N,STANFORD
Nepafenac,,,151075,1379,C1=CC=C(C=C1)C(=O)C2=CC=CC(=C2N)CC(=O)N,QEFAQIPZVLVERP-UHFFFAOYSA-N,STANFORD
Neratinib,L01XE45,,9915743,1380,CCOC1=C(C=C2C(=C1)N=CC(=C2NC3=CC(=C(C=C3)OCC4=CC=CC=N4)Cl)C#N)NC(=O)C=CCN(C)C,JWNPDZNEKVCWMY-VQHVLOKHSA-N,STANFORD
Nevirapine,J05AG01,DB00238,4463,1381,CC1=C2C(=NC=C1)N(C3=C(C=CC=N3)C(=O)N2)C4CC4,NQDJXKOVJZTUJA-UHFFFAOYSA-N,STANFORD
NH125,,,,219,,N,YALE-TNBC
Nialamide,N06AF02,DB04820,4472,1382,C1=CC=C(C=C1)CNC(=O)CCNNC(=O)C2=CC=NC=C2,NOIIUHRQUVNIDD-UHFFFAOYSA-N,STANFORD
Nicaraven,,,71234,1383,CC(CNC(=O)C1=CN=CC=C1)NC(=O)C2=CN=CC=C2,KTXBOOWDLPUROC-UHFFFAOYSA-N,STANFORD
Nicardipine hydrochloride,,,41114,1384,CC1=C(C(C(=C(N1)C)C(=O)OCCN(C)CC2=CC=CC=C2)C3=CC(=CC=C3)[N+](=O)[O-])C(=O)OC.Cl,AIKVCUNQWYTVTO-UHFFFAOYSA-N,STANFORD
Niclosamide,P02DA01,DB06803,4477,282,C1=CC(=C(C=C1[N+](=O)[O-])Cl)NC(=O)C2=C(C=CC(=C2)Cl)O,RJMUSRYZPJIFPJ-UHFFFAOYSA-N,CLOUD
Nicorandil,C01DX16,DB09220,47528,1385,C1=CC(=CN=C1)C(=O)NCCO[N+](=O)[O-],LBHIOVVIQHSOQN-UHFFFAOYSA-N,STANFORD
Nicotinamide,A11HA01,DB02701,936,1386,C1=CC(=CN=C1)C(=O)N,DFPAKSUCGFBDDF-UHFFFAOYSA-N,STANFORD
Nicotine acid tartrate,,,10434468,1387,CN1CCCC1C2=CN=CC=C2.C(C(C(=O)O)O)(C(=O)O)O.C(C(C(=O)O)O)(C(=O)O)O,RFEJUZJILGIRHQ-UHFFFAOYSA-N,STANFORD
Nicotinic acid,,DB00627,938,1388,C1=CC(=CN=C1)C(=O)O,PVNIIMVLHYAWGP-UHFFFAOYSA-N,STANFORD
Nifedipine,,,4485,1389,CC1=C(C(C(=C(N1)C)C(=O)OC)C2=CC=CC=C2[N+](=O)[O-])C(=O)OC,HYIMSNHJOBLJNT-UHFFFAOYSA-N,STANFORD
Nifenazone,,,4487,1390,CC1=C(C(=O)N(N1C)C2=CC=CC=C2)NC(=O)C3=CN=CC=C3,BRZANEXCSZCZCI-UHFFFAOYSA-N,STANFORD
Niflumic acid,,DB04552,4488,1391,C1=CC(=CC(=C1)NC2=C(C=CC=N2)C(=O)O)C(F)(F)F,JZFPYUNJRRFVQU-UHFFFAOYSA-N,STANFORD
Nifuroxazide,,,5337997,1392,C1=CC(=CC=C1C(=O)NN=CC2=CC=C(O2)[N+](=O)[O-])O,YCWSUKQGVSGXJO-NTUHNPAUSA-N,STANFORD
Nilotinib,L01XE08,DB04868,644241,71,CC1=C(C=C(C=C1)C(=O)NC2=CC(=CC(=C2)C(F)(F)F)N3C=C(N=C3)C)NC4=NC=CC(=N4)C5=CN=CC=C5,HHZIURLSWUIHRB-UHFFFAOYSA-N,"MIT-MELANOMA,STANFORD,NCI-ALMANAC"
Nilstat,,,6433272,1407,CC1C=CC=CCCC=CC=CC=CC=CC(CC2C(C(CC(O2)(CC(C(CCC(CC(CC(CC(=O)OC(C(C1O)C)C)O)O)O)O)O)O)O)C(=O)O)OC3C(C(C(C(O3)C)O)N)O,VQOXZBDYSJBXMA-RKEBNKJGSA-N,STANFORD
Nilutamide,L02BB02,DB00665,4493,331,CC1(C(=O)N(C(=O)N1)C2=CC(=C(C=C2)[N+](=O)[O-])C(F)(F)F)C,XWXYUMMDTVBTOU-UHFFFAOYSA-N,MIT-MELANOMA
Nilvadipine,C08CA10,DB06712,4494,1393,CC1=C(C(C(=C(N1)C#N)C(=O)OC)C2=CC(=CC=C2)[N+](=O)[O-])C(=O)OC(C)C,FAIIFDPAEUKBEP-UHFFFAOYSA-N,STANFORD
Nimesulide,M01AX17;M02AA26,DB04743,4495,1394,CS(=O)(=O)NC1=C(C=C(C=C1)[N+](=O)[O-])OC2=CC=CC=C2,HYWYRSMBCFDLJT-UHFFFAOYSA-N,STANFORD
Nimodipine,,,4497,1395,CC1=C(C(C(=C(N1)C)C(=O)OC(C)C)C2=CC(=CC=C2)[N+](=O)[O-])C(=O)OCCOC,UIAGMCDKSXEBJQ-UHFFFAOYSA-N,STANFORD
Nintedanib,,,135423438,2012,CN1CCN(CC1)CC(=O)N(C)C2=CC=C(C=C2)N=C(C3=CC=CC=C3)C4=C(NC5=C4C=CC(=C5)C(=O)OC)O,CPMDPSXJELVGJG-UHFFFAOYSA-N,DECREASE
Niraparib,,DB11793,24958200,72,C1CC(CNC1)C2=CC=C(C=C2)N3C=C4C=CC=C(C4=N3)C(=O)N,PCHKPVIQAHNQLW-CQSZACIVSA-N,MERCK
Nisoldipine,C08CA07,DB00401,4499,283,CC1=C(C(C(=C(N1)C)C(=O)OCC(C)C)C2=CC=CC=C2[N+](=O)[O-])C(=O)OC,VKQFCGNPDRICFG-UHFFFAOYSA-N,"CLOUD,STANFORD"
Nitazoxanide,,,41684,1396,CC(=O)OC1=CC=CC=C1C(=O)NC2=NC=C(S2)[N+](=O)[O-],YQNQNVDNTFHQSW-UHFFFAOYSA-N,STANFORD
Nithiamide,,,8798,1397,CC(=O)NC1=NC=C(S1)[N+](=O)[O-],UJRRDDHEMZLWFI-UHFFFAOYSA-N,STANFORD
Nitisinone,A16AX04,DB00348,115355,284,C1CC(=O)C(C(=O)C1)C(=O)C2=C(C=C(C=C2)C(F)(F)F)[N+](=O)[O-],OUBCNLGXQFSTLU-UHFFFAOYSA-N,CLOUD
Nitrendipine,C08CA08,DB01054,4507,1398,CCOC(=O)C1=C(NC(=C(C1C2=CC(=CC=C2)[N+](=O)[O-])C(=O)OC)C)C,PVHUJELLJLJGLN-UHFFFAOYSA-N,STANFORD
Nitrofurazone,B05CA03;D08AF01;D09AA03;P01CC02;S01AX04;S02AA02,,5447130,1399,C1=C(OC(=C1)[N+](=O)[O-])C=NNC(=O)N,IAIWVQXQOWNYOU-FPYGCLRLSA-N,STANFORD
Nizatidine,A02BA04,DB00585,3033637,1400,CNC(=C[N+](=O)[O-])NCCSCC1=CSC(=N1)CN(C)C,SGXXNSQHWDMGGP-IZZDOVSWSA-N,STANFORD
NLG919,,,66558287,1341,C1CCC(CC1)C(CC2C3=CC=CC=C3C4=CN=CN24)O,YTRRAUACYORZLX-UHFFFAOYSA-N,STANFORD
Nms-873,,,71521142,1343,CC1=C(C=CC(=C1)OCC2=NN=C(N2C3=CN=CC=C3)SC4CCCC4)C5=CC=C(C=C5)S(=O)(=O)C,UJGTUKMAJVCBIS-UHFFFAOYSA-N,STANFORD
Nobiletin,,,72344,1401,COC1=C(C=C(C=C1)C2=CC(=O)C3=C(O2)C(=C(C(=C3OC)OC)OC)OC)OC,MRIAQLRQZPPODS-UHFFFAOYSA-N,STANFORD
Nocodazole,,,4122,1402,COC(=O)NC1=NC2=C(N1)C=C(C=C2)C(=O)C3=CC=CS3,KYRVNWMVYQXFEU-UHFFFAOYSA-N,STANFORD
Nodinitib-1,,,1088438,216,CC1=CC=C(C=C1)S(=O)(=O)N2C3=CC=CC=C3N=C2N,SRFABRWQVPCPRG-UHFFFAOYSA-N,"YALE-TNBC,STANFORD"
Norepinephrine bitartrate,,,3047796,1403,C1=CC(=C(C=C1C(CN)O)O)O.C(C(C(=O)O)O)(C(=O)O)O.O,LNBCGLZYLJMGKP-LUDZCAPTSA-N,STANFORD
Norethindrone,G03AC01;G03DC02,DB00717,6230,1404,CC12CCC3C(C1CCC2(C#C)O)CCC4=CC(=O)CCC34,VIKNJXKGJWUCNN-XGXHKTLJSA-N,STANFORD
Noscapine hydrochloride,,,9933439,1405,CN1CCC2=CC3=C(C(=C2C1C4C5=C(C(=C(C=C5)OC)OC)C(=O)O4)OC)OCO3.Cl,MFLVZFXCSKVCSH-URBRKQAFSA-N,STANFORD
Novobiocin sodium,,,23663939,1406,CC1=C(C=CC2=C1OC(=O)C(=C2[O-])NC(=O)C3=CC(=C(C=C3)O)CC=C(C)C)OC4C(C(C(C(O4)(C)C)OC)OC(=O)N)O.[Na+],WWPRGAYLRGSOSU-RNROJPEYSA-M,STANFORD
Nps-2143,,,6918446,1344,CC(C)(CC1=CC2=CC=CC=C2C=C1)NCC(COC3=C(C(=CC=C3)Cl)C#N)O,PZUJQWHTIRWCID-HXUWFJFHSA-N,STANFORD
NSC-319726,,,5921672,1346,CC(=NNC(=S)N1CCC1)C2=CC=CC=N2,XDHBUMNIQRLHGO-LCYFTJDESA-N,STANFORD
NSC-405020,,,346721,1347,CCCC(C)NC(=O)C1=CC(=C(C=C1)Cl)Cl,ARDYECYBETXQFD-UHFFFAOYSA-N,STANFORD
NU-6027,,,398148,1348,C1CCC(CC1)COC2=NC(=NC(=C2N=O)N)N,DGWXOLHKVGDQLN-UHFFFAOYSA-N,STANFORD
NU-7026,,,9860529,1349,C1COCCN1C2=CC(=O)C3=C(O2)C4=CC=CC=C4C=C3,KKTZALUTXUZPSN-UHFFFAOYSA-N,STANFORD
NU-7441,,,11327430,124,C1COCCN1C2=CC(=O)C3=C(O2)C(=CC=C3)C4=CC=CC5=C4SC6=CC=CC=C56,JAMULYFATHSZJM-UHFFFAOYSA-N,STANFORD
Nutlin-3,,,216345,220,CC(C)OC1=C(C=CC(=C1)OC)C2=NC(C(N2C(=O)N3CCNC(=O)C3)C4=CC=C(C=C4)Cl)C5=CC=C(C=C5)Cl,BDUHCSBCVGXTJM-UHFFFAOYSA-N,"MIT-MELANOMA,STANFORD,YALE-TNBC"
NVP-231,,,,221,,N,YALE-TNBC
Nvp-aew541,,,11476171,1351,C1CN(C1)CC2CC(C2)N3C=C(C4=C(N=CN=C43)N)C5=CC(=CC=C5)OCC6=CC=CC=C6,AECDBHGVIIRMOI-UHFFFAOYSA-N,STANFORD
NVP-BHG712,,,16747388,1352,CC1=C(C=C(C=C1)C(=O)NC2=CC=CC(=C2)C(F)(F)F)NC3=C4C=NN(C4=NC(=N3)C5=CN=CC=C5)C,ZCCPLJOKGAACRT-UHFFFAOYSA-N,STANFORD
NVP-BSK805 2HCl,,,57339395,1353,C1CNCCC1N2C=C(C=N2)C3=NC4=C(C=CC=C4N=C3)C5=CC(=C(C(=C5)F)CN6CCOCC6)F.Cl.Cl,NUOCAPALWRHKCU-UHFFFAOYSA-N,STANFORD
NVP-BVU972,,,44206063,1354,CN1C=C(C=N1)C2=NN3C(=NC=C3CC4=CC5=C(C=C4)N=CC=C5)C=C2,RNCNPRCUHHDYPC-UHFFFAOYSA-N,STANFORD
Nvp-tae 684,,,16038120,223,CC(C)S(=O)(=O)C1=CC=CC=C1NC2=NC(=NC=C2Cl)NC3=C(C=C(C=C3)N4CCC(CC4)N5CCN(CC5)C)OC,QQWUGDVOUVUTOY-UHFFFAOYSA-N,"YALE-TNBC,MIT-MELANOMA,STANFORD"
NVP-TAE226,,,9934347,1782,CNC(=O)C1=CC=CC=C1NC2=NC(=NC=C2Cl)NC3=C(C=C(C=C3)N4CCOCC4)OC,UYJNQQDJUOUFQJ-UHFFFAOYSA-N,STANFORD
OAC1,,,789882,1408,C1=CC=C(C=C1)C(=O)NC2=NC=C3C(=C2)C=CN3,HWJRIFZDXJKJJN-UHFFFAOYSA-N,STANFORD
Obatoclax mesylate,,,16681698,224,CC1=CC(=C(N1)C=C2C(=CC(=C3C=C4C=CC=CC4=N3)N2)OC)C.CS(=O)(=O)O,ZVAGBRFUYHSUHA-LZOXOEDVSA-N,"STANFORD,YALE-TNBC"
OC000459,,DB11900,11462174,1409,CC1=C(C2=C(N1CC(=O)O)C=CC(=C2)F)CC3=NC4=CC=CC=C4C=C3,FATGTHLOZSXOBC-UHFFFAOYSA-N,STANFORD
Octopamine hydrochloride,,,102484,367,C1=CC(=CC=C1C(CN)O)O.Cl,PUMZXCBVHLCWQG-UHFFFAOYSA-N,STANFORD
Odanacatib,,,10152654,1414,CC(C)(CC(C(=O)NC1(CC1)C#N)NC(C2=CC=C(C=C2)C3=CC=C(C=C3)S(=O)(=O)C)C(F)(F)F)F,FWIVDMJALNEADT-SFTDATJTSA-N,STANFORD
Olanzapine,,,135398745,1415,CC1=CC2=C(S1)NC3=CC=CC=C3N=C2N4CCN(CC4)C,KVWDHTXUZHCGIO-UHFFFAOYSA-N,STANFORD
Olaparib,L01XX46,DB09074,23725625,123,C1CC1C(=O)N2CCN(CC2)C(=O)C3=C(C=CC(=C3)CC4=NNC(=O)C5=CC=CC=C54)F,FDLYAMZZIXQODN-UHFFFAOYSA-N,"DECREASE,STANFORD"
Oleanolic acid,,,10494,1416,CC1(CCC2(CCC3(C(=CCC4C3(CCC5C4(CCC(C5(C)C)O)C)C)C2C1)C)C(=O)O)C,MIJYXULNPSFWEK-GTOFXWBISA-N,STANFORD
Oligomycin A,,,5281899,1417,CCC1CCC2C(C(C(C3(O2)CCC(C(O3)CC(C)O)C)C)OC(=O)C=CC(C(C(C(=O)C(C(C(C(=O)C(C(C(CC=CC=C1)C)O)(C)O)C)O)C)C)O)C)C,MNULEGDCPYONBU-WMBHJXFZSA-N,STANFORD
Oligomycins,,,78358496,178,CCC1CCC2C(C(C(C3(O2)CCC(C(O3)CC(C)O)C)C)OC(=O)C=CC(C(C(C(=O)C(C(C(C(=O)C(C(C(CC=CC=C1)C)O)(C)O)C)O)C)C)O)C)C,MNULEGDCPYONBU-DJRUDOHVSA-N,"YALE-TNBC,YALE-PDAC"
Olmesartan medoxomil,,,130881,1418,CCCC1=NC(=C(N1CC2=CC=C(C=C2)C3=CC=CC=C3C4=NNN=N4)C(=O)OCC5=C(OC(=O)O5)C)C(C)(C)O,UQGKUQLKSCSZGY-UHFFFAOYSA-N,STANFORD
Olopatadine hydrochloride,,,5282402,1419,CN(C)CCC=C1C2=CC=CC=C2COC3=C1C=C(C=C3)CC(=O)O.Cl,HVRLZEKDTUEKQH-NOILCQHBSA-N,STANFORD
Olsalazine sodium,,,135413505,1420,C1=CC(=C(C=C1N=NC2=CC(=C(C=C2)[O-])C(=O)O)C(=O)O)[O-].[Na+].[Na+],ZJEFYLVGGFISGT-UHFFFAOYSA-L,STANFORD
Omecamtiv mecarbil,,DB11816,11689883,1421,CC1=NC=C(C=C1)NC(=O)NC2=CC=CC(=C2F)CN3CCN(CC3)C(=O)OC,RFUBTTPMWSKEIW-UHFFFAOYSA-N,STANFORD
Omeprazole,A02BC01;A02BC05,DB00338,4594,1422,CC1=CN=C(C(=C1OC)C)CS(=O)C2=NC3=C(N2)C=C(C=C3)OC,SUBDBMMJDZJVOS-UHFFFAOYSA-N,STANFORD
Omipalisib,,DB12703,25167777,1020,COC1=C(C=C(C=N1)C2=CC3=C(C=CN=C3C=C2)C4=CN=NC=C4)NS(=O)(=O)C5=C(C=C(C=C5)F)F,CGBJSGAELGCMKE-UHFFFAOYSA-N,STANFORD
Omnicef,,,6915944,706,C=CC1=C(N2C(C(C2=O)NC(=O)C(=NO)C3=CSC(=N3)N)SC1)C(=O)O,RTXOFQZKPXMALH-GHXIOONMSA-N,STANFORD
Onalespib,,,11955716,420,CC(C)C1=CC(=C(C=C1O)O)C(=O)N2CC3=C(C2)C=C(C=C3)CN4CCN(CC4)C,IFRGXKKQHBVPCQ-UHFFFAOYSA-N,STANFORD
ONC-201,,,73777259,1800,CC1=CC=CC=C1CN2C(=O)C3=C(CCN(C3)CC4=CC=CC=C4)N5C2=NCC5,VLULRUCCHYVXOH-UHFFFAOYSA-N,STANFORD
Ondansetron hydrochloride,,,68647,1423,CC1=NC=CN1CC2CCC3=C(C2=O)C4=CC=CC=C4N3C.Cl,MKBLHFILKIKSQM-UHFFFAOYSA-N,STANFORD
Onx-0914,,,23642227,1410,CC(C(=O)NC(CC1=CC=C(C=C1)OC)C(=O)NC(CC2=CC=CC=C2)C(=O)C3(CO3)C)NC(=O)CN4CCOCC4,WQAVPPWWLLVGFK-VTNASVEKSA-N,STANFORD
Oprozomib,,DB11991,25067547,1424,CC1=NC=C(S1)C(=O)NC(COC)C(=O)NC(COC)C(=O)NC(CC2=CC=CC=C2)C(=O)C3(CO3)C,SWZXEVABPLUDIO-WSZYKNRRSA-N,STANFORD
Org27569,,,44828492,1425,CCC1=C(NC2=C1C=C(C=C2)Cl)C(=O)NCCC3=CC=C(C=C3)N4CCCCC4,AHFZDNYNXFMRFQ-UHFFFAOYSA-N,STANFORD
Oridonin,,,5321010,1426,CC1(CCC(C23C1C(C(C45C2CCC(C4O)C(=C)C5=O)(OC3)O)O)O)C,SDHTXBWLVGWJFT-XKCURVIJSA-N,STANFORD
Orlistat,A08AB01 ,DB01083,3034010,225,CCCCCCCCCCCC(CC1C(C(=O)O1)CCCCCC)OC(=O)C(CC(C)C)NC=O,AHLBNYSZXLDEJQ-FWEHEUNISA-N,"YALE-TNBC,STANFORD"
Ornidazole,G01AF06;J01XD03;P01AB03,DB13026,28061,1427,CC1=NC=C(N1CC(CCl)O)[N+](=O)[O-],IPWKIXLWTCNBKN-UHFFFAOYSA-N,STANFORD
Orotic acid,,,967,1428,C1=C(NC(=O)NC1=O)C(=O)O,PXQPEWDEAKTCGB-UHFFFAOYSA-N,STANFORD
Orphenadrine citrate,,,83823,1429,CC1=CC=CC=C1C(C2=CC=CC=C2)OCCN(C)C.C(C(=O)O)C(CC(=O)O)(C(=O)O)O,MMMNTDFSPSQXJP-UHFFFAOYSA-N,STANFORD
Oseltamivir phosphate,,,78000,1430,CCC(CC)OC1C=C(CC(C1NC(=O)C)N)C(=O)OCC.OP(=O)(O)O,PGZUMBJQJWIWGJ-ONAKXNSWSA-N,STANFORD
Osi-027,,DB12387,135398516,1411,COC1=CC=CC2=C1NC(=C2)C3=C4C(=NC=NN4C(=N3)C5CCC(CC5)C(=O)O)N,JROFGZPOBKIAEW-UHFFFAOYSA-N,STANFORD
OSI-906,,,,226,,N,YALE-TNBC
Osi-930,,DB05913,9868037,1413,C1=CC=C2C(=C1)C(=CC=N2)CNC3=C(SC=C3)C(=O)NC4=CC=C(C=C4)OC(F)(F)F,FGTCROZDHDSNIO-UHFFFAOYSA-N,STANFORD
Osthole,,,10228,1431,CC(=CCC1=C(C=CC2=C1OC(=O)C=C2)OC)C,MBRLOUHOWLUMFF-UHFFFAOYSA-N,STANFORD
Otilonium Bromide,,,72092,1432,CCCCCCCCOC1=CC=CC=C1C(=O)NC2=CC=C(C=C2)C(=O)OCC[N+](C)(CC)CC.[Br-],VWZPIJGXYWHBOW-UHFFFAOYSA-N,STANFORD
Ouabain,C01AC01,DB01092,439501,1433,CC1C(C(C(C(O1)OC2CC(C3(C4C(CCC3(C2)O)C5(CCC(C5(CC4O)C)C6=CC(=O)OC6)O)CO)O)O)O)O,LPMXVESGRSUGHW-HBYQJFLCSA-N,STANFORD
Oxaliplatin,L01XA03,DB00526,6857599,75,C1CCC(C(C1)N)N.C(=O)(C(=O)O)O.[Pt+2],ZROHGHOFXNOHSO-BNTLRKBRSA-N,"MERCK,NCI-ALMANAC,YALE-TNBC,STANFORD"
Oxaprozin,M01AE12,DB00991,4614,1435,C1=CC=C(C=C1)C2=C(OC(=N2)CCC(=O)O)C3=CC=CC=C3,OFPXSFXSNFPTHF-UHFFFAOYSA-N,STANFORD
Oxcarbazepine,,,34312,1436,C1C2=CC=CC=C2N(C3=CC=CC=C3C1=O)C(=O)N,CTRLABGOLIVAIY-UHFFFAOYSA-N,STANFORD
Oxeladin citrate,,,9936727,1437,CCC(CC)(C1=CC=CC=C1)C(=O)OCCOCCN(CC)CC.C(C(=O)O)C(CC(=O)O)(C(=O)O)O,KVKJFNUGVOFNGU-UHFFFAOYSA-N,STANFORD
Oxethazaine,C05AD06,DB12532,4621,1438,CC(C)(CC1=CC=CC=C1)N(C)C(=O)CN(CCO)CC(=O)N(C)C(C)(C)CC2=CC=CC=C2,FTLDJPRFCGDUFH-UHFFFAOYSA-N,STANFORD
Oxfendazole,,,40854,1439,COC(=O)NC1=NC2=C(N1)C=C(C=C2)S(=O)C3=CC=CC=C3,BEZZFPOZAYTVHN-UHFFFAOYSA-N,STANFORD
Oxibendazole,,DB04910,4622,1440,CCCOC1=CC2=C(C=C1)N=C(N2)NC(=O)OC,RAOCRURYZCVHMG-UHFFFAOYSA-N,STANFORD
Oxybutynin chloride,,,91505,1442,CCN(CC)CC#CCOC(=O)C(C1CCCCC1)(C2=CC=CC=C2)O.Cl,SWIJYDAEGSIQPZ-UHFFFAOYSA-N,STANFORD
Oxymatrine,,,114850,1443,C1CC2C3CCC[N+]4(C3C(CCC4)CN2C(=O)C1)[O-],XVPBINOPNYFXID-LHDUFFHYSA-N,STANFORD
Oxymetazoline hydrochloride,,,66259,1444,CC1=CC(=C(C(=C1CC2=NCCN2)C)O)C(C)(C)C.Cl,BEEDODBODQVSIM-UHFFFAOYSA-N,STANFORD
Oxymetholone,,,5281034,1445,CC12CCC3C(C1CCC2(C)O)CCC4C3(CC(=CO)C(=O)C4)C,ICMWWNHDUZJFDW-DHODBPELSA-N,STANFORD
Oxyphenbutazone,M01AA03;M02AA04;S01BC02,DB03585,4641,285,CCCCC1C(=O)N(N(C1=O)C2=CC=C(C=C2)O)C3=CC=CC=C3,HFHZKZSRXITVMK-UHFFFAOYSA-N,CLOUD
Oxytetracycline,,,54675779,1446,CC1(C2C(C3C(C(=O)C(=C(C3(C(=O)C2=C(C4=C1C=CC=C4O)O)O)O)C(=O)N)N(C)C)O)O,OWFJMIVZYSDULZ-PXOLEDIWSA-N,STANFORD
Ozagrel,,DB12017,5282440,1447,C1=CC(=CC=C1CN2C=CN=C2)C=CC(=O)O,SHZKQBHERIJWAO-AATRIKPKSA-N,STANFORD
Ozagrel hydrochloride,,,6438130,1448,C1=CC(=CC=C1CN2C=CN=C2)C=CC(=O)O.Cl,CWKFWBJJNNPGAM-IPZCTEOASA-N,STANFORD
P005091,,,2819993,1451,CC(=O)C1=CC(=C(S1)SC2=C(C(=CC=C2)Cl)Cl)[N+](=O)[O-],LKZLGMAAKNEGCH-UHFFFAOYSA-N,STANFORD
P22077,,,46931953,1449,CC(=O)C1=CC(=C(S1)SC2=C(C=C(C=C2)F)F)[N+](=O)[O-],RMAMGGNACJHXHO-UHFFFAOYSA-N,STANFORD
Pac-1,,DB13048,135421197,1453,C=CCC1=C(C(=CC=C1)C=NNC(=O)CN2CCN(CC2)CC3=CC=CC=C3)O,YQNRVGJCPCNMKT-LFVJCYFKSA-N,STANFORD
Paclitaxel,L01CD01,DB01229,36314,76,CC1=C2C(C(=O)C3(C(CC4C(C3C(C(C2(C)C)(CC1OC(=O)C(C(C5=CC=CC=C5)NC(=O)C6=CC=CC=C6)O)O)OC(=O)C7=CC=CC=C7)(CO4)OC(=O)C)O)C)OC(=O)C,RCINICONZNJXQF-MZXODVADSA-N,"STANFORD,MERCK,NCI-ALMANAC,YALE-PDAC,YALE-TNBC"
Pacritinib,,DB11697,46216796,1495,C1CCN(C1)CCOC2=C3COCC=CCOCC4=CC(=CC=C4)C5=NC(=NC=C5)NC(=C3)C=C2,HWXVIOGONBBTBY-ONEGZZNKSA-N,STANFORD
Paeoniflorin,,,442534,1496,CC12CC3(C4CC1(C4(C(O2)O3)COC(=O)C5=CC=CC=C5)OC6C(C(C(C(O6)CO)O)O)O)O,YKRGDOXKVOZESV-WRJNSLSBSA-N,STANFORD
Paeonol,,,11092,1497,CC(=O)C1=C(C=C(C=C1)OC)O,UILPJVPSNHJFIK-UHFFFAOYSA-N,STANFORD
Palbociclib,L01XE33,DB09073,5330286,227,CC1=C(C(=O)N(C2=NC(=NC=C12)NC3=NC=C(C=C3)N4CCNCC4)C5CCCC5)C(=O)C,AHJRHEGDXFFMBM-UHFFFAOYSA-N,"YALE-TNBC,MIT-MELANOMA"
Palbociclib hydrochloride,,,11431660,1498,CC1=C(C(=O)N(C2=NC(=NC=C12)NC3=NC=C(C=C3)N4CCNCC4)C5CCCC5)C(=O)C.Cl,STEQOHNDWONVIF-UHFFFAOYSA-N,STANFORD
Palmatine chloride,,,73442,1499,COC1=C(C2=C[N+]3=C(C=C2C=C1)C4=CC(=C(C=C4CC3)OC)OC)OC.[Cl-],RLQYRXCUPVKSAW-UHFFFAOYSA-M,STANFORD
Palomid 529,,DB12812,11998575,1500,CC(C1=CC2=C(C=C1)C3=CC(=C(C=C3OC2=O)OCC4=CC=C(C=C4)OC)OC)O,YEAHTLOYHVWAKW-UHFFFAOYSA-N,STANFORD
Pancuronium bromide,,,27350,1501,CC(=O)OC1CC2CCC3C(C2(CC1[N+]4(CCCCC4)C)C)CCC5(C3CC(C5OC(=O)C)[N+]6(CCCCC6)C)C.[Br-].[Br-],NPIJXCQZLFKBMV-YTGGZNJNSA-L,STANFORD
Pantothenic acid,,,6613,794,CC(C)(CO)C(C(=O)NCCC(=O)O)O,GHOKWGTUZJEAQD-ZETCQYMHSA-N,STANFORD
Parmodulin 2,,,1048267,1253,CCCC(=O)NC1=CC(=CC=C1)NC(=O)C2=CC=CC=C2Br,DFOVLSMXPWPCFH-UHFFFAOYSA-N,STANFORD
Paroxetine hydrochloride,,,62878,1502,C1CNCC(C1C2=CC=C(C=C2)F)COC3=CC4=C(C=C3)OCO4.Cl,GELRVIPPMNMYGS-RVXRQPKJSA-N,STANFORD
Parthenolide,,,7251185,372,CC1=CCCC2(C(O2)C3C(CC1)C(=C)C(=O)O3)C,KTEXNACQROZXEV-PVLRGYAZSA-N,STANFORD
Pasiniazid,,,16367,1503,C1=CC(=C(C=C1N)O)C(=O)O.C1=CN=CC=C1C(=O)NN,RKPHTRVPGYGVQD-UHFFFAOYSA-N,STANFORD
Pazopanib,L01XE11,DB06589,10113978,286,CC1=C(C=C(C=C1)NC2=NC=CC(=N2)N(C)C3=CC4=NN(C(=C4C=C3)C)C)S(=O)(=O)N,CUIHSIWYWATEQL-UHFFFAOYSA-N,"MIT-MELANOMA,CLOUD,STANFORD"
Pazopanib hydrochloride,L01XE11,,11525740,1504,CC1=C(C=C(C=C1)NC2=NC=CC(=N2)N(C)C3=CC4=NN(C(=C4C=C3)C)C)S(=O)(=O)N.Cl,MQHIQUBXFFAOMK-UHFFFAOYSA-N,STANFORD
PCI-34051,,,24753719,1454,COC1=CC=C(C=C1)CN2C=CC3=C2C=C(C=C3)C(=O)NO,AJRGHIGYPXNABY-UHFFFAOYSA-N,STANFORD
PD-123319,,,5311345,1455,CC1=C(C=CC(=C1)CN2C=NC3=C2CC(N(C3)C(=O)C(C4=CC=CC=C4)C5=CC=CC=C5)C(=O)O)N(C)C,YSTVFDAKLDMYCR-NDEPHWFRSA-N,STANFORD
PD-168393,,,4708,1457,C=CC(=O)NC1=CC2=C(C=C1)N=CN=C2NC3=CC(=CC=C3)Br,HTUBKQUPEREOGA-UHFFFAOYSA-N,STANFORD
PD-184352,,DB12429,6918454,1458,C1CC1CONC(=O)C2=C(C(=C(C=C2)F)F)NC3=C(C=C(C=C3)I)Cl,GFMMXOIFOQCCGU-UHFFFAOYSA-N,STANFORD
PD-318088,,,10231331,1459,C1=CC(=C(C=C1I)F)NC2=C(C(=C(C=C2C(=O)NOCC(CO)O)Br)F)F,XXSSGBYXSKOLAM-UHFFFAOYSA-N,STANFORD
PD-325901,,DB07101,9826528,69,C1=CC(=C(C=C1I)F)NC2=C(C=CC(=C2F)F)C(=O)NOCC(CO)O,SUDAHWBOROXANE-SECBINFHSA-N,"MERCK,STANFORD"
PD128907 Hydrochloride,,,11957668,1456,CCCN1CCOC2C1COC3=C2C=C(C=C3)O.Cl,DCFXOTRONMKUJB-QMDUSEKHSA-N,STANFORD
PD173074,,,1401,228,CCN(CC)CCCCNC1=NC2=NC(=C(C=C2C=N1)C3=CC(=CC(=C3)OC)OC)NC(=O)NC(C)(C)C,DXCUKNQANPLTEJ-UHFFFAOYSA-N,"MIT-MELANOMA,STANFORD,YALE-TNBC"
PD98059,,,4713,1460,COC1=CC=CC(=C1N)C2=CC(=O)C3=CC=CC=C3O2,QFWCYNPOPKQOKV-UHFFFAOYSA-N,STANFORD
PDK1 inhibitor AR-12,,,10027278,334,C1=CC=C2C(=C1)C=CC3=C2C=CC(=C3)C4=CC(=NN4C5=CC=C(C=C5)NC(=O)CN)C(F)(F)F,YULUCECVQOCQFQ-UHFFFAOYSA-N,"STANFORD,MIT-MELANOMA"
Pefloxacin mesylate,,,119525,1505,CCN1C=C(C(=O)C2=CC(=C(C=C21)N3CCN(CC3)C)F)C(=O)O.CS(=O)(=O)O,HQQSBEDKMRHYME-UHFFFAOYSA-N,STANFORD
Pelitinib,,,6445562,1506,CCOC1=C(C=C2C(=C1)N=CC(=C2NC3=CC(=C(C=C3)F)Cl)C#N)NC(=O)C=CCN(C)C,WVUNYSQLFKLYNI-AATRIKPKSA-N,STANFORD
Pemetrexed,L01BA04,DB00642,446556,77,C1=CC(=CC=C1CCC2=CNC3=C2C(=O)N=C(N3)N)C(=O)NC(CCC(=O)O)C(=O)O,WBXPDJSOTKVWSJ-ZDUSSCGKSA-N,"NCI-ALMANAC,YALE-PDAC,YALE-TNBC"
Penciclovir,,,135398748,1507,C1=NC2=C(N1CCC(CO)CO)N=C(NC2=O)N,JNTOCHDNEULJHD-UHFFFAOYSA-N,STANFORD
Penfluridol,,,33630,1508,C1CN(CCC1(C2=CC(=C(C=C2)Cl)C(F)(F)F)O)CCCC(C3=CC=C(C=C3)F)C4=CC=C(C=C4)F,MDLAAYDRRZXJIF-UHFFFAOYSA-N,STANFORD
Penicillin G sodium,,,23668834,1509,CC1(C(N2C(S1)C(C2=O)NC(=O)CC3=CC=CC=C3)C(=O)[O-])C.[Na+],FCPVYOBCFFNJFS-LQDWTQKMSA-M,STANFORD
Pentamidine,,,4735,1510,C1=CC(=CC=C1C(=N)N)OCCCCCOC2=CC=C(C=C2)C(=N)N,XDRYMKDFEDOLFX-UHFFFAOYSA-N,STANFORD
Pentostatin,L01XX08,DB00552,439693,78,C1C(C(OC1N2C=NC3=C2NC=NCC3O)CO)O,FPVKHBSQESCIEP-JQCXWYLXSA-N,NCI-ALMANAC
Pepcid,,,5702160,957,C1=C(N=C(S1)N=C(N)N)CSCCC(=NS(=O)(=O)N)N,XUFQPHANEAPEMJ-UHFFFAOYSA-N,STANFORD
Pergolide mesylate,,,47812,1511,CCCN1CC(CC2C1CC3=CNC4=CC=CC2=C34)CSC.CS(=O)(=O)O,UWCVGPLTGZWHGS-ZORIOUSZSA-N,STANFORD
Perifosine,,,148177,335,CCCCCCCCCCCCCCCCCCOP(=O)([O-])OC1CC[N+](CC1)(C)C,SZFPYBIJACMNJV-UHFFFAOYSA-N,MIT-MELANOMA
Pevonedistat,,DB11759,16720766,176,C1CC2=CC=CC=C2C1NC3=C4C=CN(C4=NC=N3)C5CC(C(C5)O)COS(=O)(=O)N,MPUQHZXIXSTTDU-QXGSTGNESA-N,"YALE-TNBC,YALE-PDAC"
PF-00562271 free base,,,11713159,337,CN(C1=C(C=CC=N1)CNC2=NC(=NC=C2C(F)(F)F)NC3=CC4=C(C=C3)NC(=O)C4)S(=O)(=O)C,MZDKLVOWGIOKTN-UHFFFAOYSA-N,"MIT-MELANOMA,STANFORD"
PF-04217903,,,17754438,336,C1=CC2=C(C=CC(=C2)CN3C4=NC(=CN=C4N=N3)C5=CN(N=C5)CCO)N=C1,PDMUGYOXRHVNMO-UHFFFAOYSA-N,"STANFORD,MIT-MELANOMA"
PF-04691502,,DB11974,25033539,1462,CC1=C2C=C(C(=O)N(C2=NC(=N1)N)C3CCC(CC3)OCCO)C4=CN=C(C=C4)OC,XDLYKKIQACFMJG-UHFFFAOYSA-N,STANFORD
PF-04880594,,,53356806,1463,C1=CNC2=NC=C(C=C21)C3=NN(C=C3C4=NC(=NC=C4)NCCC#N)CC(F)F,HFYMVDKBZONUOJ-UHFFFAOYSA-N,STANFORD
PF-04929113,,DB06070,44195571,1464,CC1(CC2=C(C(=O)C1)C(=NN2C3=CC(=C(C=C3)C(=O)N)NC4CCC(CC4)OC(=O)CN)C(F)(F)F)C,AVDSOVJPJZVBTC-UHFFFAOYSA-N,STANFORD
PF-3644022,,DB07430,44631903,231,CC1CNC2=C(C(=O)N1)SC3=C2C4=C(C=C3)N=C(C=C4)C5=CN=C(C=C5)C,CMWRPDHVGMHLSZ-GFCCVEGCSA-N,YALE-TNBC
PF-3845,,,25154867,1466,C1CN(CCC1CC2=CC(=CC=C2)OC3=NC=C(C=C3)C(F)(F)F)C(=O)NC4=CN=CC=C4,NBOJHRYUGLRASX-UHFFFAOYSA-N,STANFORD
PF-429242,,,23661637,229,CCN(CC)CC1=CC=C(C=C1)C(=O)N(CCC2=CC=CC=C2OC)C3CCNC3,XKPJTOHUPQWSOJ-HSZRJFAPSA-N,YALE-TNBC
PF-431396,,,11598628,179,CN(C1=CC=CC=C1CNC2=NC(=NC=C2C(F)(F)F)NC3=CC4=C(C=C3)NC(=O)C4)S(=O)(=O)C,POJZIZBONPAWIV-UHFFFAOYSA-N,"YALE-TNBC,YALE-PDAC"
PF-4708671,,,51371303,1467,CCC1=CN=CN=C1N2CCN(CC2)CC3=NC4=C(N3)C=C(C=C4)C(F)(F)F,FBLPQCAQRNSVHB-UHFFFAOYSA-N,STANFORD
PF-477736,,DB12611,135565545,1468,CN1C=C(C=N1)C2=C3C=NNC(=O)C4=C3C(=CC(=C4)NC(=O)C(C5CCCCC5)N)N2,NDEXUOWTGYUVGA-LJQANCHMSA-N,STANFORD
PF-5274857,,,56956240,1470,CC1=CC(=C(N=C1)C2=CC(=NC=C2Cl)N3CCN(CC3)C(=O)CCS(=O)(=O)C)C,BBVNTTZIOTWDSV-UHFFFAOYSA-N,STANFORD
PF-562271 besylate,,,16118986,1461,CN(C1=C(C=CC=N1)CNC2=NC(=NC=C2C(F)(F)F)NC3=CC4=C(C=C3)NC(=O)C4)S(=O)(=O)C.C1=CC=C(C=C1)S(=O)(=O)O,LKLWTLXTOVZFAE-UHFFFAOYSA-N,STANFORD
PF-573228,,,11612883,230,CS(=O)(=O)C1=CC=CC(=C1)CNC2=NC(=NC=C2C(F)(F)F)NC3=CC4=C(C=C3)NC(=O)CC4,HESLKTSGTIBHJU-UHFFFAOYSA-N,"YALE-TNBC,STANFORD"
PFI-1,,,71271629,1472,CN1CC2=C(C=CC(=C2)NS(=O)(=O)C3=CC=CC=C3OC)NC1=O,TXZPMHLMPKIUGK-UHFFFAOYSA-N,STANFORD
PFT-alpha,,,9929138,1529,CC1=CC=C(C=C1)C(=O)CN2C3=C(CCCC3)SC2=N.Br,HAGVCKULCLQGRF-UHFFFAOYSA-N,STANFORD
PH-797804,,DB07941,22049997,1473,CC1=C(C=C(C=C1)C(=O)NC)N2C(=CC(=C(C2=O)Br)OCC3=C(C=C(C=C3)F)F)C,KCAJXIDMCNPGHZ-UHFFFAOYSA-N,STANFORD
Pha-665752,,,10461815,232,CC1=C(NC(=C1C(=O)N2CCCC2CN3CCCC3)C)C=C4C5=C(C=CC(=C5)S(=O)(=O)CC6=C(C=CC=C6Cl)Cl)NC4=O,OYONTEXKYJZFHA-SSHUPFPWSA-N,YALE-TNBC
PHA-680632,,,11249084,1474,CCC1=C(C(=CC=C1)CC)NC(=O)N2CC3=C(C2)NN=C3NC(=O)C4=CC=C(C=C4)N5CCN(CC5)C,OBWNXGOQPLDDPS-UHFFFAOYSA-N,STANFORD
PHA-767491,,,11715767,1475,C1CNC(=O)C2=C1NC(=C2)C3=CC=NC=C3,DKXHSOUZPMHNIZ-UHFFFAOYSA-N,STANFORD
Pha-793887,,DB12686,46191454,1476,CC(C)CC(=O)NC1=NNC2=C1CN(C2(C)C)C(=O)C3CCN(CC3)C,HUXYBQXJVXOMKX-UHFFFAOYSA-N,STANFORD
Phenazopyridine hydrochloride,,,8691,1512,C1=CC=C(C=C1)N=NC2=C(N=C(C=C2)N)N.Cl,QQBPIHBUCMDKFG-UHFFFAOYSA-N,STANFORD
Phenformin hydrochloride,,,13266,1513,C1=CC=C(C=C1)CCN=C(N)N=C(N)N.Cl,YSUCWSWKRIOILX-UHFFFAOYSA-N,STANFORD
Phenindione,,DB00498,4760,1514,C1=CC=C(C=C1)C2C(=O)C3=CC=CC=C3C2=O,NFBAXHOPROOJAW-UHFFFAOYSA-N,STANFORD
Pheniramine maleate,,,5282139,1515,CN(C)CCC(C1=CC=CC=C1)C2=CC=CC=N2.C(=CC(=O)O)C(=O)O,SSOXZAQUVINQSA-BTJKTKAUSA-N,STANFORD
Phenothiazine,,,7108,1516,C1=CC=C2C(=C1)NC3=CC=CC=C3S2,WJFKNYWRSNBZNX-UHFFFAOYSA-N,STANFORD
Phenoxybenzamine hydrochloride,,,5284441,1517,CC(COC1=CC=CC=C1)N(CCCl)CC2=CC=CC=C2.Cl,VBCPVIWPDJVHAN-UHFFFAOYSA-N,STANFORD
Phentolamine mesylate,,,91430,1518,CC1=CC=C(C=C1)N(CC2=NCCN2)C3=CC(=CC=C3)O.CS(=O)(=O)O,OGIYDFVHFQEFKQ-UHFFFAOYSA-N,STANFORD
Phenylbutazone,M01AA01;M02AA01,DB00812,4781,1519,CCCCC1C(=O)N(N(C1=O)C2=CC=CC=C2)C3=CC=CC=C3,VYMDGNCVAMGZFE-UHFFFAOYSA-N,STANFORD
Phenylephrine hydrochloride,,,5284443,1520,CNCC(C1=CC(=CC=C1)O)O.Cl,OCYSGIYOVXAGKQ-FVGYRXGTSA-N,STANFORD
Phenylmethylsulfonyl fluoride,,,4784,1484,C1=CC=C(C=C1)CS(=O)(=O)F,YBYRMVIVWMBXKQ-UHFFFAOYSA-N,STANFORD
Phenytoin,N03AB02,DB00252,1775,1521,C1=CC=C(C=C1)C2(C(=O)NC(=O)N2)C3=CC=CC=C3,CXOFVDLJLONNDW-UHFFFAOYSA-N,STANFORD
Phenytoin sodium,,,657302,1522,C1=CC=C(C=C1)C2(C(=O)[N-]C(=O)N2)C3=CC=CC=C3.[Na+],FJPYVLNWWICYDW-UHFFFAOYSA-M,STANFORD
Phloretin,,,4788,1523,C1=CC(=CC=C1CCC(=O)C2=C(C=C(C=C2O)O)O)O,VGEREEWJJVICBM-UHFFFAOYSA-N,STANFORD
Phlorizin,,,6072,1524,C1=CC(=CC=C1CCC(=O)C2=C(C=C(C=C2OC3C(C(C(C(O3)CO)O)O)O)O)O)O,IOUVKUPGCMBWBT-QNDFHXLGSA-N,STANFORD
PHT-427,,,44240850,1477,CCCCCCCCCCCCC1=CC=C(C=C1)S(=O)(=O)NC2=NN=CS2,BYWWNRBKPCPJMG-UHFFFAOYSA-N,STANFORD
Phthalylsulfacetamide,,,8574,1525,CC(=O)NS(=O)(=O)C1=CC=C(C=C1)NC(=O)C2=CC=CC=C2C(=O)O,SNWQKAWITMVCQW-UHFFFAOYSA-N,STANFORD
Physcion,,,10639,1624,CC1=CC2=C(C(=C1)O)C(=O)C3=C(C2=O)C=C(C=C3O)OC,FFWOKTFYGVYKIR-UHFFFAOYSA-N,STANFORD
PI-103,,,9884685,1478,C1COCCN1C2=NC(=NC3=C2OC4=C3C=CC=N4)C5=CC(=CC=C5)O,TUVCWJQQGGETHL-UHFFFAOYSA-N,STANFORD
PI3K inhibitor X,,,1893730,361,CC1=CC=C(C=C1)S(=O)(=O)NC2=NC3=CC=CC=C3N=C2NC4=CC5=NSN=C5C=C4,MQMKRQLTIWPEDM-UHFFFAOYSA-N,"MIT-MELANOMA,STANFORD"
Piceatannol,,,667639,1526,C1=CC(=C(C=C1C=CC2=CC(=CC(=C2)O)O)O)O,CDRPUGZCRXZLFL-OWOJBTEDSA-N,STANFORD
Pictilisib,,DB11663,17755052,140,CS(=O)(=O)N1CCN(CC1)CC2=CC3=C(S2)C(=NC(=N3)C4=C5C=NNC5=CC=C4)N6CCOCC6,LHNIIDJUOCFXAP-UHFFFAOYSA-N,"YALE-TNBC,STANFORD,YALE-PDAC,DECREASE"
Pidotimod,,DB11364,65944,1527,C1CC(=O)NC1C(=O)N2CSCC2C(=O)O,UUTKICFRNVKFRG-WDSKDSINSA-N,STANFORD
Pifithrin-mu,,,327653,1528,C1=CC=C(C=C1)C#CS(=O)(=O)N,ZZUZYEMRHCMVTB-UHFFFAOYSA-N,STANFORD
PIK-293,,,53245636,1479,CC1=C2C(=CC=C1)N=C(N(C2=O)C3=CC=CC=C3C)CN4C5=NC=NC(=C5C=N4)N,KQDBVHKNIYROHU-UHFFFAOYSA-N,STANFORD
PIK-294,,,24905149,1480,CC1=C2C(=CC=C1)N=C(N(C2=O)C3=CC=CC=C3C)CN4C5=NC=NC(=C5C(=N4)C6=CC(=CC=C6)O)N,WFSLJOPRIJSOJR-UHFFFAOYSA-N,STANFORD
PIK-75 Hydrochloride,,,45265864,1481,CC1=C(C=C(C=C1)[N+](=O)[O-])S(=O)(=O)N(C)N=CC2=CN=C3N2C=C(C=C3)Br.Cl,VOUDEIAYNKZQKM-MYHMWQFYSA-N,STANFORD
PIK-93,,,6852167,1482,CC1=C(SC(=N1)NC(=O)C)C2=CC(=C(C=C2)Cl)S(=O)(=O)NCCO,JFVNFXCESCXMBC-UHFFFAOYSA-N,STANFORD
Pilocarpine hydrochloride,,,5909,1530,CCC1C(COC1=O)CC2=CN=CN2C.Cl,RNAICSBVACLLGM-GNAZCLTHSA-N,STANFORD
Pimasertib,,,44187362,1531,C1=CC(=C(C=C1I)F)NC2=C(C=CN=C2)C(=O)NCC(CO)O,VIUAUNHCRHHYNE-JTQLQIEISA-N,STANFORD
Pimobendan,,,4823,1532,CC1CC(=O)NN=C1C2=CC3=C(C=C2)N=C(N3)C4=CC=C(C=C4)OC,GLBJJMFZWDBELO-UHFFFAOYSA-N,STANFORD
Pinometostat,,DB12920,57345410,893,CC(C)N(CC1C(C(C(O1)N2C=NC3=C(N=CN=C32)N)O)O)C4CC(C4)CCC5=NC6=C(N5)C=C(C=C6)C(C)(C)C,LXFOLMYKSYSZQS-XKHGBIBOSA-N,STANFORD
Pioglitazone,,,4829,339,CCC1=CN=C(C=C1)CCOC2=CC=C(C=C2)CC3C(=O)NC(=O)S3,HYAFETHFCAUJAY-UHFFFAOYSA-N,"STANFORD,MIT-MELANOMA"
Pioglitazone hydrochloride,,,60560,1533,CCC1=CN=C(C=C1)CCOC2=CC=C(C=C2)CC3C(=O)NC(=O)S3.Cl,GHUUBYQTCDQWRA-UHFFFAOYSA-N,STANFORD
Piperacillin sodium,,,23666879,1534,CCN1CCN(C(=O)C1=O)C(=O)NC(C2=CC=CC=C2)C(=O)NC3C4N(C3=O)C(C(S4)(C)C)C(=O)[O-].[Na+],WCMIIGXFCMNQDS-IDYPWDAWSA-M,STANFORD
Piperine,,DB12582,638024,1535,C1CCN(CC1)C(=O)C=CC=CC2=CC3=C(C=C2)OCO3,MXXWOMGUGJBKIW-YPCIICBESA-N,STANFORD
Piperlongumine,,,637858,180,COC1=CC(=CC(=C1OC)OC)C=CC(=O)N2CCC=CC2=O,VABYUUZNAVQNPG-BQYQJAHWSA-N,"YALE-PDAC,YALE-TNBC"
Pipobroman,L01AX02,DB00236,4842,79,C1CN(CCN1C(=O)CCBr)C(=O)CCBr,NJBFOOCLYDNZJN-UHFFFAOYSA-N,NCI-ALMANAC
Piracetam,N06BX03,DB09210,4843,1536,C1CC(=O)N(C1)CC(=O)N,GMZVRMREEHBGGF-UHFFFAOYSA-N,STANFORD
Pirarubicin,L01DB08,,636397,1537,CC1C(C(CC(O1)OC2CC(CC3=C2C(=C4C(=C3O)C(=O)C5=C(C4=O)C(=CC=C5)OC)O)(C(=O)CO)O)N)OC6CCCCO6,KMSKQZKKOZQFFG-HSUXVGOQSA-N,STANFORD
Pirfenidone,L04AX05,DB04951,40632,1538,CC1=CN(C(=O)C=C1)C2=CC=CC=C2,ISWRGOKTTBVCFA-UHFFFAOYSA-N,STANFORD
Pirinixic acid,,,5694,1964,CC1=C(C(=CC=C1)NC2=CC(=NC(=N2)SCC(=O)O)Cl)C,SZRPDCCEHVWOJX-UHFFFAOYSA-N,STANFORD
Piromidic acid,J01MB03,,4855,1539,CCN1C=C(C(=O)C2=CN=C(N=C21)N3CCCC3)C(=O)O,RCIMBBZXSXFZBV-UHFFFAOYSA-N,STANFORD
Piroxicam,M01AC01;M02AA07;S01BC06,DB00554,54676228,1540,CN1C(=C(C2=CC=CC=C2S1(=O)=O)O)C(=O)NC3=CC=CC=N3,QYSPLQLAKJAUJT-UHFFFAOYSA-N,STANFORD
Pizotifen malate,,,168993,1542,CN1CCC(=C2C3=C(CCC4=CC=CC=C42)SC=C3)CC1.C(C(C(=O)O)O)C(=O)O,IWAWCPZVTXCFKD-UHFFFAOYSA-N,STANFORD
PJ34,,,4858,1483,CN(C)CC(=O)NC1=CC2=C(C=C1)NC(=O)C3=CC=CC=C32,UYJZZVDLGDDTCL-UHFFFAOYSA-N,STANFORD
Plantomycin,,,19648,1753,CC1C(C(C(O1)OC2C(C(C(C(C2O)O)N=C(N)N)O)N=C(N)N)OC3C(C(C(C(O3)CO)O)O)NC)(C=O)O.CC1C(C(C(O1)OC2C(C(C(C(C2O)O)N=C(N)N)O)N=C(N)N)OC3C(C(C(C(O3)CO)O)O)NC)(C=O)O.OS(=O)(=O)O.OS(=O)(=O)O.OS(=O)(=O)O,QTENRWWVYAAPBI-YCRXJPFRSA-N,STANFORD
Plicamycin,L01DC02,DB06810,163659,80,CC1C(C(CC(O1)OC2CC(OC(C2O)C)OC3=CC4=CC5=C(C(=O)C(C(C5)C(C(=O)C(C(C)O)O)OC)OC6CC(C(C(O6)C)O)OC7CC(C(C(O7)C)O)OC8CC(C(C(O8)C)O)(C)O)C(=C4C(=C3C)O)O)O)O,CFCUWKMKBJTWLW-BKHRDMLASA-N,NCI-ALMANAC
PluriSln 1,,,225362,1543,C1=CC=C(C=C1)NNC(=O)C2=CC=NC=C2,HUDWXDLBWRHCKO-UHFFFAOYSA-N,STANFORD
PLX-4720,,,24180719,340,CCCS(=O)(=O)NC1=C(C(=C(C=C1)F)C(=O)C2=CNC3=C2C=C(C=N3)Cl)F,YZDJQTHVDDOVHR-UHFFFAOYSA-N,"MIT-MELANOMA,STANFORD"
PNU-120596,,,311434,1485,CC1=CC(=NO1)NC(=O)NC2=CC(=C(C=C2OC)OC)Cl,CEIIEALEIHQDBX-UHFFFAOYSA-N,STANFORD
PNU-74654,,,9836739,233,CC1=CC=C(O1)C=NNC(=O)C2=CC=CC=C2OC3=CC=CC=C3,JJEDWBQZCRESJL-DEDYPNTBSA-N,YALE-TNBC
Polydatin,,DB11263,5281718,1544,C1=CC(=CC=C1C=CC2=CC(=CC(=C2)OC3C(C(C(C(O3)CO)O)O)O)O)O,HSTZMXCBWJGKHG-CUYWLFDKSA-N,STANFORD
Pomalidomide,L04AX06,DB08910,134780,1545,C1CC(=O)NC(=O)C1N2C(=O)C3=C(C2=O)C(=CC=C3)N,UVSMNLNDYGZFPF-UHFFFAOYSA-N,STANFORD
Ponatinib,L01XE24,DB08901,24826799,1546,CC1=C(C=C(C=C1)C(=O)NC2=CC(=C(C=C2)CN3CCN(CC3)C)C(F)(F)F)C#CC4=CN=C5N4N=CC=C5,PHXJVRSECIGDHY-UHFFFAOYSA-N,"STANFORD,DECREASE"
Porcn Inhibitor III,,,71601111,1106,C1CSC2=C1N=C(N(C2=O)C3=CC=CC=C3)SCC(=O)NC4=NC=C(C=C4)C5=CC=CC=C5,QESQGTFWEQMCMH-UHFFFAOYSA-N,STANFORD
Posaconazole,J02AC04,DB01263,468595,1547,CCC(C(C)O)N1C(=O)N(C=N1)C2=CC=C(C=C2)N3CCN(CC3)C4=CC=C(C=C4)OCC5CC(OC5)(CN6C=NC=N6)C7=C(C=C(C=C7)F)F,RAGOYPUPXAKGKH-XAKZXMRKSA-N,STANFORD
Potassium canrenoate,,,23671691,1548,CC12CCC(=O)C=C1C=CC3C2CCC4(C3CCC4(CCC(=O)[O-])O)C.[K+],JTZQCHFUGHIPDF-RYVBEKKQSA-M,STANFORD
Potassium iodide,R05CA02;S01XA04;V03AB21,DB06715,4875,1549,[K+].[I-],NLKNQRATVPKPDG-UHFFFAOYSA-M,STANFORD
PP1,,,1400,1486,CC1=CC=C(C=C1)C2=NN(C3=NC=NC(=C23)N)C(C)(C)C,ZVPDNRVYHLRXLX-UHFFFAOYSA-N,STANFORD
PP121,,,24905142,1487,C1CCC(C1)N2C3=NC=NC(=C3C(=N2)C4=CN=C5C(=C4)C=CN5)N,NVRXTLZYXZNATH-UHFFFAOYSA-N,STANFORD
PP242,,,135565635,1489,CC(C)N1C2=NC=NC(=C2C(=N1)C3=CC4=C(N3)C=CC(=C4)O)N,MFAQYJIYDMLAIM-UHFFFAOYSA-N,STANFORD
PQ401,,,9549305,1490,CC1=NC2=CC=CC=C2C(=C1)NC(=O)NC3=C(C=CC(=C3)Cl)OC,YBLWOZUPHDKFOT-UHFFFAOYSA-N,STANFORD
PR-619,,,2817763,1491,C1=C(C(=NC(=C1SC#N)N)N)SC#N,ZXOBLNBVNROVLC-UHFFFAOYSA-N,STANFORD
Pracinostat,,DB05223,49855250,1550,CCCCC1=NC2=C(N1CCN(CC)CC)C=CC(=C2)C=CC(=O)NO,JHDKZFFAIZKUCU-ZRDIBKRKSA-N,STANFORD
Pralatrexate,L01BA05,DB06813,148121,81,C#CCC(CC1=CN=C2C(=N1)C(=NC(=N2)N)N)C3=CC=C(C=C3)C(=O)NC(CCC(=O)O)C(=O)O,OGSBUKJUDHAQEA-WMCAAGNKSA-N,"NCI-ALMANAC,STANFORD"
Pramipexole,N04BC05,DB00413,119570,1551,CCCNC1CCC2=C(C1)SC(=N2)N,FASDKYOPVNHBLU-ZETCQYMHSA-N,STANFORD
Pramiracetam,,,51712,1552,CC(C)N(CCNC(=O)CN1CCCC1=O)C(C)C,ZULJGOSFKWFVRX-UHFFFAOYSA-N,STANFORD
Pramoxine hydrochloride,,,73957,1553,CCCCOC1=CC=C(C=C1)OCCCN2CCOCC2.Cl,SYCBXBCPLUFJID-UHFFFAOYSA-N,STANFORD
Pranlukast,,DB01411,4887,1554,C1=CC=C(C=C1)CCCCOC2=CC=C(C=C2)C(=O)NC3=CC=CC4=C3OC(=CC4=O)C5=NNN=N5,NBQKINXMPLXUET-UHFFFAOYSA-N,STANFORD
Pranoprofen,,,4888,1555,CC(C1=CC2=C(C=C1)OC3=C(C2)C=CC=N3)C(=O)O,TVQZAMVBTVNYLA-UHFFFAOYSA-N,STANFORD
Prasugrel,B01AC22,DB06209,6918456,1556,CC(=O)OC1=CC2=C(S1)CCN(C2)C(C3=CC=CC=C3F)C(=O)C4CC4,DTGLZDAWLRGWQN-UHFFFAOYSA-N,STANFORD
Pravastatin sodium,,,16759173,1557,CCC(C)C(=O)OC1CC(C=C2C1C(C(C=C2)C)CCC(CC(CC(=O)[O-])O)O)O.[Na+],VWBQYTRBTXKKOG-IYNICTALSA-M,STANFORD
Praziquantel,P02BA01,DB01058,4891,1558,C1CCC(CC1)C(=O)N2CC3C4=CC=CC=C4CCN3C(=O)C2,FSVJFNAIGNNGKK-UHFFFAOYSA-N,STANFORD
Prazosin hydrochloride,,,68546,1559,COC1=C(C=C2C(=C1)C(=NC(=N2)N3CCN(CC3)C(=O)C4=CC=CO4)N)OC.Cl,WFXFYZULCQKPIP-UHFFFAOYSA-N,STANFORD
Prednisolone,,,5755,1560,CC12CC(C3C(C1CCC2(C(=O)CO)O)CCC4=CC(=O)C=CC34C)O,OIGNJSKKLXVSLS-VWUMJDOOSA-N,STANFORD
Prednisone,,DB00635,5865,1561,CC12CC(=O)C3C(C1CCC2(C(=O)CO)O)CCC4=CC(=O)C=CC34C,XOFYZVNMUHMLCC-ZPOLXVRWSA-N,STANFORD
Pregnenolone,,DB02789,8955,1562,CC(=O)C1CCC2C1(CCC3C2CC=C4C3(CCC(C4)O)C)C,ORNBQBCIOKFOEO-QGVNFLHTSA-N,STANFORD
Pretomanid,,DB05154,456199,1452,C1C(COC2=NC(=CN21)[N+](=O)[O-])OCC3=CC=C(C=C3)OC(F)(F)F,ZLHZLMOSPGACSZ-NSHDSACASA-N,STANFORD
Pridinol methanesulfonate,,,165542,1563,CS(=O)(=O)O.C1CCN(CC1)CCC(C2=CC=CC=C2)(C3=CC=CC=C3)O,VNJHUUNVDMYCRH-UHFFFAOYSA-N,STANFORD
Priftin,J04AB05,DB01201,135403821,1629,CC1C=CC=C(C(=O)NC2=C(C(=C3C(=C2O)C(=C(C4=C3C(=O)C(O4)(OC=CC(C(C(C(C(C(C1O)C)O)C)OC(=O)C)C)OC)C)C)O)O)C=NN5CCN(CC5)C6CCCC6)C,WDZCUPBHRAEYDL-GZAUEHORSA-N,STANFORD
Priligy,,,71352,811,CN(C)C(CCOC1=CC=CC2=CC=CC=C21)C3=CC=CC=C3.Cl,IHWDIQRWYNMKFM-BDQAORGHSA-N,STANFORD
Prilocaine,N01BB04,DB00750,4906,1564,CCCNC(C)C(=O)NC1=CC=CC=C1C,MVFGUOIZUNYYSO-UHFFFAOYSA-N,STANFORD
Primaquine phosphate,,,6135,1565,CC(CCCN)NC1=C2C(=CC(=C1)OC)C=CC=N2.OP(=O)(O)O.OP(=O)(O)O,GJOHLWZHWQUKAU-UHFFFAOYSA-N,STANFORD
Primidone,N03AA03,DB00794,4909,1566,CCC1(C(=O)NCNC1=O)C2=CC=CC=C2,DQMZLTXERSFNPB-UHFFFAOYSA-N,STANFORD
Proadifen hydrochloride,,,65341,1567,CCCC(C1=CC=CC=C1)(C2=CC=CC=C2)C(=O)OCCN(CC)CC.Cl,FHIKZROVIDCMJA-UHFFFAOYSA-N,STANFORD
Probenecid,,,4911,1568,CCCN(CCC)S(=O)(=O)C1=CC=C(C=C1)C(=O)O,DBABZHXKTCFAPX-UHFFFAOYSA-N,STANFORD
Probucol,,,4912,1569,CC(C)(C)C1=CC(=CC(=C1O)C(C)(C)C)SC(C)(C)SC2=CC(=C(C(=C2)C(C)(C)C)O)C(C)(C)C,FYPMFJGVHOHGLL-UHFFFAOYSA-N,STANFORD
Procaine hydrochloride,,,5795,1570,CCN(CC)CCOC(=O)C1=CC=C(C=C1)N.Cl,HCBIBCJNVBAKAB-UHFFFAOYSA-N,STANFORD
Procarbazine,L01XB01,DB01168,4915,82,CC(C)NC(=O)C1=CC=C(C=C1)CNNC,CPTBDICYNRMXFX-UHFFFAOYSA-N,NCI-ALMANAC
Prochlorperazine maleate,,,5281032,1571,CN1CCN(CC1)CCCN2C3=CC=CC=C3SC4=C2C=C(C=C4)Cl.C(=CC(=O)O)C(=O)O.C(=CC(=O)O)C(=O)O,DSKIOWHQLUWFLG-SPIKMXEPSA-N,STANFORD
Procyclidine hydrochloride,,,207841,1572,C1CCC(CC1)C(CCN2CCCC2)(C3=CC=CC=C3)O.Cl,ZFSPFXJSEHCTTR-UHFFFAOYSA-N,STANFORD
Progesterone,G03DA04,DB00396,5994,1573,CC(=O)C1CCC2C1(CCC3C2CCC4=CC(=O)CCC34C)C,RJKFOVLPORLFTN-LEKSSAKUSA-N,STANFORD
Propafenone hydrochloride,,,36708,1574,CCCNCC(COC1=CC=CC=C1C(=O)CCC2=CC=CC=C2)O.Cl,XWIHRGFIPXWGEF-UHFFFAOYSA-N,STANFORD
Proparacaine hydrochloride,,,517321,1575,CCCOC1=C(C=C(C=C1)C(=O)OCCN(CC)CC)N.Cl,BFUUJUGQJUTPAF-UHFFFAOYSA-N,STANFORD
Propranolol hydrochloride,C07AA05,,62882,1576,CC(C)NCC(COC1=CC=CC2=CC=CC=C21)O.Cl,ZMRUPTIKESYGQW-UHFFFAOYSA-N,STANFORD
Propylthiouracil,H03BA02,DB00550,657298,1577,CCCC1=CC(=O)NC(=S)N1,KNAHARQHSZJURB-UHFFFAOYSA-N,STANFORD
Proteinase inhibitor E 64,,,123985,888,CC(C)CC(C(=O)NCCCCN=C(N)N)NC(=O)C1C(O1)C(=O)O,LTLYEAJONXGNFG-DCAQKATOSA-N,STANFORD
Protionamide,J04AD01,DB12667,666418,1578,CCCC1=NC=CC(=C1)C(=S)N,VRDIULHPQTYCLN-UHFFFAOYSA-N,STANFORD
PRT062607 hydrochloride,,,56948527,1492,C1CCC(C(C1)N)NC2=NC=C(C(=N2)NC3=CC(=CC=C3)N4N=CC=N4)C(=O)N.Cl,RMNLLPXCNDZJMJ-IDVLALEDSA-N,STANFORD
Prucalopride,A06AX05,DB06480,3052762,1579,COCCCN1CCC(CC1)NC(=O)C2=CC(=C(C3=C2OCC3)N)Cl,ZPMNHBXQOOVQJL-UHFFFAOYSA-N,STANFORD
Prucalopride succinate,,,9870009,1580,COCCCN1CCC(CC1)NC(=O)C2=CC(=C(C3=C2OCC3)N)Cl.C(CC(=O)O)C(=O)O,QZRSNVSQLGRAID-UHFFFAOYSA-N,STANFORD
PRX-08066 maleic acid,,,51348293,1493,C1CN(CCC1NC2=C3C=C(SC3=NC=N2)Cl)CC4=CC(=C(C=C4)F)C#N.C(=CC(=O)O)C(=O)O,RPYIKXHIQXRXEM-BTJKTKAUSA-N,STANFORD
Puerarin,,DB12290,5281807,1581,C1=CC(=CC=C1C2=COC3=C(C2=O)C=CC(=C3C4C(C(C(C(O4)CO)O)O)O)O)O,HKEAFJYKMMKDOR-VPRICQMDSA-N,STANFORD
Pulmicort,,,5281004,642,CCCC1OC2CC3C4CCC5=CC(=O)C=CC5(C4C(CC3(C2(O1)C(=O)CO)C)O)C,VOVIALXJUBGFJZ-KWVAZRHASA-N,STANFORD
Purmorphamine,,,5284329,1582,C1CCC(CC1)N2C=NC3=C(N=C(N=C32)OC4=CC=CC5=CC=CC=C54)NC6=CC=C(C=C6)N7CCOCC7,FYBHCRQFSFYWPY-UHFFFAOYSA-N,STANFORD
PX-12,,,219104,234,CCC(C)SSC1=NC=CN1,BPBPYQWMFCTCNG-UHFFFAOYSA-N,YALE-TNBC
Pyr-41,,,5335621,1494,CCOC(=O)C1=CC=C(C=C1)N2C(=O)C(=CC3=CC=C(O3)[N+](=O)[O-])C(=O)N2,ARGIPZKQJGFSGQ-LCYFTJDESA-N,STANFORD
Pyrazinamide,J04AK01,DB00339,1046,1583,C1=CN=C(C=N1)C(=O)N,IPEHBUMCGVEMRF-UHFFFAOYSA-N,STANFORD
Pyrazolanthrone,,DB01782,8515,214,C1=CC=C2C(=C1)C3=NNC4=CC=CC(=C43)C2=O,ACPOUJIDANTYHO-UHFFFAOYSA-N,"STANFORD,YALE-TNBC"
Pyridostigmine bromide,,,7550,1584,C[N+]1=CC=CC(=C1)OC(=O)N(C)C.[Br-],VNYBTNPBYXSMOO-UHFFFAOYSA-M,STANFORD
Pyridoxine hydrochloride,,,6019,1585,CC1=NC=C(C(=C1O)CO)CO.Cl,ZUFQODAHGAHPFQ-UHFFFAOYSA-N,STANFORD
Pyrimethamine,P01BD01,DB00205,4993,1586,CCC1=C(C(=NC(=N1)N)N)C2=CC=C(C=C2)Cl,WKSAUQYGYAYLPV-UHFFFAOYSA-N,STANFORD
Pyrithione ZINC,,,26041,1999,C1=CC=[N+](C(=C1)[S-])[O-].C1=CC=[N+](C(=C1)[S-])[O-].[Zn+2],OTPSWLRZXRHDNX-UHFFFAOYSA-L,STANFORD
Pyrvinium chloride dihydrate,,,12314839,287,CC1=CC(=C(N1C2=CC=CC=C2)C)C=CC3=[N+](C4=C(C=C3)C=C(C=C4)N(C)C)C.O.O.[Cl-],BSFRPKBHTPMTGV-UHFFFAOYSA-M,CLOUD
QS-11,,,42623900,341,C1CC2=C(C1)C=C(C=C2)OC3=NC(=C4C(=N3)N(C=N4)CC5=CC=C(C=C5)C6=CC=CC=C6)NC(CC7=CC=CC=C7)CO,DOKZLKDGUQWMSX-HKBQPEDESA-N,MIT-MELANOMA
Quercetin,,,5280343,1588,C1=CC(=C(C=C1C2=C(C(=O)C3=C(C=C(C=C3O2)O)O)O)O)O,REFJWTPEDVJJIY-UHFFFAOYSA-N,STANFORD
Quercetin dihydrate,,,5284452,1589,C1=CC(=C(C=C1C2=C(C(=O)C3=C(C=C(C=C3O2)O)O)O)O)O.O.O,GMGIWEZSKCNYSW-UHFFFAOYSA-N,STANFORD
Quetiapine fumarate,,,5281025,1590,C1CN(CCN1CCOCCO)C2=NC3=CC=CC=C3SC4=CC=CC=C42.C1CN(CCN1CCOCCO)C2=NC3=CC=CC=C3SC4=CC=CC=C42.C(=CC(=O)O)C(=O)O,ZTHJULTYCAQOIJ-WXXKFALUSA-N,STANFORD
Quinapril hydrochloride,,,54891,1591,CCOC(=O)C(CCC1=CC=CC=C1)NC(C)C(=O)N2CC3=CC=CC=C3CC2C(=O)O.Cl,IBBLRJGOOANPTQ-JKVLGAQCSA-N,STANFORD
Quinine,P01BC01,DB00468,3034034,288,COC1=CC2=C(C=CN=C2C=C1)C(C3CC4CCN3CC4C=C)O,LOUPRKONTZGTKE-WZBLMQSHSA-N,CLOUD
Quinine monohydrochloride dihydrate,,,16211283,1592,COC1=CC2=C(C=CN=C2C=C1)C(C3CC4CCN3CC4C=C)O.O.O.Cl,MPQKYZPYCSTMEI-FLZPLBAKSA-N,STANFORD
Quisinostat,,DB12985,11538455,1593,CN1C=C(C2=CC=CC=C21)CNCC3CCN(CC3)C4=NC=C(C=N4)C(=O)NO,PAWIYAYFNXQGAP-UHFFFAOYSA-N,STANFORD
Quizartinib,,DB12874,24889392,1594,CC(C)(C)C1=CC(=NO1)NC(=O)NC2=CC=C(C=C2)C3=CN4C5=C(C=C(C=C5)OCCN6CCOCC6)SC4=N3,CVWXJKQAOSCOAB-UHFFFAOYSA-N,STANFORD
R-406,,,11213558,127,CC1(C(=O)NC2=C(O1)C=CC(=N2)NC3=NC(=NC=C3F)NC4=CC(=C(C(=C4)OC)OC)OC)C,NHHQJBCNYHBUSI-UHFFFAOYSA-N,"MIT-MELANOMA,STANFORD"
R-547,,,6918852,1596,COC1=C(C(=C(C=C1)F)F)C(=O)C2=CN=C(N=C2N)NC3CCN(CC3)S(=O)(=O)C,JRNJNYBQQYBCLE-UHFFFAOYSA-N,STANFORD
R406 Benzenesulfonate,,,11984591,1595,CC1(C(=O)NC2=C(O1)C=CC(=N2)NC3=NC(=NC=C3F)NC4=CC(=C(C(=C4)OC)OC)OC)C.C1=CC=C(C=C1)S(=O)(=O)O,UXDRJPYSTZHIOE-UHFFFAOYSA-N,STANFORD
Rabusertib,,DB11662,11955855,1183,CC1=CC(=C(C=C1Br)NC(=O)NC2=NC=C(N=C2)C)OCC3CNCCO3,SYYBDNPGDKKJDU-ZDUSSCGKSA-N,STANFORD
Rac1 Inhibitor,,,16759159,1345,CCN(CC)CCCC(C)NC1=NC(=CC(=N1)NC2=CC3=C(C=C(N=C3C=C2)C)N)C.Cl.Cl.Cl,CPUHORIUXPQCHW-UHFFFAOYSA-N,STANFORD
Racecadotril,,,107751,1604,CC(=O)SCC(CC1=CC=CC=C1)C(=O)NCC(=O)OCC2=CC=CC=C2,ODUOJXZPIYUATO-UHFFFAOYSA-N,STANFORD
Ractopamine hydrochloride,,,14010333,1605,CC(CCC1=CC=C(C=C1)O)NCC(C2=CC=C(C=C2)O)O.Cl,JHGSLSLUFMZUMK-UHFFFAOYSA-N,STANFORD
RAD51 inhibitor 1,,,1074953,1600,C1COCCN1C2=C(C(=O)N(C2=O)C3=CC(=C(C=C3)Cl)Cl)Cl,MWSUIZKGNWELRF-UHFFFAOYSA-N,STANFORD
RAF265,,,11656518,304,CN1C2=C(C=C(C=C2)OC3=CC(=NC=C3)C4=NC=C(N4)C(F)(F)F)N=C1NC5=CC=C(C=C5)C(F)(F)F,YABJJWZLRMPFSI-UHFFFAOYSA-N,"STANFORD,MIT-MELANOMA"
Ralimetinib Mesylate,,,11570805,1182,CC(C)(C)CN1C2=C(C=CC(=N2)C3=C(N=C(N3)C(C)(C)C)C4=CC=C(C=C4)F)N=C1N.CS(=O)(=O)O.CS(=O)(=O)O,NARMJPIBAXVUIE-UHFFFAOYSA-N,STANFORD
Raloxifene,G03XC01,DB00481,5035,83,C1CCN(CC1)CCOC2=CC=C(C=C2)C(=O)C3=C(SC4=C3C=CC(=C4)O)C5=CC=C(C=C5)O,GZUITABIAKMVPG-UHFFFAOYSA-N,NCI-ALMANAC
Raloxifene hydrochloride,,,54900,1606,C1CCN(CC1)CCOC2=CC=C(C=C2)C(=O)C3=C(SC4=C3C=CC(=C4)O)C5=CC=C(C=C5)O.Cl,BKXVVCILCIUCLG-UHFFFAOYSA-N,STANFORD
Raltegravir,,,54671008,1607,CC1=NN=C(O1)C(=O)NC(C)(C)C2=NC(=C(C(=O)N2C)O)C(=O)NCC3=CC=C(C=C3)F,CZFFBEXEKNGXKS-UHFFFAOYSA-N,STANFORD
Raltitrexed,,,135400182,1608,CC1=NC2=C(C=C(C=C2)CN(C)C3=CC=C(S3)C(=O)NC(CCC(=O)O)C(=O)O)C(=O)N1,IVTVGDXNLFLDRM-HNNXBMFYSA-N,STANFORD
Ramelteon,N05CH02,DB00980,208902,1609,CCC(=O)NCCC1CCC2=C1C3=C(C=C2)OCC3,YLXDSYKOBKBWJQ-LBPRGKRZSA-N,STANFORD
Ramipril,C09AA05,DB00178,5362129,1610,CCOC(=O)C(CCC1=CC=CC=C1)NC(C)C(=O)N2C3CCCC3CC2C(=O)O,HDACQVRGBOVJII-JBDAPHQKSA-N,STANFORD
Ranitidine,A02BA02,DB00863,3001055,1611,CNC(=C[N+](=O)[O-])NCCSCC1=CC=C(O1)CN(C)C,VMXUWOKSQNHOCA-UKTHLTGXSA-N,STANFORD
Ranolazine,C01EB18,DB00243,56959,1612,CC1=C(C(=CC=C1)C)NC(=O)CN2CCN(CC2)CC(COC3=CC=CC=C3OC)O,XKLMZUWKNUAPSZ-UHFFFAOYSA-N,STANFORD
Ranolazine dihydrochloride,,,71279,1613,CC1=C(C(=CC=C1)C)NC(=O)CN2CCN(CC2)CC(COC3=CC=CC=C3OC)O.Cl.Cl,RJNSNFZXAZXOFX-UHFFFAOYSA-N,STANFORD
Rasagiline mesylate,,,3052775,1614,CS(=O)(=O)O.C#CCNC1CCC2=CC=CC=C12,JDBJJCWRXSVHOQ-UTONKHPSSA-N,STANFORD
Rebamipide,A02BX14,DB11656,5042,1615,C1=CC=C2C(=C1)C(=CC(=O)N2)CC(C(=O)O)NC(=O)C3=CC=C(C=C3)Cl,ALLWOAVDORUJLA-UHFFFAOYSA-N,STANFORD
Rebastinib,,DB13005,25066467,797,CC(C)(C)C1=NN(C(=C1)NC(=O)NC2=C(C=C(C=C2)OC3=CC(=NC=C3)C(=O)NC)F)C4=CC5=C(C=C4)N=CC=C5,WVXNSAVVKYZVOE-UHFFFAOYSA-N,STANFORD
Reboxetine mesylate,,,127150,1616,CCOC1=CC=CC=C1OC(C2CNCCO2)C3=CC=CC=C3.CS(=O)(=O)O,CGTZMJIMMUNLQD-STYNFMPRSA-N,STANFORD
Refametinib,,,44182295,2013,COC1=CC(=C(C(=C1NS(=O)(=O)C2(CC2)CC(CO)O)NC3=C(C=C(C=C3)I)F)F)F,RDSACQWTXKSHJT-NSHDSACASA-N,DECREASE
Regorafenib,L01XE21,DB08896,11167602,1617,CNC(=O)C1=NC=CC(=C1)OC2=CC(=C(C=C2)NC(=O)NC3=CC(=C(C=C3)Cl)C(F)(F)F)F,FNHKPVJBJVTLMP-UHFFFAOYSA-N,STANFORD
Repaglinide,A10BX02,DB00912,65981,1619,CCOC1=C(C=CC(=C1)CC(=O)NC(CC(C)C)C2=CC=CC=C2N3CCCCC3)C(=O)O,FAEKWTJYAYMJKF-QHCPKHFHSA-N,STANFORD
RepSox,,,449054,1618,CC1=NC(=CC=C1)C2=C(C=NN2)C3=NC4=C(C=C3)N=CC=C4,LBPKYPYHDKKRFS-UHFFFAOYSA-N,STANFORD
Reserpine,C02AA02,DB00206,5770,1620,COC1C(CC2CN3CCC4=C(C3CC2C1C(=O)OC)NC5=C4C=CC(=C5)OC)OC(=O)C6=CC(=C(C(=C6)OC)OC)OC,QEVHRUUCFGRFIF-MDEJGZGSSA-N,STANFORD
Resminostat,,DB12392,11609955,1621,CN(C)CC1=CC=C(C=C1)S(=O)(=O)N2C=CC(=C2)C=CC(=O)NO,FECGNJPYVFEKOD-VMPITWQZSA-N,STANFORD
Restasis,,,6435893,786,CCC1C(=O)N(CC(=O)N(C(C(=O)NC(C(=O)N(C(C(=O)NC(C(=O)NC(C(=O)N(C(C(=O)N(C(C(=O)N(C(C(=O)N(C(C(=O)N1)C(C(C)CC=CC)O)C)C(C)C)C)CC(C)C)C)CC(C)C)C)C)C)CC(C)C)C)C(C)C)CC(C)C)C)C,PMATZTZNYRCHOR-KMSBSJHKSA-N,STANFORD
Resveratrol,,DB02709,445154,1622,C1=CC(=CC=C1C=CC2=CC(=CC(=C2)O)O)O,LUKBXSAWLPMMSZ-OWOJBTEDSA-N,STANFORD
Retapamulin,D06AX13,DB01256,6918462,1623,CC1CCC23CCC(=O)C2C1(C(CC(C(C3C)O)(C)C=C)OC(=O)CSC4CC5CCC(C4)N5C)C,STZYTFJPGGDRJD-FJJJPKKESA-N,STANFORD
RG-108,,,702558,1597,C1=CC=C2C(=C1)C(=O)N(C2=O)C(CC3=CNC4=CC=CC=C43)C(=O)O,HPTXLHAHLXOAKV-INIZCTEOSA-N,STANFORD
RG-2833,,,56654642,1598,CC1=CC=C(C=C1)C(=O)NCCCCCC(=O)NC2=CC=CC=C2N,VOPDXHFYDJAYNS-UHFFFAOYSA-N,STANFORD
RGFP-966,,,56650312,1599,C1=CC=C(C=C1)C=CCN2C=C(C=N2)C=CC(=O)NC3=C(C=C(C=C3)F)N,BLVQHYHDYFTPDV-VCABWLAWSA-N,STANFORD
Ribavirin,J05AB04,DB00811,37542,1625,C1=NC(=NN1C2C(C(C(O2)CO)O)O)C(=O)N,IWUCXVSUMQZMFG-AFCXAGJDSA-N,STANFORD
Ricolinostat,,DB12376,53340666,1641,C1=CC=C(C=C1)N(C2=CC=CC=C2)C3=NC=C(C=N3)C(=O)NCCCCCCC(=O)NO,QGZYDVAGYRLSKP-UHFFFAOYSA-N,STANFORD
Ridaforolimus,L01XE19,DB06233,11520894,84,CC1CCC2CC(C(=CC=CC=CC(CC(C(=O)C(C(C(=CC(C(=O)CC(OC(=O)C3CCCCN3C(=O)C(=O)C1(O2)O)C(C)CC4CCC(C(C4)OC)OP(=O)(C)C)C)C)O)OC)C)C)C)OC,BUROJSBIWGDYCN-GAUTUEMISA-N,"MERCK,STANFORD"
Rifabutin,J04AB04,DB00615,135398743,1627,CC1C=CC=C(C(=O)N=C2C(=C3C(=C4C2=NC5(N4)CCN(CC5)CC(C)C)C6=C(C(=C3O)C)OC(C6=O)(OC=CC(C(C(C(C(C(C1O)C)O)C)OC(=O)C)C)OC)C)O)C,ZWBTYMGEBZUQTK-PVLSIAFMSA-N,STANFORD
Rifampicin,J04AB02,DB01045,135398735,1628,CC1C=CC=C(C(=O)NC2=C(C(=C3C(=C2O)C(=C(C4=C3C(=O)C(O4)(OC=CC(C(C(C(C(C(C1O)C)O)C)OC(=O)C)C)OC)C)C)O)O)C=NN5CCN(CC5)C)C,JQXXHWHPUNPDRT-WLSIYKJHSA-N,STANFORD
Rigosertib,,DB12146,6918736,1631,COC1=C(C=C(C=C1)CS(=O)(=O)C=CC2=C(C=C(C=C2OC)OC)OC)NCC(=O)O,OWBFCJROIKNMGD-BQYQJAHWSA-N,STANFORD
Rilpivirine,J05AG05,DB08864,6451164,1632,CC1=CC(=CC(=C1NC2=NC(=NC=C2)NC3=CC=C(C=C3)C#N)C)C=CC#N,YIBOMRUWOWDFLG-ONEGZZNKSA-N,STANFORD
Riluzole,N07XX02,DB00740,5070,1633,C1=CC2=C(C=C1OC(F)(F)F)SC(=N2)N,FTALBRSUTCGOEG-UHFFFAOYSA-N,STANFORD
Rimantadine,J05AC02,DB00478,5071,1634,CC(C12CC3CC(C1)CC(C3)C2)N,UBCHPRBFMUDMNC-UHFFFAOYSA-N,STANFORD
Rimonabant,A08AX01,DB06155,104850,1635,CC1=C(N(N=C1C(=O)NN2CCCCC2)C3=C(C=C(C=C3)Cl)Cl)C4=CC=C(C=C4)Cl,JZCPYUJPEARBJL-UHFFFAOYSA-N,STANFORD
Risperidone,N05AX08,DB00734,5073,1636,CC1=C(C(=O)N2CCCCC2=N1)CCN3CCC(CC3)C4=NOC5=C4C=CC(=C5)F,RAPZEAPATHNIPO-UHFFFAOYSA-N,STANFORD
Rita,,,374536,1601,C1=C(SC(=C1)C2=CC=C(O2)C3=CC=C(S3)CO)CO,KZENBFUSKMWCJF-UHFFFAOYSA-N,STANFORD
Ritodrine hydrochloride,G02CA01,,31728,1637,CC(C(C1=CC=C(C=C1)O)O)NCCC2=CC=C(C=C2)O.Cl,IDLSITKDRVDKRV-XHXSRVRCSA-N,STANFORD
Ritonavir,J05AE03 ,DB00503,392622,235,CC(C)C1=NC(=CS1)CN(C)C(=O)NC(C(C)C)C(=O)NC(CC2=CC=CC=C2)CC(C(CC3=CC=CC=C3)NC(=O)OCC4=CN=CS4)O,NCDNCNXCDXHOMX-XGKFQTDJSA-N,"STANFORD,YALE-TNBC"
Rivaroxaban,B01AF01,DB06228,9875401,1638,C1COCC(=O)N1C2=CC=C(C=C2)N3CC(OC3=O)CNC(=O)C4=CC=C(S4)Cl,KGFYHTZWPPHNLQ-AWEZNQCLSA-N,STANFORD
Rivastigmine tartrate,N06DA03,,6918078,1639,CCN(C)C(=O)OC1=CC=CC(=C1)C(C)N(C)C.C(C(C(=O)O)O)(C(=O)O)O,GWHQHAUAXRMMOT-MBANBULQSA-N,STANFORD
Riviciclib hydrochloride,,,23643975,1450,CN1CCC(C1CO)C2=C(C=C(C3=C2OC(=CC3=O)C4=CC=CC=C4Cl)O)O.Cl,OOVTUOCTLAERQD-OJMBIDBESA-N,STANFORD
Rizatriptan benzoate,,,77997,1640,CN(C)CCC1=CNC2=C1C=C(C=C2)CN3C=NC=N3.C1=CC=C(C=C1)C(=O)O,JPRXYLQNJJVCMZ-UHFFFAOYSA-N,STANFORD
RKI-1447,,,60138149,1602,C1=CC(=CC(=C1)O)CNC(=O)NC2=NC(=CS2)C3=CC=NC=C3,GDVRVPIXWXOKQO-UHFFFAOYSA-N,STANFORD
RKI983,,,,342,,N,MIT-MELANOMA
RO4929097,,DB11870,49867930,236,CC(C)(C(=O)NCC(C(F)(F)F)(F)F)C(=O)NC1C2=CC=CC=C2C3=CC=CC=C3NC1=O,OJPLJFIFUQPSJR-INIZCTEOSA-N,YALE-TNBC
Rociletinib,,DB11907,57335384,670,CC(=O)N1CCN(CC1)C2=CC(=C(C=C2)NC3=NC=C(C(=N3)NC4=CC(=CC=C4)NC(=O)C=C)C(F)(F)F)OC,HUFOZJXAKZVRNJ-UHFFFAOYSA-N,STANFORD
Rocuronium bromide,M03AC09,,441351,1642,CC(=O)OC1C(CC2C1(CCC3C2CCC4C3(CC(C(C4)O)N5CCOCC5)C)C)[N+]6(CCCC6)CC=C.[Br-],OYTJKRAYGYRUJK-FMCCZJBLSA-M,STANFORD
Rofecoxib,,DB00533,5090,1643,CS(=O)(=O)C1=CC=C(C=C1)C2=C(C(=O)OC2)C3=CC=CC=C3,RZJQGNCSTQAWON-UHFFFAOYSA-N,STANFORD
Roflumilast,R03DX07,DB01656,449193,1644,C1CC1COC2=C(C=CC(=C2)C(=O)NC3=C(C=NC=C3Cl)Cl)OC(F)F,MNDBXUUTURYVHR-UHFFFAOYSA-N,STANFORD
Rolipram,,DB01954,5092,1645,COC1=C(C=C(C=C1)C2CC(=O)NC2)OC3CCCC3,HJORMJIFDVBMOB-UHFFFAOYSA-N,STANFORD
Romidepsin,L01XX39,DB06176,5352062,85,CC=C1C(=O)NC(C(=O)OC2CC(=O)NC(C(=O)NC(CSSCCC=C2)C(=O)N1)C(C)C)C(C)C,OHRURASPPZQGQM-GCCNXGTGSA-N,NCI-ALMANAC
Ronidazole,,,5094,1646,CN1C(=CN=C1COC(=O)N)[N+](=O)[O-],PQFRTXSWDXZRRS-UHFFFAOYSA-N,STANFORD
Ropinirole hydrochloride,,,68727,1647,CCCN(CCC)CCC1=C2CC(=O)NC2=CC=C1.Cl,XDXHAEQXIBQUEZ-UHFFFAOYSA-N,STANFORD
Ropivacaine hydrochloride,,,175804,1648,CCCN1CCCCC1C(=O)NC2=C(C=CC=C2C)C.Cl,NDNSIBYYUOEUSV-RSAXXLAASA-N,STANFORD
Rosiglitazone,DB00412,A10BG02 ,77999,237,CN(CCOC1=CC=C(C=C1)CC2C(=O)NC(=O)S2)C3=CC=CC=N3,YASAKCUCGLMORW-UHFFFAOYSA-N,"STANFORD,YALE-TNBC"
Rosuvastatin calcium,,,5282455,1650,CC(C)C1=NC(=NC(=C1C=CC(CC(CC(=O)[O-])O)O)C2=CC=C(C=C2)F)N(C)S(=O)(=O)C.CC(C)C1=NC(=NC(=C1C=CC(CC(CC(=O)[O-])O)O)C2=CC=C(C=C2)F)N(C)S(=O)(=O)C.[Ca+2],LALFOYNTGMUKGG-BGRFNVSISA-L,STANFORD
Rovamycin,,,6419898,1748,CC1CC=CC=CC(C(CC(C(C(C(CC(=O)O1)O)OC)OC2C(C(C(C(O2)C)OC3CC(C(C(O3)C)O)(C)O)N(C)C)O)CC=O)C)OC4CCC(C(O4)C)N(C)C,ACTOXUHEUCPTEW-JMRHEKERSA-N,STANFORD
Roxadustat,B03XA05 ,DB04847,11256664,954,CC1=C2C=C(C=CC2=C(C(=N1)C(=O)NCC(=O)O)O)OC3=CC=CC=C3,YOZBGTLTNGAVFU-UHFFFAOYSA-N,STANFORD
Roxatidine acetate hydrochloride,,,56704,1652,CC(=O)OCC(=O)NCCCOC1=CC=CC(=C1)CN2CCCCC2.Cl,FEWCTJHCXOHWNL-UHFFFAOYSA-N,STANFORD
RS-127445,,,196968,1603,CC(C)C1=NC(=NC(=C1)C2=CC=C(C3=CC=CC=C32)F)N,ZZZQXCUPAJFVBN-UHFFFAOYSA-N,STANFORD
Rucaparib,L01XX55,DB12332,9931954,1654,CNCC1=CC=C(C=C1)C2=C3CCNC(=O)C4=C3C(=CC(=C4)F)N2,HMABYWSNWIZPAG-UHFFFAOYSA-N,STANFORD
Rufinamide,N03AF03,DB06201,129228,1655,C1=CC(=C(C(=C1)F)CN2C=C(N=N2)C(=O)N)F,POGQSBRIGCQNEG-UHFFFAOYSA-N,STANFORD
Rulide,J01FA06,DB00778,6915744,1653,CCC1C(C(C(C(=NOCOCCOC)C(CC(C(C(C(C(C(=O)O1)C)OC2CC(C(C(O2)C)O)(C)OC)C)OC3C(C(CC(O3)C)N(C)C)O)(C)O)C)C)O)(C)O,RXZBMPWDPOLZGW-XMRMVWPWSA-N,STANFORD
Rupatadine fumarate,,,6449107,1656,CC1=CC(=CN=C1)CN2CCC(=C3C4=C(CCC5=C3N=CC=C5)C=C(C=C4)Cl)CC2.C(=CC(=O)O)C(=O)O,JYBLCDXVHQWMSU-WLHGVMLRSA-N,STANFORD
Rutaecarpine,,,65752,1657,C1CN2C(=NC3=CC=CC=C3C2=O)C4=C1C5=CC=CC=C5N4,ACVGWSKVRYFWRP-UHFFFAOYSA-N,STANFORD
Rutin,,DB01698,5280805,1658,CC1C(C(C(C(O1)OCC2C(C(C(C(O2)OC3=C(OC4=CC(=CC(=C4C3=O)O)O)C5=CC(=C(C=C5)O)O)O)O)O)O)O)O,IKGXIBQEEMLURG-NVPNHPEKSA-N,STANFORD
Ruxolitinib,L01XE18,DB08877,25126798,343,C1CCC(C1)C(CC#N)N2C=C(C=N2)C3=C4C=CNC4=NC=N3,HFNKQEVNSGCOJV-OAHLLOKOSA-N,"MIT-MELANOMA,STANFORD"
S-Ruxolitinib,,,50878566,1660,C1CCC(C1)C(CC#N)N2C=C(C=N2)C3=C4C=CNC4=NC=N3,HFNKQEVNSGCOJV-HNNXBMFYSA-N,STANFORD
S3I-201,,,252682,1661,CC1=CC=C(C=C1)S(=O)(=O)OCC(=O)NC2=CC(=C(C=C2)C(=O)O)O,HWNUSGNZBAISFM-UHFFFAOYSA-N,STANFORD
Safinamide mesylate,,,3038502,1696,CC(C(=O)N)NCC1=CC=C(C=C1)OCC2=CC(=CC=C2)F.CS(=O)(=O)O,YKOCHIUQOBQIAC-YDALLXLXSA-N,STANFORD
Salicin,,,439503,1697,C1=CC=C(C(=C1)CO)OC2C(C(C(C(O2)CO)O)O)O,NGFMICBWJRZIBI-UJPOAAIJSA-N,STANFORD
Salicylanilide,,,6872,1698,C1=CC=C(C=C1)NC(=O)C2=CC=CC=C2O,WKEDVNSFRWHDNR-UHFFFAOYSA-N,STANFORD
Salidroside,,,159278,1699,C1=CC(=CC=C1CCOC2C(C(C(C(O2)CO)O)O)O)O,ILRCGYURZSFMEG-RKQHYHRCSA-N,STANFORD
Salinomycin,,,3085092,1700,CCC(C1CCC(C(O1)C(C)C(C(C)C(=O)C(CC)C2C(CC(C3(O2)C=CC(C4(O3)CCC(O4)(C)C5CCC(C(O5)C)(CC)O)O)C)C)O)C)C(=O)O,KQXDHUJYNAXLNZ-XQSDOZFQSA-N,STANFORD
Salsalate,N02BA06,DB01399,5161,1704,C1=CC=C(C(=C1)C(=O)OC2=CC=CC=C2C(=O)O)O,WVYADZUPLLSGPU-UHFFFAOYSA-N,STANFORD
Salubrinal,,,5717801,1701,C1=CC=C(C=C1)C=CC(=O)NC(C(Cl)(Cl)Cl)NC(=S)NC2=CC=CC3=C2N=CC=C3,LCOIAYJMPKXARU-VAWYXSNFSA-N,STANFORD
Sanctura,,,5284631,1898,C1CC[N+]2(C1)C3CCC2CC(C3)OC(=O)C(C4=CC=CC=C4)(C5=CC=CC=C5)O.[Cl-],RVCSYOQWLPPAOA-DHWZJIOFSA-M,STANFORD
Sant-1,,,6878030,1662,CC1=C(C(=NN1C2=CC=CC=C2)C)C=NN3CCN(CC3)CC4=CC=CC=C4,FOORCIAZMIWALX-JJIBRWJFSA-N,STANFORD
Sapanisertib,,DB11836,45375953,1100,CC(C)N1C2=NC=NC(=C2C(=N1)C3=CC4=C(C=C3)OC(=N4)N)N,GYLDXIAOMVERTK-UHFFFAOYSA-N,STANFORD
Sapitinib,,DB12183,11488320,138,CNC(=O)CN1CCC(CC1)OC2=C(C=C3C(=C2)C(=NC=N3)NC4=C(C(=CC=C4)Cl)F)OC,DFJSJLGUIXFDJP-UHFFFAOYSA-N,"YALE-TNBC,STANFORD"
SAR131675,,,71295845,1663,CCN1C(=C(C(=O)C2=C1N=C(C=C2)C#CC(C)(COC)O)C(=O)NC)N,PFMPOBVAYMTUOX-GOSISDBHSA-N,STANFORD
Saracatinib,,DB11805,10302451,1702,CN1CCN(CC1)CCOC2=CC3=C(C(=C2)OC4CCOCC4)C(=NC=N3)NC5=C(C=CC6=C5OCO6)Cl,OUKYUETWWIPKQR-UHFFFAOYSA-N,STANFORD
Sarafloxacin hydrochloride,,,56207,1703,C1CN(CCN1)C2=C(C=C3C(=C2)N(C=C(C3=O)C(=O)O)C4=CC=C(C=C4)F)F.Cl,KNWODGJQLCISLC-UHFFFAOYSA-N,STANFORD
Saxagliptin,A10BH03,DB06335,11243969,1705,C1C2CC2N(C1C#N)C(=O)C(C34CC5CC(C3)CC(C5)(C4)O)N,QGJUIPDUBHWZPV-SGTAVMJGSA-N,STANFORD
SB-202190,,,5169,1665,C1=CC(=CC=C1C2=NC(=C(N2)C3=CC=NC=C3)C4=CC=C(C=C4)F)O,QHKYPYXTTXKZST-UHFFFAOYSA-N,STANFORD
SB-203580,,,176155,1666,CS(=O)C1=CC=C(C=C1)C2=NC(=C(N2)C3=CC=NC=C3)C4=CC=C(C=C4)F,CDMGBJANTYXAIV-UHFFFAOYSA-N,STANFORD
SB-216763,,,176158,1667,CN1C=C(C2=CC=CC=C21)C3=C(C(=O)NC3=O)C4=C(C=C(C=C4)Cl)Cl,JCSGFHVFHSKIJH-UHFFFAOYSA-N,STANFORD
SB-218078,,,3387354,238,C1CC2N3C4=CC=CC=C4C5=C6C(=C7C8=CC=CC=C8N(C1O2)C7=C53)C(=O)NC6=O,OTPNDVKVEAIXTI-UHFFFAOYSA-N,YALE-TNBC
SB-225002,,,3854666,181,C1=CC=C(C(=C1)NC(=O)NC2=C(C=C(C=C2)[N+](=O)[O-])O)Br,MQBZVUNNWUIPMK-UHFFFAOYSA-N,"YALE-TNBC,YALE-PDAC"
SB-269970 hydrochloride,,,11957684,1668,CC1CCN(CC1)CCC2CCCN2S(=O)(=O)C3=CC=CC(=C3)O.Cl,XQCJOYZLWFNDIO-PKLMIRHRSA-N,STANFORD
SB-271046,,,5312149,1669,CC1=C(SC2=C1C=C(C=C2)Cl)S(=O)(=O)NC3=CC(=C(C=C3)OC)N4CCNCC4,LOCQRDBFWSXQQI-UHFFFAOYSA-N,STANFORD
SB-408124,,,4331799,1670,CC1=CC(=C2C=C(C=C(C2=N1)F)F)NC(=O)NC3=CC=C(C=C3)N(C)C,JTARFZSNUAGHRB-UHFFFAOYSA-N,STANFORD
SB-415286,,,4210951,1671,C1=CC=C(C(=C1)C2=C(C(=O)NC2=O)NC3=CC(=C(C=C3)O)Cl)[N+](=O)[O-],PQCXVIPXISBFPN-UHFFFAOYSA-N,STANFORD
SB-431542,,,4521392,1672,C1OC2=C(O1)C=C(C=C2)C3=C(NC(=N3)C4=CC=C(C=C4)C(=O)N)C5=CC=CC=N5,FHYUGAJXYORMHI-UHFFFAOYSA-N,STANFORD
SB-525334,,,9967941,1674,CC1=NC(=CC=C1)C2=C(N=C(N2)C(C)(C)C)C3=CC4=NC=CN=C4C=C3,DKPQHFZUICCZHF-UHFFFAOYSA-N,STANFORD
SB-590885,,,135421339,1675,CN(C)CCOC1=CC=C(C=C1)C2=NC(=C(N2)C3=CC=NC=C3)C4=CC5=C(C=C4)C(=NO)CC5,MLSAQOINCGAULQ-QFMPWRQOSA-N,STANFORD
SB-705498,,DB11883,9910486,1676,C1CN(CC1NC(=O)NC2=CC=CC=C2Br)C3=NC=C(C=C3)C(F)(F)F,JYILLRHXRVTRSH-GFCCVEGCSA-N,STANFORD
SC-144,,,400169,1680,C1=CN2C3=C(C=C(C=C3)F)N=C(C2=C1)NNC(=O)C4=NC=CN=C4,UEADAWQSJOWXBK-UHFFFAOYSA-N,STANFORD
SC-514,,,2807869,1679,C1=CSC=C1C2=CC(=C(S2)C(=O)N)N,BMUACLADCKCNKZ-UHFFFAOYSA-N,STANFORD
SCH-772984,,,24866313,2014,C1CN(CC1C(=O)NC2=CC3=C(C=C2)NN=C3C4=CC=NC=C4)CC(=O)N5CCN(CC5)C6=CC=C(C=C6)C7=NC=CC=N7,HDAJDNHIBCDLQF-RUZDIDTESA-N,DECREASE
SCH-900776,,,46239015,1251,CN1C=C(C=N1)C2=C3N=C(C(=C(N3N=C2)N)Br)C4CCCNC4,GMIZZEXBPRLVIV-SECBINFHSA-N,STANFORD
Schisandrin B,,,108130,1706,CC1CC2=CC3=C(C(=C2C4=C(C(=C(C=C4CC1C)OC)OC)OC)OC)OCO3,RTZKSTLPRTWFEV-UHFFFAOYSA-N,STANFORD
Sclareol,,,163263,1707,CC1(CCCC2(C1CCC(C2CCC(C)(C=C)O)(C)O)C)C,XVULBTBTFGYVRC-HHUCQEJWSA-N,STANFORD
Sclareolide,,,929262,1708,CC1(CCCC2(C1CCC3(C2CC(=O)O3)C)C)C,IMKJGXCIJJXALX-SHUKQUCYSA-N,STANFORD
Scopine,,,1274465,1709,CN1C2CC(CC1C3C2O3)O,FIMXSEMBHGTNKT-UPGAHCIJSA-N,STANFORD
Scopine hydrochloride,,,24720972,1710,CN1C2CC(CC1C3C2O3)O.Cl,BBBRAOXIMQHVCR-QYRWGYAXSA-N,STANFORD
Scopolamine butylbromide,,DB09300,6852391,651,CCCC[N+]1(C2CC(CC1C3C2O3)OC(=O)C(CO)C4=CC=CC=C4)C.[Br-],HOZOZZFCZRXYEK-HNHWXVNLSA-M,STANFORD
Scopolamine hydrobromide,,,6603108,1711,CN1C2CC(CC1C3C2O3)OC(=O)C(CO)C4=CC=CC=C4.Br,WTGQALLALWYDJH-WYHSTMEOSA-N,STANFORD
Scriptaid,,,5186,1712,C1=CC2=C3C(=C1)C(=O)N(C(=O)C3=CC=C2)CCCCCC(=O)NO,JTDYUFSDZATMKU-UHFFFAOYSA-N,STANFORD
Secnidazole,P01AB07,DB12834,71815,1713,CC1=NC=C(N1CC(C)O)[N+](=O)[O-],KPQZUUQMTUIKBP-UHFFFAOYSA-N,STANFORD
Selagine,,DB04864,854026,370,CC=C1C2CC3=C(C1(CC(=C2)C)N)C=CC(=O)N3,ZRJBHWIHUMBLCN-YQEJDHNASA-N,STANFORD
Seliciclib,,,160355,1649,CCC(CO)NC1=NC(=C2C(=N1)N(C=N2)C(C)C)NCC3=CC=CC=C3,BTIHMVBBUGXLCJ-OAHLLOKOSA-N,STANFORD
Selinexor,,,71481097,1155,C1=CN=C(C=N1)NNC(=O)C=CN2C=NC(=N2)C3=CC(=CC(=C3)C(F)(F)F)C(F)(F)F,DEVSOMFAQLZNKR-RJRFIUFISA-N,STANFORD
Selisistat,,,5113032,310,C1CC(C2=C(C1)C3=C(N2)C=CC(=C3)Cl)C(=O)N,FUZYTVDVLBBXDL-UHFFFAOYSA-N,"STANFORD,MIT-MELANOMA"
Selumetinib,,DB11689,10127622,137,CN1C=NC2=C1C=C(C(=C2F)NC3=C(C=C(C=C3)Br)Cl)C(=O)NOCCO,CYOHGALHFOKKQC-UHFFFAOYSA-N,"STANFORD,MIT-MELANOMA"
Semagacestat,,DB12463,9843750,1714,CC(C)C(C(=O)NC(C)C(=O)NC1C2=CC=CC=C2CCN(C1=O)C)O,PKXWXXPNHIWQHW-RCBQFDQVSA-N,STANFORD
Semaxanib,,DB06436,5329098,1715,CC1=CC(=C(N1)C=C2C3=CC=CC=C3NC2=O)C,WUWDLXZGHZSWQZ-WQLSENKSSA-N,STANFORD
Sepantronium Bromide,,,11178236,184,CC1=[N+](C2=C(N1CCOC)C(=O)C3=CC=CC=C3C2=O)CC4=NC=CN=C4.[Br-],QBIYUDDJPRGKNJ-UHFFFAOYSA-M,"YALE-TNBC,MIT-MELANOMA,STANFORD,YALE-PDAC"
Serdemetan,,DB12027,11609586,1146,C1=CC=C2C(=C1)C(=CN2)CCNC3=CC=C(C=C3)NC4=CC=NC=C4,CEGSUKYESLWKJP-UHFFFAOYSA-N,STANFORD
Serotonin hydrochloride,,,160436,1716,C1=CC2=C(C=C1O)C(=CN2)CCN.Cl,MDIGAZPGKJFIAH-UHFFFAOYSA-N,STANFORD
Sertaconazole nitrate,,,200103,1717,C1=CC2=C(C(=C1)Cl)SC=C2COC(CN3C=CN=C3)C4=C(C=C(C=C4)Cl)Cl.[N+](=O)(O)[O-],HAAITRDZHUANGT-UHFFFAOYSA-N,STANFORD
Sertraline hydrochloride,,,63009,1718,CNC1CCC(C2=CC=CC=C12)C3=CC(=C(C=C3)Cl)Cl.Cl,BLFQGGGGFNSJKA-XHXSRVRCSA-N,STANFORD
Sesamin,,,72307,1719,C1C2C(COC2C3=CC4=C(C=C3)OCO4)C(O1)C5=CC6=C(C=C5)OCO6,PEYUIKBAABKQKQ-AFHBHXEDSA-N,STANFORD
SGC-0946,,,56962337,1681,CC(C)N(CCCNC(=O)NC1=CC=C(C=C1)C(C)(C)C)CC2C(C(C(O2)N3C=C(C4=C(N=CN=C43)N)Br)O)O,IQCKJUKAQJINMK-HUBRGWSESA-N,STANFORD
Sgc-cbp30,,,72201027,1682,CC1=C(C(=NO1)C)C2=CC3=C(C=C2)N(C(=N3)CCC4=CC(=C(C=C4)OC)Cl)CC(C)N5CCOCC5,GEPYBHCJBORHCE-SFHVURJKSA-N,STANFORD
SGI-1776,,,24795070,1684,CN1CCC(CC1)CNC2=NN3C(=NC=C3C4=CC(=CC=C4)OC(F)(F)F)C=C2,MHXGEROHKGDZGO-UHFFFAOYSA-N,STANFORD
Sgx-523,,,24779724,1685,CN1C=C(C=N1)C2=NN3C(=NN=C3SC4=CC5=C(C=C4)N=CC=C5)C=C2,BCZUAADEACICHN-UHFFFAOYSA-N,STANFORD
Shikimic acid,,,8742,1720,C1C(C(C(C=C1C(=O)O)O)O)O,JXOHGGNKMLTUBP-HSUXUTPPSA-N,STANFORD
Sildenafil citrate,,,135413523,1721,CCCC1=NN(C2=C1N=C(NC2=O)C3=C(C=CC(=C3)S(=O)(=O)N4CCN(CC4)C)OCC)C.C(C(=O)O)C(CC(=O)O)(C(=O)O)O,DEIYFTQMQPDXOT-UHFFFAOYSA-N,STANFORD
Silibinin,A05BA03,DB09298,31553,1722,COC1=C(C=CC(=C1)C2C(OC3=C(O2)C=C(C=C3)C4C(C(=O)C5=C(C=C(C=C5O4)O)O)O)CO)O,SEBFKMXJBCUCAI-HKTJVKLFSA-N,STANFORD
Silmitasertib,,,24748573,306,C1=CC(=CC(=C1)Cl)NC2=NC3=C(C=CC(=C3)C(=O)O)C4=C2C=CN=C4,MUOKSQABCJCOPU-UHFFFAOYSA-N,"MIT-MELANOMA,STANFORD"
Silodosin,G04CA04,DB06207,5312125,1723,CC(CC1=CC2=C(C(=C1)C(=O)N)N(CC2)CCCO)NCCOC3=CC=CC=C3OCC(F)(F)F,PNCPYILNMDWPEY-QGZVFWFLSA-N,STANFORD
Silymarin,,,1548994,1724,COC1=C(C=CC(=C1)C2C(OC3=C(O2)C=C(C=C3)C4C(C(=O)C5=C(C=C(C=C5O4)O)O)O)CO)O,SEBFKMXJBCUCAI-WAABAYLZSA-N,STANFORD
Sinomenine,,,5459308,1725,CN1CCC23CC(=O)C(=CC2C1CC4=C3C(=C(C=C4)OC)O)OC,INYYVPJSBIVGPH-QHRIQVFBSA-N,STANFORD
Sirolimus,S01XA23;L04AA10,DB00877,5284616,86,CC1CCC2CC(C(=CC=CC=CC(CC(C(=O)C(C(C(=CC(C(=O)CC(OC(=O)C3CCCCN3C(=O)C(=O)C1(O2)O)C(C)CC4CCC(C(C4)OC)O)C)C)O)OC)C)C)C)OC,QFJCIRLUMZQUOT-HPLJOQBZSA-N,"NCI-ALMANAC,YALE-TNBC,STANFORD"
Sirtinol,,,2827646,1726,CC(C1=CC=CC=C1)NC(=O)C2=CC=CC=C2N=CC3=C(C=CC4=CC=CC=C43)O,UXJFDYIHRJGPFS-UHFFFAOYSA-N,STANFORD
Sitafloxacin hydrate,,,6918203,1727,C1CC12CN(CC2N)C3=C(C=C4C(=C3Cl)N(C=C(C4=O)C(=O)O)C5CC5F)F.O,ANCJYRJLOUSQBW-JJZGMWGRSA-N,STANFORD
Sitagliptin phosphate monohydrate,,,11591741,1728,C1CN2C(=NN=C2C(F)(F)F)CN1C(=O)CC(CC3=CC(=C(C=C3F)F)F)N.O.OP(=O)(O)O,GQPYTJVDPQTBQC-KLQYNRQASA-N,STANFORD
Sitaxentan sodium,,,11477084,1729,CC1=CC2=C(C=C1CC(=O)C3=C(C=CS3)S(=O)(=O)[N-]C4=C(C(=NO4)C)Cl)OCO2.[Na+],MDTNUYUCUYPIHE-UHFFFAOYSA-N,STANFORD
Skepinone-L,,,45279963,1730,C1CC2=C(C=CC(=C2)NC3=C(C=C(C=C3)F)F)C(=O)C4=C1C=CC(=C4)OCC(CO)O,HXMGCTFLLWPVFM-GOSISDBHSA-N,STANFORD
SKI-II,,,753704,1686,C1=CC(=CC=C1C2=CSC(=N2)NC3=CC=C(C=C3)O)Cl,ZFGXZJKLOFCECI-UHFFFAOYSA-N,STANFORD
SN 38 Lactone,,DB05482,104842,87,CCC1=C2CN3C(=CC4=C(C3=O)COC(=O)C4(CC)O)C2=NC5=C1C=C(C=C5)O,FJHBVJOVLFPMQE-QFIPXVFZSA-N,"STANFORD,YALE-TNBC,MERCK,NCI-ALMANAC,YALE-PDAC"
SNS-314,,,24995524,345,C1=CC(=CC(=C1)Cl)NC(=O)NC2=NC=C(S2)CCNC3=NC=NC4=C3SC=C4,FAYAUAZLLLJJGH-UHFFFAOYSA-N,MIT-MELANOMA
SNS-314 Mesylate,,,24995523,1689,CS(=O)(=O)O.C1=CC(=CC(=C1)Cl)NC(=O)NC2=NC=C(S2)CCNC3=NC=NC4=C3SC=C4,FYCODPVDEFFWSR-UHFFFAOYSA-N,STANFORD
Snx-2112,,,24772860,1690,CC1(CC2=C(C(=O)C1)C(=NN2C3=CC(=C(C=C3)C(=O)N)NC4CCC(CC4)O)C(F)(F)F)C,ZFVRYNYOPQZKDG-UHFFFAOYSA-N,STANFORD
"Sodium 3-(3,4-dihydroxyphenyl)-2-hydroxypropanoate",,,23711819,1733,C1=CC(=C(C=C1CC(C(=O)[O-])O)O)O.[Na+],ZMMKVDBZTXUHFO-UHFFFAOYSA-M,STANFORD
Sodium 4-aminohippurate hydrate,,,24211921,1732,C1=CC(=CC=C1C(=O)NCC(=O)[O-])N.O.[Na+],NHEPGWSIUUSKAY-UHFFFAOYSA-M,STANFORD
Sodium 4-aminosalicylate,,,2724368,1731,C1=CC(=C(C=C1N)O)C(=O)[O-].[Na+],FVVDKUPCWXUVNP-UHFFFAOYSA-M,STANFORD
Sodium ascorbate,,,23667548,1738,C(C(C1C(=C(C(=O)O1)O)[O-])O)O.[Na+],PPASLZSBLFJQEF-RXSVEWSESA-M,STANFORD
Sodium diethyldithiocarbamate trihydrate,,,517546,289,CCN(CC)C(=S)[S-].O.O.O.[Na+],WWGXHTXOZKVJDN-UHFFFAOYSA-M,CLOUD
Sodium nitrite,V03AB08,DB09112,23668193,1734,N(=O)[O-].[Na+],LPXPTNMVRIOKMN-UHFFFAOYSA-M,STANFORD
Sodium nitroprusside,,,11953895,1735,[C-]#N.[C-]#N.[C-]#N.[C-]#N.[C-]#N.[N-]=O.O.O.[Na+].[Na+].[Fe+4],XRKMNJXYOFSTBE-UHFFFAOYSA-N,STANFORD
Sodium phenylbutyrate,,,5258,1736,C1=CC=C(C=C1)CCCC(=O)[O-].[Na+],VPZRWNZGLKXFOE-UHFFFAOYSA-M,STANFORD
Sodium picosulfate,,,68654,1737,C1=CC=NC(=C1)C(C2=CC=C(C=C2)OS(=O)(=O)[O-])C3=CC=C(C=C3)OS(=O)(=O)[O-].[Na+].[Na+],GOZDTZWAMGHLDY-UHFFFAOYSA-L,STANFORD
Sodium salicylate,,,16760658,1739,C1=CC=C(C(=C1)C(=O)[O-])O.[Na+],ABBQHOQBGMUPJH-UHFFFAOYSA-M,STANFORD
Sodium valproate,,,16760703,1935,CCCC(CCC)C(=O)[O-].[Na+],AEQFSUDEHCCHBT-UHFFFAOYSA-M,STANFORD
Solifenacin succinate,,,216457,1740,C1CN2CCC1C(C2)OC(=O)N3CCC4=CC=CC=C4C3C5=CC=CC=C5.C(CC(=O)O)C(=O)O,RXZMMZZRUPYENV-VROPFNGYSA-N,STANFORD
Sonidegib,L01XX48 ,DB09143,24775005,222,CC1CN(CC(O1)C)C2=NC=C(C=C2)NC(=O)C3=CC=CC(=C3C)C4=CC=C(C=C4)OC(F)(F)F,VZZJRYRQSPEMTK-CALCHBBNSA-N,"STANFORD,YALE-TNBC"
Sophocarpine,,,115269,1741,C1CC2CN3C(CC=CC3=O)C4C2N(C1)CCC4,AAGFPTSOPGCENQ-JLNYLFASSA-N,STANFORD
Sorafenib,L01XE05,DB00398,216239,88,CNC(=O)C1=NC=CC(=C1)OC2=CC=C(C=C2)NC(=O)NC3=CC(=C(C=C3)Cl)C(F)(F)F,MLDQJTXFUGDVEO-UHFFFAOYSA-N,"YALE-TNBC,MIT-MELANOMA,MERCK,NCI-ALMANAC,STANFORD"
Sorafenib tosylate,,,406563,1742,CC1=CC=C(C=C1)S(=O)(=O)O.CNC(=O)C1=NC=CC(=C1)OC2=CC=C(C=C2)NC(=O)NC3=CC(=C(C=C3)Cl)C(F)(F)F,IVDHYUQIDRJSTI-UHFFFAOYSA-N,STANFORD
Sorbitol,A06AD18;A06AG07;B05CX02;V04CC01,DB01638,5780,1743,C(C(C(C(C(CO)O)O)O)O)O,FBPFZTCFMRRESA-JGWLITMVSA-N,STANFORD
Sotalol,C07AA07,DB00489,5253,1744,CC(C)NCC(C1=CC=C(C=C1)NS(=O)(=O)C)O,ZBMZVLHSJCTVON-UHFFFAOYSA-N,STANFORD
Sotrastaurin,,DB12369,10296883,1745,CN1CCN(CC1)C2=NC3=CC=CC=C3C(=N2)C4=C(C(=O)NC4=O)C5=CNC6=CC=CC=C65,OAVGBZOFDPFGPJ-UHFFFAOYSA-N,STANFORD
Sparfloxacin,J01MA09,DB01208,60464,1746,CC1CN(CC(N1)C)C2=C(C(=C3C(=C2F)N(C=C(C3=O)C(=O)O)C4CC4)N)F,DZZWHBIBMUVIIW-DTORHVGOSA-N,STANFORD
Spebrutinib,,,59174488,425,COCCOC1=CC=C(C=C1)NC2=NC=C(C(=N2)NC3=CC(=CC=C3)NC(=O)C=C)F,KXBDTLQSDKGAEB-UHFFFAOYSA-N,STANFORD
Spectinomycin hydrochloride,,,64769,1747,CC1CC(=O)C2(C(O1)OC3C(C(C(C(C3O2)NC)O)NC)O)O.Cl,BIPVCOUVVAMJMZ-MTTMTQIXSA-N,STANFORD
Spectracef,,,6437877,707,CC1=C(SC=N1)C=CC2=C(N3C(C(C3=O)NC(=O)C(=NOC)C4=CSC(=N4)N)SC2)C(=O)OCOC(=O)C(C)(C)C,AFZFFLVORLEPPO-UVYJNCLZSA-N,STANFORD
Spironolactone,QC03DA01,DB00421,5833,1749,CC(=O)SC1CC2=CC(=O)CCC2(C3C1C4CCC5(C4(CC3)C)CCC(=O)O5)C,LXMSZDCAJNLERA-ZHYRCANASA-N,STANFORD
SrcI1,,,,346,,N,MIT-MELANOMA
Srpin340,,,2797577,1691,C1CCN(CC1)C2=C(C=C(C=C2)C(F)(F)F)NC(=O)C3=CC=NC=C3,DWFGGOFPIISJIT-UHFFFAOYSA-N,STANFORD
SRT1720 HCl,,,25232708,1692,C1CN(CCN1)CC2=CSC3=NC(=CN23)C4=CC=CC=C4NC(=O)C5=NC6=CC=CC=C6N=C5.Cl,DTGRRMPPXCRRIM-UHFFFAOYSA-N,STANFORD
SSR128129E,,,68853159,1693,CC1=C(N2C=CC=CC2=C1OC)C(=O)C3=CC(=C(C=C3)N)C(=O)[O-].[Na+],JFBMSTWZURKQOC-UHFFFAOYSA-M,STANFORD
Stattic,,,2779853,240,C1=CC(=CC2=C1C=CS2(=O)=O)[N+](=O)[O-],ZRRGOUHITGRLBA-UHFFFAOYSA-N,"STANFORD,YALE-TNBC"
Stavudine (d4T),,,5155,1750,CC1=CN(C(=O)NC1=O)C2C=CC(O2)CO,XNKLLVCARDGLGL-UHFFFAOYSA-N,STANFORD
StemRegenin 1,,,46199207,1751,CC(C)N1C=NC2=C(N=C(N=C21)C3=CSC4=CC=CC=C43)NCCC5=CC=C(C=C5)O,BGFHMYJZJZLMHW-UHFFFAOYSA-N,STANFORD
STF-118804,,,20916937,1694,CC1=CC=C(C=C1)S(=O)(=O)CC2=C(OC(=N2)C3=CC=C(C=C3)C(=O)NCC4=CN=CC=C4)C,DLFCEZOMHBPDGI-UHFFFAOYSA-N,STANFORD
Stibogluconate,,,16683013,347,C(C(C1C(C(O[Sb](=O)(O1)O[Sb]2(=O)OC(C(C(O2)C(=O)O)O)C(CO)O)C(=O)O)O)O)O,PFOYFBYIHCVQGB-XCCFGPONSA-N,MIT-MELANOMA
Stigmasterol,,,5280794,1752,CCC(C=CC(C)C1CCC2C1(CCC3C2CC=C4C3(CCC(C4)O)C)C)C(C)C,HCXVJBMSMIARIN-PHZDYDNGSA-N,STANFORD
Streptozocin,L01AD04,DB00428,29327,89,CN(C(=O)NC1C(C(C(OC1O)CO)O)O)N=O,ZSJLQEPLLKMAKR-GKHCUFPYSA-N,"STANFORD,NCI-ALMANAC"
SU-6656,,,5312137,348,CN(C)S(=O)(=O)C1=CC2=C(C=C1)NC(=O)C2=CC3=CC4=C(N3)CCCC4,LOGJQOUIVKBFGH-YBEGLDIGSA-N,MIT-MELANOMA
Succinylcholine chloride dihydrate,,,656867,1754,C[N+](C)(C)CCOC(=O)CCC(=O)OCC[N+](C)(C)C.O.O.[Cl-].[Cl-],FFSBEIRFVXGRPR-UHFFFAOYSA-L,STANFORD
Sucralose,,,71485,1755,C(C1C(C(C(C(O1)OC2(C(C(C(O2)CCl)O)O)CCl)O)O)Cl)O,BAQAVOSOZGMPRM-QBMZZYIRSA-N,STANFORD
Sulbactam,J01CG01,DB09324,130313,1756,CC1(C(N2C(S1(=O)=O)CC2=O)C(=O)O)C,FKENQMMABCRJMK-RITPCOANSA-N,STANFORD
Sulbactam sodium,,,23663973,1757,CC1(C(N2C(S1(=O)=O)CC2=O)C(=O)[O-])C.[Na+],NKZMPZCWBSWAOX-IBTYICNHSA-M,STANFORD
Sulconazole nitrate,,,65495,1758,C1=CC(=CC=C1CSC(CN2C=CN=C2)C3=C(C=C(C=C3)Cl)Cl)Cl.[N+](=O)(O)[O-],CRKGMGQUHDNAPB-UHFFFAOYSA-N,STANFORD
Sulfacetamide sodium,,,4022878,1759,CC(=O)[N-]S(=O)(=O)C1=CC=C(C=C1)N.[Na+],PQMSFAORUFMASU-UHFFFAOYSA-M,STANFORD
Sulfadiazine,J01EC02,DB00359,5215,1760,C1=CN=C(N=C1)NS(=O)(=O)C2=CC=C(C=C2)N,SEEPANYCNGTZFQ-UHFFFAOYSA-N,STANFORD
Sulfadimethoxine,J01ED01,DB06150,5323,1774,COC1=NC(=NC(=C1)NS(=O)(=O)C2=CC=C(C=C2)N)OC,ZZORFUFYDOWNEF-UHFFFAOYSA-N,STANFORD
Sulfaguanidine,A07AB03,,5324,1761,C1=CC(=CC=C1N)S(=O)(=O)N=C(N)N,BRBKOPJOKNSWSG-UHFFFAOYSA-N,STANFORD
Sulfamerazine,D06BA06,DB01581,5325,1762,CC1=NC(=NC=C1)NS(=O)(=O)C2=CC=C(C=C2)N,QPPBRPIAZZHUNT-UHFFFAOYSA-N,STANFORD
Sulfameter,J01ED04,,5326,1763,COC1=CN=C(N=C1)NS(=O)(=O)C2=CC=C(C=C2)N,GPTONYMQFTZPKC-UHFFFAOYSA-N,STANFORD
Sulfamethazine,J01EB03,DB01582,5327,1764,CC1=CC(=NC(=N1)NS(=O)(=O)C2=CC=C(C=C2)N)C,ASWVTGNCAZCNNR-UHFFFAOYSA-N,STANFORD
Sulfamethizole,B05CA04;D06BA04;J01EB02;S01AB01,DB00576,5328,1765,CC1=NN=C(S1)NS(=O)(=O)C2=CC=C(C=C2)N,VACCAVUAMIDAGB-UHFFFAOYSA-N,STANFORD
Sulfamethoxazole,J01EC01,DB01015,5329,1766,CC1=CC(=NO1)NS(=O)(=O)C2=CC=C(C=C2)N,JLKIGFTWXXRPMT-UHFFFAOYSA-N,STANFORD
Sulfamethoxypyridazine,J01ED05,,5330,1767,COC1=NN=C(C=C1)NS(=O)(=O)C2=CC=C(C=C2)N,VLYWMPOKSSWJAL-UHFFFAOYSA-N,STANFORD
Sulfanilamide,D06BA05;J01EB06,DB00259,5333,1768,C1=CC(=CC=C1N)S(=O)(=O)N,FDDDEECHVMSUSB-UHFFFAOYSA-N,STANFORD
Sulfapyridine,J01EB04,DB00891,5336,1769,C1=CC=NC(=C1)NS(=O)(=O)C2=CC=C(C=C2)N,GECHUMIMRBOMGK-UHFFFAOYSA-N,STANFORD
Sulfasalazine,A07EC01,DB00795,5339,1770,C1=CC=NC(=C1)NS(=O)(=O)C2=CC=C(C=C2)N=NC3=CC(=C(C=C3)O)C(=O)O,NCEXYHBECQHGNR-UHFFFAOYSA-N,STANFORD
Sulfathiazole,D06BA02;J01EB07,DB06147,5340,1771,C1=CC(=CC=C1N)S(=O)(=O)NC2=NC=CS2,JNMRHUJNCSQMMB-UHFFFAOYSA-N,STANFORD
Sulfinpyrazone,M04AB02,DB01138,5342,290,C1=CC=C(C=C1)N2C(=O)C(C(=O)N2C3=CC=CC=C3)CCS(=O)C4=CC=CC=C4,MBGGBVCUIVRRBF-UHFFFAOYSA-N,CLOUD
Sulfisoxazole,J01EB05;S01AB02,DB00263,5344,1772,CC1=C(ON=C1C)NS(=O)(=O)C2=CC=C(C=C2)N,NHUHCSRWZMLRLA-UHFFFAOYSA-N,STANFORD
Sulindac,M01AB02,DB00605,1548887,1773,CC1=C(C2=C(C1=CC3=CC=C(C=C3)S(=O)C)C=CC(=C2)F)CC(=O)O,MLKXDPUZXIRXEP-MFOYZWKCSA-N,STANFORD
Sumatriptan succinate,,,59772,1775,CNS(=O)(=O)CC1=CC2=C(C=C1)NC=C2CCN(C)C.C(CC(=O)O)C(=O)O,PORMUFZNYQJOEI-UHFFFAOYSA-N,STANFORD
Sunitinib,L01XE04,DB01268,5329102,90,CCN(CC)CCNC(=O)C1=C(NC(=C1C)C=C2C3=C(C=CC(=C3)F)NC2=O)C,WINHZLLDWRZWRT-ATVHPVEESA-N,"YALE-TNBC,CLOUD,MIT-MELANOMA,MERCK,NCI-ALMANAC"
Suplatast tosilate,,,71773,1776,CCOCC(COC1=CC=C(C=C1)NC(=O)CC[S+](C)C)O.CC1=CC=C(C=C1)S(=O)(=O)[O-],RYVJQEZJUFRANT-UHFFFAOYSA-N,STANFORD
Suprofen,M01AE07,DB00870,5359,1777,CC(C1=CC=C(C=C1)C(=O)C2=CC=CS2)C(=O)O,MDKGKXOCJGEUJW-UHFFFAOYSA-N,STANFORD
Suvorexant,N05CM19,DB09034,24965990,1778,CC1CCN(CCN1C(=O)C2=C(C=CC(=C2)C)N3N=CC=N3)C4=NC5=C(O4)C=CC(=C5)Cl,JYTNQNCOQXFQPK-MRXNPFEDSA-N,STANFORD
Syk Inhibitor,,,6419747,241,CN1C=C(C2=CC=CC=C21)C=C3C4=C(C=CC(=C4)S(=O)(=O)N)NC3=O,MLKHXLFEYOOYEY-NVNXTCNLSA-N,YALE-TNBC
Syk Inhibitor III,,,672296,1258,C1OC2=C(O1)C=C(C=C2)C=C[N+](=O)[O-],KFLWBZPSJQPRDD-ONEGZZNKSA-N,STANFORD
Synephrine,C01CA08;S01GA06,DB09203,7172,1779,CNCC(C1=CC=C(C=C1)O)O,YRCWQPVGYLYSOX-UHFFFAOYSA-N,STANFORD
Synephrine hydrochloride,,,42609626,1780,CNCC(C1=CC=C(C=C1)O)O.Cl,COTCEGYSNTWJQV-UHFFFAOYSA-N,STANFORD
T0070907,,,2777391,1781,C1=CC(=C(C=C1[N+](=O)[O-])C(=O)NC2=CC=NC=C2)Cl,FRPJSHKMZHWJBE-UHFFFAOYSA-N,STANFORD
Tacedinaline,,DB12291,2746,668,CC(=O)NC1=CC=C(C=C1)C(=O)NC2=CC=CC=C2N,VAZAPHZUAVEOMC-UHFFFAOYSA-N,STANFORD
Tacrine hydrochloride,,,2723754,1805,C1CCC2=NC3=CC=CC=C3C(=C2C1)N.Cl,ZUFVXZVXEJHHBN-UHFFFAOYSA-N,STANFORD
Tacrolimus,,,445643,1806,CC1CC(C2C(CC(C(O2)(C(=O)C(=O)N3CCCCC3C(=O)OC(C(C(CC(=O)C(C=C(C1)C)CC=C)O)C)C(=CC4CCC(C(C4)OC)O)C)O)C)OC)OC,QJJXYPPXXYFBGM-LFZNUXCKSA-N,STANFORD
Tadalafil,G04BE08,DB00820,110635,1807,CN1CC(=O)N2C(C1=O)CC3=C(C2C4=CC5=C(C=C4)OCO5)NC6=CC=CC=C36,WOXKDUGGOYFFRN-IIBYNOLFSA-N,STANFORD
Tak-285,,,11620908,1783,CC(C)(CC(=O)NCCN1C=CC2=C1C(=NC=N2)NC3=CC(=C(C=C3)OC4=CC=CC(=C4)C(F)(F)F)Cl)O,ZYQXEVJIFYIBHZ-UHFFFAOYSA-N,STANFORD
TAK-632,,,46209401,1785,C1CC1C(=O)NC2=NC3=C(S2)C(=C(C=C3)OC4=CC(=C(C=C4)F)NC(=O)CC5=CC(=CC=C5)C(F)(F)F)C#N,OJFKUJDRGJSAQB-UHFFFAOYSA-N,STANFORD
TAK-700,,,9883029,1786,CNC(=O)C1=CC2=C(C=C1)C=C(C=C2)C3(CCN4C3=CN=C4)O,OZPFIJIOIVJZMN-UHFFFAOYSA-N,STANFORD
TAK-715,,,9952773,1787,CCC1=NC(=C(S1)C2=CC(=NC=C2)NC(=O)C3=CC=CC=C3)C4=CC=CC(=C4)C,HEKAIDKUDLCBRU-UHFFFAOYSA-N,STANFORD
TAK-733,,DB12241,24963252,1788,CN1C2=C(C(=C(C1=O)F)NC3=C(C=C(C=C3)I)F)C(=O)N(C=N2)CC(CO)O,RCLQNICOARASSR-SECBINFHSA-N,STANFORD
Tak-901,,DB12756,16124208,1790,CCS(=O)(=O)C1=CC=CC(=C1)C2=CC(=C(C3=C2C4=C(N3)N=CC(=C4)C)C)C(=O)NC5CCN(CC5)C,WKDACQVEJIVHMZ-UHFFFAOYSA-N,"STANFORD,DECREASE"
Talc,,,16211421,1808,O.O=[Mg].O=[Mg].O=[Mg].O=[Si]=O.O=[Si]=O.O=[Si]=O.O=[Si]=O,FPAFDBFIGPHWGO-UHFFFAOYSA-N,STANFORD
Tame,,,1550286,1791,CC1=CC=C(C=C1)S(=O)(=O)NC(CCCN=C(N)N)C(=O)OC,FKMJXALNHKIDOD-LBPRGKRZSA-N,STANFORD
Tamibarotene,,DB04942,108143,1809,CC1(CCC(C2=C1C=CC(=C2)NC(=O)C3=CC=C(C=C3)C(=O)O)(C)C)C,MUTNCGKQJGXKEM-UHFFFAOYSA-N,STANFORD
Tamoxifen,L02BA01,DB00675,2733526,91,CCC(=C(C1=CC=CC=C1)C2=CC=C(C=C2)OCCN(C)C)C3=CC=CC=C3,NKANXQFJJICGDU-QPLCGJKRSA-N,NCI-ALMANAC
Tamoxifen citrate,,,2733525,1810,CCC(=C(C1=CC=CC=C1)C2=CC=C(C=C2)OCCN(C)C)C3=CC=CC=C3.C(C(=O)O)C(CC(=O)O)(C(=O)O)O,FQZYTYWMLGAPFJ-OQKDUQJOSA-N,STANFORD
Tandutinib,,DB05465,3038522,1811,CC(C)OC1=CC=C(C=C1)NC(=O)N2CCN(CC2)C3=NC=NC4=CC(=C(C=C43)OC)OCCCN5CCCCC5,UXXQOJXBIDBUAC-UHFFFAOYSA-N,STANFORD
Tanespimycin,,,6505803,351,CC1CC(C(C(C=C(C(C(C=CC=C(C(=O)NC2=CC(=O)C(=C(C1)C2=O)NCC=C)C)OC)OC(=O)N)C)C)O)OC,AYUNIORJHRXIBJ-TXHRRWQRSA-N,"MIT-MELANOMA,STANFORD"
Tangeretin,,,68077,1812,COC1=CC=C(C=C1)C2=CC(=O)C3=C(O2)C(=C(C(=C3OC)OC)OC)OC,ULSUXBXHSYSGDT-UHFFFAOYSA-N,STANFORD
Tanshinone I,,,114917,1813,CC1=C2C=CC3=C(C2=CC=C1)C(=O)C(=O)C4=C3OC=C4C,AIGAZQPHXLWMOJ-UHFFFAOYSA-N,STANFORD
Tanshinone IIA,,,164676,1814,CC1=COC2=C1C(=O)C(=O)C3=C2C=CC4=C3CCCC4(C)C,HYXITZLLTYIPOF-UHFFFAOYSA-N,STANFORD
Taractan,,,667467,727,CN(C)CCC=C1C2=CC=CC=C2SC3=C1C=C(C=C3)Cl,WSPOMRSOLSGNFJ-AUWJEWJLSA-N,STANFORD
Tariquidar,,,148201,1815,COC1=C(C=C2CN(CCC2=C1)CCC3=CC=C(C=C3)NC(=O)C4=CC(=C(C=C4NC(=O)C5=CC6=CC=CC=C6N=C5)OC)OC)OC,LGGHDPFKSSRQNS-UHFFFAOYSA-N,STANFORD
Tasisulam,,DB11941,10160238,1816,C1=CC(=C(C=C1Cl)Cl)C(=O)NS(=O)(=O)C2=CC=C(S2)Br,WWONFUQGBVOKOF-UHFFFAOYSA-N,STANFORD
Taxifolin,,DB02224,439533,1817,C1=CC(=C(C=C1C2C(C(=O)C3=C(C=C(C=C3O2)O)O)O)O)O,CXQWRCVTCMQVQX-LSDHHAIUSA-N,STANFORD
Tazarotene,,DB00799,5381,1818,CCOC(=O)C1=CN=C(C=C1)C#CC2=CC3=C(C=C2)SCCC3(C)C,OGQICQVSFDPSEI-UHFFFAOYSA-N,STANFORD
Tazemetostat,,DB12887,66558664,890,CCN(C1CCOCC1)C2=CC(=CC(=C2C)C(=O)NCC3=C(C=C(NC3=O)C)C)C4=CC=C(C=C4)CN5CCOCC5,NSQSAUGJQHDYNO-UHFFFAOYSA-N,STANFORD
TCS PIM-1 4a,,,1361334,1688,C1=CC(=CC(=C1)C(F)(F)F)C=C2C(=O)NC(=O)S2,NGJLOFCOEOHFKQ-YVMONPNESA-N,STANFORD
TCS-401 Hydrochloride,,,56972185,352,C1CNCC2=C1C(=C(S2)NC(=O)C(=O)O)C(=O)O.Cl,LQGCAMWQDSYOAY-UHFFFAOYSA-N,MIT-MELANOMA
TCS-PIM-1-4a,,,1361332,338,C1=CC(=CC(=C1)C(F)(F)F)C=C2C(=O)NC(=O)S2,NGJLOFCOEOHFKQ-VMPITWQZSA-N,MIT-MELANOMA
Tebipenem pivoxil,,,9892071,1819,CC1C2C(C(=O)N2C(=C1SC3CN(C3)C4=NCCS4)C(=O)OCOC(=O)C(C)(C)C)C(C)O,SNUDIPVBUUXCDG-QHSBEEBCSA-N,STANFORD
Tegafur,L01BC03,DB09256,5386,955,C1CC(OC1)N2C=C(C(=O)NC2=O)F,WFWLQNSHRPWKFK-UHFFFAOYSA-N,STANFORD
Telaprevir,,DB05521,3010818,1820,CCCC(C(=O)C(=O)NC1CC1)NC(=O)C2C3CCCC3CN2C(=O)C(C(C)(C)C)NC(=O)C(C4CCCCC4)NC(=O)C5=NC=CN=C5,BBAWEDCPNXPBQM-GDEBMMAJSA-N,STANFORD
Telatinib,,,9808844,1821,CNC(=O)C1=NC=CC(=C1)COC2=NN=C(C3=C2OC=C3)NC4=CC=C(C=C4)Cl,QFCXANHHBCGMAS-UHFFFAOYSA-N,STANFORD
Telbivudine,,DB01265,159269,1822,CC1=CN(C(=O)NC1=O)C2CC(C(O2)CO)O,IQFYYKKMVGJFEH-CSMHCCOUSA-N,STANFORD
Telmisartan,,DB00966,65999,1823,CCCC1=NC2=C(N1CC3=CC=C(C=C3)C4=CC=CC=C4C(=O)O)C=C(C=C2C)C5=NC6=CC=CC=C6N5C,RMMXLENWKUUMAY-UHFFFAOYSA-N,STANFORD
Temocapril hydrochloride,,,443873,1824,CCOC(=O)C(CCC1=CC=CC=C1)NC2CSC(CN(C2=O)CC(=O)O)C3=CC=CS3.Cl,XDDQNOKKZKHBIX-ASBZXGSUSA-N,STANFORD
Temozolomide,L01AX03,DB00853,5394,92,CN1C(=O)N2C=NC(=C2N=N1)C(=O)N,BPEGJWRSRHCHSN-UHFFFAOYSA-N,"MERCK,NCI-ALMANAC,STANFORD,CLOUD,MIT-MELANOMA"
Tempol,,DB12449,137994,1825,CC1(CC(CC(N1[O])(C)C)O)C,UZFMOKQJFYMBGY-UHFFFAOYSA-N,STANFORD
Temsirolimus,,,6918289,242,CC1CCC2CC(C(=CC=CC=CC(CC(C(=O)C(C(C(=CC(C(=O)CC(OC(=O)C3CCCCN3C(=O)C(=O)C1(O2)O)C(C)CC4CCC(C(C4)OC)OC(=O)C(C)(CO)CO)C)C)O)OC)C)C)C)OC,CBPNZQVSJQDFBE-FUXHJELOSA-N,"YALE-TNBC,STANFORD"
Teniposide,L01CB02,DB00444,452548,93,COC1=CC(=CC(=C1O)OC)C2C3C(COC3=O)C(C4=CC5=C(C=C24)OCO5)OC6C(C(C7C(O6)COC(O7)C8=CC=CS8)O)O,NRUKOCRGYNPUPR-QBPJDGROSA-N,"STANFORD,NCI-ALMANAC,DECREASE"
Tenofovir,,,464205,1826,CC(CN1C=NC2=C(N=CN=C21)N)OCP(=O)(O)O,SGOIRFVFHAKUTI-ZCFIWIBFSA-N,STANFORD
Tenofovir disoproxil fumarate,,,6398764,1827,CC(C)OC(=O)OCOP(=O)(COC(C)CN1C=NC2=C(N=CN=C21)N)OCOC(=O)OC(C)C.C(=CC(=O)O)C(=O)O,VCMJCVGFSROFHV-WZGZYPNHSA-N,STANFORD
Tenovin-1,,,1013376,1828,CC(=O)NC1=CC=C(C=C1)NC(=S)NC(=O)C2=CC=C(C=C2)C(C)(C)C,WOWJIWFCOPZFGV-UHFFFAOYSA-N,STANFORD
Tenoxicam,,DB00469,54677971,1829,CN1C(=C(C2=C(S1(=O)=O)C=CS2)O)C(=O)NC3=CC=CC=N3,LZNWYQJJBLGYLT-UHFFFAOYSA-N,STANFORD
Terazosin hydrochloride dihydrate,,,63016,1830,COC1=C(C=C2C(=C1)C(=NC(=N2)N3CCN(CC3)C(=O)C4CCCO4)N)OC.O.O.Cl,NZMOFYDMGFQZLS-UHFFFAOYSA-N,STANFORD
Terbinafine,D01AE15;D01BA02,DB00857,1549008,1831,CC(C)(C)C#CC=CCN(C)CC1=CC=CC2=CC=CC=C21,DOMXUEMWDBAQBQ-WEVVVXLNSA-N,STANFORD
Terbinafine hydrochloride,,,5282481,1832,CC(C)(C)C#CC=CCN(C)CC1=CC=CC2=CC=CC=C21.Cl,BWMISRWJRUSYEX-SZKNIZGXSA-N,STANFORD
Terfenadine,,DB00342,5405,1833,CC(C)(C)C1=CC=C(C=C1)C(CCCN2CCC(CC2)C(C3=CC=CC=C3)(C4=CC=CC=C4)O)O,GUGOEEXESWIERI-UHFFFAOYSA-N,STANFORD
Teriflunomide,L04AA31,DB08880,54684141,291,CC(=C(C#N)C(=O)NC1=CC=C(C=C1)C(F)(F)F)O,UTNUDOFZCWSZMS-YFHOEESVSA-N,"STANFORD,CLOUD"
Tetracaine hydrochloride,,,8695,1834,CCCCNC1=CC=C(C=C1)C(=O)OCCN(C)C.Cl,PPWHTZKZQNXVAE-UHFFFAOYSA-N,STANFORD
Tetracycline hydrochloride,,,54704426,1835,CC1(C2CC3C(C(=O)C(=C(C3(C(=O)C2=C(C4=C1C=CC=C4O)O)O)O)C(=O)N)N(C)C)O.Cl,YCIHPQHVWDULOY-FMZCEJRJSA-N,STANFORD
Tetraethylenepentamine pentahydrochloride,,,10309252,1836,C(CNCCNCCNCCN)N.Cl.Cl.Cl.Cl.Cl,VGICAQBLDJAGSJ-UHFFFAOYSA-N,STANFORD
Tetrahydropalmatine,,DB12093,72301,1651,COC1=C(C2=C(CC3C4=CC(=C(C=C4CCN3C2)OC)OC)C=C1)OC,AEQDJSLRWYMAQI-KRWDZBQOSA-N,STANFORD
Tetrahydropapaverine hydrochloride,,,16667431,1837,COC1=C(C=C(C=C1)CC2C3=CC(=C(C=C3CCN2)OC)OC)OC.Cl,VMPLLPIDRGXFTQ-UHFFFAOYSA-N,STANFORD
Tetrahydrozoline hydrochloride,,,10648,1838,C1CC(C2=CC=CC=C2C1)C3=NCCN3.Cl,BJORNXNYWNIWEY-UHFFFAOYSA-N,STANFORD
Tetramisole,,,3913,373,C1CSC2=NC(CN21)C3=CC=CC=C3,HLFSDGLLUJUHTE-UHFFFAOYSA-N,STANFORD
Tetrandrine,,,73078,1839,CN1CCC2=CC(=C3C=C2C1CC4=CC=C(C=C4)OC5=C(C=CC(=C5)CC6C7=C(O3)C(=C(C=C7CCN6C)OC)OC)OC)OC,WVTKBKWTSCPRNU-KYJUHHDHSA-N,STANFORD
Tezacaftor,,DB11712,46199646,1927,CC(C)(CO)C1=CC2=CC(=C(C=C2N1CC(CO)O)F)NC(=O)C3(CC3)C4=CC5=C(C=C4)OC(O5)(F)F,MJUVRTYWUMPBTR-MRXNPFEDSA-N,STANFORD
TG-003,,,1893668,1794,CCN1C2=C(C=CC(=C2)OC)SC1=CC(=O)C,BGVLELSCIHASRV-QPEQYQDCSA-N,STANFORD
TG-100115,,,10427712,1795,C1=CC(=CC(=C1)O)C2=NC3=C(N=C(N=C3N=C2C4=CC(=CC=C4)O)N)N,UJIAQDJKSXQLIT-UHFFFAOYSA-N,STANFORD
TG-100713,,,17751063,1796,C1=CC(=CC(=C1)O)C2=CN=C3C(=N2)C(=NC(=N3)N)N,UOORQSPLBHUQDQ-UHFFFAOYSA-N,STANFORD
TG-101209,,,16722832,1797,CC1=CN=C(N=C1NC2=CC(=CC=C2)S(=O)(=O)NC(C)(C)C)NC3=CC=C(C=C3)N4CCN(CC4)C,JVDOKQYTTYUYDV-UHFFFAOYSA-N,STANFORD
TGF-beta RI Inhibitor III,,,9858940,1673,CC1=NC(=CC=C1)C2=C(N=C(N2)C(C)(C)C)C3=CC4=C(C=C3)OCO4,WGZOTBUYUFBEPZ-UHFFFAOYSA-N,STANFORD
Tgx-221,,,9907093,1799,CC1=CN2C(=O)C=C(N=C2C(=C1)C(C)NC3=CC=CC=C3)N4CCOCC4,CPRAGQJXBLMUEL-UHFFFAOYSA-N,STANFORD
TH588,,,73389731,2015,C1CC1NC2=NC(=NC(=C2)C3=C(C(=CC=C3)Cl)Cl)N,PNMYJIOQIAEYQL-UHFFFAOYSA-N,VISAGE
Thalidomide,L04AX02,DB01041,5426,94,C1CC(=O)NC(=O)C1N2C(=O)C3=CC=CC=C3C2=O,UEJJHQNACJXSKW-UHFFFAOYSA-N,"STANFORD,NCI-ALMANAC"
Thapsigargin,,,446378,183,CCCCCCCC(=O)OC1C2C(=C(C1OC(=O)C(=CC)C)C)C3C(C(CC2(C)OC(=O)C)OC(=O)CCC)(C(C(=O)O3)(C)O)O,IXFPJGBNCFXKPI-FSIHEZPISA-N,YALE-PDAC
Theobromine,,DB01412,5429,1840,CN1C=NC2=C1C(=O)NC(=O)N2C,YAPQBXQYLJRXSA-UHFFFAOYSA-N,STANFORD
Thiabendazole,D01AC06;P02CA02,DB00730,5430,292,C1=CC=C2C(=C1)NC(=N2)C3=CSC=N3,WJCNZQLZVWNLKY-UHFFFAOYSA-N,"STANFORD,CLOUD"
Thiamet G,,,136240571,1841,CCN=C1NC2C(C(C(OC2S1)CO)O)O,PPAIMZHKIXDJRN-UHFFFAOYSA-N,STANFORD
Thiamphenicol,J01BA02,DB08621,27200,1842,CS(=O)(=O)C1=CC=C(C=C1)C(C(CO)NC(=O)C(Cl)Cl)O,OTVAEFIXJLOWRX-NXEZZACHSA-N,STANFORD
Thiazovivin,,,46209426,1843,C1=CC=C(C=C1)CNC(=O)C2=CSC(=N2)NC3=NC=NC=C3,DOBKQCZBPPCLEG-UHFFFAOYSA-N,STANFORD
Thioguanine,L01BB03,DB00352,2723601,95,C1=NC2=C(N1)C(=S)N=C(N2)N,WYWHKKSPHMUBEB-UHFFFAOYSA-N,NCI-ALMANAC
Thioridazine,05AC02 ,DB00679,5452,243,CN1CCCCC1CCN2C3=CC=CC=C3SC4=C2C=C(C=C4)SC,KLBQZWRITKRQQV-UHFFFAOYSA-N,YALE-TNBC
Thioridazine hydrochloride,,,66062,1844,CN1CCCCC1CCN2C3=CC=CC=C3SC4=C2C=C(C=C4)SC.Cl,NZFNXWQNBYZDAQ-UHFFFAOYSA-N,STANFORD
Thiotepa,L01AC01,DB04572,5453,96,C1CN1P(=S)(N2CC2)N3CC3,FOCVUCIESVLUNU-UHFFFAOYSA-N,NCI-ALMANAC
Thonzonium bromide,,,11102,1845,CCCCCCCCCCCCCCCC[N+](C)(C)CCN(CC1=CC=C(C=C1)OC)C2=NC=CC=N2.[Br-],WBWDWFZTSDZAIG-UHFFFAOYSA-M,STANFORD
Tianeptine sodium,,,23663953,1846,CN1C2=CC=CC=C2C(C3=C(S1(=O)=O)C=C(C=C3)Cl)NCCCCCCC(=O)[O-].[Na+],ZLBSUOGMZDXYKE-UHFFFAOYSA-M,STANFORD
Ticagrelor,,,9871419,1847,CCCSC1=NC(=C2C(=N1)N(N=N2)C3CC(C(C3O)O)OCCO)NC4CC4C5=CC(=C(C=C5)F)F,OEKWJQXRCDYSHL-FNOIDJSQSA-N,STANFORD
Ticarcillin disodium,,,470375,1848,CC1(C(N2C(S1)C(C2=O)NC(=O)C(C3=CSC=C3)C(=O)[O-])C(=O)[O-])C.[Na+].[Na+],ZBBCUBMBMZNEME-QBGWIPKPSA-L,STANFORD
Ticlopidine hydrochloride,,,65335,1849,C1CN(CC2=C1SC=C2)CC3=CC=CC=C3Cl.Cl,MTKNGOHFNXIVOS-UHFFFAOYSA-N,STANFORD
Tideglusib,,,11313622,353,C1=CC=C(C=C1)CN2C(=O)N(SC2=O)C3=CC=CC4=CC=CC=C43,PMJIHLSCWIDGMD-UHFFFAOYSA-N,"STANFORD,MIT-MELANOMA"
Tie2 kinase inhibitor,,,23625762,354,COC1=CC2=C(C=C1)C=C(C=C2)C3=C(NC(=N3)C4=CC=C(C=C4)S(=O)C)C5=CC=NC=C5,SINQIEAULQKUPD-UHFFFAOYSA-N,"MIT-MELANOMA,STANFORD"
Tigecycline,,,54686904,1850,CC(C)(C)NCC(=O)NC1=CC(=C2CC3CC4C(C(=O)C(=C(C4(C(=O)C3=C(C2=C1O)O)O)O)C(=O)N)N(C)C)N(C)C,SOVUOXKZCCAWOJ-HJYUBDRYSA-N,STANFORD
Tilmicosin,,,5282521,1851,CCC1C(C=C(C=CC(=O)C(CC(C(C(C(CC(=O)O1)O)C)OC2C(C(C(C(O2)C)O)N(C)C)O)CCN3CC(CC(C3)C)C)C)C)COC4C(C(C(C(O4)C)O)OC)OC,JTSDBFGMPLKDCD-XVFHVFLVSA-N,STANFORD
Timolol maleate,,,5281056,1852,CC(C)(C)NCC(COC1=NSN=C1N2CCOCC2)O.C(=CC(=O)O)C(=O)O,WLRMANUAADYWEA-NWASOUNVSA-N,STANFORD
Tinidazole,J01XD02;P01AB02,DB00911,5479,1853,CCS(=O)(=O)CCN1C(=NC=C1[N+](=O)[O-])C,HJLSLZFTEKNLFI-UHFFFAOYSA-N,STANFORD
Tioconazole,D01AC07;G01AF08,DB01007,5482,1854,C1=CC(=C(C=C1Cl)Cl)C(CN2C=CN=C2)OCC3=C(SC=C3)Cl,QXHHHPZILQDDPS-UHFFFAOYSA-N,STANFORD
Tiopronin,G04BX16,DB06823,5483,1855,CC(C(=O)NCC(=O)O)S,YTGJWQPHMWSCST-UHFFFAOYSA-N,STANFORD
Tiotropium bromide hydrate,,,11431811,1856,C[N+]1(C2CC(CC1C3C2O3)OC(=O)C(C4=CC=CS4)(C5=CC=CS5)O)C.O.[Br-],MQLXPRBEAHBZTK-KFEMZTBUSA-M,STANFORD
Tioxolone,,,72139,1857,C1=CC2=C(C=C1O)OC(=O)S2,SLYPOVJCSQHITR-UHFFFAOYSA-N,STANFORD
Tipifarnib,,DB04960,159324,244,CN1C=NC=C1C(C2=CC=C(C=C2)Cl)(C3=CC4=C(C=C3)N(C(=O)C=C4C5=CC(=CC=C5)Cl)C)N,PLHJCIYEEKOWNM-HHHXNRCGSA-N,"YALE-TNBC,MIT-MELANOMA,STANFORD"
Tiratricol,D11AX08;H03AA04,DB03604,5803,1858,C1=CC(=C(C=C1OC2=C(C=C(C=C2I)CC(=O)O)I)I)O,UOWZUVNAGUAEQC-UHFFFAOYSA-N,STANFORD
Tirbanibulin,,,23635314,1159,C1COCCN1CCOC2=CC=C(C=C2)C3=CN=C(C=C3)CC(=O)NCC4=CC=CC=C4,HUNGUWOZPQBXGX-UHFFFAOYSA-N,"DECREASE,STANFORD"
Tivantinib,,DB12200,11494412,245,C1CC2=C3C(=CC=C2)C(=CN3C1)C4C(C(=O)NC4=O)C5=CNC6=CC=CC=C65,UCEQXRCJXIVODC-PMACEKPBSA-N,YALE-TNBC
Tivozanib,L01XE34,DB11800,9911830,1859,CC1=CC(=NO1)NC(=O)NC2=C(C=C(C=C2)OC3=C4C=C(C(=CC4=NC=C3)OC)OC)Cl,SPMVMDHWKHCIDT-UHFFFAOYSA-N,STANFORD
Tizanidine hydrochloride,,,114869,1860,C1CN=C(N1)NC2=C(C=CC3=NSN=C32)Cl.Cl,ZWUKMNZJRDGCTQ-UHFFFAOYSA-N,STANFORD
Tizoxanide,,,394397,293,C1=CC=C(C(=C1)C(=O)NC2=NC=C(S2)[N+](=O)[O-])O,FDTZUTSGGSRHQF-UHFFFAOYSA-N,CLOUD
TO-901317,,,447912,349,C1=CC=C(C=C1)S(=O)(=O)N(CC(F)(F)F)C2=CC=C(C=C2)C(C(F)(F)F)(C(F)(F)F)O,SGIWFELWJPNFDH-UHFFFAOYSA-N,"STANFORD,MIT-MELANOMA"
Tofacitinib,L04AA29,DB08895,9926791,305,CC1CCN(CC1N(C)C2=NC=NC3=C2C=CN3)C(=O)CC#N,UJLAWZDWDVHWOW-YPMHNXCESA-N,"MIT-MELANOMA,STANFORD"
Tofacitinib citrate,,,10174505,1861,CC1CCN(CC1N(C)C2=NC=NC3=C2C=CN3)C(=O)CC#N.C(C(=O)O)C(CC(=O)O)(C(=O)O)O,SYIKUFDOYJFGBQ-YLAFAASESA-N,STANFORD
Tolazoline hydrochloride,,,6048,1862,C1CN=C(N1)CC2=CC=CC=C2.Cl,RHTNTTODYGNRSP-UHFFFAOYSA-N,STANFORD
Tolbutamide,A10BB03;V04CA01,DB01124,5505,1863,CCCCNC(=O)NS(=O)(=O)C1=CC=C(C=C1)C,JLRGJRBPOGGCBT-UHFFFAOYSA-N,STANFORD
Tolcapone,N04BX01,DB00323,4659569,1864,CC1=CC=C(C=C1)C(=O)C2=CC(=C(C(=C2)O)O)[N+](=O)[O-],MIQPIUSUKVNLNT-UHFFFAOYSA-N,STANFORD
Tolfenamic acid,M01AG02,DB09216,610479,1865,CC1=C(C=CC=C1Cl)NC2=CC=CC=C2C(=O)O,YEZNLOUZAIOMLT-UHFFFAOYSA-N,STANFORD
Tolmetin sodium,,,23665411,1866,CC1=CC=C(C=C1)C(=O)C2=CC=C(N2C)CC(=O)[O-].[Na+],QGUALMNFRILWRA-UHFFFAOYSA-M,STANFORD
Tolnaftate,D01AE18,DB00525,5510,1867,CC1=CC(=CC=C1)N(C)C(=S)OC2=CC3=CC=CC=C3C=C2,FUSNMLFNXJSCDI-UHFFFAOYSA-N,STANFORD
Tolperisone hydrochloride,,,92965,1868,CC1=CC=C(C=C1)C(=O)C(C)CN2CCCCC2.Cl,ZBUVYROEHQQAKL-UHFFFAOYSA-N,STANFORD
Toltrazuril,,,68591,1870,CC1=C(C=CC(=C1)N2C(=O)NC(=O)N(C2=O)C)OC3=CC=C(C=C3)SC(F)(F)F,OCINXEZVIIVXFU-UHFFFAOYSA-N,STANFORD
Tolvaptan,,,216237,1871,CC1=CC=CC=C1C(=O)NC2=CC(=C(C=C2)C(=O)N3CCCC(C4=C3C=CC(=C4)Cl)O)C,GYHCTFXIZSNGJT-UHFFFAOYSA-N,STANFORD
Topiramate,N03AX11 ,DB00273,5284627,294,CC1(OC2COC3(C(C2O1)OC(O3)(C)C)COS(=O)(=O)N)C,KJADKKWYZYXHBB-XBWDGYHZSA-N,"STANFORD,CLOUD"
Topotecan,L01XX17,DB01030,60700,97,CCC1(C2=C(COC1=O)C(=O)N3CC4=CC5=C(C=CC(=C5CN(C)C)O)N=C4C3=C2)O,UCFGDBYHRUNTLO-QHCPKHFHSA-N,"YALE-TNBC,MERCK,NCI-ALMANAC"
Topotecan hydrochloride,,,60699,1872,CCC1(C2=C(COC1=O)C(=O)N3CC4=CC5=C(C=CC(=C5CN(C)C)O)N=C4C3=C2)O.Cl,DGHHQBMTXTWTJV-BQAIUKQQSA-N,STANFORD
Torcetrapib,,,159325,1873,CCC1CC(C2=C(N1C(=O)OCC)C=CC(=C2)C(F)(F)F)N(CC3=CC(=CC(=C3)C(F)(F)F)C(F)(F)F)C(=O)OC,CMSGWTNRGKRWGS-NQIIRXRSSA-N,STANFORD
Toremifene citrate,,,3005572,1874,CN(C)CCOC1=CC=C(C=C1)C(=C(CCCl)C2=CC=CC=C2)C3=CC=CC=C3.C(C(=O)O)C(CC(=O)O)(C(=O)O)O,IWEQQRMGNVVKQW-OQKDUQJOSA-N,STANFORD
Torin 1,,,49836027,1875,CCC(=O)N1CCN(CC1)C2=C(C=C(C=C2)N3C(=O)C=CC4=CN=C5C=CC(=CC5=C43)C6=CC7=CC=CC=C7N=C6)C(F)(F)F,AKCRNFFTGXBONI-UHFFFAOYSA-N,STANFORD
Torin 2,,,51358113,1876,C1=CC(=CC(=C1)N2C(=O)C=CC3=CN=C4C=CC(=CC4=C32)C5=CN=C(C=C5)N)C(F)(F)F,GUXXEUUYCAYESJ-UHFFFAOYSA-N,STANFORD
Torsemide,,,41781,1877,CC1=CC(=CC=C1)NC2=C(C=NC=C2)S(=O)(=O)NC(=O)NC(C)C,NGBFQHCMQULJNZ-UHFFFAOYSA-N,STANFORD
Tosedostat,,DB11781,15547703,1878,CC(C)CC(C(C(=O)NO)O)C(=O)NC(C1=CC=CC=C1)C(=O)OC2CCCC2,FWFGIHPGRQZWIW-SQNIBIBYSA-N,"STANFORD,DECREASE"
Tozasertib,,,5494449,246,CC1=CC(=NN1)NC2=CC(=NC(=N2)SC3=CC=C(C=C3)NC(=O)C4CC4)N5CCN(CC5)C,GCIKSSRWRFVXBI-UHFFFAOYSA-N,"MIT-MELANOMA,YALE-TNBC,STANFORD"
Trametinib,L01XE25,DB08911,11707110,131,CC1=C2C(=C(N(C1=O)C)NC3=C(C=C(C=C3)I)F)C(=O)N(C(=O)N2C4=CC=CC(=C4)NC(=O)C)C5CC5,LIRYPHYGHXZJBZ-UHFFFAOYSA-N,"YALE-TNBC,YALE-PDAC,STANFORD,DECREASE"
Tranexamic acid,B02AA02,DB00302,5526,1879,C1CC(CCC1CN)C(=O)O,GYDJEQRTZSCIOI-UHFFFAOYSA-N,STANFORD
Tranilast,,DB07615,5282230,1880,COC1=C(C=C(C=C1)C=CC(=O)NC2=CC=CC=C2C(=O)O)OC,NZHGWWWHIYHZNX-CSKARUKUSA-N,STANFORD
Tranylcypromine hydrochloride,,,2723716,1881,C1C(C1N)C2=CC=CC=C2.Cl,ZPEFMSTTZXJOTM-OULXEKPRSA-N,STANFORD
Trazodone hydrochloride,,,62935,1882,C1CN(CCN1CCCN2C(=O)N3C=CC=CC3=N2)C4=CC(=CC=C4)Cl.Cl,OHHDIOKRWWOXMT-UHFFFAOYSA-N,STANFORD
Tretinoin,L01XX14;D10AD51;D10AD01,DB00755,444795,98,CC1=C(C(CCC1)(C)C)C=CC(=CC=CC(=CC(=O)O)C)C,SHGAZHPCJJPHSC-YCNIQYBTSA-N,"STANFORD,NCI-ALMANAC"
Triamcinolone,A01AC01;C05AA12;D07AB09;D07XB02;H02AB08;R01AD11;R03BA06;S01BA05,DB00620,31307,1883,CC12CC(C3(C(C1CC(C2(C(=O)CO)O)O)CCC4=CC(=O)C=CC43C)F)O,GFNANZIMVAIWHM-OBYCQNJPSA-N,STANFORD
Triamcinolone acetonide,,,6436,1884,CC1(OC2CC3C4CCC5=CC(=O)C=CC5(C4(C(CC3(C2(O1)C(=O)CO)C)O)F)C)C,YNDXUCZADRHECN-JNQJZLCISA-N,STANFORD
Triamterene,C03DB02,DB00384,5546,1885,C1=CC=C(C=C1)C2=NC3=C(N=C(N=C3N=C2N)N)N,FNYLWPVRPXGIIP-UHFFFAOYSA-N,STANFORD
Triapine,,DB11940,9571836,247,C1=CC(=C(N=C1)C=NNC(=S)N)N,XMYKNCNAZKMVQN-NYYWCZLTSA-N,YALE-TNBC
Trichlormethiazide,C03AA06,DB01021,5560,1886,C1=C2C(=CC(=C1Cl)S(=O)(=O)N)S(=O)(=O)NC(N2)C(Cl)Cl,LMJSLTNSBFUCMU-UHFFFAOYSA-N,STANFORD
Trichostatin A,,,444732,1887,CC(C=C(C)C=CC(=O)NO)C(=O)C1=CC=C(C=C1)N(C)C,RTKIYFITIVXBLE-QEQCGCAPSA-N,STANFORD
Triciribine,,DB12405,65399,1888,CN1C2=NC=NC3=C2C(=CN3C4C(C(C(O4)CO)O)O)C(=N1)N,HOGVTUZUJGHKPL-HTVVRFAVSA-N,STANFORD
Triclabendazole,P02BX04,DB12245,50248,1889,CSC1=NC2=CC(=C(C=C2N1)Cl)OC3=C(C(=CC=C3)Cl)Cl,NQPDXQQQCQDHHW-UHFFFAOYSA-N,STANFORD
Triethylenemelamine,,DB14031,5799,99,C1CN1C2=NC(=NC(=N2)N3CC3)N4CC4,IUCJMVBFZDHPDX-UHFFFAOYSA-N,NCI-ALMANAC
Trifluoperazine,N05AB06 ,DB00831,5566,248,CN1CCN(CC1)CCCN2C3=CC=CC=C3SC4=C2C=C(C=C4)C(F)(F)F,ZEWQUBUPAILYHI-UHFFFAOYSA-N,"YALE-TNBC,CLOUD"
Trifluoperazine dihydrochloride,,,66064,1890,CN1CCN(CC1)CCCN2C3=CC=CC=C3SC4=C2C=C(C=C4)C(F)(F)F.Cl.Cl,BXDAOUXDMHXPDI-UHFFFAOYSA-N,STANFORD
Triflupromazine,N05AA05,DB00508,5568,295,CN(C)CCCN1C2=CC=CC=C2SC3=C1C=C(C=C3)C(F)(F)F,XSCGXQMFQXDFCW-UHFFFAOYSA-N,CLOUD
Trifluridine,S01AD02,DB00432,6256,249,C1C(C(OC1N2C=C(C(=O)NC2=O)C(F)(F)F)CO)O,VSQQQLOSPVPRAZ-RRKCRQDMSA-N,"YALE-TNBC,STANFORD"
Triflusal,B01AC18,DB08814,9458,1891,CC(=O)OC1=C(C=CC(=C1)C(F)(F)F)C(=O)O,RMWVZGDJPAKBDE-UHFFFAOYSA-N,STANFORD
Trilostane,H02CA01,DB01108,656583,1892,CC12CCC3C(C1CCC2O)CCC45C3(CC(=C(C4O5)O)C#N)C,KVJXBPDAXMEYOA-CXANFOAXSA-N,STANFORD
Trimethoprim,J01EA01,DB00440,5578,1893,COC1=CC(=CC(=C1OC)OC)CC2=CN=C(N=C2N)N,IEDVJHCEMCRBQM-UHFFFAOYSA-N,STANFORD
Tripelennamine hydrochloride,,,9066,1894,CN(C)CCN(CC1=CC=CC=C1)C2=CC=CC=N2.Cl,FSSICIQKZGUEAE-UHFFFAOYSA-N,STANFORD
Triptolide,,DB12025,107985,250,CC(C)C12C(O1)C3C4(O3)C5(CCC6=C(C5CC7C4(C2O)O7)COC6=O)C,DFBIRQPKNDILPW-CIVMWXNOSA-N,"STANFORD,YALE-TNBC"
Tromethamine,B05BB03;B05XX02,DB03754,6503,1895,C(C(CO)(CO)N)O,LENZDBCJOHFCAS-UHFFFAOYSA-N,STANFORD
Tropicamide,S01FA06,DB00809,5593,1896,CCN(CC1=CC=NC=C1)C(=O)C(CO)C2=CC=CC=C2,BGDKAVGWHJFAGW-UHFFFAOYSA-N,STANFORD
Tropisetron,A04AA03,DB11699,656665,1897,CN1C2CCC1CC(C2)OC(=O)C3=CNC4=CC=CC=C43,ZNRGQMMCGHDTEI-FUNVUKJBSA-N,STANFORD
Troxerutin,C05CA04,DB13124,5486699,1899,CC1C(C(C(C(O1)OCC2C(C(C(C(O2)OC3=C(OC4=CC(=CC(=C4C3=O)O)OCCO)C5=CC(=C(C=C5)OCCO)OCCO)O)O)O)O)O)O,IYVFNTXFRYQLRP-VVSTWUKXSA-N,STANFORD
Troxipide,A02BX11,,5597,1900,COC1=CC(=CC(=C1OC)OC)C(=O)NC2CCCNC2,YSIITVVESCNIPR-UHFFFAOYSA-N,STANFORD
Ttnpb,,DB02877,5289501,1802,CC(=CC1=CC=C(C=C1)C(=O)O)C2=CC3=C(C=C2)C(CCC3(C)C)(C)C,FOIVPCKZDPCJJY-JQIJEIRASA-N,STANFORD
Tubastatin A hydrochloride,,,57336514,1901,CN1CCC2=C(C1)C3=CC=CC=C3N2CC4=CC=C(C=C4)C(=O)NO.Cl,LJTSJTWIMOGKRJ-UHFFFAOYSA-N,STANFORD
Turofexorate isopropyl,,DB12719,10026128,1974,CC(C)OC(=O)C1=CN(CC(C2=C1NC3=CC=CC=C32)(C)C)C(=O)C4=CC(=C(C=C4)F)F,INASOKQDNHHMRE-UHFFFAOYSA-N,STANFORD
TW-37,,,11455910,1803,CC(C)C1=CC=CC=C1CC2=CC(=C(C(=C2O)O)O)C(=O)NC3=CC=C(C=C3)S(=O)(=O)C4=CC=CC=C4C(C)(C)C,PQAPVTKIEGUPRN-UHFFFAOYSA-N,STANFORD
TWS-119,,,9549289,1804,C1=CC(=CC(=C1)N)C2=CC3=C(N2)N=CN=C3OC4=CC=CC(=C4)O,VPVLEBIVXZSOMQ-UHFFFAOYSA-N,STANFORD
Tylan soluble,,,60196281,1902,CCC1C(C=C(C=CC(=O)C(CC(C(C(C(CC(=O)O1)O)C)OC2C(C(C(C(O2)C)OC3CC(C(C(O3)C)O)(C)O)N(C)C)O)CC=O)C)C)COC4C(C(C(C(O4)C)O)OC)OC.C(C(C(=O)O)O)(C(=O)O)O,ICVKYYINQHWDLM-KBEWXLTPSA-N,STANFORD
Tyrphostin A23,,,2052,406,C1=CC(=C(C=C1C=C(C#N)C#N)O)O,VTJXFTPMFYAJJU-UHFFFAOYSA-N,STANFORD
Tyrphostin AG 1024,,,2044,403,CC(C)(C)C1=C(C(=CC(=C1)C=C(C#N)C#N)Br)O,ABBADGFSRBWENF-UHFFFAOYSA-N,STANFORD
Tyrphostin AG 879,,,135419190,1905,CC(C)(C)C1=CC(=CC(=C1O)C(C)(C)C)C=C(C#N)C(=S)N,XRZYELWZLNAXGE-KPKJPENVSA-N,STANFORD
Tyrphostin B42,,,5328779,407,C1=CC=C(C=C1)CNC(=O)C(=CC2=CC(=C(C=C2)O)O)C#N,TUCIOBMMDDOEMM-RIYZIHGNSA-N,STANFORD
U-73122,,,104794,355,CC12CCC3C(C1CCC2NCCCCCCN4C(=O)C=CC4=O)CCC5=C3C=CC(=C5)OC,LUFAORPFSVMJIW-ZRJUGLEFSA-N,MIT-MELANOMA
U0126-EtOH,,,16220066,1907,CCO.C1=CC=C(C(=C1)N)SC(=C(C#N)C(=C(N)SC2=CC=CC=C2N)C#N)N,CFQULUVMLGZVAF-OYJDLGDISA-N,STANFORD
UCH-L3 Inhibitor,,,2729042,1792,C1C(=O)C2=C(C1=O)C(=C(C(=C2Cl)Cl)Cl)Cl,IDLAOWFFKWRNHB-UHFFFAOYSA-N,STANFORD
UK-383367,,,9818682,1908,C1CCC(CC1)CCCC(CC(=O)NO)C2=NC(=NO2)C(=O)N,ARJCBSRIPGJMAD-LLVKDONJSA-N,STANFORD
Ulipristal,G03XB02,DB08867,13559281,1913,CC(=O)C1(CCC2C1(CC(C3=C4CCC(=O)C=C4CCC23)C5=CC=C(C=C5)N(C)C)C)O,HKDLNTKNLJPAIY-WKWWZUSTSA-N,STANFORD
UNC-1999,,,72551585,1909,CCCC1=C(C(=O)NC(=C1)C)CNC(=O)C2=C3C=NN(C3=CC(=C2)C4=CN=C(C=C4)N5CCN(CC5)C(C)C)C(C)C,DPJNKUOXBZSZAI-UHFFFAOYSA-N,STANFORD
UNC-2250,,,73211763,1910,CCCCNC1=NC=C(C(=N1)NC2CCC(CC2)O)C3=NC=C(C=C3)CN4CCOCC4,HSYSSKFCQHXOBP-UHFFFAOYSA-N,STANFORD
UNC0638,,,,251,,N,YALE-TNBC
UNII-0JAU3P8OBM,,DB03606,158758,1659,COC1=C(C=C(C=C1)C2CC(=O)NC2)OC3CCCC3,HJORMJIFDVBMOB-GFCCVEGCSA-N,STANFORD
Unii-2CQ62iwb67,,,49837968,1188,C1C2CSC(=NC2(CO1)C3=C(C=CC(=C3)NC(=O)C4=NC=C(C=C4)F)F)N,NIDRNVHMMDAAIK-YPMLDQLKSA-N,STANFORD
Unii-84F6U3J2R6,,,153921,1034,CNC(=O)CN(CCN(CCN(CC(=O)NC)CC(=O)[O-])CC(=O)[O-])CC(=O)[O-].[Gd+3],HZHFFEYYPYZMNU-UHFFFAOYSA-K,STANFORD
Unii-mxs2N5862L,,,9825149,1350,C1CCN(C1)CC2CC(C2)N3C=C(C4=C(N=CN=C43)N)C5=CC(=CC=C5)OCC6=CC=CC=C6,LSFLAQVDISHMNB-UHFFFAOYSA-N,STANFORD
Unii-R1J57sta6O,,DB12627,24996872,1017,CC(C)C1=NOC(=N1)N2CCC(CC2)COC3=CN=C(C=C3)C4=CC=C(C=C4)S(=O)(=O)C,AYJRTVVIBJSSKN-UHFFFAOYSA-N,STANFORD
UPF-1069,,,25015515,1911,C1=CC=C(C=C1)C(=O)COC2=CC=CC3=C2C=CNC3=O,JJWMRRNGWSITSQ-UHFFFAOYSA-N,STANFORD
Uracil,,,1174,1914,C1=CNC(=O)NC1=O,ISAKRJDGNUQOIC-UHFFFAOYSA-N,STANFORD
Uracil mustard,,DB00791,6194,100,C1=C(C(=O)NC(=O)N1)N(CCCl)CCCl,IDPUKCWIGUEADI-UHFFFAOYSA-N,NCI-ALMANAC
Urapidil hydrochloride,,,167980,1915,CN1C(=CC(=O)N(C1=O)C)NCCCN2CCN(CC2)C3=CC=CC=C3OC.Cl,KTMLZVUAXJERAT-UHFFFAOYSA-N,STANFORD
URB-597,,,1383884,1912,C1CCC(CC1)NC(=O)OC2=CC=CC(=C2)C3=CC(=CC=C3)C(=O)N,ROFVXGGUISEHAM-UHFFFAOYSA-N,STANFORD
Uridine,,,6029,1916,C1=CN(C(=O)NC1=O)C2C(C(C(O2)CO)O)O,DRTQHJPVMGBUCF-XVFCMESISA-N,STANFORD
Ursodeoxycholic acid,A05AA02,DB01586,31401,1917,CC(CCC(=O)O)C1CCC2C1(CCC3C2C(CC4C3(CCC(C4)O)C)O)C,RUDATBOHQWOJDD-UZVSRGJWSA-N,STANFORD
Ursolic acid,,,64945,1918,CC1CCC2(CCC3(C(=CCC4C3(CCC5C4(CCC(C5(C)C)O)C)C)C2C1C)C)C(=O)O,WCGUUGGRBIKTOS-GPOJBZKASA-N,STANFORD
Usnic acid,,,5646,366,CC1=C(C(=C2C(=C1O)C3(C(=CC(=O)C(C3=O)C(=O)C)O2)C)C(=O)C)O,CUCUKLJLRRAKFN-UHFFFAOYSA-N,STANFORD
Vadimezan,,DB06235,123964,799,CC1=C(C2=C(C=C1)C(=O)C3=CC=CC(=C3O2)CC(=O)O)C,XGOYIMQSIKSOBS-UHFFFAOYSA-N,STANFORD
Valacyclovir hydrochloride,,,135398741,1931,CC(C)C(C(=O)OCCOCN1C=NC2=C1N=C(NC2=O)N)N.Cl,ZCDDBUOENGJMLV-QRPNPIFTSA-N,STANFORD
Valdecoxib,M01AH03,DB00580,119607,1932,CC1=C(C(=NO1)C2=CC=CC=C2)C3=CC=C(C=C3)S(=O)(=O)N,LNPDTQAFDNKSHK-UHFFFAOYSA-N,STANFORD
Valganciclovir hydrochloride,,,135413534,1933,CC(C)C(C(=O)OCC(CO)OCN1C=NC2=C1N=C(NC2=O)N)N.Cl,ZORWARFPXPVJLW-MTFPJWTKSA-N,STANFORD
Valnemulin hydrochloride,,,60195218,1934,CC1CCC23CCC(=O)C2C1(C(CC(C(C3C)O)(C)C=C)OC(=O)CSC(C)(C)CNC(=O)C(C(C)C)N)C.Cl,MFBPRQKHDIVLOJ-AFFLPQGKSA-N,STANFORD
Valproic acid,N03AG01,DB00313,3121,296,CCCC(CCC)C(=O)O,NIJJYAXOARWZEE-UHFFFAOYSA-N,CLOUD
Valrubicin,L01DB09,DB00385,454216,101,CCCCC(=O)OCC(=O)C1(CC(C2=C(C1)C(=C3C(=C2O)C(=O)C4=C(C3=O)C=CC=C4OC)O)OC5CC(C(C(O5)C)O)NC(=O)C(F)(F)F)O,ZOCKGBMQLCSHFP-KQRAQHLDSA-N,NCI-ALMANAC
Valsartan,C09CA03,DB00177,60846,1936,CCCCC(=O)N(CC1=CC=C(C=C1)C2=CC=CC=C2C3=NNN=N3)C(C(C)C)C(=O)O,ACWBQPMHZXGDFX-QFIPXVFZSA-N,STANFORD
Vandetanib,L01XE12,DB05294,3081361,135,CN1CCC(CC1)COC2=C(C=C3C(=C2)N=CN=C3NC4=C(C=C(C=C4)Br)F)OC,UHTHHESEBZOYNR-UHFFFAOYSA-N,"YALE-TNBC,STANFORD"
Vanillin,,,1183,1937,COC1=C(C=CC(=C1)C=O)O,MWOOGOJBHIARFG-UHFFFAOYSA-N,STANFORD
Vardenafil hydrochloride trihydrate,,,135413545,1939,CCCC1=NC(=C2N1N=C(NC2=O)C3=C(C=CC(=C3)S(=O)(=O)N4CCN(CC4)CC)OCC)C.O.O.O.Cl,FBCDRHDULQYRTB-UHFFFAOYSA-N,STANFORD
Varenicline tartrate,,,9906942,1940,C1C2CNCC1C3=CC4=NC=CN=C4C=C23.C(C(C(=O)O)O)(C(=O)O)O,TWYFGYXQSYOKLK-LREBCSMRSA-N,STANFORD
Varespladib,,DB11909,155815,1941,CCC1=C(C2=C(N1CC3=CC=CC=C3)C=CC=C2OCC(=O)O)C(=O)C(=O)N,BHLXTPHDSZUFHR-UHFFFAOYSA-N,STANFORD
Varlitinib,,DB05944,42642648,1942,CC1COC(=N1)NC2=CC3=C(C=C2)N=CN=C3NC4=CC(=C(C=C4)OCC5=NC=CS5)Cl,UWXSAYUXVSFDBQ-CYBMUJFWSA-N,STANFORD
vasastrol,,,,356,,N,MIT-MELANOMA
Vatalanib,,DB04879,151194,357,C1=CC=C2C(=C1)C(=NN=C2NC3=CC=C(C=C3)Cl)CC4=CC=NC=C4,YCOYDOIWSSHVCK-UHFFFAOYSA-N,MIT-MELANOMA
Vatalanib dihydrochloride,,,22386467,1943,C1=CC=C2C(=C1)C(=NN=C2NC3=CC=C(C=C3)Cl)CC4=CC=NC=C4.Cl.Cl,AZUQEHCMDUSRLH-UHFFFAOYSA-N,STANFORD
VE-821,,,51000408,1919,CS(=O)(=O)C1=CC=C(C=C1)C2=CN=C(C(=N2)C(=O)NC3=CC=CC=C3)N,DUIHHZKTCSNTGM-UHFFFAOYSA-N,STANFORD
Vecuronium bromide,,,39764,1944,CC(=O)OC1CC2CCC3C(C2(CC1N4CCCCC4)C)CCC5(C3CC(C5OC(=O)C)[N+]6(CCCCC6)C)C.[Br-],VEPSYABRBFXYIB-PWXDFCLTSA-M,STANFORD
Veliparib,,DB07232,11960529,102,CC1(CCCN1)C2=NC3=C(C=CC=C3N2)C(=O)N,JNAHVYVRKWKWKQ-CYBMUJFWSA-N,"STANFORD,YALE-TNBC,MIT-MELANOMA,MERCK"
Vemurafenib,L01XE15,DB08881,42611257,252,CCCS(=O)(=O)NC1=C(C(=C(C=C1)F)C(=O)C2=CNC3=C2C=C(C=N3)C4=CC=C(C=C4)Cl)F,GPXBXXGIAQBQNI-UHFFFAOYSA-N,"STANFORD,YALE-TNBC"
Venetoclax,L01XX52,DB11581,49846579,163,CC1(CCC(=C(C1)C2=CC=C(C=C2)Cl)CN3CCN(CC3)C4=CC(=C(C=C4)C(=O)NS(=O)(=O)C5=CC(=C(C=C5)NCC6CCOCC6)[N+](=O)[O-])OC7=CN=C8C(=C7)C=CN8)C,LQBVNQSMGBZMKD-UHFFFAOYSA-N,"YALE-PDAC,DECREASE,STANFORD"
Venlafaxine,,DB00285,5656,1945,CN(C)CC(C1=CC=C(C=C1)OC)C2(CCCCC2)O,PNVNVHUZROJLTJ-UHFFFAOYSA-N,STANFORD
Verapamil,C08DA01 ,DB00661,2520,253,CC(C)C(CCCN(C)CCC1=CC(=C(C=C1)OC)OC)(C#N)C2=CC(=C(C=C2)OC)OC,SGTNSNPWRIOYBX-UHFFFAOYSA-N,YALE-TNBC
Verapamil hydrochloride,,,62969,1946,CC(C)C(CCCN(C)CCC1=CC(=C(C=C1)OC)OC)(C#N)C2=CC(=C(C=C2)OC)OC.Cl,DOQPXTMNIUCOSY-UHFFFAOYSA-N,STANFORD
Vidarabine,,DB00194,21704,1947,C1=NC(=C2C(=N1)N(C=N2)C3C(C(C(O3)CO)O)O)N,OIRDTQYFTABQOQ-UHTZMRCNSA-N,STANFORD
Vilazodone hydrochloride,,,6918313,1948,C1CN(CCN1CCCCC2=CNC3=C2C=C(C=C3)C#N)C4=CC5=C(C=C4)OC(=C5)C(=O)N.Cl,RPZBRGFNBNQSOP-UHFFFAOYSA-N,STANFORD
Vildagliptin,A10BH02,DB04876,6918537,1949,C1CC(N(C1)C(=O)CNC23CC4CC(C2)CC(C4)(C3)O)C#N,SYOKIDBDQMKNDQ-XWTIBIIYSA-N,STANFORD
Vinblastine,L01CA01,DB00570,13342,103,CCC1(CC2CC(C3=C(CCN(C2)C1)C4=CC=CC=C4N3)(C5=C(C=C6C(=C5)C78CCN9C7C(C=CC9)(C(C(C8N6C)(C(=O)OC)O)OC(=O)C)CC)OC)C(=O)OC)O,JXLYSJRDGCGARV-CFWMRBGOSA-N,"MERCK,NCI-ALMANAC,STANFORD"
Vincristine,L01CA02,DB00541,5978,104,CCC1(CC2CC(C3=C(CCN(C2)C1)C4=CC=CC=C4N3)(C5=C(C=C6C(=C5)C78CCN9C7C(C=CC9)(C(C(C8N6C=O)(C(=O)OC)O)OC(=O)C)CC)OC)C(=O)OC)O,OGWKCGZFUXNPDA-XQKSVPLYSA-N,"STANFORD,MIT-MELANOMA,NCI-ALMANAC"
Vinflunine Tartrate,,,53245637,1951,CCC12C=CCN3C1C4(CC3)C(C(C2OC(=O)C)(C(=O)OC)O)N(C5=CC(=C(C=C45)C6(CC7CC(CN(C7)CC8=C6NC9=CC=CC=C89)C(C)(F)F)C(=O)OC)OC)C.C(C(C(=O)O)O)(C(=O)O)O,TXONSEMUKVZUON-SYVFVGEFSA-N,STANFORD
Vinorelbine,L01CA04,DB00361,44424639,105,CCC1=CC2CC(C3=C(CN(C2)C1)C4=CC=CC=C4N3)(C5=C(C=C6C(=C5)C78CCN9C7C(C=CC9)(C(C(C8N6C)(C(=O)OC)O)OC(=O)C)CC)OC)C(=O)OC,GBABOYUKABKIAF-GHYRFKGUSA-N,"MERCK,NCI-ALMANAC,YALE-TNBC"
Vismodegib,L01XX43,DB08828,24776445,254,CS(=O)(=O)C1=CC(=C(C=C1)C(=O)NC2=CC(=C(C=C2)Cl)C3=CC=CC=N3)Cl,BPQMGSKTAYIVFO-UHFFFAOYSA-N,"YALE-TNBC,MIT-MELANOMA,STANFORD"
Vistusertib,,DB11925,25262792,117,CC1COCCN1C2=NC(=NC3=C2C=CC(=N3)C4=CC(=CC=C4)C(=O)NC)N5CCOCC5C,JUSFANSTBFGBAF-IRXDYDNUSA-N,STANFORD
Voglibose,A10BF03,DB04878,444020,1956,C1C(C(C(C(C1(CO)O)O)O)O)NC(CO)CO,FZNCGRZWXLXZSZ-CIQUZCHMSA-N,STANFORD
Volasertib,,DB12062,10461508,1957,CCC1C(=O)N(C2=CN=C(N=C2N1C(C)C)NC3=C(C=C(C=C3)C(=O)NC4CCC(CC4)N5CCN(CC5)CC6CC6)OC)C,SXNJFOWDRLKDSF-XKHVUIRMSA-N,STANFORD
Vonoprazan Fumarate,,,45375887,1784,CNCC1=CN(C(=C1)C2=CC=CC=C2F)S(=O)(=O)C3=CN=CC=C3.C(=CC(=O)O)C(=O)O,ROGSHYHKHPCCJW-WLHGVMLRSA-N,STANFORD
Voriconazole,,,71616,1958,CC(C1=NC=NC=C1F)C(CN2C=NC=N2)(C3=C(C=C(C=C3)F)F)O,BCEHBSKCWLPMDN-MGPLVRAMSA-N,STANFORD
Vorinostat,L01XX38,DB02546,5311,106,C1=CC=C(C=C1)NC(=O)CCCCCCC(=O)NO,WAEXFXRVDQXREF-UHFFFAOYSA-N,"YALE-TNBC,CLOUD,MIT-MELANOMA,STANFORD,MERCK,NCI-ALMANAC,YALE-PDAC"
Vortioxetine hydrobromide,,,56843850,1959,CC1=CC(=C(C=C1)SC2=CC=CC=C2N3CCNCC3)C.Br,VNGRUFUIHGGOOM-UHFFFAOYSA-N,STANFORD
Voxtalisib,,DB12400,16123056,1664,CCN1C2=NC(=NC(=C2C=C(C1=O)C3=CC=NN3)C)N,RGHYDLZMTYDBDT-UHFFFAOYSA-N,STANFORD
VU-0357121,,,2296132,1921,CCCCOC1=CC=C(C=C1)C(=O)NC2=C(C=C(C=C2)F)F,AHCYOTLTLQTPSU-UHFFFAOYSA-N,STANFORD
VU-0361737,,,44191096,1922,COC1=C(C=CC(=C1)NC(=O)C2=CC=CC=N2)Cl,ARYUXFNGXHNNDM-UHFFFAOYSA-N,STANFORD
VU-0364439,,,46934289,1923,C1=CC=C(C(=C1)NS(=O)(=O)C2=C(C=C(C=C2)NC(=O)C3=CC=CC=N3)Cl)Cl,IXHCGJXBIHHIEF-UHFFFAOYSA-N,STANFORD
VU-0364770,,,836002,1924,C1=CC=NC(=C1)C(=O)NC2=CC(=CC=C2)Cl,SUYUTNCKIOLMAJ-UHFFFAOYSA-N,STANFORD
VUF-10166,,,24278976,1925,CN1CCN(CC1)C2=NC3=CC=CC=C3N=C2Cl,FFXVTQDGTKEXHF-UHFFFAOYSA-N,STANFORD
VX-702,,,10341154,358,C1=CC(=C(C(=C1)F)N(C2=NC(=C(C=C2)C(=O)N)C3=C(C=C(C=C3)F)F)C(=O)N)F,FYSRKRZDBHOFAY-UHFFFAOYSA-N,"MIT-MELANOMA,STANFORD"
WAY-100635 maleate salt,,,11957721,1960,COC1=CC=CC=C1N2CCN(CC2)CCN(C3=CC=CC=N3)C(=O)C4CCCCC4.C(=CC(=O)O)C(=O)O,XIGAHNVCEFUYOV-BTJKTKAUSA-N,STANFORD
WAY-600,,,25229526,1961,C1CN(CCC1N2C3=C(C=N2)C(=NC(=N3)C4=CC5=C(C=C4)NC=C5)N6CCOCC6)CC7=CN=CC=C7,FPEIJQLXFHKLJV-UHFFFAOYSA-N,STANFORD
Wnt-C59,,,57519544,1971,CC1=NC=CC(=C1)C2=CC=C(C=C2)CC(=O)NC3=CC=C(C=C3)C4=CN=CC=C4,KHZOJCQBHJUJFY-UHFFFAOYSA-N,STANFORD
Wnti,,,,359,,N,MIT-MELANOMA
Wortmannin,,DB08059,312145,1972,CC(=O)OC1CC2(C(CCC2=O)C3=C1C4(C(OC(=O)C5=COC(=C54)C3=O)COC)C)C,QDLHCMPXEPAAMD-QAIWCSMKSA-N,STANFORD
WP-1066,,,11210478,1963,CC(C1=CC=CC=C1)NC(=O)C(=CC2=NC(=CC=C2)Br)C#N,VFUAJMPDXIRPKO-LQELWAHVSA-N,STANFORD
Wye-125132,,,25260757,1965,CNC(=O)NC1=CC=C(C=C1)C2=NC3=C(C=NN3C4CCC5(CC4)OCCO5)C(=N2)N6CC7CCC(C6)O7,QLHHRYZMBGPBJG-UHFFFAOYSA-N,STANFORD
Wye-354,,,44219749,1966,COC(=O)NC1=CC=C(C=C1)C2=NC3=C(C=NN3C4CCN(CC4)C(=O)OC)C(=N2)N5CCOCC5,IMXHGCRIEAKIBU-UHFFFAOYSA-N,STANFORD
WZ-3146,,,44607360,1967,CN1CCN(CC1)C2=CC=C(C=C2)NC3=NC=C(C(=N3)OC4=CC=CC(=C4)NC(=O)C=C)Cl,APHGZZPEOCCYNO-UHFFFAOYSA-N,STANFORD
WZ-4003,,,72200024,1968,CCC(=O)NC1=CC(=CC=C1)OC2=NC(=NC=C2Cl)NC3=C(C=C(C=C3)N4CCN(CC4)C)OC,SDGJBAUIGHSMRI-UHFFFAOYSA-N,STANFORD
WZ-8040,,,44607531,1969,CN1CCN(CC1)C2=CC=C(C=C2)NC3=NC=C(C(=N3)SC4=CC=CC(=C4)NC(=O)C=C)Cl,KIISCIGBPUVZBF-UHFFFAOYSA-N,STANFORD
WZ-811,,,11565518,1970,C1=CC=NC(=C1)NCC2=CC=C(C=C2)CNC3=CC=CC=N3,KBVFRXIGQQRMEF-UHFFFAOYSA-N,STANFORD
WZ4002,,,44607530,255,CN1CCN(CC1)C2=CC(=C(C=C2)NC3=NC=C(C(=N3)OC4=CC=CC(=C4)NC(=O)C=C)Cl)OC,ITTRLTNMFYIYPA-UHFFFAOYSA-N,"YALE-TNBC,STANFORD"
Xanthone,,,7020,1977,C1=CC=C2C(=C1)C(=O)C3=CC=CC=C3O2,JNELGWHKGNBSMD-UHFFFAOYSA-N,STANFORD
XAV-939,,,135418940,256,C1CSCC2=C1N=C(NC2=O)C3=CC=C(C=C3)C(F)(F)F,KLGQSVMIPOVQAX-UHFFFAOYSA-N,"STANFORD,YALE-TNBC,MIT-MELANOMA"
Xifaxan,A07AA11;D06AX11,DB01220,6436173,1630,CC1C=CC=C(C(=O)NC2=C(C3=C(C4=C(C(=C3O)C)OC(C4=O)(OC=CC(C(C(C(C(C(C1O)C)O)C)OC(=O)C)C)OC)C)C5=C2N6C=CC(=CC6=N5)C)O)C,NZCRJKRKKOLAOJ-XRCRFVBUSA-N,STANFORD
XL-388,,,59604787,1975,CC1=C(C=CC(=C1F)S(=O)(=O)C)C(=O)N2CCOC3=C(C2)C=C(C=C3)C4=CN=C(C=C4)N,LNFBAYSBVQBKFR-UHFFFAOYSA-N,STANFORD
XL-888,,,57748689,1976,CCC(C)NC1=C(C=C(C(=C1)C(=O)NC2CC3CCC(C2)N3C4=NC=C(C=C4)C(=O)C5CC5)C)C(=O)N,LHGWWAFKVCIILM-LAQKFSSHSA-N,STANFORD
XL019,,,57990869,1973,C1CC(NC1)C(=O)NC2=CC=C(C=C2)C3=NC(=NC=C3)NC4=CC=C(C=C4)N5CCOCC5,ISOCDPQFIXDIMS-QHCPKHFHSA-N,STANFORD
Xolegel,,,456201,1163,CC(=O)N1CCN(CC1)C2=CC=C(C=C2)OCC3COC(O3)(CN4C=CN=C4)C5=C(C=C(C=C5)Cl)Cl,XMAYWYJOQHXEEK-OZXSUGGESA-N,STANFORD
Xylazine hydrochloride,,,68554,1978,CC1=C(C(=CC=C1)C)NC2=NCCCS2.Cl,QYEFBJRXKKSABU-UHFFFAOYSA-N,STANFORD
Xylitol,,,6912,1626,C(C(C(C(CO)O)O)O)O,HEBKCHPVOIAQTA-NGQZWQHPSA-N,STANFORD
Xylometazoline hydrochloride,,,5282386,1979,CC1=CC(=CC(=C1CC2=NCCN2)C)C(C)(C)C.Cl,YGWFCQYETHJKNX-UHFFFAOYSA-N,STANFORD
Y-27632 dihydrochloride,,,9901617,1981,CC(C1CCC(CC1)C(=O)NC2=CC=NC=C2)N.Cl.Cl,IDDDVXIUIXWAGJ-DDSAHXNVSA-N,STANFORD
YM-201636,,,9956222,1982,C1COCCN1C2=NC(=NC3=C2OC4=C3C=CC=N4)C5=CC(=CC=C5)NC(=O)C6=CN=C(C=C6)N,YBPIBGNBHHGLEB-UHFFFAOYSA-N,STANFORD
Yohimbine hydrochloride,,,6169,1984,COC(=O)C1C(CCC2C1CC3C4=C(CCN3C2)C5=CC=CC=C5N4)O.Cl,PIPZGJSEDRMUAW-VJDCAHTMSA-N,STANFORD
Z-Leu-leu-leu-al,,,462382,1241,CC(C)CC(C=O)NC(=O)C(CC(C)C)NC(=O)C(CC(C)C)NC(=O)OCC1=CC=CC=C1,TZYWCYJVHRLUCT-VABKMULXSA-N,STANFORD
Zafirlukast,R03DC01,DB00549,5717,1992,CC1=CC=CC=C1S(=O)(=O)NC(=O)C2=CC(=C(C=C2)CC3=CN(C4=C3C=C(C=C4)NC(=O)OC5CCCC5)C)OC,YEEZWCHGZNKEEK-UHFFFAOYSA-N,STANFORD
Zalcitabine,J05AF03,DB00943,24066,1993,C1CC(OC1CO)N2C=CC(=NC2=O)N,WREGKURFCTUGRC-POYBYMJQSA-N,STANFORD
Zaltoprofen,,DB06737,5720,1994,CC(C1=CC2=C(C=C1)SC3=CC=CC=C3C(=O)C2)C(=O)O,MUXFZBHBYYYLTH-UHFFFAOYSA-N,STANFORD
Zanamivir,J05AH01 ,DB00558,60855,1995,CC(=O)NC1C(C=C(OC1C(C(CO)O)O)C(=O)O)N=C(N)N,ARAIBEBZBOPLMB-UFGQHTETSA-N,STANFORD
ZCL-278,,,1791111,1985,CC1=CC(=NC(=N1)NS(=O)(=O)C2=CC=C(C=C2)NC(=S)NC(=O)COC3=C(C=C(C=C3)Br)Cl)C,XKZDWYDHEBCGCG-UHFFFAOYSA-N,STANFORD
Zebularine,,DB03068,100016,1996,C1=CN(C(=O)N=C1)C2C(C(C(O2)CO)O)O,RPQZTTQVRYEKCR-WCTZXXKLSA-N,STANFORD
Zibotentan,,,9910224,258,CC1=CN=C(C(=N1)OC)NS(=O)(=O)C2=C(N=CC=C2)C3=CC=C(C=C3)C4=NN=CO4,FJHHZXWJVIEFGJ-UHFFFAOYSA-N,"STANFORD,YALE-TNBC"
Zidovudine,J05AF01,DB00495,35370,1997,CC1=CN(C(=O)NC1=O)C2CC(C(O2)CO)N=[N+]=[N-],HBOMLICNUCNMMY-XLPZGREQSA-N,STANFORD
Zileuton,,DB00744,60490,1998,CC(C1=CC2=CC=CC=C2S1)N(C(=O)N)O,MWLSOWXNZPKENC-UHFFFAOYSA-N,STANFORD
Zingerone,,,31211,1938,CC(=O)CCC1=CC(=C(C=C1)O)OC,OJYLAHXKWMRDGS-UHFFFAOYSA-N,STANFORD
ZLN-005,,,899323,1986,CC(C)(C)C1=CC=C(C=C1)C2=NC3=CC=CC=C3N2,LQUNNCQSFFKSSK-UHFFFAOYSA-N,STANFORD
ZM 323881 hydrochloride,,,22624897,1988,CC1=CC(=C(C=C1O)NC2=NC=NC3=C2C=CC(=C3)OCC4=CC=CC=C4)F.Cl,AVRHWGLIYGJSOD-UHFFFAOYSA-N,STANFORD
ZM 39923 hydrochloride,,,176406,1989,CC(C)N(CCC(=O)C1=CC2=CC=CC=C2C=C1)CC3=CC=CC=C3.Cl,NJTUORMLOPXPBY-UHFFFAOYSA-N,STANFORD
ZM-306416,,,5329006,1987,COC1=C(C=C2C(=C1)C(=NC=N2)NC3=C(C=C(C=C3)Cl)F)OC,YHUIUSRCUKUUQA-UHFFFAOYSA-N,STANFORD
ZM-336372,,,5730,362,CC1=C(C=C(C=C1)NC(=O)C2=CC(=CC=C2)N(C)C)NC(=O)C3=CC=C(C=C3)O,PYEFPDQFAZNXLI-UHFFFAOYSA-N,"MIT-MELANOMA,STANFORD"
ZM-447439,,,9914412,1990,COC1=C(C=C2C(=C1)C(=NC=N2)NC3=CC=C(C=C3)NC(=O)C4=CC=CC=C4)OCCCN5CCOCC5,OGNYUTNQZVRGMN-UHFFFAOYSA-N,STANFORD
Zocor,C10AA01,DB00641,54454,182,CCC(C)(C)C(=O)OC1CC(C=C2C1C(C(C=C2)C)CCC3CC(CC(=O)O3)O)C,RYMZZMVNJRMUDD-HGQWONQESA-N,"YALE-TNBC,YALE-PDAC,STANFORD"
Zoledronic Acid,M05BB08;M05BA08,DB00399,68740,108,C1=CN(C=N1)CC(O)(P(=O)(O)O)P(=O)(O)O,XRASPMIURGNCCH-UHFFFAOYSA-N,"STANFORD,NCI-ALMANAC"
Zolmitriptan,N02CC03,DB00315,60857,2001,CN(C)CCC1=CNC2=C1C=C(C=C2)CC3COC(=O)N3,ULSDMUVEXKOYBU-ZDUSSCGKSA-N,STANFORD
Zonisamide,,,5734,2002,C1=CC=C2C(=C1)C(=NO2)CS(=O)(=O)N,UBQNRHZMVUUOMG-UHFFFAOYSA-N,STANFORD
Zosuquidar Trihydrochloride,,,153997,2003,C1CN(CCN1CC(COC2=CC=CC3=C2C=CC=N3)O)C4C5=CC=CC=C5C6C(C6(F)F)C7=CC=CC=C47.Cl.Cl.Cl,ZPFVQKPWGDRLHL-ZLYBXYBFSA-N,STANFORD
Zoxazolamine,,,6103,2004,C1=CC2=C(C=C1Cl)N=C(O2)N,YGCODSQDUUUKIV-UHFFFAOYSA-N,STANFORD
ZSTK-474,,DB12904,11647372,1991,C1COCCN1C2=NC(=NC(=N2)N3C4=CC=CC=C4N=C3C(F)F)N5CCOCC5,HGVNLRPZOWWDKD-UHFFFAOYSA-N,STANFORD
