latent_0_drug1,latent_1_drug1,latent_2_drug1,latent_3_drug1,latent_4_drug1,latent_0_drug2,latent_1_drug2,latent_2_drug2,latent_3_drug2,latent_4_drug2,drug1_target_count,drug2_target_count,proteins_in_LCC,oc_drug1_drug2,oc_dis_drug1,oc_dis_drug2,ji_drug1_drug2,ji_dis_drug1,ji_dis_drug2,min_spl_dis_dru1,Closest_distance_dis_dru1,Dc_mean_dis_dru1,Dc_std_dis_dru1,Dc_zscore_dis_dru1,min_spl_dis_dru2,Closest_distance_dis_dru2,Dc_mean_dis_dru2,Dc_std_dis_dru2,Dc_zscore_dis_dru2,min_spl_dru1_dru2,obs_sep_dru1_dru2,sep_mean_dru1_dru2,sep_std_dru1_dru2,zscore_dru1_dru2,ratio_links_dis_dru1,ratio_links_dis_dru2,synergy_zip,synergy_loewe,synergy_hsa,synergy_bliss,row_id
-0.10553401740647815,0.2640751572261307,-0.3286940827677797,-0.294371875010497,0.1342749207027766,0.6187276001820594,2.4246001833736806,2.8707056970834683,0.86354136,-1.2017273,1,3,238.0,0.0,0.0,0.0,0.0,0.0,0.0,2.0,2.0,1.642,0.4876843241278111,0.7340814176060667,1.0,1.0,1.0443333333333336,0.1761662724688115,-0.2516561922554292,2.0,0.0,0.0,0.4946986031104712,5.92288469320235,0.0,0.0512423491693383,2.11244225223227,-1.46333811548428,3.05847081279643,2.24830115595407,0
-0.10553401740647815,0.2640751572261307,-0.3286940827677797,-0.294371875010497,0.1342749207027766,0.6187276001820594,2.4246001833736806,2.8707056970834683,0.86354136,-1.2017273,1,3,238.0,0.0,0.0,0.0,0.0,0.0,0.0,2.0,2.0,1.642,0.4876843241278111,0.7340814176060667,1.0,1.0,1.0443333333333336,0.1761662724688115,-0.2516561922554292,2.0,0.0,0.0,0.4946986031104712,5.92288469320235,0.0,0.0512423491693383,2.78000413050101,0.134036884515722,4.65584581279643,3.84567615595407,1
-0.10553401740647815,0.2640751572261307,-0.3286940827677797,-0.294371875010497,0.1342749207027766,0.6187276001820594,2.4246001833736806,2.8707056970834683,0.86354136,-1.2017273,1,3,238.0,0.0,0.0,0.0,0.0,0.0,0.0,2.0,2.0,1.642,0.4876843241278111,0.7340814176060667,1.0,1.0,1.0443333333333336,0.1761662724688115,-0.2516561922554292,2.0,0.0,0.0,0.4946986031104712,5.92288469320235,0.0,0.0512423491693383,3.44282858789623,0.65747438451572,5.17928331279643,4.36911365595406,2
-0.10553401740647815,0.2640751572261307,-0.3286940827677797,-0.294371875010497,0.1342749207027766,0.6187276001820594,2.4246001833736806,2.8707056970834683,0.86354136,-1.2017273,1,3,238.0,0.0,0.0,0.0,0.0,0.0,0.0,2.0,2.0,1.642,0.4876843241278111,0.7340814176060667,1.0,1.0,1.0443333333333336,0.1761662724688115,-0.2516561922554292,2.0,0.0,0.0,0.4946986031104712,5.92288469320235,0.0,0.0512423491693383,2.7094329273282,-0.225963115484278,4.29584581279643,3.48567615595407,3
-0.10553401740647815,0.2640751572261307,-0.3286940827677797,-0.294371875010497,0.1342749207027766,-0.4161038363060825,-0.003761085861173043,-0.22427450222931963,0.114251636,0.12668216,1,10,238.0,0.0,0.0,0.0,0.0,0.0,0.0,2.0,2.0,1.642,0.4876843241278111,0.7340814176060667,1.0,1.0,1.0089,0.0938658084714556,-0.094816207785675,2.0,0.0,0.0,0.4946986031104712,5.92288469320235,0.0,0.0565339519446635,-0.328968727078836,5.71872460938834,8.31294722529341,-1.32292393866401,4
-0.10553401740647815,0.2640751572261307,-0.3286940827677797,-0.294371875010497,0.1342749207027766,-0.4161038363060825,-0.003761085861173043,-0.22427450222931963,0.114251636,0.12668216,1,10,238.0,0.0,0.0,0.0,0.0,0.0,0.0,2.0,2.0,1.642,0.4876843241278111,0.7340814176060667,1.0,1.0,1.0089,0.0938658084714556,-0.094816207785675,2.0,0.0,0.0,0.4946986031104712,5.92288469320235,0.0,0.0565339519446635,3.18037369992023,10.1365996093883,12.7308222252934,3.09495106133599,5
-0.10553401740647815,0.2640751572261307,-0.3286940827677797,-0.294371875010497,0.1342749207027766,-0.4161038363060825,-0.003761085861173043,-0.22427450222931963,0.114251636,0.12668216,1,10,238.0,0.0,0.0,0.0,0.0,0.0,0.0,2.0,2.0,1.642,0.4876843241278111,0.7340814176060667,1.0,1.0,1.0089,0.0938658084714556,-0.094816207785675,2.0,0.0,0.0,0.4946986031104712,5.92288469320235,0.0,0.0565339519446635,3.39593025089944,10.1444746093883,12.7386972252934,3.10282606133599,6
-0.10553401740647815,0.2640751572261307,-0.3286940827677797,-0.294371875010497,0.1342749207027766,-0.4161038363060825,-0.003761085861173043,-0.22427450222931963,0.114251636,0.12668216,1,10,238.0,0.0,0.0,0.0,0.0,0.0,0.0,2.0,2.0,1.642,0.4876843241278111,0.7340814176060667,1.0,1.0,1.0089,0.0938658084714556,-0.094816207785675,2.0,0.0,0.0,0.4946986031104712,5.92288469320235,0.0,0.0565339519446635,3.69307384855661,10.2889746093883,12.8831972252934,3.24732606133599,7
-0.10553401740647815,0.2640751572261307,-0.3286940827677797,-0.294371875010497,0.1342749207027766,-0.37752206484632606,0.11669174692781914,-0.35765911784716276,0.08374546,0.038711086,1,2,238.0,0.0,0.0,1.0,0.0,0.0,0.0084033613445378,2.0,2.0,1.642,0.4876843241278111,0.7340814176060667,0.0,0.0,1.297,0.2771118907589496,-4.680419871005164,2.0,0.0,0.0,0.4946986031104712,5.92288469320235,0.0,0.0938018242122719,5.58744424119803,7.53403032545108,11.7186164261594,7.19910915547266,8
-0.10553401740647815,0.2640751572261307,-0.3286940827677797,-0.294371875010497,0.1342749207027766,-0.37752206484632606,0.11669174692781914,-0.35765911784716276,0.08374546,0.038711086,1,2,238.0,0.0,0.0,1.0,0.0,0.0,0.0084033613445378,2.0,2.0,1.642,0.4876843241278111,0.7340814176060667,0.0,0.0,1.297,0.2771118907589496,-4.680419871005164,2.0,0.0,0.0,0.4946986031104712,5.92288469320235,0.0,0.0938018242122719,10.8587464017043,9.53321782545109,13.7178039261594,9.19829665547267,9
-0.10553401740647815,0.2640751572261307,-0.3286940827677797,-0.294371875010497,0.1342749207027766,-0.37752206484632606,0.11669174692781914,-0.35765911784716276,0.08374546,0.038711086,1,2,238.0,0.0,0.0,1.0,0.0,0.0,0.0084033613445378,2.0,2.0,1.642,0.4876843241278111,0.7340814176060667,0.0,0.0,1.297,0.2771118907589496,-4.680419871005164,2.0,0.0,0.0,0.4946986031104712,5.92288469320235,0.0,0.0938018242122719,11.9860989141788,12.2597178254511,16.4443039261594,11.9247966554727,10
-0.10553401740647815,0.2640751572261307,-0.3286940827677797,-0.294371875010497,0.1342749207027766,-0.37752206484632606,0.11669174692781914,-0.35765911784716276,0.08374546,0.038711086,1,2,238.0,0.0,0.0,1.0,0.0,0.0,0.0084033613445378,2.0,2.0,1.642,0.4876843241278111,0.7340814176060667,0.0,0.0,1.297,0.2771118907589496,-4.680419871005164,2.0,0.0,0.0,0.4946986031104712,5.92288469320235,0.0,0.0938018242122719,9.45580352559466,8.40271782545109,12.5873039261594,8.06779665547267,11
-0.10553401740647815,0.2640751572261307,-0.3286940827677797,-0.294371875010497,0.1342749207027766,-0.21714723565463467,0.018469794394081415,-0.5007702613398466,0.04253316,-0.08140227,1,2,238.0,0.0,0.0,1.0,0.0,0.0,0.0084033613445378,2.0,2.0,1.642,0.4876843241278111,0.7340814176060667,0.0,0.0,0.9145,0.1947812876022745,-4.69500952199949,2.0,0.0,0.0,0.4946986031104712,5.92288469320235,0.0,0.0632462686567164,4.27627079425863,4.66261124152207,7.42230557222891,3.06349701257253,12
-0.10553401740647815,0.2640751572261307,-0.3286940827677797,-0.294371875010497,0.1342749207027766,-0.21714723565463467,0.018469794394081415,-0.5007702613398466,0.04253316,-0.08140227,1,2,238.0,0.0,0.0,1.0,0.0,0.0,0.0084033613445378,2.0,2.0,1.642,0.4876843241278111,0.7340814176060667,0.0,0.0,0.9145,0.1947812876022745,-4.69500952199949,2.0,0.0,0.0,0.4946986031104712,5.92288469320235,0.0,0.0632462686567164,7.22059431530326,8.99792374152207,11.7576180722289,7.39880951257253,13
-0.10553401740647815,0.2640751572261307,-0.3286940827677797,-0.294371875010497,0.1342749207027766,-0.21714723565463467,0.018469794394081415,-0.5007702613398466,0.04253316,-0.08140227,1,2,238.0,0.0,0.0,1.0,0.0,0.0,0.0084033613445378,2.0,2.0,1.642,0.4876843241278111,0.7340814176060667,0.0,0.0,0.9145,0.1947812876022745,-4.69500952199949,2.0,0.0,0.0,0.4946986031104712,5.92288469320235,0.0,0.0632462686567164,11.0803615146755,11.8405487415221,14.6002430722289,10.2414345125725,14
-0.10553401740647815,0.2640751572261307,-0.3286940827677797,-0.294371875010497,0.1342749207027766,-0.21714723565463467,0.018469794394081415,-0.5007702613398466,0.04253316,-0.08140227,1,2,238.0,0.0,0.0,1.0,0.0,0.0,0.0084033613445378,2.0,2.0,1.642,0.4876843241278111,0.7340814176060667,0.0,0.0,0.9145,0.1947812876022745,-4.69500952199949,2.0,0.0,0.0,0.4946986031104712,5.92288469320235,0.0,0.0632462686567164,10.1674668180866,11.7026112415221,14.4623055722289,10.1034970125725,15
-0.10553401740647815,0.2640751572261307,-0.3286940827677797,-0.294371875010497,0.1342749207027766,-0.4540389699805117,0.0888085081532088,-0.23354972713218797,0.06507606,0.020801008,1,10,238.0,0.0,0.0,0.2,0.0,0.0,0.008130081300813,2.0,2.0,1.642,0.4876843241278111,0.7340814176060667,0.0,0.9,1.1135,0.124047369984212,-1.721116699428395,2.0,0.0,0.0,0.4946986031104712,5.92288469320235,0.0,0.0785112659317768,-2.69757267710003,-6.01254393933947,1.58940500287972,-3.7480793138298,16
-0.10553401740647815,0.2640751572261307,-0.3286940827677797,-0.294371875010497,0.1342749207027766,-0.4540389699805117,0.0888085081532088,-0.23354972713218797,0.06507606,0.020801008,1,10,238.0,0.0,0.0,0.2,0.0,0.0,0.008130081300813,2.0,2.0,1.642,0.4876843241278111,0.7340814176060667,0.0,0.9,1.1135,0.124047369984212,-1.721116699428395,2.0,0.0,0.0,0.4946986031104712,5.92288469320235,0.0,0.0785112659317768,2.06563858378332,0.187831060660524,7.78978000287971,2.4522956861702,17
-0.10553401740647815,0.2640751572261307,-0.3286940827677797,-0.294371875010497,0.1342749207027766,-0.4540389699805117,0.0888085081532088,-0.23354972713218797,0.06507606,0.020801008,1,10,238.0,0.0,0.0,0.2,0.0,0.0,0.008130081300813,2.0,2.0,1.642,0.4876843241278111,0.7340814176060667,0.0,0.9,1.1135,0.124047369984212,-1.721116699428395,2.0,0.0,0.0,0.4946986031104712,5.92288469320235,0.0,0.0785112659317768,-0.242680379620112,-2.39179393933948,5.21015500287971,-0.127329313829802,18
-0.10553401740647815,0.2640751572261307,-0.3286940827677797,-0.294371875010497,0.1342749207027766,-0.4540389699805117,0.0888085081532088,-0.23354972713218797,0.06507606,0.020801008,1,10,238.0,0.0,0.0,0.2,0.0,0.0,0.008130081300813,2.0,2.0,1.642,0.4876843241278111,0.7340814176060667,0.0,0.9,1.1135,0.124047369984212,-1.721116699428395,2.0,0.0,0.0,0.4946986031104712,5.92288469320235,0.0,0.0785112659317768,-2.35125943793037,-4.93216893933948,2.66978000287971,-2.6677043138298,19
-0.10553401740647815,0.2640751572261307,-0.3286940827677797,-0.294371875010497,0.1342749207027766,-0.20639172215776463,0.07480062598913675,-0.5066062404985098,0.06865776,-0.13290855,1,8,238.0,0.0,0.0,0.0,0.0,0.0,0.0,2.0,2.0,1.642,0.4876843241278111,0.7340814176060667,1.0,1.125,1.1529464285714284,0.1505048635986118,-0.1856845546597083,3.0,0.0,0.0,0.4946986031104712,5.92288469320235,0.0,0.0681347279378319,6.88783438132035,7.89047463564382,14.4813323290806,6.77275284938329,20
-0.10553401740647815,0.2640751572261307,-0.3286940827677797,-0.294371875010497,0.1342749207027766,-0.20639172215776463,0.07480062598913675,-0.5066062404985098,0.06865776,-0.13290855,1,8,238.0,0.0,0.0,0.0,0.0,0.0,0.0,2.0,2.0,1.642,0.4876843241278111,0.7340814176060667,1.0,1.125,1.1529464285714284,0.1505048635986118,-0.1856845546597083,3.0,0.0,0.0,0.4946986031104712,5.92288469320235,0.0,0.0681347279378319,10.0576806663298,11.3494746356438,17.9403323290806,10.2317528493833,21
-0.10553401740647815,0.2640751572261307,-0.3286940827677797,-0.294371875010497,0.1342749207027766,-0.20639172215776463,0.07480062598913675,-0.5066062404985098,0.06865776,-0.13290855,1,8,238.0,0.0,0.0,0.0,0.0,0.0,0.0,2.0,2.0,1.642,0.4876843241278111,0.7340814176060667,1.0,1.125,1.1529464285714284,0.1505048635986118,-0.1856845546597083,3.0,0.0,0.0,0.4946986031104712,5.92288469320235,0.0,0.0681347279378319,10.5473851643153,11.7694121356438,18.3602698290806,10.6516903493833,22
-0.10553401740647815,0.2640751572261307,-0.3286940827677797,-0.294371875010497,0.1342749207027766,-0.20639172215776463,0.07480062598913675,-0.5066062404985098,0.06865776,-0.13290855,1,8,238.0,0.0,0.0,0.0,0.0,0.0,0.0,2.0,2.0,1.642,0.4876843241278111,0.7340814176060667,1.0,1.125,1.1529464285714284,0.1505048635986118,-0.1856845546597083,3.0,0.0,0.0,0.4946986031104712,5.92288469320235,0.0,0.0681347279378319,11.8585881727314,13.2489121356438,19.8397698290806,12.1311903493833,23
-0.10553401740647815,0.2640751572261307,-0.3286940827677797,-0.294371875010497,0.1342749207027766,0.08628800646205997,-0.03206521111272899,-0.45662378873921755,0.23054022,-0.08890957,1,4,238.0,0.0,0.0,0.0,0.0,0.0,0.0,2.0,2.0,1.642,0.4876843241278111,0.7340814176060667,1.0,1.0,0.95775,0.1314436666408846,0.3214304734470823,2.0,0.0,0.0,0.4946986031104712,5.92288469320235,0.0,0.0550092290231879,0.693674537056084,0.328811178925804,5.75899176658058,0.985559132277237,24
-0.10553401740647815,0.2640751572261307,-0.3286940827677797,-0.294371875010497,0.1342749207027766,0.08628800646205997,-0.03206521111272899,-0.45662378873921755,0.23054022,-0.08890957,1,4,238.0,0.0,0.0,0.0,0.0,0.0,0.0,2.0,2.0,1.642,0.4876843241278111,0.7340814176060667,1.0,1.0,0.95775,0.1314436666408846,0.3214304734470823,2.0,0.0,0.0,0.4946986031104712,5.92288469320235,0.0,0.0550092290231879,1.60818433474236,1.7681861789258,7.19836676658058,2.42493413227724,25
-0.10553401740647815,0.2640751572261307,-0.3286940827677797,-0.294371875010497,0.1342749207027766,0.08628800646205997,-0.03206521111272899,-0.45662378873921755,0.23054022,-0.08890957,1,4,238.0,0.0,0.0,0.0,0.0,0.0,0.0,2.0,2.0,1.642,0.4876843241278111,0.7340814176060667,1.0,1.0,0.95775,0.1314436666408846,0.3214304734470823,2.0,0.0,0.0,0.4946986031104712,5.92288469320235,0.0,0.0550092290231879,1.48662919016024,1.32374867892581,6.75392926658059,1.98049663227724,26
-0.10553401740647815,0.2640751572261307,-0.3286940827677797,-0.294371875010497,0.1342749207027766,0.08628800646205997,-0.03206521111272899,-0.45662378873921755,0.23054022,-0.08890957,1,4,238.0,0.0,0.0,0.0,0.0,0.0,0.0,2.0,2.0,1.642,0.4876843241278111,0.7340814176060667,1.0,1.0,0.95775,0.1314436666408846,0.3214304734470823,2.0,0.0,0.0,0.4946986031104712,5.92288469320235,0.0,0.0550092290231879,3.53040424614432,3.9143111789258,9.34449176658058,4.57105913227724,27
0.7625153376058902,2.9640053959108768,4.685059519992854,4.454441151520857,-5.304553824304826,-0.4161038363060825,-0.003761085861173043,-0.22427450222931963,0.114251636,0.12668216,3,10,238.0,0.0,0.0,0.0,0.0,0.0,0.0,1.0,1.0,1.0443333333333336,0.1761662724688115,-0.2516561922554292,1.0,1.0,1.0089,0.0938658084714556,-0.094816207785675,2.0,0.95,0.1572692307692307,0.1857933001872708,4.266734959935231,0.0512423491693383,0.0565339519446635,2.40423482552116,1.43083465964708,3.7059534410512,2.77114230907315,28
0.7625153376058902,2.9640053959108768,4.685059519992854,4.454441151520857,-5.304553824304826,-0.4161038363060825,-0.003761085861173043,-0.22427450222931963,0.114251636,0.12668216,3,10,238.0,0.0,0.0,0.0,0.0,0.0,0.0,1.0,1.0,1.0443333333333336,0.1761662724688115,-0.2516561922554292,1.0,1.0,1.0089,0.0938658084714556,-0.094816207785675,2.0,0.95,0.1572692307692307,0.1857933001872708,4.266734959935231,0.0512423491693383,0.0565339519446635,0.80347855864583,-0.708665340352917,1.5664534410512,0.631642309073152,29
0.7625153376058902,2.9640053959108768,4.685059519992854,4.454441151520857,-5.304553824304826,-0.4161038363060825,-0.003761085861173043,-0.22427450222931963,0.114251636,0.12668216,3,10,238.0,0.0,0.0,0.0,0.0,0.0,0.0,1.0,1.0,1.0443333333333336,0.1761662724688115,-0.2516561922554292,1.0,1.0,1.0089,0.0938658084714556,-0.094816207785675,2.0,0.95,0.1572692307692307,0.1857933001872708,4.266734959935231,0.0512423491693383,0.0565339519446635,0.821319780627849,-0.588915340352914,1.6862034410512,0.751392309073155,30
0.7625153376058902,2.9640053959108768,4.685059519992854,4.454441151520857,-5.304553824304826,-0.4161038363060825,-0.003761085861173043,-0.22427450222931963,0.114251636,0.12668216,3,10,238.0,0.0,0.0,0.0,0.0,0.0,0.0,1.0,1.0,1.0443333333333336,0.1761662724688115,-0.2516561922554292,1.0,1.0,1.0089,0.0938658084714556,-0.094816207785675,2.0,0.95,0.1572692307692307,0.1857933001872708,4.266734959935231,0.0512423491693383,0.0565339519446635,2.60541013933494,1.37802215964709,3.6531409410512,2.71832980907315,31
0.7625153376058902,2.9640053959108768,4.685059519992854,4.454441151520857,-5.304553824304826,-0.4540389699805117,0.0888085081532088,-0.23354972713218797,0.06507606,0.020801008,3,10,238.0,0.0,0.0,0.2,0.0,0.0,0.008130081300813,1.0,1.0,1.0443333333333336,0.1761662724688115,-0.2516561922554292,0.0,0.9,1.1135,0.124047369984212,-1.721116699428395,2.0,0.8769230769230771,0.0371653846153846,0.199194560280063,4.215766189232338,0.0512423491693383,0.0785112659317768,-2.55981695947418,-9.83922479652442,-3.54956491498439,-4.41061653087346,32
0.7625153376058902,2.9640053959108768,4.685059519992854,4.454441151520857,-5.304553824304826,-0.4540389699805117,0.0888085081532088,-0.23354972713218797,0.06507606,0.020801008,3,10,238.0,0.0,0.0,0.2,0.0,0.0,0.008130081300813,1.0,1.0,1.0443333333333336,0.1761662724688115,-0.2516561922554292,0.0,0.9,1.1135,0.124047369984212,-1.721116699428395,2.0,0.8769230769230771,0.0371653846153846,0.199194560280063,4.215766189232338,0.0512423491693383,0.0785112659317768,0.0806711603713044,-4.88616229652442,1.40349758501561,0.542445969126543,33
0.7625153376058902,2.9640053959108768,4.685059519992854,4.454441151520857,-5.304553824304826,-0.4540389699805117,0.0888085081532088,-0.23354972713218797,0.06507606,0.020801008,3,10,238.0,0.0,0.0,0.2,0.0,0.0,0.008130081300813,1.0,1.0,1.0443333333333336,0.1761662724688115,-0.2516561922554292,0.0,0.9,1.1135,0.124047369984212,-1.721116699428395,2.0,0.8769230769230771,0.0371653846153846,0.199194560280063,4.215766189232338,0.0512423491693383,0.0785112659317768,0.156824395869794,-5.73297479652442,0.556685085015608,-0.304366530873458,34
0.7625153376058902,2.9640053959108768,4.685059519992854,4.454441151520857,-5.304553824304826,-0.4540389699805117,0.0888085081532088,-0.23354972713218797,0.06507606,0.020801008,3,10,238.0,0.0,0.0,0.2,0.0,0.0,0.008130081300813,1.0,1.0,1.0443333333333336,0.1761662724688115,-0.2516561922554292,0.0,0.9,1.1135,0.124047369984212,-1.721116699428395,2.0,0.8769230769230771,0.0371653846153846,0.199194560280063,4.215766189232338,0.0512423491693383,0.0785112659317768,0.318345594139568,-4.23522479652442,2.05443508501561,1.19338346912654,35
-0.34926118345225593,0.14113933279149407,-0.05338295418099107,-0.024151219601916674,0.9875744951047315,-0.4540389699805117,0.0888085081532088,-0.23354972713218797,0.06507606,0.020801008,10,10,238.0,0.2,0.0,0.2,0.1111111111111111,0.0,0.008130081300813,1.0,1.0,1.0089,0.0938658084714556,-0.094816207785675,0.0,0.9,1.1135,0.124047369984212,-1.721116699428395,0.0,-0.35,0.0440499999999999,0.1565314584995616,-2.517385347183125,0.0565339519446635,0.0785112659317768,4.02486076215998,8.30232538052629,12.3499673496851,4.25927377131822,36
-0.34926118345225593,0.14113933279149407,-0.05338295418099107,-0.024151219601916674,0.9875744951047315,-0.4540389699805117,0.0888085081532088,-0.23354972713218797,0.06507606,0.020801008,10,10,238.0,0.2,0.0,0.2,0.1111111111111111,0.0,0.008130081300813,1.0,1.0,1.0089,0.0938658084714556,-0.094816207785675,0.0,0.9,1.1135,0.124047369984212,-1.721116699428395,0.0,-0.35,0.0440499999999999,0.1565314584995616,-2.517385347183125,0.0565339519446635,0.0785112659317768,4.5853712585519,8.39326288052629,12.4409048496851,4.35021127131822,37
-0.34926118345225593,0.14113933279149407,-0.05338295418099107,-0.024151219601916674,0.9875744951047315,-0.4540389699805117,0.0888085081532088,-0.23354972713218797,0.06507606,0.020801008,10,10,238.0,0.2,0.0,0.2,0.1111111111111111,0.0,0.008130081300813,1.0,1.0,1.0089,0.0938658084714556,-0.094816207785675,0.0,0.9,1.1135,0.124047369984212,-1.721116699428395,0.0,-0.35,0.0440499999999999,0.1565314584995616,-2.517385347183125,0.0565339519446635,0.0785112659317768,5.47127353756807,9.80532538052629,13.8529673496851,5.76227377131822,38
-0.34926118345225593,0.14113933279149407,-0.05338295418099107,-0.024151219601916674,0.9875744951047315,-0.4540389699805117,0.0888085081532088,-0.23354972713218797,0.06507606,0.020801008,10,10,238.0,0.2,0.0,0.2,0.1111111111111111,0.0,0.008130081300813,1.0,1.0,1.0089,0.0938658084714556,-0.094816207785675,0.0,0.9,1.1135,0.124047369984212,-1.721116699428395,0.0,-0.35,0.0440499999999999,0.1565314584995616,-2.517385347183125,0.0565339519446635,0.0785112659317768,6.00037464348946,10.3238878805263,14.3715298496851,6.28083627131822,39
-0.0159735828173886,-0.3676939546475964,0.9382902619385175,-1.1769532747917215,-0.04572193645149449,0.6187276001820594,2.4246001833736806,2.8707056970834683,0.86354136,-1.2017273,1,3,238.0,0.0,0.0,0.0,0.0,0.0,0.0,1.0,1.0,1.114,0.3937054736728968,-0.2895565533709469,1.0,1.0,1.0443333333333336,0.1761662724688115,-0.2516561922554292,2.0,0.0,0.0,0.4946986031104712,5.92288469320235,0.074074074074074,0.0512423491693383,-1.30307305996249,-6.11393403188008,-1.86417480358831,-2.79324107867984,40
-0.0159735828173886,-0.3676939546475964,0.9382902619385175,-1.1769532747917215,-0.04572193645149449,0.6187276001820594,2.4246001833736806,2.8707056970834683,0.86354136,-1.2017273,1,3,238.0,0.0,0.0,0.0,0.0,0.0,0.0,1.0,1.0,1.114,0.3937054736728968,-0.2895565533709469,1.0,1.0,1.0443333333333336,0.1761662724688115,-0.2516561922554292,2.0,0.0,0.0,0.4946986031104712,5.92288469320235,0.074074074074074,0.0512423491693383,-0.630317052924127,-4.61274653188008,-0.362987303588308,-1.29205357867984,41
-0.0159735828173886,-0.3676939546475964,0.9382902619385175,-1.1769532747917215,-0.04572193645149449,0.6187276001820594,2.4246001833736806,2.8707056970834683,0.86354136,-1.2017273,1,3,238.0,0.0,0.0,0.0,0.0,0.0,0.0,1.0,1.0,1.114,0.3937054736728968,-0.2895565533709469,1.0,1.0,1.0443333333333336,0.1761662724688115,-0.2516561922554292,2.0,0.0,0.0,0.4946986031104712,5.92288469320235,0.074074074074074,0.0512423491693383,1.62563344538993,-1.74055903188008,2.50920019641169,1.58013392132016,42
-0.0159735828173886,-0.3676939546475964,0.9382902619385175,-1.1769532747917215,-0.04572193645149449,0.6187276001820594,2.4246001833736806,2.8707056970834683,0.86354136,-1.2017273,1,3,238.0,0.0,0.0,0.0,0.0,0.0,0.0,1.0,1.0,1.114,0.3937054736728968,-0.2895565533709469,1.0,1.0,1.0443333333333336,0.1761662724688115,-0.2516561922554292,2.0,0.0,0.0,0.4946986031104712,5.92288469320235,0.074074074074074,0.0512423491693383,0.92195670871445,-3.30499653188008,0.944762696411693,0.0156964213201581,43
-0.0159735828173886,-0.3676939546475964,0.9382902619385175,-1.1769532747917215,-0.04572193645149449,-0.4161038363060825,-0.003761085861173043,-0.22427450222931963,0.114251636,0.12668216,1,10,238.0,0.0,0.0,0.0,0.0,0.0,0.0,1.0,1.0,1.114,0.3937054736728968,-0.2895565533709469,1.0,1.0,1.0089,0.0938658084714556,-0.094816207785675,2.0,0.0,0.0,0.4946986031104712,5.92288469320235,0.074074074074074,0.0565339519446635,0.669440429482582,7.29322552780193,11.0162943885655,0.600419611500509,44
-0.0159735828173886,-0.3676939546475964,0.9382902619385175,-1.1769532747917215,-0.04572193645149449,-0.4161038363060825,-0.003761085861173043,-0.22427450222931963,0.114251636,0.12668216,1,10,238.0,0.0,0.0,0.0,0.0,0.0,0.0,1.0,1.0,1.114,0.3937054736728968,-0.2895565533709469,1.0,1.0,1.0089,0.0938658084714556,-0.094816207785675,2.0,0.0,0.0,0.4946986031104712,5.92288469320235,0.074074074074074,0.0565339519446635,-1.6560489038061,4.29628802780192,8.01935688856547,-2.39651788849949,45
-0.0159735828173886,-0.3676939546475964,0.9382902619385175,-1.1769532747917215,-0.04572193645149449,-0.4161038363060825,-0.003761085861173043,-0.22427450222931963,0.114251636,0.12668216,1,10,238.0,0.0,0.0,0.0,0.0,0.0,0.0,1.0,1.0,1.114,0.3937054736728968,-0.2895565533709469,1.0,1.0,1.0089,0.0938658084714556,-0.094816207785675,2.0,0.0,0.0,0.4946986031104712,5.92288469320235,0.074074074074074,0.0565339519446635,0.305445018045016,7.03285052780192,10.7559193885655,0.340044611500509,46
-0.0159735828173886,-0.3676939546475964,0.9382902619385175,-1.1769532747917215,-0.04572193645149449,-0.4161038363060825,-0.003761085861173043,-0.22427450222931963,0.114251636,0.12668216,1,10,238.0,0.0,0.0,0.0,0.0,0.0,0.0,1.0,1.0,1.114,0.3937054736728968,-0.2895565533709469,1.0,1.0,1.0089,0.0938658084714556,-0.094816207785675,2.0,0.0,0.0,0.4946986031104712,5.92288469320235,0.074074074074074,0.0565339519446635,-0.968897039922359,5.40185052780193,9.12491938856547,-1.29095538849949,47
-0.0159735828173886,-0.3676939546475964,0.9382902619385175,-1.1769532747917215,-0.04572193645149449,-0.37752206484632606,0.11669174692781914,-0.35765911784716276,0.08374546,0.038711086,1,2,238.0,0.0,0.0,1.0,0.0,0.0,0.0084033613445378,1.0,1.0,1.114,0.3937054736728968,-0.2895565533709469,0.0,0.0,1.297,0.2771118907589496,-4.680419871005164,2.0,0.0,0.0,0.4946986031104712,5.92288469320235,0.074074074074074,0.0938018242122719,2.34265878719253,1.96851199703966,6.21834648568967,1.83026235868899,48
-0.0159735828173886,-0.3676939546475964,0.9382902619385175,-1.1769532747917215,-0.04572193645149449,-0.37752206484632606,0.11669174692781914,-0.35765911784716276,0.08374546,0.038711086,1,2,238.0,0.0,0.0,1.0,0.0,0.0,0.0084033613445378,1.0,1.0,1.114,0.3937054736728968,-0.2895565533709469,0.0,0.0,1.297,0.2771118907589496,-4.680419871005164,2.0,0.0,0.0,0.4946986031104712,5.92288469320235,0.074074074074074,0.0938018242122719,0.565228423660055,-0.300363002960336,3.94947148568967,-0.43861264131101,49
-0.0159735828173886,-0.3676939546475964,0.9382902619385175,-1.1769532747917215,-0.04572193645149449,-0.37752206484632606,0.11669174692781914,-0.35765911784716276,0.08374546,0.038711086,1,2,238.0,0.0,0.0,1.0,0.0,0.0,0.0084033613445378,1.0,1.0,1.114,0.3937054736728968,-0.2895565533709469,0.0,0.0,1.297,0.2771118907589496,-4.680419871005164,2.0,0.0,0.0,0.4946986031104712,5.92288469320235,0.074074074074074,0.0938018242122719,1.32795657257118,-0.694050502960334,3.55578398568967,-0.832300141311008,50
-0.0159735828173886,-0.3676939546475964,0.9382902619385175,-1.1769532747917215,-0.04572193645149449,-0.37752206484632606,0.11669174692781914,-0.35765911784716276,0.08374546,0.038711086,1,2,238.0,0.0,0.0,1.0,0.0,0.0,0.0084033613445378,1.0,1.0,1.114,0.3937054736728968,-0.2895565533709469,0.0,0.0,1.297,0.2771118907589496,-4.680419871005164,2.0,0.0,0.0,0.4946986031104712,5.92288469320235,0.074074074074074,0.0938018242122719,-0.655517809165,-2.44992550296034,1.79990898568967,-2.58817514131101,51
-0.0159735828173886,-0.3676939546475964,0.9382902619385175,-1.1769532747917215,-0.04572193645149449,-0.21714723565463467,0.018469794394081415,-0.5007702613398466,0.04253316,-0.08140227,1,2,238.0,0.0,0.0,1.0,0.0,0.0,0.0084033613445378,1.0,1.0,1.114,0.3937054736728968,-0.2895565533709469,0.0,0.0,0.9145,0.1947812876022745,-4.69500952199949,2.0,0.0,0.0,0.4946986031104712,5.92288469320235,0.074074074074074,0.0632462686567164,1.50847258695844,0.026663250075037,4.95652648568967,0.579488383811208,52
-0.0159735828173886,-0.3676939546475964,0.9382902619385175,-1.1769532747917215,-0.04572193645149449,-0.21714723565463467,0.018469794394081415,-0.5007702613398466,0.04253316,-0.08140227,1,2,238.0,0.0,0.0,1.0,0.0,0.0,0.0084033613445378,1.0,1.0,1.114,0.3937054736728968,-0.2895565533709469,0.0,0.0,0.9145,0.1947812876022745,-4.69500952199949,2.0,0.0,0.0,0.4946986031104712,5.92288469320235,0.074074074074074,0.0632462686567164,1.80295447660161,1.15185075007504,6.08171398568966,1.70467588381121,53
-0.0159735828173886,-0.3676939546475964,0.9382902619385175,-1.1769532747917215,-0.04572193645149449,-0.21714723565463467,0.018469794394081415,-0.5007702613398466,0.04253316,-0.08140227,1,2,238.0,0.0,0.0,1.0,0.0,0.0,0.0084033613445378,1.0,1.0,1.114,0.3937054736728968,-0.2895565533709469,0.0,0.0,0.9145,0.1947812876022745,-4.69500952199949,2.0,0.0,0.0,0.4946986031104712,5.92288469320235,0.074074074074074,0.0632462686567164,1.75534643699319,0.246538250075037,5.17640148568967,0.799363383811209,54
-0.0159735828173886,-0.3676939546475964,0.9382902619385175,-1.1769532747917215,-0.04572193645149449,-0.21714723565463467,0.018469794394081415,-0.5007702613398466,0.04253316,-0.08140227,1,2,238.0,0.0,0.0,1.0,0.0,0.0,0.0084033613445378,1.0,1.0,1.114,0.3937054736728968,-0.2895565533709469,0.0,0.0,0.9145,0.1947812876022745,-4.69500952199949,2.0,0.0,0.0,0.4946986031104712,5.92288469320235,0.074074074074074,0.0632462686567164,0.162067305339908,-3.00071174992496,1.92915148568967,-2.44788661618879,55
-0.0159735828173886,-0.3676939546475964,0.9382902619385175,-1.1769532747917215,-0.04572193645149449,-0.4540389699805117,0.0888085081532088,-0.23354972713218797,0.06507606,0.020801008,1,10,238.0,0.0,0.0,0.2,0.0,0.0,0.008130081300813,1.0,1.0,1.114,0.3937054736728968,-0.2895565533709469,0.0,0.9,1.1135,0.124047369984212,-1.721116699428395,2.0,0.0,0.0,0.4946986031104712,5.92288469320235,0.074074074074074,0.0785112659317768,-5.83132201913649,-8.54597425431992,-0.516021677901186,-6.7870861951384,56
-0.0159735828173886,-0.3676939546475964,0.9382902619385175,-1.1769532747917215,-0.04572193645149449,-0.4540389699805117,0.0888085081532088,-0.23354972713218797,0.06507606,0.020801008,1,10,238.0,0.0,0.0,0.2,0.0,0.0,0.008130081300813,1.0,1.0,1.114,0.3937054736728968,-0.2895565533709469,0.0,0.9,1.1135,0.124047369984212,-1.721116699428395,2.0,0.0,0.0,0.4946986031104712,5.92288469320235,0.074074074074074,0.0785112659317768,-6.17140856065744,-9.22041175431992,-1.19045917790118,-7.4615236951384,57
-0.0159735828173886,-0.3676939546475964,0.9382902619385175,-1.1769532747917215,-0.04572193645149449,-0.4540389699805117,0.0888085081532088,-0.23354972713218797,0.06507606,0.020801008,1,10,238.0,0.0,0.0,0.2,0.0,0.0,0.008130081300813,1.0,1.0,1.114,0.3937054736728968,-0.2895565533709469,0.0,0.9,1.1135,0.124047369984212,-1.721116699428395,2.0,0.0,0.0,0.4946986031104712,5.92288469320235,0.074074074074074,0.0785112659317768,-5.47247222134689,-7.77966175431992,0.250290822098816,-6.0207736951384,58
-0.0159735828173886,-0.3676939546475964,0.9382902619385175,-1.1769532747917215,-0.04572193645149449,-0.4540389699805117,0.0888085081532088,-0.23354972713218797,0.06507606,0.020801008,1,10,238.0,0.0,0.0,0.2,0.0,0.0,0.008130081300813,1.0,1.0,1.114,0.3937054736728968,-0.2895565533709469,0.0,0.9,1.1135,0.124047369984212,-1.721116699428395,2.0,0.0,0.0,0.4946986031104712,5.92288469320235,0.074074074074074,0.0785112659317768,-6.23385984709399,-9.82097425431992,-1.79102167790118,-8.0620861951384,59
-0.0159735828173886,-0.3676939546475964,0.9382902619385175,-1.1769532747917215,-0.04572193645149449,-0.20639172215776463,0.07480062598913675,-0.5066062404985098,0.06865776,-0.13290855,1,8,238.0,0.0,0.0,0.0,0.0,0.0,0.0,1.0,1.0,1.114,0.3937054736728968,-0.2895565533709469,1.0,1.125,1.1529464285714284,0.1505048635986118,-0.1856845546597083,2.0,0.0,0.0,0.4946986031104712,5.92288469320235,0.074074074074074,0.0681347279378319,-0.349457091426558,-1.46584562040948,7.57199209469501,-0.754380169792582,60
-0.0159735828173886,-0.3676939546475964,0.9382902619385175,-1.1769532747917215,-0.04572193645149449,-0.20639172215776463,0.07480062598913675,-0.5066062404985098,0.06865776,-0.13290855,1,8,238.0,0.0,0.0,0.0,0.0,0.0,0.0,1.0,1.0,1.114,0.3937054736728968,-0.2895565533709469,1.0,1.125,1.1529464285714284,0.1505048635986118,-0.1856845546597083,2.0,0.0,0.0,0.4946986031104712,5.92288469320235,0.074074074074074,0.0681347279378319,0.329035345064844,-0.582970620409481,8.45486709469501,0.128494830207419,61
-0.0159735828173886,-0.3676939546475964,0.9382902619385175,-1.1769532747917215,-0.04572193645149449,-0.20639172215776463,0.07480062598913675,-0.5066062404985098,0.06865776,-0.13290855,1,8,238.0,0.0,0.0,0.0,0.0,0.0,0.0,1.0,1.0,1.114,0.3937054736728968,-0.2895565533709469,1.0,1.125,1.1529464285714284,0.1505048635986118,-0.1856845546597083,2.0,0.0,0.0,0.4946986031104712,5.92288469320235,0.074074074074074,0.0681347279378319,-1.38154551810868,-2.10453312040948,6.93330459469501,-1.39306766979258,62
-0.0159735828173886,-0.3676939546475964,0.9382902619385175,-1.1769532747917215,-0.04572193645149449,-0.20639172215776463,0.07480062598913675,-0.5066062404985098,0.06865776,-0.13290855,1,8,238.0,0.0,0.0,0.0,0.0,0.0,0.0,1.0,1.0,1.114,0.3937054736728968,-0.2895565533709469,1.0,1.125,1.1529464285714284,0.1505048635986118,-0.1856845546597083,2.0,0.0,0.0,0.4946986031104712,5.92288469320235,0.074074074074074,0.0681347279378319,-2.55711505510901,-4.91915812040948,4.11867959469501,-4.20769266979258,63
-0.0159735828173886,-0.3676939546475964,0.9382902619385175,-1.1769532747917215,-0.04572193645149449,0.08628800646205997,-0.03206521111272899,-0.45662378873921755,0.23054022,-0.08890957,1,4,238.0,0.0,0.0,0.0,0.0,0.0,0.0,1.0,1.0,1.114,0.3937054736728968,-0.2895565533709469,1.0,1.0,0.95775,0.1314436666408846,0.3214304734470823,2.0,0.0,0.0,0.4946986031104712,5.92288469320235,0.074074074074074,0.0550092290231879,6.06683197053093,4.42367770214265,9.9548980304247,4.90808197726097,64
-0.0159735828173886,-0.3676939546475964,0.9382902619385175,-1.1769532747917215,-0.04572193645149449,0.08628800646205997,-0.03206521111272899,-0.45662378873921755,0.23054022,-0.08890957,1,4,238.0,0.0,0.0,0.0,0.0,0.0,0.0,1.0,1.0,1.114,0.3937054736728968,-0.2895565533709469,1.0,1.0,0.95775,0.1314436666408846,0.3214304734470823,2.0,0.0,0.0,0.4946986031104712,5.92288469320235,0.074074074074074,0.0550092290231879,9.11609707395568,9.27111520214265,14.8023355304247,9.75551947726097,65
-0.0159735828173886,-0.3676939546475964,0.9382902619385175,-1.1769532747917215,-0.04572193645149449,0.08628800646205997,-0.03206521111272899,-0.45662378873921755,0.23054022,-0.08890957,1,4,238.0,0.0,0.0,0.0,0.0,0.0,0.0,1.0,1.0,1.114,0.3937054736728968,-0.2895565533709469,1.0,1.0,0.95775,0.1314436666408846,0.3214304734470823,2.0,0.0,0.0,0.4946986031104712,5.92288469320235,0.074074074074074,0.0550092290231879,9.07249183884231,6.86311520214265,12.3943355304247,7.34751947726097,66
-0.0159735828173886,-0.3676939546475964,0.9382902619385175,-1.1769532747917215,-0.04572193645149449,0.08628800646205997,-0.03206521111272899,-0.45662378873921755,0.23054022,-0.08890957,1,4,238.0,0.0,0.0,0.0,0.0,0.0,0.0,1.0,1.0,1.114,0.3937054736728968,-0.2895565533709469,1.0,1.0,0.95775,0.1314436666408846,0.3214304734470823,2.0,0.0,0.0,0.4946986031104712,5.92288469320235,0.074074074074074,0.0550092290231879,4.83842861098539,3.95686520214265,9.4880855304247,4.44126947726097,67
-0.30781065717586364,0.2811605965937192,-0.2575959983178411,-0.20649020374862667,0.5708917608487787,0.6187276001820594,2.4246001833736806,2.8707056970834683,0.86354136,-1.2017273,2,3,238.0,0.0,1.0,0.0,0.0,0.0084033613445378,0.0,0.0,0.0,1.297,0.2771118907589496,-4.680419871005164,1.0,1.0,1.0443333333333336,0.1761662724688115,-0.2516561922554292,2.0,0.5,-0.1606999999999999,0.3453387370877083,1.913194000684021,0.0938018242122719,0.0512423491693383,-1.12040242342278,-2.88840239207082,0.871441130935119,0.275915602690214,68
-0.30781065717586364,0.2811605965937192,-0.2575959983178411,-0.20649020374862667,0.5708917608487787,0.6187276001820594,2.4246001833736806,2.8707056970834683,0.86354136,-1.2017273,2,3,238.0,0.0,1.0,0.0,0.0,0.0084033613445378,0.0,0.0,0.0,1.297,0.2771118907589496,-4.680419871005164,1.0,1.0,1.0443333333333336,0.1761662724688115,-0.2516561922554292,2.0,0.5,-0.1606999999999999,0.3453387370877083,1.913194000684021,0.0938018242122719,0.0512423491693383,-2.95538644541044,-4.45602739207082,-0.696183869064888,-1.29170939730979,69
-0.30781065717586364,0.2811605965937192,-0.2575959983178411,-0.20649020374862667,0.5708917608487787,0.6187276001820594,2.4246001833736806,2.8707056970834683,0.86354136,-1.2017273,2,3,238.0,0.0,1.0,0.0,0.0,0.0084033613445378,0.0,0.0,0.0,1.297,0.2771118907589496,-4.680419871005164,1.0,1.0,1.0443333333333336,0.1761662724688115,-0.2516561922554292,2.0,0.5,-0.1606999999999999,0.3453387370877083,1.913194000684021,0.0938018242122719,0.0512423491693383,2.79053231557224,-0.114714892070819,3.64512863093512,3.04960310269021,70
-0.30781065717586364,0.2811605965937192,-0.2575959983178411,-0.20649020374862667,0.5708917608487787,0.6187276001820594,2.4246001833736806,2.8707056970834683,0.86354136,-1.2017273,2,3,238.0,0.0,1.0,0.0,0.0,0.0084033613445378,0.0,0.0,0.0,1.297,0.2771118907589496,-4.680419871005164,1.0,1.0,1.0443333333333336,0.1761662724688115,-0.2516561922554292,2.0,0.5,-0.1606999999999999,0.3453387370877083,1.913194000684021,0.0938018242122719,0.0512423491693383,1.26828868919608,0.85522260792918,4.61506613093512,4.01954060269021,71
-0.30781065717586364,0.2811605965937192,-0.2575959983178411,-0.20649020374862667,0.5708917608487787,-0.4161038363060825,-0.003761085861173043,-0.22427450222931963,0.114251636,0.12668216,2,10,238.0,0.0,1.0,0.0,0.0,0.0084033613445378,0.0,0.0,0.0,1.297,0.2771118907589496,-4.680419871005164,1.0,1.0,1.0089,0.0938658084714556,-0.094816207785675,1.0,-0.2166666666666667,-0.3006666666666667,0.266926123778763,0.3146938141941546,0.0938018242122719,0.0565339519446635,7.95895228097499,11.6970886022025,13.9240816122039,7.87619481942743,72
-0.30781065717586364,0.2811605965937192,-0.2575959983178411,-0.20649020374862667,0.5708917608487787,-0.4161038363060825,-0.003761085861173043,-0.22427450222931963,0.114251636,0.12668216,2,10,238.0,0.0,1.0,0.0,0.0,0.0084033613445378,0.0,0.0,0.0,1.297,0.2771118907589496,-4.680419871005164,1.0,1.0,1.0089,0.0938658084714556,-0.094816207785675,1.0,-0.2166666666666667,-0.3006666666666667,0.266926123778763,0.3146938141941546,0.0938018242122719,0.0565339519446635,6.9169429432471,10.2127761022025,12.4397691122038,6.39188231942743,73
-0.30781065717586364,0.2811605965937192,-0.2575959983178411,-0.20649020374862667,0.5708917608487787,-0.4161038363060825,-0.003761085861173043,-0.22427450222931963,0.114251636,0.12668216,2,10,238.0,0.0,1.0,0.0,0.0,0.0084033613445378,0.0,0.0,0.0,1.297,0.2771118907589496,-4.680419871005164,1.0,1.0,1.0089,0.0938658084714556,-0.094816207785675,1.0,-0.2166666666666667,-0.3006666666666667,0.266926123778763,0.3146938141941546,0.0938018242122719,0.0565339519446635,3.54217534477051,6.2291511022025,8.45614411220385,2.40825731942743,74
-0.30781065717586364,0.2811605965937192,-0.2575959983178411,-0.20649020374862667,0.5708917608487787,-0.4161038363060825,-0.003761085861173043,-0.22427450222931963,0.114251636,0.12668216,2,10,238.0,0.0,1.0,0.0,0.0,0.0084033613445378,0.0,0.0,0.0,1.297,0.2771118907589496,-4.680419871005164,1.0,1.0,1.0089,0.0938658084714556,-0.094816207785675,1.0,-0.2166666666666667,-0.3006666666666667,0.266926123778763,0.3146938141941546,0.0938018242122719,0.0565339519446635,4.73062304299118,8.6963386022025,10.9233316122039,4.87544481942743,75
-0.30781065717586364,0.2811605965937192,-0.2575959983178411,-0.20649020374862667,0.5708917608487787,-0.4540389699805117,0.0888085081532088,-0.23354972713218797,0.06507606,0.020801008,2,10,238.0,0.0,1.0,0.2,0.0,0.0084033613445378,0.008130081300813,0.0,0.0,1.297,0.2771118907589496,-4.680419871005164,0.0,0.9,1.1135,0.124047369984212,-1.721116699428395,1.0,-0.0333333333333332,-0.2291999999999999,0.2892867166747281,0.6770676127756594,0.0938018242122719,0.0785112659317768,-1.47196668497127,-1.73321415030771,4.49228584511656,0.916964737568452,76
-0.30781065717586364,0.2811605965937192,-0.2575959983178411,-0.20649020374862667,0.5708917608487787,-0.4540389699805117,0.0888085081532088,-0.23354972713218797,0.06507606,0.020801008,2,10,238.0,0.0,1.0,0.2,0.0,0.0084033613445378,0.008130081300813,0.0,0.0,1.297,0.2771118907589496,-4.680419871005164,0.0,0.9,1.1135,0.124047369984212,-1.721116699428395,1.0,-0.0333333333333332,-0.2291999999999999,0.2892867166747281,0.6770676127756594,0.0938018242122719,0.0785112659317768,0.960495217273899,-0.87190165030771,5.35359834511656,1.77827723756845,77
-0.30781065717586364,0.2811605965937192,-0.2575959983178411,-0.20649020374862667,0.5708917608487787,-0.4540389699805117,0.0888085081532088,-0.23354972713218797,0.06507606,0.020801008,2,10,238.0,0.0,1.0,0.2,0.0,0.0084033613445378,0.008130081300813,0.0,0.0,1.297,0.2771118907589496,-4.680419871005164,0.0,0.9,1.1135,0.124047369984212,-1.721116699428395,1.0,-0.0333333333333332,-0.2291999999999999,0.2892867166747281,0.6770676127756594,0.0938018242122719,0.0785112659317768,1.27338939685642,-0.03821415030771,6.18728584511656,2.61196473756845,78
-0.30781065717586364,0.2811605965937192,-0.2575959983178411,-0.20649020374862667,0.5708917608487787,-0.4540389699805117,0.0888085081532088,-0.23354972713218797,0.06507606,0.020801008,2,10,238.0,0.0,1.0,0.2,0.0,0.0084033613445378,0.008130081300813,0.0,0.0,1.297,0.2771118907589496,-4.680419871005164,0.0,0.9,1.1135,0.124047369984212,-1.721116699428395,1.0,-0.0333333333333332,-0.2291999999999999,0.2892867166747281,0.6770676127756594,0.0938018242122719,0.0785112659317768,4.61204875762868,3.32016084969229,9.54566084511656,5.97033973756845,79
-0.26052881491906055,0.3338753540794527,-0.08673655563461953,-0.08741497480734166,0.5533387756436077,0.6187276001820594,2.4246001833736806,2.8707056970834683,0.86354136,-1.2017273,2,3,238.0,0.0,0.0,0.0,0.0,0.0,0.0,1.0,1.0,1.2895,0.3177101666613771,-0.9112078566518016,1.0,1.0,1.0443333333333336,0.1761662724688115,-0.2516561922554292,2.0,0.5,-0.1149,0.3721576592431403,1.6522567377775497,0.1159844054580896,0.0512423491693383,2.60290353979344,-1.12629225451359,2.75313046291689,2.43738058606658,80
-0.26052881491906055,0.3338753540794527,-0.08673655563461953,-0.08741497480734166,0.5533387756436077,0.6187276001820594,2.4246001833736806,2.8707056970834683,0.86354136,-1.2017273,2,3,238.0,0.0,0.0,0.0,0.0,0.0,0.0,1.0,1.0,1.2895,0.3177101666613771,-0.9112078566518016,1.0,1.0,1.0443333333333336,0.1761662724688115,-0.2516561922554292,2.0,0.5,-0.1149,0.3721576592431403,1.6522567377775497,0.1159844054580896,0.0512423491693383,1.07586585062685,-2.67079225451359,1.20863046291689,0.892880586066583,81
-0.26052881491906055,0.3338753540794527,-0.08673655563461953,-0.08741497480734166,0.5533387756436077,0.6187276001820594,2.4246001833736806,2.8707056970834683,0.86354136,-1.2017273,2,3,238.0,0.0,0.0,0.0,0.0,0.0,0.0,1.0,1.0,1.2895,0.3177101666613771,-0.9112078566518016,1.0,1.0,1.0443333333333336,0.1761662724688115,-0.2516561922554292,2.0,0.5,-0.1149,0.3721576592431403,1.6522567377775497,0.1159844054580896,0.0512423491693383,4.18297321745197,1.31452024548641,5.19394296291689,4.87819308606658,82
-0.26052881491906055,0.3338753540794527,-0.08673655563461953,-0.08741497480734166,0.5533387756436077,0.6187276001820594,2.4246001833736806,2.8707056970834683,0.86354136,-1.2017273,2,3,238.0,0.0,0.0,0.0,0.0,0.0,0.0,1.0,1.0,1.2895,0.3177101666613771,-0.9112078566518016,1.0,1.0,1.0443333333333336,0.1761662724688115,-0.2516561922554292,2.0,0.5,-0.1149,0.3721576592431403,1.6522567377775497,0.1159844054580896,0.0512423491693383,-0.405291027563792,-2.41791725451359,1.46150546291689,1.14575558606658,83
-0.26052881491906055,0.3338753540794527,-0.08673655563461953,-0.08741497480734166,0.5533387756436077,-0.4161038363060825,-0.003761085861173043,-0.22427450222931963,0.114251636,0.12668216,2,10,238.0,0.0,0.0,0.0,0.0,0.0,0.0,1.0,1.0,1.2895,0.3177101666613771,-0.9112078566518016,1.0,1.0,1.0089,0.0938658084714556,-0.094816207785675,2.0,0.7,0.0634166666666666,0.272063603164162,2.3398327667858663,0.1159844054580896,0.0565339519446635,4.05399358887227,7.35013549694351,9.46139567646754,3.12535655287218,84
-0.26052881491906055,0.3338753540794527,-0.08673655563461953,-0.08741497480734166,0.5533387756436077,-0.4161038363060825,-0.003761085861173043,-0.22427450222931963,0.114251636,0.12668216,2,10,238.0,0.0,0.0,0.0,0.0,0.0,0.0,1.0,1.0,1.2895,0.3177101666613771,-0.9112078566518016,1.0,1.0,1.0089,0.0938658084714556,-0.094816207785675,2.0,0.7,0.0634166666666666,0.272063603164162,2.3398327667858663,0.1159844054580896,0.0565339519446635,4.2198681208435,7.84782299694351,9.95908317646754,3.62304405287218,85
-0.26052881491906055,0.3338753540794527,-0.08673655563461953,-0.08741497480734166,0.5533387756436077,-0.4161038363060825,-0.003761085861173043,-0.22427450222931963,0.114251636,0.12668216,2,10,238.0,0.0,0.0,0.0,0.0,0.0,0.0,1.0,1.0,1.2895,0.3177101666613771,-0.9112078566518016,1.0,1.0,1.0089,0.0938658084714556,-0.094816207785675,2.0,0.7,0.0634166666666666,0.272063603164162,2.3398327667858663,0.1159844054580896,0.0565339519446635,2.60758188935546,6.83957299694351,8.95083317646754,2.61479405287218,86
-0.26052881491906055,0.3338753540794527,-0.08673655563461953,-0.08741497480734166,0.5533387756436077,-0.4161038363060825,-0.003761085861173043,-0.22427450222931963,0.114251636,0.12668216,2,10,238.0,0.0,0.0,0.0,0.0,0.0,0.0,1.0,1.0,1.2895,0.3177101666613771,-0.9112078566518016,1.0,1.0,1.0089,0.0938658084714556,-0.094816207785675,2.0,0.7,0.0634166666666666,0.272063603164162,2.3398327667858663,0.1159844054580896,0.0565339519446635,3.87310018960985,7.65544799694351,9.76670817646754,3.43066905287218,87
-0.26052881491906055,0.3338753540794527,-0.08673655563461953,-0.08741497480734166,0.5533387756436077,-0.37752206484632606,0.11669174692781914,-0.35765911784716276,0.08374546,0.038711086,2,2,238.0,0.0,0.0,1.0,0.0,0.0,0.0084033613445378,1.0,1.0,1.2895,0.3177101666613771,-0.9112078566518016,0.0,0.0,1.297,0.2771118907589496,-4.680419871005164,2.0,0.25,-0.33425,0.3700870674584563,1.578682562490742,0.1159844054580896,0.0938018242122719,9.66744880202483,9.21442819745417,12.5012781475156,10.1479194734053,88
-0.26052881491906055,0.3338753540794527,-0.08673655563461953,-0.08741497480734166,0.5533387756436077,-0.37752206484632606,0.11669174692781914,-0.35765911784716276,0.08374546,0.038711086,2,2,238.0,0.0,0.0,1.0,0.0,0.0,0.0084033613445378,1.0,1.0,1.2895,0.3177101666613771,-0.9112078566518016,0.0,0.0,1.297,0.2771118907589496,-4.680419871005164,2.0,0.25,-0.33425,0.3700870674584563,1.578682562490742,0.1159844054580896,0.0938018242122719,9.26824130002562,8.33630319745417,11.6231531475156,9.26979447340527,89
-0.26052881491906055,0.3338753540794527,-0.08673655563461953,-0.08741497480734166,0.5533387756436077,-0.37752206484632606,0.11669174692781914,-0.35765911784716276,0.08374546,0.038711086,2,2,238.0,0.0,0.0,1.0,0.0,0.0,0.0084033613445378,1.0,1.0,1.2895,0.3177101666613771,-0.9112078566518016,0.0,0.0,1.297,0.2771118907589496,-4.680419871005164,2.0,0.25,-0.33425,0.3700870674584563,1.578682562490742,0.1159844054580896,0.0938018242122719,10.5198028139621,8.97230319745417,12.2591531475156,9.90579447340527,90
-0.26052881491906055,0.3338753540794527,-0.08673655563461953,-0.08741497480734166,0.5533387756436077,-0.37752206484632606,0.11669174692781914,-0.35765911784716276,0.08374546,0.038711086,2,2,238.0,0.0,0.0,1.0,0.0,0.0,0.0084033613445378,1.0,1.0,1.2895,0.3177101666613771,-0.9112078566518016,0.0,0.0,1.297,0.2771118907589496,-4.680419871005164,2.0,0.25,-0.33425,0.3700870674584563,1.578682562490742,0.1159844054580896,0.0938018242122719,9.72347540917283,9.16042819745417,12.4472781475156,10.0939194734053,91
-0.26052881491906055,0.3338753540794527,-0.08673655563461953,-0.08741497480734166,0.5533387756436077,-0.21714723565463467,0.018469794394081415,-0.5007702613398466,0.04253316,-0.08140227,2,2,238.0,0.0,0.0,1.0,0.0,0.0,0.0084033613445378,1.0,1.0,1.2895,0.3177101666613771,-0.9112078566518016,0.0,0.0,0.9145,0.1947812876022745,-4.69500952199949,2.0,0.5,-0.08775,0.388571019892117,1.5125935026322423,0.1159844054580896,0.0632462686567164,5.61834619068963,5.5367959054168,8.04622621001561,5.36028339826101,92
-0.26052881491906055,0.3338753540794527,-0.08673655563461953,-0.08741497480734166,0.5533387756436077,-0.21714723565463467,0.018469794394081415,-0.5007702613398466,0.04253316,-0.08140227,2,2,238.0,0.0,0.0,1.0,0.0,0.0,0.0084033613445378,1.0,1.0,1.2895,0.3177101666613771,-0.9112078566518016,0.0,0.0,0.9145,0.1947812876022745,-4.69500952199949,2.0,0.5,-0.08775,0.388571019892117,1.5125935026322423,0.1159844054580896,0.0632462686567164,6.97356784746298,6.8857334054168,9.39516371001562,6.70922089826102,93
-0.26052881491906055,0.3338753540794527,-0.08673655563461953,-0.08741497480734166,0.5533387756436077,-0.21714723565463467,0.018469794394081415,-0.5007702613398466,0.04253316,-0.08140227,2,2,238.0,0.0,0.0,1.0,0.0,0.0,0.0084033613445378,1.0,1.0,1.2895,0.3177101666613771,-0.9112078566518016,0.0,0.0,0.9145,0.1947812876022745,-4.69500952199949,2.0,0.5,-0.08775,0.388571019892117,1.5125935026322423,0.1159844054580896,0.0632462686567164,6.27126543140312,6.3483584054168,8.85778871001562,6.17184589826102,94
-0.26052881491906055,0.3338753540794527,-0.08673655563461953,-0.08741497480734166,0.5533387756436077,-0.21714723565463467,0.018469794394081415,-0.5007702613398466,0.04253316,-0.08140227,2,2,238.0,0.0,0.0,1.0,0.0,0.0,0.0084033613445378,1.0,1.0,1.2895,0.3177101666613771,-0.9112078566518016,0.0,0.0,0.9145,0.1947812876022745,-4.69500952199949,2.0,0.5,-0.08775,0.388571019892117,1.5125935026322423,0.1159844054580896,0.0632462686567164,6.96443209810098,7.1366709054168,9.64610121001562,6.96015839826101,95
-0.26052881491906055,0.3338753540794527,-0.08673655563461953,-0.08741497480734166,0.5533387756436077,-0.4540389699805117,0.0888085081532088,-0.23354972713218797,0.06507606,0.020801008,2,10,238.0,0.0,0.0,0.2,0.0,0.0,0.008130081300813,1.0,1.0,1.2895,0.3177101666613771,-0.9112078566518016,0.0,0.9,1.1135,0.124047369984212,-1.721116699428395,2.0,0.8,0.0267166666666667,0.2871049899910793,2.693381725470393,0.1159844054580896,0.0785112659317768,-2.26133168091796,-5.27751758276032,0.340418752879716,-3.10590808557581,96
-0.26052881491906055,0.3338753540794527,-0.08673655563461953,-0.08741497480734166,0.5533387756436077,-0.4540389699805117,0.0888085081532088,-0.23354972713218797,0.06507606,0.020801008,2,10,238.0,0.0,0.0,0.2,0.0,0.0,0.008130081300813,1.0,1.0,1.2895,0.3177101666613771,-0.9112078566518016,0.0,0.9,1.1135,0.124047369984212,-1.721116699428395,2.0,0.8,0.0267166666666667,0.2871049899910793,2.693381725470393,0.1159844054580896,0.0785112659317768,-3.37784867154024,-6.15326758276032,-0.535331247120285,-3.98165808557581,97
-0.26052881491906055,0.3338753540794527,-0.08673655563461953,-0.08741497480734166,0.5533387756436077,-0.4540389699805117,0.0888085081532088,-0.23354972713218797,0.06507606,0.020801008,2,10,238.0,0.0,0.0,0.2,0.0,0.0,0.008130081300813,1.0,1.0,1.2895,0.3177101666613771,-0.9112078566518016,0.0,0.9,1.1135,0.124047369984212,-1.721116699428395,2.0,0.8,0.0267166666666667,0.2871049899910793,2.693381725470393,0.1159844054580896,0.0785112659317768,-1.17238616918018,-3.30908008276032,2.30885625287971,-1.13747058557581,98
-0.26052881491906055,0.3338753540794527,-0.08673655563461953,-0.08741497480734166,0.5533387756436077,-0.4540389699805117,0.0888085081532088,-0.23354972713218797,0.06507606,0.020801008,2,10,238.0,0.0,0.0,0.2,0.0,0.0,0.008130081300813,1.0,1.0,1.2895,0.3177101666613771,-0.9112078566518016,0.0,0.9,1.1135,0.124047369984212,-1.721116699428395,2.0,0.8,0.0267166666666667,0.2871049899910793,2.693381725470393,0.1159844054580896,0.0785112659317768,-3.81570727577584,-5.94151758276031,-0.323581247120283,-3.76990808557581,99
-0.26052881491906055,0.3338753540794527,-0.08673655563461953,-0.08741497480734166,0.5533387756436077,-0.20639172215776463,0.07480062598913675,-0.5066062404985098,0.06865776,-0.13290855,2,8,238.0,0.0,0.0,0.0,0.0,0.0,0.0,1.0,1.0,1.2895,0.3177101666613771,-0.9112078566518016,1.0,1.125,1.1529464285714284,0.1505048635986118,-0.1856845546597083,2.0,0.975,0.0182624999999999,0.2765616112980071,3.4594009468981355,0.1159844054580896,0.0681347279378319,3.92270208791535,3.27247453607232,9.13288822341631,3.97809460020213,100
-0.26052881491906055,0.3338753540794527,-0.08673655563461953,-0.08741497480734166,0.5533387756436077,-0.20639172215776463,0.07480062598913675,-0.5066062404985098,0.06865776,-0.13290855,2,8,238.0,0.0,0.0,0.0,0.0,0.0,0.0,1.0,1.0,1.2895,0.3177101666613771,-0.9112078566518016,1.0,1.125,1.1529464285714284,0.1505048635986118,-0.1856845546597083,2.0,0.975,0.0182624999999999,0.2765616112980071,3.4594009468981355,0.1159844054580896,0.0681347279378319,8.00587547020428,7.53997453607232,13.4003882234163,8.24559460020213,101
-0.26052881491906055,0.3338753540794527,-0.08673655563461953,-0.08741497480734166,0.5533387756436077,-0.20639172215776463,0.07480062598913675,-0.5066062404985098,0.06865776,-0.13290855,2,8,238.0,0.0,0.0,0.0,0.0,0.0,0.0,1.0,1.0,1.2895,0.3177101666613771,-0.9112078566518016,1.0,1.125,1.1529464285714284,0.1505048635986118,-0.1856845546597083,2.0,0.975,0.0182624999999999,0.2765616112980071,3.4594009468981355,0.1159844054580896,0.0681347279378319,7.70100796190755,7.53859953607232,13.3990132234163,8.24421960020213,102
-0.26052881491906055,0.3338753540794527,-0.08673655563461953,-0.08741497480734166,0.5533387756436077,-0.20639172215776463,0.07480062598913675,-0.5066062404985098,0.06865776,-0.13290855,2,8,238.0,0.0,0.0,0.0,0.0,0.0,0.0,1.0,1.0,1.2895,0.3177101666613771,-0.9112078566518016,1.0,1.125,1.1529464285714284,0.1505048635986118,-0.1856845546597083,2.0,0.975,0.0182624999999999,0.2765616112980071,3.4594009468981355,0.1159844054580896,0.0681347279378319,4.69035719491727,3.45278703607232,9.3132007234163,4.15840710020213,103
-0.26052881491906055,0.3338753540794527,-0.08673655563461953,-0.08741497480734166,0.5533387756436077,0.08628800646205997,-0.03206521111272899,-0.45662378873921755,0.23054022,-0.08890957,2,4,238.0,0.0,0.0,0.0,0.0,0.0,0.0,1.0,1.0,1.2895,0.3177101666613771,-0.9112078566518016,1.0,1.0,0.95775,0.1314436666408846,0.3214304734470823,2.0,0.25,-0.0150416666666666,0.3442853886232241,0.7698312952709142,0.1159844054580896,0.0550092290231879,6.34529633524003,5.86325096687017,10.1948002565663,7.4043732127614,104
-0.26052881491906055,0.3338753540794527,-0.08673655563461953,-0.08741497480734166,0.5533387756436077,0.08628800646205997,-0.03206521111272899,-0.45662378873921755,0.23054022,-0.08890957,2,4,238.0,0.0,0.0,0.0,0.0,0.0,0.0,1.0,1.0,1.2895,0.3177101666613771,-0.9112078566518016,1.0,1.0,0.95775,0.1314436666408846,0.3214304734470823,2.0,0.25,-0.0150416666666666,0.3442853886232241,0.7698312952709142,0.1159844054580896,0.0550092290231879,2.50741099481994,0.0689384668701762,4.40048775656632,1.6100607127614,105
-0.26052881491906055,0.3338753540794527,-0.08673655563461953,-0.08741497480734166,0.5533387756436077,0.08628800646205997,-0.03206521111272899,-0.45662378873921755,0.23054022,-0.08890957,2,4,238.0,0.0,0.0,0.0,0.0,0.0,0.0,1.0,1.0,1.2895,0.3177101666613771,-0.9112078566518016,1.0,1.0,0.95775,0.1314436666408846,0.3214304734470823,2.0,0.25,-0.0150416666666666,0.3442853886232241,0.7698312952709142,0.1159844054580896,0.0550092290231879,4.91776795884994,4.24650096687018,8.57805025656631,5.7876232127614,106
-0.26052881491906055,0.3338753540794527,-0.08673655563461953,-0.08741497480734166,0.5533387756436077,0.08628800646205997,-0.03206521111272899,-0.45662378873921755,0.23054022,-0.08890957,2,4,238.0,0.0,0.0,0.0,0.0,0.0,0.0,1.0,1.0,1.2895,0.3177101666613771,-0.9112078566518016,1.0,1.0,0.95775,0.1314436666408846,0.3214304734470823,2.0,0.25,-0.0150416666666666,0.3442853886232241,0.7698312952709142,0.1159844054580896,0.0550092290231879,5.21202008528136,4.13293846687018,8.46448775656632,5.6740607127614,107
-0.14725440979254306,0.3475775233095282,-0.07968917868451271,-0.35572521809307983,0.2843450011857268,0.6187276001820594,2.4246001833736806,2.8707056970834683,0.86354136,-1.2017273,3,3,238.0,0.0,0.0,0.0,0.0,0.0,0.0,1.0,1.3333333333333333,1.484,0.2901524503505777,-0.5192672558326604,1.0,1.0,1.0443333333333336,0.1761662724688115,-0.2516561922554292,2.0,0.5,-0.0436666666666668,0.3198678546594584,1.6996602151393794,0.0494505494505494,0.0512423491693383,5.83483078947356,0.890847216349325,7.14250232141168,6.20456455589736,108
-0.14725440979254306,0.3475775233095282,-0.07968917868451271,-0.35572521809307983,0.2843450011857268,0.6187276001820594,2.4246001833736806,2.8707056970834683,0.86354136,-1.2017273,3,3,238.0,0.0,0.0,0.0,0.0,0.0,0.0,1.0,1.3333333333333333,1.484,0.2901524503505777,-0.5192672558326604,1.0,1.0,1.0443333333333336,0.1761662724688115,-0.2516561922554292,2.0,0.5,-0.0436666666666668,0.3198678546594584,1.6996602151393794,0.0494505494505494,0.0512423491693383,1.88072731131884,-2.85052778365067,3.40112732141169,2.46318955589737,109
-0.14725440979254306,0.3475775233095282,-0.07968917868451271,-0.35572521809307983,0.2843450011857268,0.6187276001820594,2.4246001833736806,2.8707056970834683,0.86354136,-1.2017273,3,3,238.0,0.0,0.0,0.0,0.0,0.0,0.0,1.0,1.3333333333333333,1.484,0.2901524503505777,-0.5192672558326604,1.0,1.0,1.0443333333333336,0.1761662724688115,-0.2516561922554292,2.0,0.5,-0.0436666666666668,0.3198678546594584,1.6996602151393794,0.0494505494505494,0.0512423491693383,4.28957648945831,-0.212715283650668,6.03893982141169,5.10100205589736,110
-0.14725440979254306,0.3475775233095282,-0.07968917868451271,-0.35572521809307983,0.2843450011857268,0.6187276001820594,2.4246001833736806,2.8707056970834683,0.86354136,-1.2017273,3,3,238.0,0.0,0.0,0.0,0.0,0.0,0.0,1.0,1.3333333333333333,1.484,0.2901524503505777,-0.5192672558326604,1.0,1.0,1.0443333333333336,0.1761662724688115,-0.2516561922554292,2.0,0.5,-0.0436666666666668,0.3198678546594584,1.6996602151393794,0.0494505494505494,0.0512423491693383,6.17083236800047,-0.222152783650664,6.02950232141169,5.09156455589737,111
-0.14725440979254306,0.3475775233095282,-0.07968917868451271,-0.35572521809307983,0.2843450011857268,-0.4161038363060825,-0.003761085861173043,-0.22427450222931963,0.114251636,0.12668216,3,10,238.0,0.0,0.0,0.0,0.0,0.0,0.0,1.0,1.3333333333333333,1.484,0.2901524503505777,-0.5192672558326604,1.0,1.0,1.0089,0.0938658084714556,-0.094816207785675,2.0,0.7576923076923074,0.0478333333333333,0.2386873203932339,2.974012080698261,0.0494505494505494,0.0565339519446635,5.56349986603676,12.9824404458632,16.6857897825299,5.47306272992095,112
-0.14725440979254306,0.3475775233095282,-0.07968917868451271,-0.35572521809307983,0.2843450011857268,-0.4161038363060825,-0.003761085861173043,-0.22427450222931963,0.114251636,0.12668216,3,10,238.0,0.0,0.0,0.0,0.0,0.0,0.0,1.0,1.3333333333333333,1.484,0.2901524503505777,-0.5192672558326604,1.0,1.0,1.0089,0.0938658084714556,-0.094816207785675,2.0,0.7576923076923074,0.0478333333333333,0.2386873203932339,2.974012080698261,0.0494505494505494,0.0565339519446635,5.35933075022105,12.6137529458632,16.3171022825299,5.10437522992096,113
-0.14725440979254306,0.3475775233095282,-0.07968917868451271,-0.35572521809307983,0.2843450011857268,-0.4161038363060825,-0.003761085861173043,-0.22427450222931963,0.114251636,0.12668216,3,10,238.0,0.0,0.0,0.0,0.0,0.0,0.0,1.0,1.3333333333333333,1.484,0.2901524503505777,-0.5192672558326604,1.0,1.0,1.0089,0.0938658084714556,-0.094816207785675,2.0,0.7576923076923074,0.0478333333333333,0.2386873203932339,2.974012080698261,0.0494505494505494,0.0565339519446635,6.4308799803322,13.7824404458632,17.4857897825299,6.27306272992096,114
-0.14725440979254306,0.3475775233095282,-0.07968917868451271,-0.35572521809307983,0.2843450011857268,-0.4161038363060825,-0.003761085861173043,-0.22427450222931963,0.114251636,0.12668216,3,10,238.0,0.0,0.0,0.0,0.0,0.0,0.0,1.0,1.3333333333333333,1.484,0.2901524503505777,-0.5192672558326604,1.0,1.0,1.0089,0.0938658084714556,-0.094816207785675,2.0,0.7576923076923074,0.0478333333333333,0.2386873203932339,2.974012080698261,0.0494505494505494,0.0565339519446635,8.118979992616,15.5514404458632,19.2547897825299,8.04206272992096,115
-0.14725440979254306,0.3475775233095282,-0.07968917868451271,-0.35572521809307983,0.2843450011857268,-0.37752206484632606,0.11669174692781914,-0.35765911784716276,0.08374546,0.038711086,3,2,238.0,0.0,0.0,1.0,0.0,0.0,0.0084033613445378,1.0,1.3333333333333333,1.484,0.2901524503505777,-0.5192672558326604,0.0,0.0,1.297,0.2771118907589496,-4.680419871005164,2.0,0.3999999999999999,-0.3159666666666667,0.3500024745944265,2.04560458464275,0.0494505494505494,0.0938018242122719,9.56695114136231,8.18159004371129,13.907802771748,9.32676253851361,116
-0.14725440979254306,0.3475775233095282,-0.07968917868451271,-0.35572521809307983,0.2843450011857268,-0.37752206484632606,0.11669174692781914,-0.35765911784716276,0.08374546,0.038711086,3,2,238.0,0.0,0.0,1.0,0.0,0.0,0.0084033613445378,1.0,1.3333333333333333,1.484,0.2901524503505777,-0.5192672558326604,0.0,0.0,1.297,0.2771118907589496,-4.680419871005164,2.0,0.3999999999999999,-0.3159666666666667,0.3500024745944265,2.04560458464275,0.0494505494505494,0.0938018242122719,10.7088139506828,9.32721504371129,15.053427771748,10.4723875385136,117
-0.14725440979254306,0.3475775233095282,-0.07968917868451271,-0.35572521809307983,0.2843450011857268,-0.37752206484632606,0.11669174692781914,-0.35765911784716276,0.08374546,0.038711086,3,2,238.0,0.0,0.0,1.0,0.0,0.0,0.0084033613445378,1.0,1.3333333333333333,1.484,0.2901524503505777,-0.5192672558326604,0.0,0.0,1.297,0.2771118907589496,-4.680419871005164,2.0,0.3999999999999999,-0.3159666666666667,0.3500024745944265,2.04560458464275,0.0494505494505494,0.0938018242122719,14.9236983768908,13.3845900437113,19.110802771748,14.5297625385136,118
-0.14725440979254306,0.3475775233095282,-0.07968917868451271,-0.35572521809307983,0.2843450011857268,-0.37752206484632606,0.11669174692781914,-0.35765911784716276,0.08374546,0.038711086,3,2,238.0,0.0,0.0,1.0,0.0,0.0,0.0084033613445378,1.0,1.3333333333333333,1.484,0.2901524503505777,-0.5192672558326604,0.0,0.0,1.297,0.2771118907589496,-4.680419871005164,2.0,0.3999999999999999,-0.3159666666666667,0.3500024745944265,2.04560458464275,0.0494505494505494,0.0938018242122719,12.7556921206646,11.4419650437113,17.168177771748,12.5871375385136,119
-0.14725440979254306,0.3475775233095282,-0.07968917868451271,-0.35572521809307983,0.2843450011857268,-0.21714723565463467,0.018469794394081415,-0.5007702613398466,0.04253316,-0.08140227,3,2,238.0,0.0,0.0,1.0,0.0,0.0,0.0084033613445378,1.0,1.3333333333333333,1.484,0.2901524503505777,-0.5192672558326604,0.0,0.0,0.9145,0.1947812876022745,-4.69500952199949,2.0,0.8999999999999999,-0.0290666666666666,0.3658895036604478,2.539200106513188,0.0494505494505494,0.0632462686567164,9.92524708221232,9.21085719932164,14.3385519421541,9.25608157733552,120
-0.14725440979254306,0.3475775233095282,-0.07968917868451271,-0.35572521809307983,0.2843450011857268,-0.21714723565463467,0.018469794394081415,-0.5007702613398466,0.04253316,-0.08140227,3,2,238.0,0.0,0.0,1.0,0.0,0.0,0.0084033613445378,1.0,1.3333333333333333,1.484,0.2901524503505777,-0.5192672558326604,0.0,0.0,0.9145,0.1947812876022745,-4.69500952199949,2.0,0.8999999999999999,-0.0290666666666666,0.3658895036604478,2.539200106513188,0.0494505494505494,0.0632462686567164,12.5548368050567,12.4862321993216,17.6139269421541,12.5314565773355,121
-0.14725440979254306,0.3475775233095282,-0.07968917868451271,-0.35572521809307983,0.2843450011857268,-0.21714723565463467,0.018469794394081415,-0.5007702613398466,0.04253316,-0.08140227,3,2,238.0,0.0,0.0,1.0,0.0,0.0,0.0084033613445378,1.0,1.3333333333333333,1.484,0.2901524503505777,-0.5192672558326604,0.0,0.0,0.9145,0.1947812876022745,-4.69500952199949,2.0,0.8999999999999999,-0.0290666666666666,0.3658895036604478,2.539200106513188,0.0494505494505494,0.0632462686567164,15.0597504401673,13.6412946993216,18.7689894421541,13.6865190773355,122
-0.14725440979254306,0.3475775233095282,-0.07968917868451271,-0.35572521809307983,0.2843450011857268,-0.21714723565463467,0.018469794394081415,-0.5007702613398466,0.04253316,-0.08140227,3,2,238.0,0.0,0.0,1.0,0.0,0.0,0.0084033613445378,1.0,1.3333333333333333,1.484,0.2901524503505777,-0.5192672558326604,0.0,0.0,0.9145,0.1947812876022745,-4.69500952199949,2.0,0.8999999999999999,-0.0290666666666666,0.3658895036604478,2.539200106513188,0.0494505494505494,0.0632462686567164,12.3340796246127,12.4891696993216,17.6168644421541,12.5343940773355,123
-0.14725440979254306,0.3475775233095282,-0.07968917868451271,-0.35572521809307983,0.2843450011857268,-0.4540389699805117,0.0888085081532088,-0.23354972713218797,0.06507606,0.020801008,3,10,238.0,0.0,0.0,0.2,0.0,0.0,0.008130081300813,1.0,1.3333333333333333,1.484,0.2901524503505777,-0.5192672558326604,0.0,0.9,1.1135,0.124047369984212,-1.721116699428395,2.0,0.7615384615384617,0.0307294871794871,0.2277147281891396,3.2093179926068074,0.0494505494505494,0.0785112659317768,-3.77676047605476,-5.3110486922267,2.60347698166688,-3.70876582480499,124
-0.14725440979254306,0.3475775233095282,-0.07968917868451271,-0.35572521809307983,0.2843450011857268,-0.4540389699805117,0.0888085081532088,-0.23354972713218797,0.06507606,0.020801008,3,10,238.0,0.0,0.0,0.2,0.0,0.0,0.008130081300813,1.0,1.3333333333333333,1.484,0.2901524503505777,-0.5192672558326604,0.0,0.9,1.1135,0.124047369984212,-1.721116699428395,2.0,0.7615384615384617,0.0307294871794871,0.2277147281891396,3.2093179926068074,0.0494505494505494,0.0785112659317768,-2.64292899797919,-4.0276736922267,3.88685198166688,-2.42539082480499,125
-0.14725440979254306,0.3475775233095282,-0.07968917868451271,-0.35572521809307983,0.2843450011857268,-0.4540389699805117,0.0888085081532088,-0.23354972713218797,0.06507606,0.020801008,3,10,238.0,0.0,0.0,0.2,0.0,0.0,0.008130081300813,1.0,1.3333333333333333,1.484,0.2901524503505777,-0.5192672558326604,0.0,0.9,1.1135,0.124047369984212,-1.721116699428395,2.0,0.7615384615384617,0.0307294871794871,0.2277147281891396,3.2093179926068074,0.0494505494505494,0.0785112659317768,0.244480101579178,-0.910486192226699,7.00403948166688,0.691796675195007,126
-0.14725440979254306,0.3475775233095282,-0.07968917868451271,-0.35572521809307983,0.2843450011857268,-0.4540389699805117,0.0888085081532088,-0.23354972713218797,0.06507606,0.020801008,3,10,238.0,0.0,0.0,0.2,0.0,0.0,0.008130081300813,1.0,1.3333333333333333,1.484,0.2901524503505777,-0.5192672558326604,0.0,0.9,1.1135,0.124047369984212,-1.721116699428395,2.0,0.7615384615384617,0.0307294871794871,0.2277147281891396,3.2093179926068074,0.0494505494505494,0.0785112659317768,0.315157526276684,-0.792298692226698,7.12222698166689,0.809984175195008,127
-0.14725440979254306,0.3475775233095282,-0.07968917868451271,-0.35572521809307983,0.2843450011857268,-0.20639172215776463,0.07480062598913675,-0.5066062404985098,0.06865776,-0.13290855,3,8,238.0,0.0,0.0,0.0,0.0,0.0,0.0,1.0,1.3333333333333333,1.484,0.2901524503505777,-0.5192672558326604,1.0,1.125,1.1529464285714284,0.1505048635986118,-0.1856845546597083,3.0,1.375,0.0229867424242423,0.2408829750993082,5.612738953503734,0.0494505494505494,0.0681347279378319,10.3633492009358,9.52060698122002,19.4685849331412,10.4435309716434,128
-0.14725440979254306,0.3475775233095282,-0.07968917868451271,-0.35572521809307983,0.2843450011857268,-0.20639172215776463,0.07480062598913675,-0.5066062404985098,0.06865776,-0.13290855,3,8,238.0,0.0,0.0,0.0,0.0,0.0,0.0,1.0,1.3333333333333333,1.484,0.2901524503505777,-0.5192672558326604,1.0,1.125,1.1529464285714284,0.1505048635986118,-0.1856845546597083,3.0,1.375,0.0229867424242423,0.2408829750993082,5.612738953503734,0.0494505494505494,0.0681347279378319,8.07569496561839,7.30854448122002,17.2565224331412,8.23146847164341,129
-0.14725440979254306,0.3475775233095282,-0.07968917868451271,-0.35572521809307983,0.2843450011857268,-0.20639172215776463,0.07480062598913675,-0.5066062404985098,0.06865776,-0.13290855,3,8,238.0,0.0,0.0,0.0,0.0,0.0,0.0,1.0,1.3333333333333333,1.484,0.2901524503505777,-0.5192672558326604,1.0,1.125,1.1529464285714284,0.1505048635986118,-0.1856845546597083,3.0,1.375,0.0229867424242423,0.2408829750993082,5.612738953503734,0.0494505494505494,0.0681347279378319,13.3431593314801,11.84091948122,21.7888974331412,12.7638434716434,130
-0.14725440979254306,0.3475775233095282,-0.07968917868451271,-0.35572521809307983,0.2843450011857268,-0.20639172215776463,0.07480062598913675,-0.5066062404985098,0.06865776,-0.13290855,3,8,238.0,0.0,0.0,0.0,0.0,0.0,0.0,1.0,1.3333333333333333,1.484,0.2901524503505777,-0.5192672558326604,1.0,1.125,1.1529464285714284,0.1505048635986118,-0.1856845546597083,3.0,1.375,0.0229867424242423,0.2408829750993082,5.612738953503734,0.0494505494505494,0.0681347279378319,9.35633443492499,8.37779448122002,18.3257724331412,9.30071847164341,131
-0.13551112763207185,0.16698177980334328,-0.4767004439630483,-0.45282094400100875,0.00196427908655,0.6187276001820594,2.4246001833736806,2.8707056970834683,0.86354136,-1.2017273,2,3,238.0,0.0,1.0,0.0,0.0,0.0084033613445378,0.0,0.0,0.0,0.9145,0.1947812876022745,-4.69500952199949,1.0,1.0,1.0443333333333336,0.1761662724688115,-0.2516561922554292,2.0,1.0,0.1569999999999999,0.3569094189473477,2.361943830135684,0.0632462686567164,0.0512423491693383,2.83322832978447,-2.55741075380483,2.05916132141168,1.10945527281882,132
-0.13551112763207185,0.16698177980334328,-0.4767004439630483,-0.45282094400100875,0.00196427908655,0.6187276001820594,2.4246001833736806,2.8707056970834683,0.86354136,-1.2017273,2,3,238.0,0.0,1.0,0.0,0.0,0.0084033613445378,0.0,0.0,0.0,0.9145,0.1947812876022745,-4.69500952199949,1.0,1.0,1.0443333333333336,0.1761662724688115,-0.2516561922554292,2.0,1.0,0.1569999999999999,0.3569094189473477,2.361943830135684,0.0632462686567164,0.0512423491693383,2.16452798890579,-1.21966075380482,3.39691132141169,2.44720527281882,133
-0.13551112763207185,0.16698177980334328,-0.4767004439630483,-0.45282094400100875,0.00196427908655,0.6187276001820594,2.4246001833736806,2.8707056970834683,0.86354136,-1.2017273,2,3,238.0,0.0,1.0,0.0,0.0,0.0084033613445378,0.0,0.0,0.0,0.9145,0.1947812876022745,-4.69500952199949,1.0,1.0,1.0443333333333336,0.1761662724688115,-0.2516561922554292,2.0,1.0,0.1569999999999999,0.3569094189473477,2.361943830135684,0.0632462686567164,0.0512423491693383,4.99698948262153,3.10802674619517,7.72459882141168,6.77489277281882,134
-0.13551112763207185,0.16698177980334328,-0.4767004439630483,-0.45282094400100875,0.00196427908655,0.6187276001820594,2.4246001833736806,2.8707056970834683,0.86354136,-1.2017273,2,3,238.0,0.0,1.0,0.0,0.0,0.0084033613445378,0.0,0.0,0.0,0.9145,0.1947812876022745,-4.69500952199949,1.0,1.0,1.0443333333333336,0.1761662724688115,-0.2516561922554292,2.0,1.0,0.1569999999999999,0.3569094189473477,2.361943830135684,0.0632462686567164,0.0512423491693383,5.41773745941272,2.41727674619518,7.03384882141168,6.08414277281882,135
-0.13551112763207185,0.16698177980334328,-0.4767004439630483,-0.45282094400100875,0.00196427908655,-0.4161038363060825,-0.003761085861173043,-0.22427450222931963,0.114251636,0.12668216,2,10,238.0,0.0,1.0,0.0,0.0,0.0084033613445378,0.0,0.0,0.0,0.9145,0.1947812876022745,-4.69500952199949,1.0,1.0,1.0089,0.0938658084714556,-0.094816207785675,1.0,0.1166666666666667,0.0378333333333333,0.2122217786499145,0.3714667450006556,0.0632462686567164,0.0565339519446635,8.88823847446169,12.3516729765636,13.8306906764675,8.18359261850608,136
-0.13551112763207185,0.16698177980334328,-0.4767004439630483,-0.45282094400100875,0.00196427908655,-0.4161038363060825,-0.003761085861173043,-0.22427450222931963,0.114251636,0.12668216,2,10,238.0,0.0,1.0,0.0,0.0,0.0084033613445378,0.0,0.0,0.0,0.9145,0.1947812876022745,-4.69500952199949,1.0,1.0,1.0089,0.0938658084714556,-0.094816207785675,1.0,0.1166666666666667,0.0378333333333333,0.2122217786499145,0.3714667450006556,0.0632462686567164,0.0565339519446635,7.51528369033246,12.1076729765636,13.5866906764675,7.93959261850608,137
-0.13551112763207185,0.16698177980334328,-0.4767004439630483,-0.45282094400100875,0.00196427908655,-0.4161038363060825,-0.003761085861173043,-0.22427450222931963,0.114251636,0.12668216,2,10,238.0,0.0,1.0,0.0,0.0,0.0084033613445378,0.0,0.0,0.0,0.9145,0.1947812876022745,-4.69500952199949,1.0,1.0,1.0089,0.0938658084714556,-0.094816207785675,1.0,0.1166666666666667,0.0378333333333333,0.2122217786499145,0.3714667450006556,0.0632462686567164,0.0565339519446635,8.24338974027466,11.8897979765636,13.3688156764675,7.72171761850608,138
-0.13551112763207185,0.16698177980334328,-0.4767004439630483,-0.45282094400100875,0.00196427908655,-0.4161038363060825,-0.003761085861173043,-0.22427450222931963,0.114251636,0.12668216,2,10,238.0,0.0,1.0,0.0,0.0,0.0084033613445378,0.0,0.0,0.0,0.9145,0.1947812876022745,-4.69500952199949,1.0,1.0,1.0089,0.0938658084714556,-0.094816207785675,1.0,0.1166666666666667,0.0378333333333333,0.2122217786499145,0.3714667450006556,0.0632462686567164,0.0565339519446635,5.03671517387114,8.45054797656356,9.92956567646754,4.28246761850608,139
-0.13551112763207185,0.16698177980334328,-0.4767004439630483,-0.45282094400100875,0.00196427908655,-0.37752206484632606,0.11669174692781914,-0.35765911784716276,0.08374546,0.038711086,2,2,238.0,0.5,1.0,1.0,0.3333333333333333,0.0084033613445378,0.0084033613445378,0.0,0.0,0.9145,0.1947812876022745,-4.69500952199949,0.0,0.0,1.297,0.2771118907589496,-4.680419871005164,0.0,-0.75,-0.9915,0.2077925648332971,1.1622167530091605,0.0632462686567164,0.0938018242122719,4.15088388044471,4.36232965625612,8.69141563567537,5.72258180726204,140
-0.13551112763207185,0.16698177980334328,-0.4767004439630483,-0.45282094400100875,0.00196427908655,-0.37752206484632606,0.11669174692781914,-0.35765911784716276,0.08374546,0.038711086,2,2,238.0,0.5,1.0,1.0,0.3333333333333333,0.0084033613445378,0.0084033613445378,0.0,0.0,0.9145,0.1947812876022745,-4.69500952199949,0.0,0.0,1.297,0.2771118907589496,-4.680419871005164,0.0,-0.75,-0.9915,0.2077925648332971,1.1622167530091605,0.0632462686567164,0.0938018242122719,3.45854030055822,4.27376715625612,8.60285313567537,5.63401930726203,141
-0.13551112763207185,0.16698177980334328,-0.4767004439630483,-0.45282094400100875,0.00196427908655,-0.37752206484632606,0.11669174692781914,-0.35765911784716276,0.08374546,0.038711086,2,2,238.0,0.5,1.0,1.0,0.3333333333333333,0.0084033613445378,0.0084033613445378,0.0,0.0,0.9145,0.1947812876022745,-4.69500952199949,0.0,0.0,1.297,0.2771118907589496,-4.680419871005164,0.0,-0.75,-0.9915,0.2077925648332971,1.1622167530091605,0.0632462686567164,0.0938018242122719,3.37779702842809,-0.747732843743874,3.58135313567538,0.612519307262039,142
-0.13551112763207185,0.16698177980334328,-0.4767004439630483,-0.45282094400100875,0.00196427908655,-0.37752206484632606,0.11669174692781914,-0.35765911784716276,0.08374546,0.038711086,2,2,238.0,0.5,1.0,1.0,0.3333333333333333,0.0084033613445378,0.0084033613445378,0.0,0.0,0.9145,0.1947812876022745,-4.69500952199949,0.0,0.0,1.297,0.2771118907589496,-4.680419871005164,0.0,-0.75,-0.9915,0.2077925648332971,1.1622167530091605,0.0632462686567164,0.0938018242122719,-1.04243155849503,-1.77810784374388,2.55097813567537,-0.417855692737967,143
-0.13551112763207185,0.16698177980334328,-0.4767004439630483,-0.45282094400100875,0.00196427908655,-0.4540389699805117,0.0888085081532088,-0.23354972713218797,0.06507606,0.020801008,2,10,238.0,0.0,1.0,0.2,0.0,0.0084033613445378,0.008130081300813,0.0,0.0,0.9145,0.1947812876022745,-4.69500952199949,0.0,0.9,1.1135,0.124047369984212,-1.721116699428395,1.0,0.4666666666666668,0.12855,0.3110888721714245,1.086881264207833,0.0632462686567164,0.0785112659317768,2.35676002022113,-1.95417144448114,6.33332661220385,2.93667419161379,144
-0.13551112763207185,0.16698177980334328,-0.4767004439630483,-0.45282094400100875,0.00196427908655,-0.4540389699805117,0.0888085081532088,-0.23354972713218797,0.06507606,0.020801008,2,10,238.0,0.0,1.0,0.2,0.0,0.0084033613445378,0.008130081300813,0.0,0.0,0.9145,0.1947812876022745,-4.69500952199949,0.0,0.9,1.1135,0.124047369984212,-1.721116699428395,1.0,0.4666666666666668,0.12855,0.3110888721714245,1.086881264207833,0.0632462686567164,0.0785112659317768,0.756594229041139,-3.40879644448114,4.87870161220385,1.48204919161379,145
-0.13551112763207185,0.16698177980334328,-0.4767004439630483,-0.45282094400100875,0.00196427908655,-0.4540389699805117,0.0888085081532088,-0.23354972713218797,0.06507606,0.020801008,2,10,238.0,0.0,1.0,0.2,0.0,0.0084033613445378,0.008130081300813,0.0,0.0,0.9145,0.1947812876022745,-4.69500952199949,0.0,0.9,1.1135,0.124047369984212,-1.721116699428395,1.0,0.4666666666666668,0.12855,0.3110888721714245,1.086881264207833,0.0632462686567164,0.0785112659317768,1.24480786387335,-3.84817144448114,4.43932661220385,1.04267419161379,146
-0.13551112763207185,0.16698177980334328,-0.4767004439630483,-0.45282094400100875,0.00196427908655,-0.4540389699805117,0.0888085081532088,-0.23354972713218797,0.06507606,0.020801008,2,10,238.0,0.0,1.0,0.2,0.0,0.0084033613445378,0.008130081300813,0.0,0.0,0.9145,0.1947812876022745,-4.69500952199949,0.0,0.9,1.1135,0.124047369984212,-1.721116699428395,1.0,0.4666666666666668,0.12855,0.3110888721714245,1.086881264207833,0.0632462686567164,0.0785112659317768,2.63729960975001,-2.92198394448114,5.36551411220386,1.96886169161379,147
-0.3458331640282631,0.21934100169976856,-0.05797324120395775,-0.5254703329740091,0.5129400991626064,0.6187276001820594,2.4246001833736806,2.8707056970834683,0.86354136,-1.2017273,1,3,238.0,0.0,0.0,0.0,0.0,0.0,0.0,1.0,1.0,0.931,0.2612259558313454,0.2641391426070548,1.0,1.0,1.0443333333333336,0.1761662724688115,-0.2516561922554292,1.0,0.0,0.0,0.4946986031104712,5.92288469320235,0.0346820809248554,0.0512423491693383,0.351655878329589,-8.53114316301644,-1.41948080029613,-0.820093893637047,148
-0.3458331640282631,0.21934100169976856,-0.05797324120395775,-0.5254703329740091,0.5129400991626064,0.6187276001820594,2.4246001833736806,2.8707056970834683,0.86354136,-1.2017273,1,3,238.0,0.0,0.0,0.0,0.0,0.0,0.0,1.0,1.0,0.931,0.2612259558313454,0.2641391426070548,1.0,1.0,1.0443333333333336,0.1761662724688115,-0.2516561922554292,1.0,0.0,0.0,0.4946986031104712,5.92288469320235,0.0346820809248554,0.0512423491693383,-0.533943073062683,-7.29320566301644,-0.181543300296129,0.417843606362956,149
-0.3458331640282631,0.21934100169976856,-0.05797324120395775,-0.5254703329740091,0.5129400991626064,0.6187276001820594,2.4246001833736806,2.8707056970834683,0.86354136,-1.2017273,1,3,238.0,0.0,0.0,0.0,0.0,0.0,0.0,1.0,1.0,0.931,0.2612259558313454,0.2641391426070548,1.0,1.0,1.0443333333333336,0.1761662724688115,-0.2516561922554292,1.0,0.0,0.0,0.4946986031104712,5.92288469320235,0.0346820809248554,0.0512423491693383,-0.313568197569761,-8.42195566301644,-1.31029330029614,-0.710906393637052,150
-0.3458331640282631,0.21934100169976856,-0.05797324120395775,-0.5254703329740091,0.5129400991626064,0.6187276001820594,2.4246001833736806,2.8707056970834683,0.86354136,-1.2017273,1,3,238.0,0.0,0.0,0.0,0.0,0.0,0.0,1.0,1.0,0.931,0.2612259558313454,0.2641391426070548,1.0,1.0,1.0443333333333336,0.1761662724688115,-0.2516561922554292,1.0,0.0,0.0,0.4946986031104712,5.92288469320235,0.0346820809248554,0.0512423491693383,-0.768749406096298,-8.59651816301645,-1.48485580029614,-0.885468893637053,151
-0.3458331640282631,0.21934100169976856,-0.05797324120395775,-0.5254703329740091,0.5129400991626064,-0.4161038363060825,-0.003761085861173043,-0.22427450222931963,0.114251636,0.12668216,1,10,238.0,0.0,0.0,0.0,0.0,0.0,0.0,1.0,1.0,0.931,0.2612259558313454,0.2641391426070548,1.0,1.0,1.0089,0.0938658084714556,-0.094816207785675,2.0,0.0,0.0,0.4946986031104712,5.92288469320235,0.0346820809248554,0.0565339519446635,2.92676664042748,-24.0084849030027,2.6916464686263,2.53503597819253,152
-0.3458331640282631,0.21934100169976856,-0.05797324120395775,-0.5254703329740091,0.5129400991626064,-0.4161038363060825,-0.003761085861173043,-0.22427450222931963,0.114251636,0.12668216,1,10,238.0,0.0,0.0,0.0,0.0,0.0,0.0,1.0,1.0,0.931,0.2612259558313454,0.2641391426070548,1.0,1.0,1.0089,0.0938658084714556,-0.094816207785675,2.0,0.0,0.0,0.4946986031104712,5.92288469320235,0.0346820809248554,0.0565339519446635,3.6750992200408,-23.3833599030027,3.3167714686263,3.16016097819253,153
-0.3458331640282631,0.21934100169976856,-0.05797324120395775,-0.5254703329740091,0.5129400991626064,-0.4161038363060825,-0.003761085861173043,-0.22427450222931963,0.114251636,0.12668216,1,10,238.0,0.0,0.0,0.0,0.0,0.0,0.0,1.0,1.0,0.931,0.2612259558313454,0.2641391426070548,1.0,1.0,1.0089,0.0938658084714556,-0.094816207785675,2.0,0.0,0.0,0.4946986031104712,5.92288469320235,0.0346820809248554,0.0565339519446635,4.25728716132986,-20.9382349030027,5.7618964686263,5.60528597819253,154
-0.3458331640282631,0.21934100169976856,-0.05797324120395775,-0.5254703329740091,0.5129400991626064,-0.4161038363060825,-0.003761085861173043,-0.22427450222931963,0.114251636,0.12668216,1,10,238.0,0.0,0.0,0.0,0.0,0.0,0.0,1.0,1.0,0.931,0.2612259558313454,0.2641391426070548,1.0,1.0,1.0089,0.0938658084714556,-0.094816207785675,2.0,0.0,0.0,0.4946986031104712,5.92288469320235,0.0346820809248554,0.0565339519446635,4.0524346509784,-21.6012974030027,5.0988339686263,4.94222347819253,155
-0.3458331640282631,0.21934100169976856,-0.05797324120395775,-0.5254703329740091,0.5129400991626064,-0.37752206484632606,0.11669174692781914,-0.35765911784716276,0.08374546,0.038711086,1,2,238.0,0.0,0.0,1.0,0.0,0.0,0.0084033613445378,1.0,1.0,0.931,0.2612259558313454,0.2641391426070548,0.0,0.0,1.297,0.2771118907589496,-4.680419871005164,2.0,0.0,0.0,0.4946986031104712,5.92288469320235,0.0346820809248554,0.0938018242122719,-4.62078730991392,-19.8943076547542,0.757002580953864,1.30233168333032,156
-0.3458331640282631,0.21934100169976856,-0.05797324120395775,-0.5254703329740091,0.5129400991626064,-0.37752206484632606,0.11669174692781914,-0.35765911784716276,0.08374546,0.038711086,1,2,238.0,0.0,0.0,1.0,0.0,0.0,0.0084033613445378,1.0,1.0,0.931,0.2612259558313454,0.2641391426070548,0.0,0.0,1.297,0.2771118907589496,-4.680419871005164,2.0,0.0,0.0,0.4946986031104712,5.92288469320235,0.0346820809248554,0.0938018242122719,0.893203579840423,-16.5198076547542,4.13150258095387,4.67683168333032,157
-0.3458331640282631,0.21934100169976856,-0.05797324120395775,-0.5254703329740091,0.5129400991626064,-0.37752206484632606,0.11669174692781914,-0.35765911784716276,0.08374546,0.038711086,1,2,238.0,0.0,0.0,1.0,0.0,0.0,0.0084033613445378,1.0,1.0,0.931,0.2612259558313454,0.2641391426070548,0.0,0.0,1.297,0.2771118907589496,-4.680419871005164,2.0,0.0,0.0,0.4946986031104712,5.92288469320235,0.0346820809248554,0.0938018242122719,2.85355428690353,-14.9029326547542,5.74837758095387,6.29370668333033,158
-0.3458331640282631,0.21934100169976856,-0.05797324120395775,-0.5254703329740091,0.5129400991626064,-0.37752206484632606,0.11669174692781914,-0.35765911784716276,0.08374546,0.038711086,1,2,238.0,0.0,0.0,1.0,0.0,0.0,0.0084033613445378,1.0,1.0,0.931,0.2612259558313454,0.2641391426070548,0.0,0.0,1.297,0.2771118907589496,-4.680419871005164,2.0,0.0,0.0,0.4946986031104712,5.92288469320235,0.0346820809248554,0.0938018242122719,-1.66060767776354,-19.8361826547542,0.815127580953866,1.36045668333032,159
-0.3458331640282631,0.21934100169976856,-0.05797324120395775,-0.5254703329740091,0.5129400991626064,-0.21714723565463467,0.018469794394081415,-0.5007702613398466,0.04253316,-0.08140227,1,2,238.0,0.0,0.0,1.0,0.0,0.0,0.0084033613445378,1.0,1.0,0.931,0.2612259558313454,0.2641391426070548,0.0,0.0,0.9145,0.1947812876022745,-4.69500952199949,2.0,0.0,0.0,0.4946986031104712,5.92288469320235,0.0346820809248554,0.0632462686567164,-1.54982422173639,-16.2782894511294,-1.34091879038244,-0.95958525914174,160
-0.3458331640282631,0.21934100169976856,-0.05797324120395775,-0.5254703329740091,0.5129400991626064,-0.21714723565463467,0.018469794394081415,-0.5007702613398466,0.04253316,-0.08140227,1,2,238.0,0.0,0.0,1.0,0.0,0.0,0.0084033613445378,1.0,1.0,0.931,0.2612259558313454,0.2641391426070548,0.0,0.0,0.9145,0.1947812876022745,-4.69500952199949,2.0,0.0,0.0,0.4946986031104712,5.92288469320235,0.0346820809248554,0.0632462686567164,4.68733380457823,-10.2958519511294,4.64151870961756,5.02285224085826,161
-0.3458331640282631,0.21934100169976856,-0.05797324120395775,-0.5254703329740091,0.5129400991626064,-0.21714723565463467,0.018469794394081415,-0.5007702613398466,0.04253316,-0.08140227,1,2,238.0,0.0,0.0,1.0,0.0,0.0,0.0084033613445378,1.0,1.0,0.931,0.2612259558313454,0.2641391426070548,0.0,0.0,0.9145,0.1947812876022745,-4.69500952199949,2.0,0.0,0.0,0.4946986031104712,5.92288469320235,0.0346820809248554,0.0632462686567164,6.27841916614463,-5.71372695112936,9.22364370961756,9.60497724085826,162
-0.3458331640282631,0.21934100169976856,-0.05797324120395775,-0.5254703329740091,0.5129400991626064,-0.21714723565463467,0.018469794394081415,-0.5007702613398466,0.04253316,-0.08140227,1,2,238.0,0.0,0.0,1.0,0.0,0.0,0.0084033613445378,1.0,1.0,0.931,0.2612259558313454,0.2641391426070548,0.0,0.0,0.9145,0.1947812876022745,-4.69500952199949,2.0,0.0,0.0,0.4946986031104712,5.92288469320235,0.0346820809248554,0.0632462686567164,2.19434326001637,-15.3769769511294,-0.439606290382433,-0.058272759141729,163
-0.3458331640282631,0.21934100169976856,-0.05797324120395775,-0.5254703329740091,0.5129400991626064,-0.4540389699805117,0.0888085081532088,-0.23354972713218797,0.06507606,0.020801008,1,10,238.0,0.0,0.0,0.2,0.0,0.0,0.008130081300813,1.0,1.0,0.931,0.2612259558313454,0.2641391426070548,0.0,0.9,1.1135,0.124047369984212,-1.721116699428395,2.0,0.0,0.0,0.4946986031104712,5.92288469320235,0.0346820809248554,0.0785112659317768,-0.124576011505919,-33.8435204371973,0.853388968626302,0.742404021407349,164
-0.3458331640282631,0.21934100169976856,-0.05797324120395775,-0.5254703329740091,0.5129400991626064,-0.4540389699805117,0.0888085081532088,-0.23354972713218797,0.06507606,0.020801008,1,10,238.0,0.0,0.0,0.2,0.0,0.0,0.008130081300813,1.0,1.0,0.931,0.2612259558313454,0.2641391426070548,0.0,0.9,1.1135,0.124047369984212,-1.721116699428395,2.0,0.0,0.0,0.4946986031104712,5.92288469320235,0.0346820809248554,0.0785112659317768,-5.67285305034669,-44.3060829371973,-9.60917353137369,-9.72015847859265,165
-0.3458331640282631,0.21934100169976856,-0.05797324120395775,-0.5254703329740091,0.5129400991626064,-0.4540389699805117,0.0888085081532088,-0.23354972713218797,0.06507606,0.020801008,1,10,238.0,0.0,0.0,0.2,0.0,0.0,0.008130081300813,1.0,1.0,0.931,0.2612259558313454,0.2641391426070548,0.0,0.9,1.1135,0.124047369984212,-1.721116699428395,2.0,0.0,0.0,0.4946986031104712,5.92288469320235,0.0346820809248554,0.0785112659317768,-0.740763183069352,-36.3940829371973,-1.6971735313737,-1.80815847859265,166
-0.3458331640282631,0.21934100169976856,-0.05797324120395775,-0.5254703329740091,0.5129400991626064,-0.4540389699805117,0.0888085081532088,-0.23354972713218797,0.06507606,0.020801008,1,10,238.0,0.0,0.0,0.2,0.0,0.0,0.008130081300813,1.0,1.0,0.931,0.2612259558313454,0.2641391426070548,0.0,0.9,1.1135,0.124047369984212,-1.721116699428395,2.0,0.0,0.0,0.4946986031104712,5.92288469320235,0.0346820809248554,0.0785112659317768,0.0559728866888913,-35.0810204371973,-0.384111031373701,-0.495095978592654,167
-0.3458331640282631,0.21934100169976856,-0.05797324120395775,-0.5254703329740091,0.5129400991626064,-0.20639172215776463,0.07480062598913675,-0.5066062404985098,0.06865776,-0.13290855,1,8,238.0,0.0,0.0,0.0,0.0,0.0,0.0,1.0,1.0,0.931,0.2612259558313454,0.2641391426070548,1.0,1.125,1.1529464285714284,0.1505048635986118,-0.1856845546597083,2.0,0.0,0.0,0.4946986031104712,5.92288469320235,0.0346820809248554,0.0681347279378319,8.57917003691566,-16.4181847450579,12.3859978451166,12.2853059488471,168
-0.3458331640282631,0.21934100169976856,-0.05797324120395775,-0.5254703329740091,0.5129400991626064,-0.20639172215776463,0.07480062598913675,-0.5066062404985098,0.06865776,-0.13290855,1,8,238.0,0.0,0.0,0.0,0.0,0.0,0.0,1.0,1.0,0.931,0.2612259558313454,0.2641391426070548,1.0,1.125,1.1529464285714284,0.1505048635986118,-0.1856845546597083,2.0,0.0,0.0,0.4946986031104712,5.92288469320235,0.0346820809248554,0.0681347279378319,5.35066270471469,-23.0004347450579,5.80374784511656,5.70305594884708,169
-0.3458331640282631,0.21934100169976856,-0.05797324120395775,-0.5254703329740091,0.5129400991626064,-0.20639172215776463,0.07480062598913675,-0.5066062404985098,0.06865776,-0.13290855,1,8,238.0,0.0,0.0,0.0,0.0,0.0,0.0,1.0,1.0,0.931,0.2612259558313454,0.2641391426070548,1.0,1.125,1.1529464285714284,0.1505048635986118,-0.1856845546597083,2.0,0.0,0.0,0.4946986031104712,5.92288469320235,0.0346820809248554,0.0681347279378319,8.83998161825835,-17.1852472450579,11.6189353451166,11.5182434488471,170
-0.3458331640282631,0.21934100169976856,-0.05797324120395775,-0.5254703329740091,0.5129400991626064,-0.20639172215776463,0.07480062598913675,-0.5066062404985098,0.06865776,-0.13290855,1,8,238.0,0.0,0.0,0.0,0.0,0.0,0.0,1.0,1.0,0.931,0.2612259558313454,0.2641391426070548,1.0,1.125,1.1529464285714284,0.1505048635986118,-0.1856845546597083,2.0,0.0,0.0,0.4946986031104712,5.92288469320235,0.0346820809248554,0.0681347279378319,12.9834321151184,-15.4034972450579,13.4006853451166,13.2999934488471,171
-0.3458331640282631,0.21934100169976856,-0.05797324120395775,-0.5254703329740091,0.5129400991626064,0.08628800646205997,-0.03206521111272899,-0.45662378873921755,0.23054022,-0.08890957,1,4,238.0,0.0,0.0,0.0,0.0,0.0,0.0,1.0,1.0,0.931,0.2612259558313454,0.2641391426070548,1.0,1.0,0.95775,0.1314436666408846,0.3214304734470823,2.0,0.0,0.0,0.4946986031104712,5.92288469320235,0.0346820809248554,0.0550092290231879,0.522087802499599,-25.710699396736,0.174094282616561,0.335284276893055,172
-0.3458331640282631,0.21934100169976856,-0.05797324120395775,-0.5254703329740091,0.5129400991626064,0.08628800646205997,-0.03206521111272899,-0.45662378873921755,0.23054022,-0.08890957,1,4,238.0,0.0,0.0,0.0,0.0,0.0,0.0,1.0,1.0,0.931,0.2612259558313454,0.2641391426070548,1.0,1.0,0.95775,0.1314436666408846,0.3214304734470823,2.0,0.0,0.0,0.4946986031104712,5.92288469320235,0.0346820809248554,0.0550092290231879,5.42497231027317,-20.794261896736,5.09053178261656,5.25172177689305,173
-0.3458331640282631,0.21934100169976856,-0.05797324120395775,-0.5254703329740091,0.5129400991626064,0.08628800646205997,-0.03206521111272899,-0.45662378873921755,0.23054022,-0.08890957,1,4,238.0,0.0,0.0,0.0,0.0,0.0,0.0,1.0,1.0,0.931,0.2612259558313454,0.2641391426070548,1.0,1.0,0.95775,0.1314436666408846,0.3214304734470823,2.0,0.0,0.0,0.4946986031104712,5.92288469320235,0.0346820809248554,0.0550092290231879,1.74185136913777,-23.270011896736,2.61478178261656,2.77597177689305,174
-0.3458331640282631,0.21934100169976856,-0.05797324120395775,-0.5254703329740091,0.5129400991626064,0.08628800646205997,-0.03206521111272899,-0.45662378873921755,0.23054022,-0.08890957,1,4,238.0,0.0,0.0,0.0,0.0,0.0,0.0,1.0,1.0,0.931,0.2612259558313454,0.2641391426070548,1.0,1.0,0.95775,0.1314436666408846,0.3214304734470823,2.0,0.0,0.0,0.4946986031104712,5.92288469320235,0.0346820809248554,0.0550092290231879,1.79145909204014,-21.401199396736,4.48359428261655,4.64478427689305,175
-0.1239558859220553,0.2324639610716511,-0.4856353804547076,-0.29667115239031533,-0.24199974915474093,0.6187276001820594,2.4246001833736806,2.8707056970834683,0.86354136,-1.2017273,8,3,238.0,0.0,0.0,0.0,0.0,0.0,0.0,1.0,1.125,1.1529464285714284,0.1505048635986118,-0.1856845546597083,1.0,1.0,1.0443333333333336,0.1761662724688115,-0.2516561922554292,2.0,1.0568181818181817,0.0236534090909089,0.2165076753535557,4.771954486325349,0.0681347279378319,0.0512423491693383,4.90552201658387,0.687899941217626,7.05129582141169,6.11034603961646,176
-0.1239558859220553,0.2324639610716511,-0.4856353804547076,-0.29667115239031533,-0.24199974915474093,0.6187276001820594,2.4246001833736806,2.8707056970834683,0.86354136,-1.2017273,8,3,238.0,0.0,0.0,0.0,0.0,0.0,0.0,1.0,1.125,1.1529464285714284,0.1505048635986118,-0.1856845546597083,1.0,1.0,1.0443333333333336,0.1761662724688115,-0.2516561922554292,2.0,1.0568181818181817,0.0236534090909089,0.2165076753535557,4.771954486325349,0.0681347279378319,0.0512423491693383,2.14757655964638,-1.80910005878237,4.55429582141169,3.61334603961646,177
-0.1239558859220553,0.2324639610716511,-0.4856353804547076,-0.29667115239031533,-0.24199974915474093,0.6187276001820594,2.4246001833736806,2.8707056970834683,0.86354136,-1.2017273,8,3,238.0,0.0,0.0,0.0,0.0,0.0,0.0,1.0,1.125,1.1529464285714284,0.1505048635986118,-0.1856845546597083,1.0,1.0,1.0443333333333336,0.1761662724688115,-0.2516561922554292,2.0,1.0568181818181817,0.0236534090909089,0.2165076753535557,4.771954486325349,0.0681347279378319,0.0512423491693383,6.85357429941065,2.22877494121763,8.59217082141169,7.65122103961646,178
-0.1239558859220553,0.2324639610716511,-0.4856353804547076,-0.29667115239031533,-0.24199974915474093,0.6187276001820594,2.4246001833736806,2.8707056970834683,0.86354136,-1.2017273,8,3,238.0,0.0,0.0,0.0,0.0,0.0,0.0,1.0,1.125,1.1529464285714284,0.1505048635986118,-0.1856845546597083,1.0,1.0,1.0443333333333336,0.1761662724688115,-0.2516561922554292,2.0,1.0568181818181817,0.0236534090909089,0.2165076753535557,4.771954486325349,0.0681347279378319,0.0512423491693383,7.98921793628953,4.69858744121763,11.0619833214117,10.1210335396165,179
-0.1239558859220553,0.2324639610716511,-0.4856353804547076,-0.29667115239031533,-0.24199974915474093,-0.4161038363060825,-0.003761085861173043,-0.22427450222931963,0.114251636,0.12668216,8,10,238.0,0.25,0.0,0.0,0.125,0.0,0.0,1.0,1.125,1.1529464285714284,0.1505048635986118,-0.1856845546597083,1.0,1.0,1.0089,0.0938658084714556,-0.094816207785675,0.0,-0.3416666666666667,0.0386180555555555,0.168306842519286,-2.25947273759025,0.0681347279378319,0.0565339519446635,15.5773024157651,23.4829027168924,27.3184188484163,15.660355118465,180
-0.1239558859220553,0.2324639610716511,-0.4856353804547076,-0.29667115239031533,-0.24199974915474093,-0.4161038363060825,-0.003761085861173043,-0.22427450222931963,0.114251636,0.12668216,8,10,238.0,0.25,0.0,0.0,0.125,0.0,0.0,1.0,1.125,1.1529464285714284,0.1505048635986118,-0.1856845546597083,1.0,1.0,1.0089,0.0938658084714556,-0.094816207785675,0.0,-0.3416666666666667,0.0386180555555555,0.168306842519286,-2.25947273759025,0.0681347279378319,0.0565339519446635,15.4056115871392,23.4003402168924,27.2358563484163,15.577792618465,181
-0.1239558859220553,0.2324639610716511,-0.4856353804547076,-0.29667115239031533,-0.24199974915474093,-0.4161038363060825,-0.003761085861173043,-0.22427450222931963,0.114251636,0.12668216,8,10,238.0,0.25,0.0,0.0,0.125,0.0,0.0,1.0,1.125,1.1529464285714284,0.1505048635986118,-0.1856845546597083,1.0,1.0,1.0089,0.0938658084714556,-0.094816207785675,0.0,-0.3416666666666667,0.0386180555555555,0.168306842519286,-2.25947273759025,0.0681347279378319,0.0565339519446635,16.7034476024128,24.8269027168924,28.6624188484163,17.004355118465,182
-0.1239558859220553,0.2324639610716511,-0.4856353804547076,-0.29667115239031533,-0.24199974915474093,-0.4161038363060825,-0.003761085861173043,-0.22427450222931963,0.114251636,0.12668216,8,10,238.0,0.25,0.0,0.0,0.125,0.0,0.0,1.0,1.125,1.1529464285714284,0.1505048635986118,-0.1856845546597083,1.0,1.0,1.0089,0.0938658084714556,-0.094816207785675,0.0,-0.3416666666666667,0.0386180555555555,0.168306842519286,-2.25947273759025,0.0681347279378319,0.0565339519446635,18.7453690562358,26.6102152168924,30.4457313484163,18.787667618465,183
-0.1239558859220553,0.2324639610716511,-0.4856353804547076,-0.29667115239031533,-0.24199974915474093,-0.37752206484632606,0.11669174692781914,-0.35765911784716276,0.08374546,0.038711086,8,2,238.0,0.0,0.0,1.0,0.0,0.0,0.0084033613445378,1.0,1.125,1.1529464285714284,0.1505048635986118,-0.1856845546597083,0.0,0.0,1.297,0.2771118907589496,-4.680419871005164,1.0,0.0749999999999999,-0.2448374999999999,0.3072733999938003,1.0408889933409564,0.0681347279378319,0.0938018242122719,15.7170683967564,15.6020836640827,21.616923146748,16.5008639669811,184
-0.1239558859220553,0.2324639610716511,-0.4856353804547076,-0.29667115239031533,-0.24199974915474093,-0.37752206484632606,0.11669174692781914,-0.35765911784716276,0.08374546,0.038711086,8,2,238.0,0.0,0.0,1.0,0.0,0.0,0.0084033613445378,1.0,1.125,1.1529464285714284,0.1505048635986118,-0.1856845546597083,0.0,0.0,1.297,0.2771118907589496,-4.680419871005164,1.0,0.0749999999999999,-0.2448374999999999,0.3072733999938003,1.0408889933409564,0.0681347279378319,0.0938018242122719,17.4467756225175,16.8710836640827,22.885923146748,17.7698639669811,185
-0.1239558859220553,0.2324639610716511,-0.4856353804547076,-0.29667115239031533,-0.24199974915474093,-0.37752206484632606,0.11669174692781914,-0.35765911784716276,0.08374546,0.038711086,8,2,238.0,0.0,0.0,1.0,0.0,0.0,0.0084033613445378,1.0,1.125,1.1529464285714284,0.1505048635986118,-0.1856845546597083,0.0,0.0,1.297,0.2771118907589496,-4.680419871005164,1.0,0.0749999999999999,-0.2448374999999999,0.3072733999938003,1.0408889933409564,0.0681347279378319,0.0938018242122719,13.1867933628624,12.4932086640827,18.508048146748,13.3919889669811,186
-0.1239558859220553,0.2324639610716511,-0.4856353804547076,-0.29667115239031533,-0.24199974915474093,-0.37752206484632606,0.11669174692781914,-0.35765911784716276,0.08374546,0.038711086,8,2,238.0,0.0,0.0,1.0,0.0,0.0,0.0084033613445378,1.0,1.125,1.1529464285714284,0.1505048635986118,-0.1856845546597083,0.0,0.0,1.297,0.2771118907589496,-4.680419871005164,1.0,0.0749999999999999,-0.2448374999999999,0.3072733999938003,1.0408889933409564,0.0681347279378319,0.0938018242122719,10.1957490683431,9.61095866408273,15.625798146748,10.5097389669811,187
-0.1239558859220553,0.2324639610716511,-0.4856353804547076,-0.29667115239031533,-0.24199974915474093,-0.21714723565463467,0.018469794394081415,-0.5007702613398466,0.04253316,-0.08140227,8,2,238.0,0.0,0.0,1.0,0.0,0.0,0.0084033613445378,1.0,1.125,1.1529464285714284,0.1505048635986118,-0.1856845546597083,0.0,0.0,0.9145,0.1947812876022745,-4.69500952199949,1.0,0.575,0.0948625,0.315386191586997,1.522379586702855,0.0681347279378319,0.0632462686567164,14.099434586949,14.4919546899859,20.3422253503041,15.1625982168228,188
-0.1239558859220553,0.2324639610716511,-0.4856353804547076,-0.29667115239031533,-0.24199974915474093,-0.21714723565463467,0.018469794394081415,-0.5007702613398466,0.04253316,-0.08140227,8,2,238.0,0.0,0.0,1.0,0.0,0.0,0.0084033613445378,1.0,1.125,1.1529464285714284,0.1505048635986118,-0.1856845546597083,0.0,0.0,0.9145,0.1947812876022745,-4.69500952199949,1.0,0.575,0.0948625,0.315386191586997,1.522379586702855,0.0681347279378319,0.0632462686567164,14.7144528851808,14.7317046899859,20.5819753503041,15.4023482168228,189
-0.1239558859220553,0.2324639610716511,-0.4856353804547076,-0.29667115239031533,-0.24199974915474093,-0.21714723565463467,0.018469794394081415,-0.5007702613398466,0.04253316,-0.08140227,8,2,238.0,0.0,0.0,1.0,0.0,0.0,0.0084033613445378,1.0,1.125,1.1529464285714284,0.1505048635986118,-0.1856845546597083,0.0,0.0,0.9145,0.1947812876022745,-4.69500952199949,1.0,0.575,0.0948625,0.315386191586997,1.522379586702855,0.0681347279378319,0.0632462686567164,21.3906368885762,21.0492671899859,26.8995378503041,21.7199107168228,190
-0.1239558859220553,0.2324639610716511,-0.4856353804547076,-0.29667115239031533,-0.24199974915474093,-0.21714723565463467,0.018469794394081415,-0.5007702613398466,0.04253316,-0.08140227,8,2,238.0,0.0,0.0,1.0,0.0,0.0,0.0084033613445378,1.0,1.125,1.1529464285714284,0.1505048635986118,-0.1856845546597083,0.0,0.0,0.9145,0.1947812876022745,-4.69500952199949,1.0,0.575,0.0948625,0.315386191586997,1.522379586702855,0.0681347279378319,0.0632462686567164,15.2705079087762,15.9189546899859,21.7692253503041,16.5895982168228,191
-0.1239558859220553,0.2324639610716511,-0.4856353804547076,-0.29667115239031533,-0.24199974915474093,-0.4540389699805117,0.0888085081532088,-0.23354972713218797,0.06507606,0.020801008,8,10,238.0,0.75,0.0,0.2,0.5,0.0,0.008130081300813,1.0,1.125,1.1529464285714284,0.1505048635986118,-0.1856845546597083,0.0,0.9,1.1135,0.124047369984212,-1.721116699428395,0.0,-0.7694444444444444,-0.0463319444444444,0.1612381690020471,-4.484747652963109,0.0681347279378319,0.0785112659317768,2.88609019386619,-0.470309495928306,9.88783532539398,3.26697518387815,192
-0.1239558859220553,0.2324639610716511,-0.4856353804547076,-0.29667115239031533,-0.24199974915474093,-0.4540389699805117,0.0888085081532088,-0.23354972713218797,0.06507606,0.020801008,8,10,238.0,0.75,0.0,0.2,0.5,0.0,0.008130081300813,1.0,1.125,1.1529464285714284,0.1505048635986118,-0.1856845546597083,0.0,0.9,1.1135,0.124047369984212,-1.721116699428395,0.0,-0.7694444444444444,-0.0463319444444444,0.1612381690020471,-4.484747652963109,0.0681347279378319,0.0785112659317768,1.74809740269863,-1.3633094959283,8.99483532539398,2.37397518387815,193
-0.1239558859220553,0.2324639610716511,-0.4856353804547076,-0.29667115239031533,-0.24199974915474093,-0.4540389699805117,0.0888085081532088,-0.23354972713218797,0.06507606,0.020801008,8,10,238.0,0.75,0.0,0.2,0.5,0.0,0.008130081300813,1.0,1.125,1.1529464285714284,0.1505048635986118,-0.1856845546597083,0.0,0.9,1.1135,0.124047369984212,-1.721116699428395,0.0,-0.7694444444444444,-0.0463319444444444,0.1612381690020471,-4.484747652963109,0.0681347279378319,0.0785112659317768,1.78174921595065,-1.7949344959283,8.56321032539398,1.94235018387815,194
-0.1239558859220553,0.2324639610716511,-0.4856353804547076,-0.29667115239031533,-0.24199974915474093,-0.4540389699805117,0.0888085081532088,-0.23354972713218797,0.06507606,0.020801008,8,10,238.0,0.75,0.0,0.2,0.5,0.0,0.008130081300813,1.0,1.125,1.1529464285714284,0.1505048635986118,-0.1856845546597083,0.0,0.9,1.1135,0.124047369984212,-1.721116699428395,0.0,-0.7694444444444444,-0.0463319444444444,0.1612381690020471,-4.484747652963109,0.0681347279378319,0.0785112659317768,4.595239166628,1.47550300407169,11.833647825394,5.21278768387815,195
0.19048609853627016,0.10823699835256903,-0.4091117980317365,0.6709192564360943,-0.03359470807415822,0.6187276001820594,2.4246001833736806,2.8707056970834683,0.86354136,-1.2017273,4,3,238.0,0.0,0.0,0.0,0.0,0.0,0.0,1.0,1.0,0.95775,0.1314436666408846,0.3214304734470823,1.0,1.0,1.0443333333333336,0.1761662724688115,-0.2516561922554292,2.0,0.75,0.048267857142857,0.2650440321283178,2.6476058986206787,0.0550092290231879,0.0512423491693383,1.67061201488785,-2.4580487001329,2.18527593779643,1.36252174728851,196
0.19048609853627016,0.10823699835256903,-0.4091117980317365,0.6709192564360943,-0.03359470807415822,0.6187276001820594,2.4246001833736806,2.8707056970834683,0.86354136,-1.2017273,4,3,238.0,0.0,0.0,0.0,0.0,0.0,0.0,1.0,1.0,0.95775,0.1314436666408846,0.3214304734470823,1.0,1.0,1.0443333333333336,0.1761662724688115,-0.2516561922554292,2.0,0.75,0.048267857142857,0.2650440321283178,2.6476058986206787,0.0550092290231879,0.0512423491693383,3.22193309477957,-0.8516737001329,3.79165093779642,2.9688967472885,197
0.19048609853627016,0.10823699835256903,-0.4091117980317365,0.6709192564360943,-0.03359470807415822,0.6187276001820594,2.4246001833736806,2.8707056970834683,0.86354136,-1.2017273,4,3,238.0,0.0,0.0,0.0,0.0,0.0,0.0,1.0,1.0,0.95775,0.1314436666408846,0.3214304734470823,1.0,1.0,1.0443333333333336,0.1761662724688115,-0.2516561922554292,2.0,0.75,0.048267857142857,0.2650440321283178,2.6476058986206787,0.0550092290231879,0.0512423491693383,3.26645728028853,-0.152923700132897,4.49040093779643,3.6676467472885,198
0.19048609853627016,0.10823699835256903,-0.4091117980317365,0.6709192564360943,-0.03359470807415822,0.6187276001820594,2.4246001833736806,2.8707056970834683,0.86354136,-1.2017273,4,3,238.0,0.0,0.0,0.0,0.0,0.0,0.0,1.0,1.0,0.95775,0.1314436666408846,0.3214304734470823,1.0,1.0,1.0443333333333336,0.1761662724688115,-0.2516561922554292,2.0,0.75,0.048267857142857,0.2650440321283178,2.6476058986206787,0.0550092290231879,0.0512423491693383,4.25818791814975,1.8150762998671,6.45840093779642,5.6356467472885,199
0.19048609853627016,0.10823699835256903,-0.4091117980317365,0.6709192564360943,-0.03359470807415822,-0.4161038363060825,-0.003761085861173043,-0.22427450222931963,0.114251636,0.12668216,4,10,238.0,0.0,0.0,0.0,0.0,0.0,0.0,1.0,1.0,0.95775,0.1314436666408846,0.3214304734470823,1.0,1.0,1.0089,0.0938658084714556,-0.094816207785675,1.0,0.5571428571428572,0.2594821428571429,0.2017530306969592,1.4753717119264098,0.0550092290231879,0.0565339519446635,-1.85985432995482,2.20088594971596,5.2377125984163,-1.60555203808381,200
0.19048609853627016,0.10823699835256903,-0.4091117980317365,0.6709192564360943,-0.03359470807415822,-0.4161038363060825,-0.003761085861173043,-0.22427450222931963,0.114251636,0.12668216,4,10,238.0,0.0,0.0,0.0,0.0,0.0,0.0,1.0,1.0,0.95775,0.1314436666408846,0.3214304734470823,1.0,1.0,1.0089,0.0938658084714556,-0.094816207785675,1.0,0.5571428571428572,0.2594821428571429,0.2017530306969592,1.4753717119264098,0.0550092290231879,0.0565339519446635,-3.39977563535184,0.937510949715959,3.9743375984163,-2.86892703808381,201
0.19048609853627016,0.10823699835256903,-0.4091117980317365,0.6709192564360943,-0.03359470807415822,-0.4161038363060825,-0.003761085861173043,-0.22427450222931963,0.114251636,0.12668216,4,10,238.0,0.0,0.0,0.0,0.0,0.0,0.0,1.0,1.0,0.95775,0.1314436666408846,0.3214304734470823,1.0,1.0,1.0089,0.0938658084714556,-0.094816207785675,1.0,0.5571428571428572,0.2594821428571429,0.2017530306969592,1.4753717119264098,0.0550092290231879,0.0565339519446635,-1.88909203910093,1.15813594971596,4.1949625984163,-2.64830203808381,202
0.19048609853627016,0.10823699835256903,-0.4091117980317365,0.6709192564360943,-0.03359470807415822,-0.4161038363060825,-0.003761085861173043,-0.22427450222931963,0.114251636,0.12668216,4,10,238.0,0.0,0.0,0.0,0.0,0.0,0.0,1.0,1.0,0.95775,0.1314436666408846,0.3214304734470823,1.0,1.0,1.0089,0.0938658084714556,-0.094816207785675,1.0,0.5571428571428572,0.2594821428571429,0.2017530306969592,1.4753717119264098,0.0550092290231879,0.0565339519446635,-3.26621415552042,-0.455926550284042,2.5809000984163,-4.26236453808381,203
0.19048609853627016,0.10823699835256903,-0.4091117980317365,0.6709192564360943,-0.03359470807415822,-0.37752206484632606,0.11669174692781914,-0.35765911784716276,0.08374546,0.038711086,4,2,238.0,0.0,0.0,1.0,0.0,0.0,0.0084033613445378,1.0,1.0,0.95775,0.1314436666408846,0.3214304734470823,0.0,0.0,1.297,0.2771118907589496,-4.680419871005164,1.0,0.0833333333333332,-0.090875,0.3392808954858299,0.5134634329583377,0.0550092290231879,0.0938018242122719,-1.4137231191705,-0.372928390505962,4.20986889674799,0.769263080369905,204
0.19048609853627016,0.10823699835256903,-0.4091117980317365,0.6709192564360943,-0.03359470807415822,-0.37752206484632606,0.11669174692781914,-0.35765911784716276,0.08374546,0.038711086,4,2,238.0,0.0,0.0,1.0,0.0,0.0,0.0084033613445378,1.0,1.0,0.95775,0.1314436666408846,0.3214304734470823,0.0,0.0,1.297,0.2771118907589496,-4.680419871005164,1.0,0.0833333333333332,-0.090875,0.3392808954858299,0.5134634329583377,0.0550092290231879,0.0938018242122719,0.69383694170496,1.59994660949404,6.18274389674799,2.7421380803699,205
0.19048609853627016,0.10823699835256903,-0.4091117980317365,0.6709192564360943,-0.03359470807415822,-0.37752206484632606,0.11669174692781914,-0.35765911784716276,0.08374546,0.038711086,4,2,238.0,0.0,0.0,1.0,0.0,0.0,0.0084033613445378,1.0,1.0,0.95775,0.1314436666408846,0.3214304734470823,0.0,0.0,1.297,0.2771118907589496,-4.680419871005164,1.0,0.0833333333333332,-0.090875,0.3392808954858299,0.5134634329583377,0.0550092290231879,0.0938018242122719,4.1593249611515,4.28238410949404,8.86518139674799,5.4245755803699,206
0.19048609853627016,0.10823699835256903,-0.4091117980317365,0.6709192564360943,-0.03359470807415822,-0.37752206484632606,0.11669174692781914,-0.35765911784716276,0.08374546,0.038711086,4,2,238.0,0.0,0.0,1.0,0.0,0.0,0.0084033613445378,1.0,1.0,0.95775,0.1314436666408846,0.3214304734470823,0.0,0.0,1.297,0.2771118907589496,-4.680419871005164,1.0,0.0833333333333332,-0.090875,0.3392808954858299,0.5134634329583377,0.0550092290231879,0.0938018242122719,0.253877192779342,2.04357160949403,6.62636889674799,3.1857630803699,207
0.19048609853627016,0.10823699835256903,-0.4091117980317365,0.6709192564360943,-0.03359470807415822,-0.22807777548618274,0.17382669022727354,-0.2414567819342709,0.058777735,-0.021785364,4,3,238.0,0.0,0.0,0.0,0.0,0.0,0.0,1.0,1.0,0.95775,0.1314436666408846,0.3214304734470823,1.0,1.3333333333333333,1.484,0.2901524503505777,-0.5192672558326604,2.0,0.3928571428571428,2.976190476179585e-05,0.3164735456031198,1.2412645113946246,0.0550092290231879,0.0494505494505494,3.6508232184784,2.81475765789723,9.50901648343058,4.21466350468281,208
0.19048609853627016,0.10823699835256903,-0.4091117980317365,0.6709192564360943,-0.03359470807415822,-0.22807777548618274,0.17382669022727354,-0.2414567819342709,0.058777735,-0.021785364,4,3,238.0,0.0,0.0,0.0,0.0,0.0,0.0,1.0,1.0,0.95775,0.1314436666408846,0.3214304734470823,1.0,1.3333333333333333,1.484,0.2901524503505777,-0.5192672558326604,2.0,0.3928571428571428,2.976190476179585e-05,0.3164735456031198,1.2412645113946246,0.0550092290231879,0.0494505494505494,1.35216403948998,0.252570157897227,6.94682898343058,1.65247600468281,209
0.19048609853627016,0.10823699835256903,-0.4091117980317365,0.6709192564360943,-0.03359470807415822,-0.22807777548618274,0.17382669022727354,-0.2414567819342709,0.058777735,-0.021785364,4,3,238.0,0.0,0.0,0.0,0.0,0.0,0.0,1.0,1.0,0.95775,0.1314436666408846,0.3214304734470823,1.0,1.3333333333333333,1.484,0.2901524503505777,-0.5192672558326604,2.0,0.3928571428571428,2.976190476179585e-05,0.3164735456031198,1.2412645113946246,0.0550092290231879,0.0494505494505494,0.774619726618526,0.212445157897227,6.90670398343058,1.61235100468281,210
0.19048609853627016,0.10823699835256903,-0.4091117980317365,0.6709192564360943,-0.03359470807415822,-0.22807777548618274,0.17382669022727354,-0.2414567819342709,0.058777735,-0.021785364,4,3,238.0,0.0,0.0,0.0,0.0,0.0,0.0,1.0,1.0,0.95775,0.1314436666408846,0.3214304734470823,1.0,1.3333333333333333,1.484,0.2901524503505777,-0.5192672558326604,2.0,0.3928571428571428,2.976190476179585e-05,0.3164735456031198,1.2412645113946246,0.0550092290231879,0.0494505494505494,1.6931729404395,0.698570157897228,7.39282898343058,2.09847600468281,211
0.19048609853627016,0.10823699835256903,-0.4091117980317365,0.6709192564360943,-0.03359470807415822,-0.21714723565463467,0.018469794394081415,-0.5007702613398466,0.04253316,-0.08140227,4,2,238.0,0.0,0.0,1.0,0.0,0.0,0.0084033613445378,1.0,1.0,0.95775,0.1314436666408846,0.3214304734470823,0.0,0.0,0.9145,0.1947812876022745,-4.69500952199949,1.0,0.25,0.2687916666666667,0.3701482412306063,-0.0507679480096713,0.0550092290231879,0.0632462686567164,6.53857348130061,5.79146286091452,10.3958621015789,7.2178717101752,212
0.19048609853627016,0.10823699835256903,-0.4091117980317365,0.6709192564360943,-0.03359470807415822,-0.21714723565463467,0.018469794394081415,-0.5007702613398466,0.04253316,-0.08140227,4,2,238.0,0.0,0.0,1.0,0.0,0.0,0.0084033613445378,1.0,1.0,0.95775,0.1314436666408846,0.3214304734470823,0.0,0.0,0.9145,0.1947812876022745,-4.69500952199949,1.0,0.25,0.2687916666666667,0.3701482412306063,-0.0507679480096713,0.0550092290231879,0.0632462686567164,3.96843691107933,3.66071286091452,8.2651121015789,5.0871217101752,213
0.19048609853627016,0.10823699835256903,-0.4091117980317365,0.6709192564360943,-0.03359470807415822,-0.21714723565463467,0.018469794394081415,-0.5007702613398466,0.04253316,-0.08140227,4,2,238.0,0.0,0.0,1.0,0.0,0.0,0.0084033613445378,1.0,1.0,0.95775,0.1314436666408846,0.3214304734470823,0.0,0.0,0.9145,0.1947812876022745,-4.69500952199949,1.0,0.25,0.2687916666666667,0.3701482412306063,-0.0507679480096713,0.0550092290231879,0.0632462686567164,6.19570859469043,6.67390036091452,11.2782996015789,8.1003092101752,214
0.19048609853627016,0.10823699835256903,-0.4091117980317365,0.6709192564360943,-0.03359470807415822,-0.21714723565463467,0.018469794394081415,-0.5007702613398466,0.04253316,-0.08140227,4,2,238.0,0.0,0.0,1.0,0.0,0.0,0.0084033613445378,1.0,1.0,0.95775,0.1314436666408846,0.3214304734470823,0.0,0.0,0.9145,0.1947812876022745,-4.69500952199949,1.0,0.25,0.2687916666666667,0.3701482412306063,-0.0507679480096713,0.0550092290231879,0.0632462686567164,6.94005024082362,7.32546286091452,11.9298621015789,8.7518717101752,215
0.19048609853627016,0.10823699835256903,-0.4091117980317365,0.6709192564360943,-0.03359470807415822,-0.4540389699805117,0.0888085081532088,-0.23354972713218797,0.06507606,0.020801008,4,10,238.0,0.0,0.0,0.2,0.0,0.0,0.008130081300813,1.0,1.0,0.95775,0.1314436666408846,0.3214304734470823,0.0,0.9,1.1135,0.124047369984212,-1.721116699428395,2.0,0.55,0.1392464285714286,0.1995339876616083,2.0585644392832587,0.0550092290231879,0.0785112659317768,-1.50146687045849,-5.09174437327233,3.05954263156631,-1.27022525073027,216
0.19048609853627016,0.10823699835256903,-0.4091117980317365,0.6709192564360943,-0.03359470807415822,-0.4540389699805117,0.0888085081532088,-0.23354972713218797,0.06507606,0.020801008,4,10,238.0,0.0,0.0,0.2,0.0,0.0,0.008130081300813,1.0,1.0,0.95775,0.1314436666408846,0.3214304734470823,0.0,0.9,1.1135,0.124047369984212,-1.721116699428395,2.0,0.55,0.1392464285714286,0.1995339876616083,2.0585644392832587,0.0550092290231879,0.0785112659317768,-2.15916288941479,-5.54449437327233,2.60679263156631,-1.72297525073027,217
0.19048609853627016,0.10823699835256903,-0.4091117980317365,0.6709192564360943,-0.03359470807415822,-0.4540389699805117,0.0888085081532088,-0.23354972713218797,0.06507606,0.020801008,4,10,238.0,0.0,0.0,0.2,0.0,0.0,0.008130081300813,1.0,1.0,0.95775,0.1314436666408846,0.3214304734470823,0.0,0.9,1.1135,0.124047369984212,-1.721116699428395,2.0,0.55,0.1392464285714286,0.1995339876616083,2.0585644392832587,0.0550092290231879,0.0785112659317768,-2.03845415897501,-6.88336937327233,1.26791763156632,-3.06185025073026,218
0.19048609853627016,0.10823699835256903,-0.4091117980317365,0.6709192564360943,-0.03359470807415822,-0.4540389699805117,0.0888085081532088,-0.23354972713218797,0.06507606,0.020801008,4,10,238.0,0.0,0.0,0.2,0.0,0.0,0.008130081300813,1.0,1.0,0.95775,0.1314436666408846,0.3214304734470823,0.0,0.9,1.1135,0.124047369984212,-1.721116699428395,2.0,0.55,0.1392464285714286,0.1995339876616083,2.0585644392832587,0.0550092290231879,0.0785112659317768,-0.361782197572973,-3.75455687327233,4.39673013156631,0.0669622492697308,219
0.19048609853627016,0.10823699835256903,-0.4091117980317365,0.6709192564360943,-0.03359470807415822,-0.20639172215776463,0.07480062598913675,-0.5066062404985098,0.06865776,-0.13290855,4,8,238.0,0.0,0.0,0.0,0.0,0.0,0.0,1.0,1.0,0.95775,0.1314436666408846,0.3214304734470823,1.0,1.125,1.1529464285714284,0.1505048635986118,-0.1856845546597083,2.0,0.625,0.0989375,0.2141865253033621,2.4560952153965507,0.0550092290231879,0.0681347279378319,3.60091387627851,1.76002325492784,9.66867947002988,3.96730236920962,220
0.19048609853627016,0.10823699835256903,-0.4091117980317365,0.6709192564360943,-0.03359470807415822,-0.20639172215776463,0.07480062598913675,-0.5066062404985098,0.06865776,-0.13290855,4,8,238.0,0.0,0.0,0.0,0.0,0.0,0.0,1.0,1.0,0.95775,0.1314436666408846,0.3214304734470823,1.0,1.125,1.1529464285714284,0.1505048635986118,-0.1856845546597083,2.0,0.625,0.0989375,0.2141865253033621,2.4560952153965507,0.0550092290231879,0.0681347279378319,4.30107020869989,3.16289825492784,11.0715544700299,5.37017736920962,221
0.19048609853627016,0.10823699835256903,-0.4091117980317365,0.6709192564360943,-0.03359470807415822,-0.20639172215776463,0.07480062598913675,-0.5066062404985098,0.06865776,-0.13290855,4,8,238.0,0.0,0.0,0.0,0.0,0.0,0.0,1.0,1.0,0.95775,0.1314436666408846,0.3214304734470823,1.0,1.125,1.1529464285714284,0.1505048635986118,-0.1856845546597083,2.0,0.625,0.0989375,0.2141865253033621,2.4560952153965507,0.0550092290231879,0.0681347279378319,6.18094078886918,5.10052325492784,13.0091794700299,7.30780236920962,222
0.19048609853627016,0.10823699835256903,-0.4091117980317365,0.6709192564360943,-0.03359470807415822,-0.20639172215776463,0.07480062598913675,-0.5066062404985098,0.06865776,-0.13290855,4,8,238.0,0.0,0.0,0.0,0.0,0.0,0.0,1.0,1.0,0.95775,0.1314436666408846,0.3214304734470823,1.0,1.125,1.1529464285714284,0.1505048635986118,-0.1856845546597083,2.0,0.625,0.0989375,0.2141865253033621,2.4560952153965507,0.0550092290231879,0.0681347279378319,5.56771629834073,4.41308575492784,12.3217419700299,6.62036486920962,223
-0.1338469040359379,0.33693163087047195,-0.35565860578792535,-0.1910207972728684,0.21918493461837943,-0.1765453320605832,0.054395219022666016,-0.5531194235429961,0.07249146,-0.097396374,10,10,3409.0,0.2,1.0,1.0,0.1111111111111111,0.0029334115576415,0.0029334115576415,0.0,0.0,0.6957000000000001,0.1484301519233878,-4.687053075032124,0.0,0.0,0.7429,0.130420818890237,-5.696176471834834,0.0,-0.35,0.0440499999999999,0.1565314584995616,-2.517385347183125,0.482442415033227,0.559276980267766,-1.24989684351488,1.61616507603954,4.61760518330669,-2.97510250954078,224
-0.1338469040359379,0.33693163087047195,-0.35565860578792535,-0.1910207972728684,0.21918493461837943,-0.1765453320605832,0.054395219022666016,-0.5531194235429961,0.07249146,-0.097396374,10,10,3409.0,0.2,1.0,1.0,0.1111111111111111,0.0029334115576415,0.0029334115576415,0.0,0.0,0.6957000000000001,0.1484301519233878,-4.687053075032124,0.0,0.0,0.7429,0.130420818890237,-5.696176471834834,0.0,-0.35,0.0440499999999999,0.1565314584995616,-2.517385347183125,0.482442415033227,0.559276980267766,0.378981231359097,2.38154007603954,5.38298018330669,-2.20972750954078,225
-0.1338469040359379,0.33693163087047195,-0.35565860578792535,-0.1910207972728684,0.21918493461837943,-0.1765453320605832,0.054395219022666016,-0.5531194235429961,0.07249146,-0.097396374,10,10,3409.0,0.2,1.0,1.0,0.1111111111111111,0.0029334115576415,0.0029334115576415,0.0,0.0,0.6957000000000001,0.1484301519233878,-4.687053075032124,0.0,0.0,0.7429,0.130420818890237,-5.696176471834834,0.0,-0.35,0.0440499999999999,0.1565314584995616,-2.517385347183125,0.482442415033227,0.559276980267766,0.263174676119521,4.46710257603954,7.46854268330669,-0.124165009540781,226
-0.1338469040359379,0.33693163087047195,-0.35565860578792535,-0.1910207972728684,0.21918493461837943,-0.1765453320605832,0.054395219022666016,-0.5531194235429961,0.07249146,-0.097396374,10,10,3409.0,0.2,1.0,1.0,0.1111111111111111,0.0029334115576415,0.0029334115576415,0.0,0.0,0.6957000000000001,0.1484301519233878,-4.687053075032124,0.0,0.0,0.7429,0.130420818890237,-5.696176471834834,0.0,-0.35,0.0440499999999999,0.1565314584995616,-2.517385347183125,0.482442415033227,0.559276980267766,-3.40776121416507,-2.30920992396045,0.692230183306693,-6.90047750954078,227
-0.1985919124103023,0.2478470215148885,-0.38134183175514413,0.12277279623621863,0.4041655529430986,-0.2155981915239081,0.16466859618476817,-0.42171008608558347,0.086333565,-0.035542116,2,10,3409.0,0.0,1.0,1.0,0.0,0.0005866823115283,0.0029334115576415,0.0,0.0,0.601,0.3518508206612569,-1.7081102692058534,0.0,0.0,0.6957000000000001,0.1484301519233878,-4.687053075032124,1.0,0.1166666666666667,0.0378333333333333,0.2122217786499145,0.3714667450006556,0.4521526980482204,0.482442415033227,3.77817583962281,14.0169731354076,14.624024700394,2.65619877825631,228
-0.1985919124103023,0.2478470215148885,-0.38134183175514413,0.12277279623621863,0.4041655529430986,-0.2155981915239081,0.16466859618476817,-0.42171008608558347,0.086333565,-0.035542116,2,10,3409.0,0.0,1.0,1.0,0.0,0.0005866823115283,0.0029334115576415,0.0,0.0,0.601,0.3518508206612569,-1.7081102692058534,0.0,0.0,0.6957000000000001,0.1484301519233878,-4.687053075032124,1.0,0.1166666666666667,0.0378333333333333,0.2122217786499145,0.3714667450006556,0.4521526980482204,0.482442415033227,-6.93959726170073,3.33916063540761,3.946212200394,-8.02161372174369,229
-0.1985919124103023,0.2478470215148885,-0.38134183175514413,0.12277279623621863,0.4041655529430986,-0.2155981915239081,0.16466859618476817,-0.42171008608558347,0.086333565,-0.035542116,2,10,3409.0,0.0,1.0,1.0,0.0,0.0005866823115283,0.0029334115576415,0.0,0.0,0.601,0.3518508206612569,-1.7081102692058534,0.0,0.0,0.6957000000000001,0.1484301519233878,-4.687053075032124,1.0,0.1166666666666667,0.0378333333333333,0.2122217786499145,0.3714667450006556,0.4521526980482204,0.482442415033227,-13.5411812856286,-14.4050893645924,-13.798037799606,-25.7658637217437,230
-0.1985919124103023,0.2478470215148885,-0.38134183175514413,0.12277279623621863,0.4041655529430986,-0.2155981915239081,0.16466859618476817,-0.42171008608558347,0.086333565,-0.035542116,2,10,3409.0,0.0,1.0,1.0,0.0,0.0005866823115283,0.0029334115576415,0.0,0.0,0.601,0.3518508206612569,-1.7081102692058534,0.0,0.0,0.6957000000000001,0.1484301519233878,-4.687053075032124,1.0,0.1166666666666667,0.0378333333333333,0.2122217786499145,0.3714667450006556,0.4521526980482204,0.482442415033227,-11.9183465547919,-5.17507373959239,-4.568022174606,-16.5358480967437,231
-0.1985919124103023,0.2478470215148885,-0.38134183175514413,0.12277279623621863,0.4041655529430986,-0.1765453320605832,0.054395219022666016,-0.5531194235429961,0.07249146,-0.097396374,2,10,3409.0,0.0,1.0,1.0,0.0,0.0005866823115283,0.0029334115576415,0.0,0.0,0.601,0.3518508206612569,-1.7081102692058534,0.0,0.0,0.7429,0.130420818890237,-5.696176471834834,1.0,0.4666666666666668,0.12855,0.3110888721714245,1.086881264207833,0.4521526980482204,0.559276980267766,-2.52440116446508,-6.35925533956338,-2.75669540488344,-9.09263069869121,232
-0.1985919124103023,0.2478470215148885,-0.38134183175514413,0.12277279623621863,0.4041655529430986,-0.1765453320605832,0.054395219022666016,-0.5531194235429961,0.07249146,-0.097396374,2,10,3409.0,0.0,1.0,1.0,0.0,0.0005866823115283,0.0029334115576415,0.0,0.0,0.601,0.3518508206612569,-1.7081102692058534,0.0,0.0,0.7429,0.130420818890237,-5.696176471834834,1.0,0.4666666666666668,0.12855,0.3110888721714245,1.086881264207833,0.4521526980482204,0.559276980267766,2.05313083724062,1.85149466043661,5.45405459511656,-0.881880698691217,233
-0.1985919124103023,0.2478470215148885,-0.38134183175514413,0.12277279623621863,0.4041655529430986,-0.1765453320605832,0.054395219022666016,-0.5531194235429961,0.07249146,-0.097396374,2,10,3409.0,0.0,1.0,1.0,0.0,0.0005866823115283,0.0029334115576415,0.0,0.0,0.601,0.3518508206612569,-1.7081102692058534,0.0,0.0,0.7429,0.130420818890237,-5.696176471834834,1.0,0.4666666666666668,0.12855,0.3110888721714245,1.086881264207833,0.4521526980482204,0.559276980267766,-5.40370022569302,-6.23156783956338,-2.62900790488344,-8.96494319869121,234
-0.1985919124103023,0.2478470215148885,-0.38134183175514413,0.12277279623621863,0.4041655529430986,-0.1765453320605832,0.054395219022666016,-0.5531194235429961,0.07249146,-0.097396374,2,10,3409.0,0.0,1.0,1.0,0.0,0.0005866823115283,0.0029334115576415,0.0,0.0,0.601,0.3518508206612569,-1.7081102692058534,0.0,0.0,0.7429,0.130420818890237,-5.696176471834834,1.0,0.4666666666666668,0.12855,0.3110888721714245,1.086881264207833,0.4521526980482204,0.559276980267766,2.00583288326367,3.78036966043662,7.38292959511656,1.04699430130878,235
-0.03852116886365697,0.17188281861503513,-0.5720728072321701,-0.2577322671474974,-0.07147857841031255,-0.1919240266534033,0.07045181888214926,-0.49589034018515465,0.08007887,-0.09842044,1,2,238.0,0.0,0.0,0.0,0.0,0.0,0.0,1.0,1.0,1.281,0.4960231849419944,-0.5665057774121193,1.0,1.0,0.9665,0.1874239845910869,0.1787391302830784,2.0,0.0,0.0,0.4946986031104712,5.92288469320235,0.0714285714285714,0.0402497085114652,1.27564326058599,-4.52336201075408,-6.33141634625221,-3.27182775075518,236
6.114072236743935,-4.106858090089244,4.06284781270502,5.58728378394345,-3.4102018686282065,-0.29548229624834477,0.1759867844632078,-0.1454306818553159,-0.027028926,-0.03252709,4,1,280.0,0.0,0.0,0.0,0.0,0.0,0.0,1.0,1.0,0.9545,0.1137090585661494,0.400144021714248,1.0,1.0,0.953,0.2116388433156824,0.222076435798198,2.0,0.0,0.0,0.4952816079376104,5.915228243436404,0.0710873277410883,0.0336134453781512,-3.64958640748641,-6.49464213063752,-1.56925799825501,-4.50494613776845,237
-0.18880187796177264,0.3216684134347052,-0.3502960273047573,-0.23649739933108832,0.633001261064982,1.3415066136999731,-0.021287453436044487,-0.1673950796843896,0.41812313,-0.42363846,1,4,280.0,0.0,0.0,0.25,0.0,0.0,0.0035335689045936,2.0,2.0,1.751,0.4505541032994816,0.5526528294305441,0.0,0.75,0.96475,0.1217371656479647,-1.7640463276515457,3.0,0.0,0.0,0.4952816079376104,5.915228243436404,0.0,0.0881410876891149,-8.37615744919893,-1.70146934452968,0.162569913556384,-1.85955666436163,238
1.5390367195517438,0.1207656804590924,0.033699952440906615,1.7921242626841314,-1.6190675547471463,-0.29715029834682977,0.15051580679401794,-0.2935531859945593,0.14217056,0.023009479,4,2,280.0,0.0,0.25,1.0,0.0,0.0035335689045936,0.0071428571428571,0.0,0.75,0.96475,0.1217371656479647,-1.7640463276515457,0.0,0.0,0.9295,0.1810517881712302,-5.133890194560923,1.0,0.25,0.2687916666666667,0.3701482412306063,-0.0507679480096713,0.0881410876891149,0.0832950631458094,-5.47100775856624,-0.843976713401558,-0.0491070075254121,-3.16618427324256,239
-0.3346623505258465,0.23434233515451916,-0.027268684430316485,-0.6656228759153017,0.3107345460343207,-0.23651819955057113,0.15206763627700973,-0.3104208269392072,0.13033125,-0.043852016,2,3,238.0,0.0,0.0,0.0,0.0,0.0,0.0,1.0,1.5,1.6695,0.3232951437927888,-0.5242887289041326,1.0,1.3333333333333333,1.3296666666666666,0.2391835650243924,0.0153299273145827,2.0,-0.7999999999999998,-0.1305666666666667,0.3854926299915184,-1.7365658413445202,0.0625,0.0435185185185185,-5.11925059120612,-4.95530877633811,-5.19555392520176,0.464742681169337,240
1.5390367195517438,0.1207656804590924,0.033699952440906615,1.7921242626841314,-1.6190675547471463,-0.2484637761438005,0.05585921332255339,-0.2677719649556255,0.078204274,-0.010806085,4,10,280.0,0.0,0.25,0.3,0.0,0.0035335689045936,0.0104529616724738,0.0,0.75,0.96475,0.1217371656479647,-1.7640463276515457,0.0,0.7,1.0881999999999998,0.1214115315775235,-3.197389860386754,2.0,0.55,0.1392464285714286,0.1995339876616083,2.0585644392832587,0.0881410876891149,0.1008023624320745,-6.52020175777558,-51.5801500878241,-8.99577367419208,-7.79449951091741,241
-0.056505402534588856,0.14995875503417463,-0.6434050957320679,-0.2509302721025314,-0.06661239735328474,-0.126869867446033,0.02268589695198233,-0.5630640588246547,0.07517242,-0.096907705,2,1,238.0,0.0,0.0,0.0,0.0,0.0,0.0,1.0,1.0,0.9295,0.1740107755284137,0.405147323698286,1.0,1.0,1.281,0.4960231849419944,-0.5665057774121193,2.0,0.0,0.0,0.4946986031104712,5.92288469320235,0.0268294920307304,0.0714285714285714,1.19265038043865,-2.98557514987554,-2.41733386958515,5.39639852636593,242
-0.056505402534588856,0.14995875503417463,-0.6434050957320679,-0.2509302721025314,-0.06661239735328474,-0.2609276683942335,-0.1723398074182405,-0.14191646192962046,-0.30356583,-0.16248527,2,1,238.0,0.0,0.0,0.0,0.0,0.0,0.0,1.0,1.0,0.9295,0.1740107755284137,0.405147323698286,1.0,1.0,1.129,0.4103157320893265,-0.3143920398643561,1.0,0.0,0.0,0.4946986031104712,5.92288469320235,0.0268294920307304,0.074074074074074,0.309786066053255,-28.2678606549395,-2.46922059186845,-0.890093547851801,243
-0.22146283298011935,0.3204796188178283,-0.15944924106093927,0.14272345654986318,0.4965197174089951,-0.25614891779950816,0.10659373691076436,-0.23638575871169465,0.12920694,-0.0040153572,2,3,280.0,0.0,1.0,0.0,0.0,0.0071428571428571,0.0,0.0,0.0,0.9295,0.1810517881712302,-5.133890194560923,1.0,1.6666666666666667,1.304,0.2390388160018275,1.517187345271548,2.0,0.7000000000000002,-0.0787666666666666,0.4043447799973571,1.9259965880399323,0.0832950631458094,0.0308641975308641,-2.66943212613062,-3.01001267037895,0.427669111111111,-2.86064870009506,244
-0.1239558859220553,0.2324639610716511,-0.4856353804547076,-0.29667115239031533,-0.24199974915474093,-0.2678325682475351,0.17925756675775284,-0.36879808902496625,0.04953243,0.010057061,8,1,238.0,0.0,0.0,0.0,0.0,0.0,0.0,1.0,1.125,1.1529464285714284,0.1505048635986118,-0.1856845546597083,1.0,1.0,0.934,0.2482820976228451,0.265826656983774,2.0,0.0,0.0,0.4946986031104712,5.92288469320235,0.0681347279378319,0.0546218487394958,9.95236699307119,0.178573292922419,9.00876455555555,7.82802104918163,245
-0.3900169910701239,0.24874752467402794,-0.06758340678712565,-0.3180793924633507,0.48605910015195236,-0.4025153758896779,0.07641649113115159,-0.20721760046500257,0.0069303885,-0.016213939,10,2,238.0,0.0,0.2,0.0,0.0,0.008130081300813,0.0,0.0,0.9,1.1135,0.124047369984212,-1.721116699428395,1.0,1.5,1.6695,0.3232951437927888,-0.5242887289041326,2.0,0.0499999999999998,0.0518833333333333,0.2890137592841482,-0.0065164140904515,0.0785112659317768,0.0625,1.88138958867213,-2.89803294236912,-2.22554893333333,1.56436979574507,246
-0.025957865818971096,0.252372665610525,-0.6278517734763271,-0.21180039406207724,-0.14033087690639673,0.6187276001820594,2.4246001833736806,2.8707056970834683,0.86354136,-1.2017273,2,3,238.0,0.0,0.0,0.0,0.0,0.0,0.0,2.0,2.0,1.628,0.3414908490721237,1.089341049725853,1.0,1.0,1.0443333333333336,0.1761662724688115,-0.2516561922554292,3.0,2.0,-0.0169,0.3962041435085369,5.090557564945159,0.0,0.0512423491693383,-1.00009845960835,-21.6274282037677,-8.28098085555555,-3.32360125803523,247
6.114072236743935,-4.106858090089244,4.06284781270502,5.58728378394345,-3.4102018686282065,-0.3584885190441291,0.10675214109056994,-0.41189168748257265,0.073197186,-0.05751042,4,2,280.0,0.0,0.0,0.0,0.0,0.0,0.0,1.0,1.0,0.9545,0.1137090585661494,0.400144021714248,2.0,2.0,1.639,0.3566216482492334,1.0122773022116331,2.0,1.4166666666666663,0.0154999999999999,0.4145102866971792,3.3802940762487985,0.0710873277410883,0.0,-0.54427297115348,-33.7820989629262,-4.98018827777778,-3.1681976502627,248
-0.04742056663927138,0.18770201157100216,-0.7409040438489211,-0.4358399425592427,-0.14975796592326604,0.6187276001820594,2.4246001833736806,2.8707056970834683,0.86354136,-1.2017273,1,3,238.0,0.0,0.0,0.0,0.0,0.0,0.0,2.0,2.0,1.778,0.4297859932571093,0.5165361446928163,1.0,1.0,1.0443333333333336,0.1761662724688115,-0.2516561922554292,3.0,0.0,0.0,0.4946986031104712,5.92288469320235,0.0,0.0512423491693383,0.95375152225453,-25.8305188892885,-1.22334282222222,2.66268834216963,249
-0.11628245057425714,0.23852390777491778,-0.520184804377084,-0.43581032594434976,-0.26504504972245063,-0.2484637761438005,0.05585921332255339,-0.2677719649556255,0.078204274,-0.010806085,10,10,280.0,0.2,0.1,0.3,0.1111111111111111,0.0034602076124567,0.0104529616724738,0.0,0.9,0.9991,0.0900510410822662,-1.1004869994725222,0.0,0.7,1.0881999999999998,0.1214115315775235,-3.197389860386754,0.0,-0.35,0.0440499999999999,0.1565314584995616,-2.517385347183125,0.1039300632650164,0.1008023624320745,-3.90789987266556,-8.26283359608158,-2.61910778888889,-1.28214859632223,250
-0.07758596872693474,0.21553428160085059,-0.6093053147419236,-0.3938537915570047,-0.1761544972391733,-0.2678325682475351,0.17925756675775284,-0.36879808902496625,0.04953243,0.010057061,8,1,238.0,0.0,0.0,0.0,0.0,0.0,0.0,1.0,1.125,1.152875,0.1476519873723344,-0.1887885188413186,1.0,1.0,0.934,0.2482820976228451,0.265826656983774,2.0,0.0,0.0,0.4946986031104712,5.92288469320235,0.0535567527472243,0.0546218487394958,9.83843776535571,-8.72607655179485,8.91332177777778,8.0863721532388,251
-0.0362908611412701,0.15420702138862555,-0.5928524047691552,-0.24590576407473588,-0.061543371914767206,-0.29548229624834477,0.1759867844632078,-0.1454306818553159,-0.027028926,-0.03252709,8,1,280.0,0.0,0.125,0.0,0.0,0.0034843205574912,0.0,0.0,0.875,1.118625,0.1356926098761461,-1.7954183372430492,1.0,1.0,0.953,0.2116388433156824,0.222076435798198,2.0,0.0,0.0,0.4952816079376104,5.915228243436404,0.0985889310896961,0.0336134453781512,2.67790976858633,-11.534798089746,1.83446016666667,1.92942502297,252
-0.035470575613250184,0.18871161388201763,-0.6589271427083319,-0.2714868327696962,-0.12935260268242763,-0.29452975188354114,0.05976401507631464,-0.4703505844460725,0.083211415,-0.1241961,2,8,280.0,0.5,0.5,0.125,0.1111111111111111,0.0035587188612099,0.0034843205574912,0.0,0.5,0.9655,0.1804432043608182,-2.579759108407186,0.0,0.875,1.1356428571428572,0.1401106341285998,-1.8602646313314624,0.0,0.175,0.0121625,0.2693546311904624,0.6045468729470499,0.0965798678585309,0.1010456977291804,1.21163509748015,-3.79440150836379,-3.66555398888889,0.537547665353439,253
-0.1774127871309326,0.26942209205433276,-0.07192539659934374,0.06523838265322096,0.3685142023162129,1.0344340815102784,-0.2303359327445566,2.5590160008460003,1.9664875,0.55667,3,3,280.0,0.0,0.0,0.0,0.0,0.0,0.0,1.0,1.6666666666666667,1.304,0.2390388160018275,1.517187345271548,1.0,1.0,1.030333333333333,0.1821839729504217,-0.1664983633965859,2.0,0.5,-0.1081666666666668,0.2994346061051283,2.031050033185363,0.0308641975308641,0.0537683377052365,-11.2227200629901,-8.07922291704843,-2.16787389111111,-2.30655991666726,254
-0.24451689434087334,0.41316554856154575,-0.19690941248178004,-0.051308406241243915,0.15391935107995328,-0.1897121117196443,0.1554636982474213,-0.4476229656822046,0.06279729,-0.11505404,2,8,1834.0,0.5,1.0,0.875,0.1111111111111111,0.0010905125408942,0.0038147138964577,0.0,0.0,0.748,0.3057711562590559,-2.4462739035014747,0.0,0.125,0.8386607142857142,0.1276476923198842,-5.590862641662848,0.0,0.175,0.0121625,0.2693546311904624,0.6045468729470499,0.3138359891177613,0.3987196835558385,2.07694041128091,-7.30839808428508,-7.79444311111111,-2.12708149326805,255
-0.23327437118869437,0.24430211737257507,-0.4426498314015507,-0.26199018600748797,-0.0614206942853315,-0.4161038363060825,-0.003761085861173043,-0.22427450222931963,0.114251636,0.12668216,4,10,238.0,0.0,0.0,0.0,0.0,0.0,0.0,1.0,1.5,1.6245,0.1947213821506684,-0.639375083644725,1.0,1.0,1.0089,0.0938658084714556,-0.094816207785675,1.0,0.1285714285714285,-0.0301931670751044,0.2151074311734525,0.738071180435011,0.1003787878787878,0.0565339519446635,-2.20271086902131,-10.1670883822679,4.88473195666667,5.36854238861204,256
-0.03852116886365697,0.17188281861503513,-0.5720728072321701,-0.2577322671474974,-0.07147857841031255,-0.4540389699805117,0.0888085081532088,-0.23354972713218797,0.06507606,0.020801008,1,10,238.0,0.0,0.0,0.2,0.0,0.0,0.008130081300813,1.0,1.0,1.281,0.4960231849419944,-0.5665057774121193,0.0,0.9,1.1135,0.124047369984212,-1.721116699428395,2.0,0.0,0.0,0.4946986031104712,5.92288469320235,0.0714285714285714,0.0785112659317768,0.357847656830923,-7.5436939549866,-2.87346366666667,0.283884467829006,257
0.19048609853627016,0.10823699835256903,-0.4091117980317365,0.6709192564360943,-0.03359470807415822,-0.4540389699805117,0.0888085081532088,-0.23354972713218797,0.06507606,0.020801008,4,10,238.0,0.0,0.0,0.2,0.0,0.0,0.008130081300813,1.0,1.0,0.95775,0.1314436666408846,0.3214304734470823,0.0,0.9,1.1135,0.124047369984212,-1.721116699428395,2.0,0.55,0.1392464285714286,0.1995339876616083,2.0585644392832587,0.0550092290231879,0.0785112659317768,-4.75016679572624,-14.9540250159237,-1.8781536,-2.22427376795779,258
-0.1524302868712236,0.19729116078181377,-0.3224861829506336,-0.3918141840495187,0.2136312188654788,-0.3584885190441291,0.10675214109056994,-0.41189168748257265,0.073197186,-0.05751042,1,2,280.0,0.0,0.0,0.0,0.0,0.0,0.0,2.0,2.0,1.765,0.4536242938820627,0.5180498557272982,2.0,2.0,1.639,0.3566216482492334,1.0122773022116331,4.0,0.0,0.0,0.4952816079376104,5.915228243436404,0.0,0.0,2.83540053705441,0.395311048463529,-0.0531511555555557,3.60693975542489,259
-0.11895423929792552,0.22937068300216507,-0.4469031017145343,-0.02765315867683386,0.09919654091758759,-0.11517605966135847,0.09192702375007683,-0.5994968734055475,0.08285704,-0.11144397,1,2,238.0,0.0,0.0,0.0,0.0,0.0,0.0,2.0,2.0,1.769,0.4512637809530032,0.5118957242971325,2.0,2.0,1.628,0.3414908490721237,1.089341049725853,4.0,0.0,0.0,0.4946986031104712,5.92288469320235,0.0,0.0,4.8885012143175,-2.50639954261973,-2.0633317,4.37139597321481,260
-0.22146283298011935,0.3204796188178283,-0.15944924106093927,0.14272345654986318,0.4965197174089951,-0.29548229624834477,0.1759867844632078,-0.1454306818553159,-0.027028926,-0.03252709,2,1,280.0,0.0,1.0,0.0,0.0,0.0071428571428571,0.0,0.0,0.0,0.9295,0.1810517881712302,-5.133890194560923,1.0,1.0,0.953,0.2116388433156824,0.222076435798198,2.0,0.0,0.0,0.4952816079376104,5.915228243436404,0.0832950631458094,0.0336134453781512,1.08829830866359,-7.77172178092365,0.884432936666669,0.351445649747778,261
-0.3771956823689706,-0.9045372889744421,0.6703042817384331,0.9098113549999784,1.0531287784189003,-0.25614891779950816,0.10659373691076436,-0.23638575871169465,0.12920694,-0.0040153572,2,3,280.0,0.0,1.0,0.0,0.0,0.0071428571428571,0.0,0.0,0.0,0.446,0.1551902058765307,-2.873892701417237,1.0,1.6666666666666667,1.304,0.2390388160018275,1.517187345271548,1.0,0.3,-0.3067666666666667,0.3686548988477495,1.6458934048161251,0.0364866414402018,0.0308641975308641,-8.21170717348014,-3.01875307092336,-2.38679511671926,-6.12767719067409,262
-0.07758596872693474,0.21553428160085059,-0.6093053147419236,-0.3938537915570047,-0.1761544972391733,-0.3359856070451807,0.053279388284133686,-0.3947375084456536,0.11113214,-0.057361633,8,6,238.0,0.0,0.0,0.1666666666666666,0.0,0.0,0.0041152263374485,1.0,1.125,1.152875,0.1476519873723344,-0.1887885188413186,0.0,1.1666666666666667,1.3111666666666668,0.1541383757825704,-0.9374693308292912,2.0,0.2797619047619049,-0.0298749999999999,0.1797714282206115,1.7223921945033738,0.0535567527472243,0.0361324458098651,-0.523974504734181,-2.32125597269341,-2.15112066260686,-2.38101328591119,263
-0.1901491090026142,0.2931052731210329,-0.3596824681527892,0.024193663446204095,0.16363435359895562,-0.29548229624834477,0.1759867844632078,-0.1454306818553159,-0.027028926,-0.03252709,1,1,280.0,0.0,0.0,0.0,0.0,0.0,0.0,1.0,1.0,1.213,0.4665093782551429,-0.4565824609928984,1.0,1.0,0.953,0.2116388433156824,0.222076435798198,2.0,0.0,0.0,0.4952816079376104,5.915228243436404,0.0714285714285714,0.0336134453781512,1.54445174255655,-17.7677313660463,-0.701109480757336,-0.281666709981799,264
-0.23327437118869437,0.24430211737257507,-0.4426498314015507,-0.26199018600748797,-0.0614206942853315,-0.3359856070451807,0.053279388284133686,-0.3947375084456536,0.11113214,-0.057361633,4,6,238.0,0.25,0.0,0.1666666666666666,0.1111111111111111,0.0,0.0041152263374485,1.0,1.5,1.6245,0.1947213821506684,-0.639375083644725,0.0,1.1666666666666667,1.3111666666666668,0.1541383757825704,-0.9374693308292912,0.0,-0.4166666666666669,-0.0632189707366296,0.226970506608391,-1.5572406354093689,0.1003787878787878,0.0361324458098651,0.0904497404797854,-4.11314883958441,-5.11336135647171,-2.41248705963653,265
-0.15632242316330688,0.32228355418724136,-0.1852737507973765,0.07195851510331863,0.17982436192156837,-0.16131621606338054,0.120343445527664,-0.39190932489914054,0.122814536,-0.034377053,3,1,238.0,0.0,0.0,0.0,0.0,0.0,0.0,1.0,1.3333333333333333,1.3296666666666666,0.2391835650243924,0.0153299273145827,1.0,1.0,1.901,0.3939530428870933,-2.2870746051280686,3.0,0.0,0.0,0.4946986031104712,5.92288469320235,0.0435185185185185,0.3333333333333333,2.15086592155895,-10.7806100549408,2.5676055197943,3.97052529698323,266
-0.1524302868712236,0.19729116078181377,-0.3224861829506336,-0.3918141840495187,0.2136312188654788,-0.12403040309715926,0.03716281286667653,-0.6197941869180761,0.072871216,-0.10912621,1,2,280.0,0.0,0.0,0.5,0.0,0.0,0.0035587188612099,2.0,2.0,1.765,0.4536242938820627,0.5180498557272982,0.0,0.5,0.9655,0.1804432043608182,-2.579759108407186,3.0,0.0,0.0,0.4952816079376104,5.915228243436404,0.0,0.0965798678585309,0.722398923541331,-4.09796684874556,-4.70035792751654,-1.51088942435106,267
-0.3771956823689706,-0.9045372889744421,0.6703042817384331,0.9098113549999784,1.0531287784189003,-0.2680037699288762,0.12696711572105704,-0.42433832825838413,0.122339964,-0.04727009,2,1,280.0,0.0,1.0,0.0,0.0,0.0071428571428571,0.0,0.0,0.0,0.446,0.1551902058765307,-2.873892701417237,1.0,1.0,1.213,0.4665093782551429,-0.4565824609928984,2.0,0.0,0.0,0.4952816079376104,5.915228243436404,0.0364866414402018,0.0714285714285714,-7.68629928265891,-1.56153533730915,-1.2112636190951,-5.9050787623417,268
-0.056505402534588856,0.14995875503417463,-0.6434050957320679,-0.2509302721025314,-0.06661239735328474,-0.11517605966135847,0.09192702375007683,-0.5994968734055475,0.08285704,-0.11144397,2,2,238.0,0.0,0.0,0.0,0.0,0.0,0.0,1.0,1.0,0.9295,0.1740107755284137,0.405147323698286,2.0,2.0,1.628,0.3414908490721237,1.089341049725853,2.0,1.0,-0.362,0.4489777277326794,3.03355804947842,0.0268294920307304,0.0,5.98671953413459,-2.12423426980857,-1.20310700752542,10.8615836199241,269
-0.056505402534588856,0.14995875503417463,-0.6434050957320679,-0.2509302721025314,-0.06661239735328474,-0.2017362351396289,0.07213964367862186,-0.4813077090868774,0.113665745,-0.060874358,2,1,238.0,0.0,0.0,0.0,0.0,0.0,0.0,1.0,1.0,0.9295,0.1740107755284137,0.405147323698286,2.0,2.0,1.769,0.4512637809530032,0.5118957242971325,2.0,0.0,0.0,0.4946986031104712,5.92288469320235,0.0268294920307304,0.0,2.11666273456926,-2.50286705760472,-4.74751252091541,-0.418198329539106,270
-0.3771956823689706,-0.9045372889744421,0.6703042817384331,0.9098113549999784,1.0531287784189003,-0.18146316665013967,0.08433015645708655,-0.6157739019467797,0.074545465,-0.0980867,2,1,280.0,0.0,1.0,1.0,0.0,0.0071428571428571,0.0035714285714285,0.0,0.0,0.446,0.1551902058765307,-2.873892701417237,0.0,0.0,1.073,0.3600985976090437,-2.97973945781635,2.0,0.0,0.0,0.4952816079376104,5.915228243436404,0.0364866414402018,0.1132075471698113,-1.36310542739098,-2.70011506255825,0.308115214696806,2.05421228098284,271
-0.34926118345225593,0.14113933279149407,-0.05338295418099107,-0.024151219601916674,0.9875744951047315,-0.23651819955057113,0.15206763627700973,-0.3104208269392072,0.13033125,-0.043852016,10,3,238.0,0.0,0.0,0.0,0.0,0.0,0.0,1.0,1.0,1.0089,0.0938658084714556,-0.094816207785675,1.0,1.3333333333333333,1.3296666666666666,0.2391835650243924,0.0153299273145827,2.0,0.526923076923077,0.0204102564102564,0.224162087970074,2.259582898694452,0.0565339519446635,0.0435185185185185,4.40952956778872,-3.20743923984391,-0.233444980696274,17.969264466303,272
-0.11895423929792552,0.22937068300216507,-0.4469031017145343,-0.02765315867683386,0.09919654091758759,0.08628800646205997,-0.03206521111272899,-0.45662378873921755,0.23054022,-0.08890957,1,4,238.0,0.0,0.0,0.0,0.0,0.0,0.0,2.0,2.0,1.769,0.4512637809530032,0.5118957242971325,1.0,1.0,0.95775,0.1314436666408846,0.3214304734470823,3.0,0.0,0.0,0.4946986031104712,5.92288469320235,0.0,0.0550092290231879,3.95198935804471,-8.64353287601625,-7.3168056777607,7.97709623533673,273
-0.3900169910701239,0.24874752467402794,-0.06758340678712565,-0.3180793924633507,0.48605910015195236,-0.23651819955057113,0.15206763627700973,-0.3104208269392072,0.13033125,-0.043852016,10,3,238.0,0.0,0.2,0.0,0.0,0.008130081300813,0.0,0.0,0.9,1.1135,0.124047369984212,-1.721116699428395,1.0,1.3333333333333333,1.3296666666666666,0.2391835650243924,0.0153299273145827,2.0,0.3769230769230771,-0.0215397435897436,0.2342246690537946,1.7011992038349533,0.0785112659317768,0.0435185185185185,-5.11925059120629,-47.7377103119758,-5.19555392520176,0.464742681169337,274
-0.056505402534588856,0.14995875503417463,-0.6434050957320679,-0.2509302721025314,-0.06661239735328474,-0.16323102653955485,0.06023692476909989,-0.5873829936099805,0.052398644,-0.11900714,2,8,238.0,0.0,0.0,0.0,0.0,0.0,0.0,1.0,1.0,0.9295,0.1740107755284137,0.405147323698286,1.0,1.125,1.152875,0.1476519873723344,-0.1887885188413186,1.0,0.7749999999999999,-0.2322249999999999,0.3111505654421987,3.237098407867455,0.0268294920307304,0.0535567527472243,6.51637583940274,-2.83874470354075,-2.53170235409528,8.00115551974047,275
-0.10841244221865005,0.2274086589002261,-0.4692292408596662,-0.22840584128649719,-0.07864378087225679,-0.20639172215776463,0.07480062598913675,-0.5066062404985098,0.06865776,-0.13290855,2,8,238.0,0.5,0.0,0.0,0.1111111111111111,0.0,0.0,1.0,1.0,0.9665,0.1874239845910869,0.1787391302830784,1.0,1.125,1.1529464285714284,0.1505048635986118,-0.1856845546597083,0.0,0.175,0.0121625,0.2693546311904624,0.6045468729470499,0.0402497085114652,0.0681347279378319,6.49545160479648,-9.06499446316969,-7.91104970270452,3.21448128693905,276
-0.07758596872693474,0.21553428160085059,-0.6093053147419236,-0.3938537915570047,-0.1761544972391733,-0.23651819955057113,0.15206763627700973,-0.3104208269392072,0.13033125,-0.043852016,8,3,238.0,0.0,0.0,0.0,0.0,0.0,0.0,1.0,1.125,1.152875,0.1476519873723344,-0.1887885188413186,1.0,1.3333333333333333,1.3296666666666666,0.2391835650243924,0.0153299273145827,2.0,0.4659090909090908,-0.031564393939394,0.2460304140388269,2.0219999498516343,0.0535567527472243,0.0435185185185185,-1.6263904402545,-17.6345811084415,1.35321052940015,5.88108580535112,277
-0.34926118345225593,0.14113933279149407,-0.05338295418099107,-0.024151219601916674,0.9875744951047315,-0.3359856070451807,0.053279388284133686,-0.3947375084456536,0.11113214,-0.057361633,10,6,238.0,0.0,0.0,0.1666666666666666,0.0,0.0,0.0041152263374485,1.0,1.0,1.0089,0.0938658084714556,-0.094816207785675,0.0,1.1666666666666667,1.3111666666666668,0.1541383757825704,-0.9374693308292912,2.0,0.3458333333333332,0.080375,0.16499347104086,1.6089020472064222,0.0565339519446635,0.0361324458098651,-4.08155738122978,-8.54151161876076,0.322049964238734,-1.04708996928468,278
-0.035470575613250184,0.18871161388201763,-0.6589271427083319,-0.2714868327696962,-0.12935260268242763,-0.2667497795748179,0.15153846346286065,-0.4182074426931342,0.078725114,0.051823795,2,1,280.0,0.0,0.5,0.0,0.0,0.0035587188612099,0.0,0.0,0.5,0.9655,0.1804432043608182,-2.579759108407186,2.0,2.0,1.751,0.4505541032994816,0.5526528294305441,3.0,0.0,0.0,0.4952816079376104,5.915228243436404,0.0965798678585309,0.0,6.92105577858293,-4.09334038762072,-5.06888725853507,-0.0073932804890188,279
6.114072236743935,-4.106858090089244,4.06284781270502,5.58728378394345,-3.4102018686282065,-0.1738684770605379,0.1207380549927549,-0.5893142450172808,0.06862594,-0.10637382,4,1,280.0,0.0,0.0,0.0,0.0,0.0,0.0,1.0,1.0,0.9545,0.1137090585661494,0.400144021714248,1.0,1.0,1.886,0.4062068438615972,-2.1811547820742225,2.0,0.0,0.0,0.4952816079376104,5.915228243436404,0.0710873277410883,0.3333333333333333,-1.86044456229631,-69.0321259090208,0.193099007535962,-2.50040359655428,280
-0.1901491090026142,0.2931052731210329,-0.3596824681527892,0.024193663446204095,0.16363435359895562,-0.3104757666334475,0.08539609046415789,-0.3598009024605617,0.09728403,0.00267437,1,6,280.0,0.0,0.0,0.1666666666666666,0.0,0.0,0.0035087719298245,1.0,1.0,1.213,0.4665093782551429,-0.4565824609928984,0.0,1.3333333333333333,1.2891666666666666,0.1542702354816234,0.2862941547264819,2.0,0.0,0.0,0.4952816079376104,5.915228243436404,0.0714285714285714,0.0308243727598566,-1.22411902692346,-2.57111594957664,-2.03799589641431,-1.75092503432703,281
-0.035470575613250184,0.18871161388201763,-0.6589271427083319,-0.2714868327696962,-0.12935260268242763,-0.29715029834682977,0.15051580679401794,-0.2935531859945593,0.14217056,0.023009479,2,2,280.0,0.0,0.5,1.0,0.0,0.0035587188612099,0.0071428571428571,0.0,0.5,0.9655,0.1804432043608182,-2.579759108407186,0.0,0.0,0.9295,0.1810517881712302,-5.133890194560923,1.0,0.25,-0.42775,0.2595042148019951,2.611710952429546,0.0965798678585309,0.0832950631458094,0.628342865737372,-4.58161871173099,-3.45777614742397,3.61302532333441,282
-0.056505402534588856,0.14995875503417463,-0.6434050957320679,-0.2509302721025314,-0.06661239735328474,-0.20639172215776463,0.07480062598913675,-0.5066062404985098,0.06865776,-0.13290855,2,8,238.0,0.0,0.0,0.0,0.0,0.0,0.0,1.0,1.0,0.9295,0.1740107755284137,0.405147323698286,1.0,1.125,1.1529464285714284,0.1505048635986118,-0.1856845546597083,2.0,0.875,-0.1538375,0.2976472196136728,3.4565668086379766,0.0268294920307304,0.0681347279378319,4.15172627083787,-8.74026549380898,-5.90810948075731,1.84555993359756,283
6.114072236743935,-4.106858090089244,4.06284781270502,5.58728378394345,-3.4102018686282065,-0.29452975188354114,0.05976401507631464,-0.4703505844460725,0.083211415,-0.1241961,4,8,280.0,0.0,0.0,0.125,0.0,0.0,0.0034843205574912,1.0,1.0,0.9545,0.1137090585661494,0.400144021714248,0.0,0.875,1.1356428571428572,0.1401106341285998,-1.8602646313314624,2.0,0.625,0.0877291666666666,0.2050009305110995,2.620821437219005,0.0710873277410883,0.1010456977291804,-0.878019780466382,-46.3672975313352,0.474226325807926,-0.0496700815926744,284
-0.34926118345225593,0.14113933279149407,-0.05338295418099107,-0.024151219601916674,0.9875744951047315,-0.16131621606338054,0.120343445527664,-0.39190932489914054,0.122814536,-0.034377053,10,1,238.0,0.0,0.0,0.0,0.0,0.0,0.0,1.0,1.0,1.0089,0.0938658084714556,-0.094816207785675,1.0,1.0,1.901,0.3939530428870933,-2.2870746051280686,3.0,0.0,0.0,0.4946986031104712,5.92288469320235,0.0565339519446635,0.3333333333333333,2.54679914235389,-14.1250909495236,1.67194432553292,3.14560006839831,285
-0.3771956823689706,-0.9045372889744421,0.6703042817384331,0.9098113549999784,1.0531287784189003,-0.1290426942256263,0.06066777394919346,-0.6130356449192859,0.07439305,-0.12901436,2,4,280.0,0.0,1.0,0.0,0.0,0.0071428571428571,0.0,0.0,0.0,0.446,0.1551902058765307,-2.873892701417237,1.0,1.5,1.60925,0.1989255688553999,-0.5492003900183113,2.0,0.25,-0.2538681466532123,0.3568417824964225,1.412021157186837,0.0364866414402018,0.053030303030303,-2.37797239342449,4.17459509208992,5.81729755730056,5.83318801908553,286
0.19048609853627016,0.10823699835256903,-0.4091117980317365,0.6709192564360943,-0.03359470807415822,-0.16131621606338054,0.120343445527664,-0.39190932489914054,0.122814536,-0.034377053,4,1,238.0,0.0,0.0,0.0,0.0,0.0,0.0,1.0,1.0,0.95775,0.1314436666408846,0.3214304734470823,1.0,1.0,1.901,0.3939530428870933,-2.2870746051280686,2.0,0.0,0.0,0.4946986031104712,5.92288469320235,0.0550092290231879,0.3333333333333333,-6.96795832235132,-1.06329295239692,-2.12498887406182,-2.53315105679846,287
-0.035470575613250184,0.18871161388201763,-0.6589271427083319,-0.2714868327696962,-0.12935260268242763,-0.4572082059902782,-1.7961674461227322,1.7565486577079403,0.3182237,-0.1454041,2,2,280.0,0.0,0.5,0.0,0.0,0.0035587188612099,0.0,0.0,0.5,0.9655,0.1804432043608182,-2.579759108407186,2.0,2.0,1.6495,0.3569310157439389,0.9819824687116784,3.0,0.5,-0.113,0.4341439853320554,1.4119739549798125,0.0965798678585309,0.0,4.06014901680263,-17.6485324647419,-0.542220591868444,2.61490112854927,288
-0.035470575613250184,0.18871161388201763,-0.6589271427083319,-0.2714868327696962,-0.12935260268242763,-0.29548229624834477,0.1759867844632078,-0.1454306818553159,-0.027028926,-0.03252709,2,1,280.0,0.0,0.5,0.0,0.0,0.0035587188612099,0.0,0.0,0.5,0.9655,0.1804432043608182,-2.579759108407186,1.0,1.0,0.953,0.2116388433156824,0.222076435798198,2.0,0.0,0.0,0.4952816079376104,5.915228243436404,0.0965798678585309,0.0336134453781512,2.42450527952949,1.01262736331019,3.21889554455394,1.74320411170592,289
-0.11628245057425714,0.23852390777491778,-0.520184804377084,-0.43581032594434976,-0.26504504972245063,-0.29452975188354114,0.05976401507631464,-0.4703505844460725,0.083211415,-0.1241961,10,8,280.0,0.25,0.1,0.125,0.125,0.0034602076124567,0.0034843205574912,0.0,0.9,0.9991,0.0900510410822662,-1.1004869994725222,0.0,0.875,1.1356428571428572,0.1401106341285998,-1.8602646313314624,0.0,-0.3416666666666667,0.0386180555555555,0.168306842519286,-2.25947273759025,0.1039300632650164,0.1010456977291804,-0.803685173426901,-0.0539233891675752,1.04758931263344,1.81178614613543,290
-0.16915621533329026,0.21044537937153807,-0.11997796016742229,-0.23961052096596552,0.33634932244567833,-0.25614891779950816,0.10659373691076436,-0.23638575871169465,0.12920694,-0.0040153572,10,3,280.0,0.0,0.3,0.0,0.0,0.0104529616724738,0.0,0.0,0.7,1.0881999999999998,0.1214115315775235,-3.197389860386754,1.0,1.6666666666666667,1.304,0.2390388160018275,1.517187345271548,2.0,0.3769230769230771,-0.0215397435897436,0.2342246690537946,1.7011992038349533,0.1008023624320745,0.0308641975308641,1.1855711181729,-40.5549411959024,-6.88110948075733,-2.52368423968233,291
-0.3934218762148078,-1.942456361886978,2.9792750889813013,1.1950136781573995,-0.3011860214518369,-0.1738684770605379,0.1207380549927549,-0.5893142450172808,0.06862594,-0.10637382,2,1,280.0,0.0,0.0,0.0,0.0,0.0,0.0,2.0,2.0,1.6495,0.3569310157439389,0.9819824687116784,1.0,1.0,1.886,0.4062068438615972,-2.1811547820742225,3.0,0.0,0.0,0.4952816079376104,5.915228243436404,0.0,0.3333333333333333,0.0564721192977915,4.69903130994907,2.06533743691902,4.43132860383433,292
1.5390367195517438,0.1207656804590924,0.033699952440906615,1.7921242626841314,-1.6190675547471463,1.0344340815102784,-0.2303359327445566,2.5590160008460003,1.9664875,0.55667,4,3,280.0,0.0,0.25,0.0,0.0,0.0035335689045936,0.0,0.0,0.75,0.96475,0.1217371656479647,-1.7640463276515457,1.0,1.0,1.030333333333333,0.1821839729504217,-0.1664983633965859,2.0,0.75,0.048267857142857,0.2650440321283178,2.6476058986206787,0.0881410876891149,0.0537683377052365,-8.24645037807748,-7.95076001916266,1.20974771118926,-0.441930544696688,293
-0.0362908611412701,0.15420702138862555,-0.5928524047691552,-0.24590576407473588,-0.061543371914767206,-0.2680037699288762,0.12696711572105704,-0.42433832825838413,0.122339964,-0.04727009,8,1,280.0,0.0,0.125,0.0,0.0,0.0034843205574912,0.0,0.0,0.875,1.118625,0.1356926098761461,-1.7954183372430492,1.0,1.0,1.213,0.4665093782551429,-0.4565824609928984,2.0,0.0,0.0,0.4952816079376104,5.915228243436404,0.0985889310896961,0.0714285714285714,1.93910239059711,-4.3064423538207,-5.77780580091617,-1.69193175588065,294
-0.07758596872693474,0.21553428160085059,-0.6093053147419236,-0.3938537915570047,-0.1761544972391733,-0.1919240266534033,0.07045181888214926,-0.49589034018515465,0.08007887,-0.09842044,8,2,238.0,1.0,0.0,0.0,0.25,0.0,0.0,1.0,1.125,1.152875,0.1476519873723344,-0.1887885188413186,1.0,1.0,0.9665,0.1874239845910869,0.1787391302830784,0.0,-0.2249999999999999,-0.3345249999999999,0.2196102214720435,0.4987245095690714,0.0535567527472243,0.0402497085114652,3.4616320103442,4.07102245189618,3.09731926214601,7.69257170802347,295
-0.056505402534588856,0.14995875503417463,-0.6434050957320679,-0.2509302721025314,-0.06661239735328474,-0.21714723565463467,0.018469794394081415,-0.5007702613398466,0.04253316,-0.08140227,2,2,238.0,0.0,0.0,1.0,0.0,0.0,0.0084033613445378,1.0,1.0,0.9295,0.1740107755284137,0.405147323698286,0.0,0.0,0.9145,0.1947812876022745,-4.69500952199949,1.0,0.25,-0.3595,0.3555063290575851,1.7144561156357718,0.0268294920307304,0.0632462686567164,7.64652254691139,-3.07008190345826,-2.68381346520638,7.45342806328813,296
-0.3934218762148078,-1.942456361886978,2.9792750889813013,1.1950136781573995,-0.3011860214518369,-0.29548229624834477,0.1759867844632078,-0.1454306818553159,-0.027028926,-0.03252709,2,1,280.0,0.0,0.0,0.0,0.0,0.0,0.0,2.0,2.0,1.6495,0.3569310157439389,0.9819824687116784,1.0,1.0,0.953,0.2116388433156824,0.222076435798198,2.0,0.0,0.0,0.4952816079376104,5.915228243436404,0.0,0.0336134453781512,-0.860791890625057,-4.17667589842776,-3.8368056777607,-2.23995035036451,297
-0.11895423929792552,0.22937068300216507,-0.4469031017145343,-0.02765315867683386,0.09919654091758759,-0.4161038363060825,-0.003761085861173043,-0.22427450222931963,0.114251636,0.12668216,1,10,238.0,0.0,0.0,0.0,0.0,0.0,0.0,2.0,2.0,1.769,0.4512637809530032,0.5118957242971325,1.0,1.0,1.0089,0.0938658084714556,-0.094816207785675,3.0,0.0,0.0,0.4946986031104712,5.92288469320235,0.0,0.0565339519446635,-0.77904425262686,-13.0549446436574,-8.15882748048229,-6.26549590920054,298
6.114072236743935,-4.106858090089244,4.06284781270502,5.58728378394345,-3.4102018686282065,-0.25614891779950816,0.10659373691076436,-0.23638575871169465,0.12920694,-0.0040153572,4,3,280.0,0.0,0.0,0.0,0.0,0.0,0.0,1.0,1.0,0.9545,0.1137090585661494,0.400144021714248,1.0,1.6666666666666667,1.304,0.2390388160018275,1.517187345271548,2.0,0.25,-0.102952380952381,0.2964162829734415,1.190732092757553,0.0710873277410883,0.0308641975308641,1.18557111814398,-7.05179797817787,-6.88110948075733,-2.52368423968233,299
-0.07552878216048162,0.28540553995566414,-0.31003337283816146,0.027030235830250972,0.22470335805402422,-0.3359856070451807,0.053279388284133686,-0.3947375084456536,0.11113214,-0.057361633,1,6,238.0,0.0,0.0,0.1666666666666666,0.0,0.0,0.0041152263374485,1.0,1.0,1.901,0.3939530428870933,-2.2870746051280686,0.0,1.1666666666666667,1.3111666666666668,0.1541383757825704,-0.9374693308292912,3.0,0.0,0.0,0.4946986031104712,5.92288469320235,0.3333333333333333,0.0361324458098651,-5.49950823064385,-8.58194451173685,-6.45355145196985,-7.97347182563342,300
-0.3346623505258465,0.23434233515451916,-0.027268684430316485,-0.6656228759153017,0.3107345460343207,-0.11517605966135847,0.09192702375007683,-0.5994968734055475,0.08285704,-0.11144397,2,2,238.0,0.0,0.0,0.0,0.0,0.0,0.0,1.0,1.5,1.6695,0.3232951437927888,-0.5242887289041326,2.0,2.0,1.628,0.3414908490721237,1.089341049725853,3.0,0.5,-0.22525,0.4402555365921024,1.6473387378929103,0.0625,0.0,2.46139233052446,-2.78090887413159,-2.72888725853508,2.71200014539857,301
-0.34926118345225593,0.14113933279149407,-0.05338295418099107,-0.024151219601916674,0.9875744951047315,-0.11517605966135847,0.09192702375007683,-0.5994968734055475,0.08285704,-0.11144397,10,2,238.0,0.0,0.0,0.0,0.0,0.0,0.0,1.0,1.0,1.0089,0.0938658084714556,-0.094816207785675,2.0,2.0,1.628,0.3414908490721237,1.089341049725853,3.0,1.95,0.1145833333333333,0.3221237577046713,5.697861839639313,0.0565339519446635,0.0,0.437584164711885,3.0242397266471,5.92285097152984,6.7883552451509,302
-0.15632242316330688,0.32228355418724136,-0.1852737507973765,0.07195851510331863,0.17982436192156837,0.6187276001820594,2.4246001833736806,2.8707056970834683,0.86354136,-1.2017273,3,3,238.0,0.0,0.0,0.0,0.0,0.0,0.0,1.0,1.3333333333333333,1.3296666666666666,0.2391835650243924,0.0153299273145827,1.0,1.0,1.0443333333333336,0.1761662724688115,-0.2516561922554292,2.0,0.5,-0.1081666666666668,0.2994346061051283,2.031050033185363,0.0435185185185185,0.0512423491693383,-6.54211296114674,-22.3234006420205,-8.41691895547742,-5.7907920269514,303
-0.1239558859220553,0.2324639610716511,-0.4856353804547076,-0.29667115239031533,-0.24199974915474093,-0.16131621606338054,0.120343445527664,-0.39190932489914054,0.122814536,-0.034377053,8,1,238.0,0.0,0.0,0.0,0.0,0.0,0.0,1.0,1.125,1.1529464285714284,0.1505048635986118,-0.1856845546597083,1.0,1.0,1.901,0.3939530428870933,-2.2870746051280686,3.0,0.0,0.0,0.4946986031104712,5.92288469320235,0.0681347279378319,0.3333333333333333,-3.04855432786647,-4.02609504714302,-4.9727666518396,-4.6883060911691,304
-0.056505402534588856,0.14995875503417463,-0.6434050957320679,-0.2509302721025314,-0.06661239735328474,-0.4693645973030087,0.1313784766104235,-0.2467844999124898,0.11017103,0.05691439,2,2,238.0,0.0,0.0,0.0,0.0,0.0,0.0,1.0,1.0,0.9295,0.1740107755284137,0.405147323698286,1.0,1.0,1.039,0.2397477841399165,-0.1626709508073683,2.0,1.0,-0.297,0.4487939393530175,2.889967725209833,0.0268294920307304,0.033565026522773,6.69604285431354,-0.422341240528,-1.78242033333333,6.33914000770862,305
-0.10841244221865005,0.2274086589002261,-0.4692292408596662,-0.22840584128649719,-0.07864378087225679,-0.2678325682475351,0.17925756675775284,-0.36879808902496625,0.04953243,0.010057061,2,1,238.0,0.0,0.0,0.0,0.0,0.0,0.0,1.0,1.0,0.9665,0.1874239845910869,0.1787391302830784,1.0,1.0,0.934,0.2482820976228451,0.265826656983774,2.0,0.0,0.0,0.4946986031104712,5.92288469320235,0.0402497085114652,0.0546218487394958,4.2566002484965,-7.49136319882436,2.18652577777778,4.11648760826923,306
-0.010212000479660937,0.10228919589395585,-0.650250105692852,-0.32546812522463286,-0.10110430228436308,-0.39378074788035244,0.15715716140380784,-0.2937976963093058,0.044547208,0.06682029,8,2,1834.0,0.0,0.75,1.0,0.0,0.0032679738562091,0.0010905125408942,0.0,0.25,0.83675,0.1282309927435641,-4.575726877303217,0.0,0.0,0.7,0.3209361307176243,-2.181119334974145,1.0,0.375,-0.0392249999999999,0.2589150910530323,1.5998488087940628,0.3023034881384502,0.3279994259471871,1.33231272196602,-15.4819366616022,-8.37444281409064,0.905155251046782,307
-0.24451689434087334,0.41316554856154575,-0.19690941248178004,-0.051308406241243915,0.15391935107995328,-0.23607268450281596,0.18618826767868402,-0.37350760983174297,0.07163104,-0.072466925,2,10,1834.0,1.0,1.0,0.8,0.2,0.0010905125408942,0.0043572984749455,0.0,0.0,0.748,0.3057711562590559,-2.4462739035014747,0.0,0.2,0.7948000000000001,0.1257495924446676,-4.730035210744116,0.0,-0.2166666666666666,-0.3049166666666666,0.2109093901023217,0.4184261305633949,0.3138359891177613,0.3192039045085061,-0.0652237555366446,-23.3086289002086,-2.72111015444444,3.13258332364411,308
1.5390367195517438,0.1207656804590924,0.033699952440906615,1.7921242626841314,-1.6190675547471463,-0.2680037699288762,0.12696711572105704,-0.42433832825838413,0.122339964,-0.04727009,4,1,280.0,0.0,0.25,0.0,0.0,0.0035335689045936,0.0,0.0,0.75,0.96475,0.1217371656479647,-1.7640463276515457,1.0,1.0,1.213,0.4665093782551429,-0.4565824609928984,2.0,0.0,0.0,0.4952816079376104,5.915228243436404,0.0881410876891149,0.0714285714285714,-5.76012814158513,-11.6738466043254,0.705183511111111,1.14579981530033,309
-0.056505402534588856,0.14995875503417463,-0.6434050957320679,-0.2509302721025314,-0.06661239735328474,-0.4161038363060825,-0.003761085861173043,-0.22427450222931963,0.114251636,0.12668216,2,10,238.0,0.0,0.0,0.0,0.0,0.0,0.0,1.0,1.0,0.9295,0.1740107755284137,0.405147323698286,1.0,1.0,1.0089,0.0938658084714556,-0.094816207785675,1.0,0.6166666666666667,-0.0730833333333333,0.2847302695339729,2.4224681173832896,0.0268294920307304,0.0565339519446635,-0.494909602474806,-21.5541034875418,-2.97710934444445,3.72539652201081,310
-0.07758596872693474,0.21553428160085059,-0.6093053147419236,-0.3938537915570047,-0.1761544972391733,-0.20639172215776463,0.07480062598913675,-0.5066062404985098,0.06865776,-0.13290855,8,8,238.0,0.5,0.0,0.0,0.3333333333333333,0.0,0.0,1.0,1.125,1.152875,0.1476519873723344,-0.1887885188413186,1.0,1.125,1.1529464285714284,0.1505048635986118,-0.1856845546597083,0.0,-0.5,-0.0449375,0.174284687634198,-2.6110297248552303,0.0535567527472243,0.0681347279378319,3.31328065419634,-10.8017632384976,-10.0882762888889,-0.631511230406347,311
-0.13551112763207185,0.16698177980334328,-0.4767004439630483,-0.45282094400100875,0.00196427908655,-0.4025153758896779,0.07641649113115159,-0.20721760046500257,0.0069303885,-0.016213939,2,2,238.0,0.0,1.0,0.0,0.0,0.0084033613445378,0.0,0.0,0.0,0.9145,0.1947812876022745,-4.69500952199949,1.0,1.5,1.6695,0.3232951437927888,-0.5242887289041326,2.0,-0.25,-0.07025,0.4867005624611502,-0.3693235920892286,0.0632462686567164,0.0625,-2.69246994636873,-22.9040263481164,-11.2955558888889,-10.9408369272527,312
-0.18880187796177264,0.3216684134347052,-0.3502960273047573,-0.23649739933108832,0.633001261064982,1.0344340815102784,-0.2303359327445566,2.5590160008460003,1.9664875,0.55667,1,3,280.0,0.0,0.0,0.0,0.0,0.0,0.0,2.0,2.0,1.751,0.4505541032994816,0.5526528294305441,1.0,1.0,1.030333333333333,0.1821839729504217,-0.1664983633965859,3.0,0.0,0.0,0.4952816079376104,5.915228243436404,0.0,0.0537683377052365,-8.42112206624713,-6.95743787150361,-2.51327202222222,-2.23829038910465,313
-0.22146283298011935,0.3204796188178283,-0.15944924106093927,0.14272345654986318,0.4965197174089951,-0.29452975188354114,0.05976401507631464,-0.4703505844460725,0.083211415,-0.1241961,2,8,280.0,0.0,1.0,0.125,0.0,0.0071428571428571,0.0034843205574912,0.0,0.0,0.9295,0.1810517881712302,-5.133890194560923,0.0,0.875,1.1356428571428572,0.1401106341285998,-1.8602646313314624,1.0,0.575,0.0948625,0.315386191586997,1.522379586702855,0.0832950631458094,0.1010456977291804,-1.32297015157686,-4.22735596999275,-1.97716607777778,-0.103498663772759,314
-0.04742056663927138,0.18770201157100216,-0.7409040438489211,-0.4358399425592427,-0.14975796592326604,-0.4025153758896779,0.07641649113115159,-0.20721760046500257,0.0069303885,-0.016213939,1,2,238.0,0.0,0.0,0.0,0.0,0.0,0.0,2.0,2.0,1.778,0.4297859932571093,0.5165361446928163,1.0,1.5,1.6695,0.3232951437927888,-0.5242887289041326,3.0,0.0,0.0,0.4946986031104712,5.92288469320235,0.0,0.0625,-7.11976012784732,-45.6653626686986,-13.6434564666667,-12.0908974055892,315
-0.04085555658391821,0.2160351253361784,-0.6485797542249851,-0.262390652848623,-0.22355457549558808,1.0344340815102784,-0.2303359327445566,2.5590160008460003,1.9664875,0.55667,4,3,280.0,0.0,0.0,0.0,0.0,0.0,0.0,1.0,1.5,1.60925,0.1989255688553999,-0.5492003900183113,1.0,1.0,1.030333333333333,0.1821839729504217,-0.1664983633965859,2.0,0.3928571428571428,-0.0434505790207102,0.2679428870597248,1.628360904316895,0.053030303030303,0.0537683377052365,-6.34601549918352,-50.7205956805473,-1.54107690631111,-3.88173106936268,316
-0.1524302868712236,0.19729116078181377,-0.3224861829506336,-0.3918141840495187,0.2136312188654788,-0.1738684770605379,0.1207380549927549,-0.5893142450172808,0.06862594,-0.10637382,1,1,280.0,0.0,0.0,0.0,0.0,0.0,0.0,2.0,2.0,1.765,0.4536242938820627,0.5180498557272982,1.0,1.0,1.886,0.4062068438615972,-2.1811547820742225,4.0,0.0,0.0,0.4952816079376104,5.915228243436404,0.0,0.3333333333333333,5.69015901690406,1.70290710083617,-1.790218,0.523448906165283,317
5.846241237933661,-5.7294151691674235,3.589336727508081,3.4859141284555544,-2.1057246899351267,-0.21714723565463467,0.018469794394081415,-0.5007702613398466,0.04253316,-0.08140227,4,2,238.0,0.0,0.0,1.0,0.0,0.0,0.0084033613445378,1.0,1.0,0.9565,0.1083178194019802,0.4015959722985777,0.0,0.0,0.9145,0.1947812876022745,-4.69500952199949,1.0,0.25,0.1935,0.3742660966626701,0.1509621109253826,0.056572490351757,0.0632462686567164,-3.47735691936169,-51.8335918269415,-2.13581611111111,-3.54159944253492,318
-0.3900169910701239,0.24874752467402794,-0.06758340678712565,-0.3180793924633507,0.48605910015195236,-0.3359856070451807,0.053279388284133686,-0.3947375084456536,0.11113214,-0.057361633,10,6,238.0,0.0,0.2,0.1666666666666666,0.0,0.008130081300813,0.0041152263374485,0.0,0.9,1.1135,0.124047369984212,-1.721116699428395,0.0,1.1666666666666667,1.3111666666666668,0.1541383757825704,-0.9374693308292912,2.0,0.1958333333333333,-0.0412625,0.1604662039855364,1.47754372848942,0.0785112659317768,0.0361324458098651,3.61744176809369,7.7468325161024,7.73236455555556,6.13883038429254,319
-0.11895423929792552,0.22937068300216507,-0.4469031017145343,-0.02765315867683386,0.09919654091758759,-0.16131621606338054,0.120343445527664,-0.39190932489914054,0.122814536,-0.034377053,1,1,238.0,0.0,0.0,0.0,0.0,0.0,0.0,2.0,2.0,1.769,0.4512637809530032,0.5118957242971325,1.0,1.0,1.901,0.3939530428870933,-2.2870746051280686,4.0,0.0,0.0,0.4946986031104712,5.92288469320235,0.0,0.3333333333333333,0.806584305977265,1.74376559356513,-4.46780458888889,-1.80580510857894,320
-0.10841244221865005,0.2274086589002261,-0.4692292408596662,-0.22840584128649719,-0.07864378087225679,0.08628800646205997,-0.03206521111272899,-0.45662378873921755,0.23054022,-0.08890957,2,4,238.0,0.0,0.0,0.0,0.0,0.0,0.0,1.0,1.0,0.9665,0.1874239845910869,0.1787391302830784,1.0,1.0,0.95775,0.1314436666408846,0.3214304734470823,2.0,0.75,0.109625,0.2823353717704846,2.268135926378265,0.0402497085114652,0.0550092290231879,13.3756998458356,-15.114328273526,-7.02777538888889,13.1922252402543,321
0.19048609853627016,0.10823699835256903,-0.4091117980317365,0.6709192564360943,-0.03359470807415822,-0.13515334565373371,0.03629430579103768,-0.6733385503273589,0.045374162,-0.11343424,4,1,238.0,0.0,0.0,0.0,0.0,0.0,0.0,1.0,1.0,0.95775,0.1314436666408846,0.3214304734470823,2.0,2.0,1.778,0.4297859932571093,0.5165361446928163,3.0,0.0,0.0,0.4946986031104712,5.92288469320235,0.0550092290231879,0.0,4.82067225432434,1.33629103802597,-1.01079944444444,-0.77306430180151,322
-0.18880187796177264,0.3216684134347052,-0.3502960273047573,-0.23649739933108832,0.633001261064982,-0.4572082059902782,-1.7961674461227322,1.7565486577079403,0.3182237,-0.1454041,1,2,280.0,0.0,0.0,0.0,0.0,0.0,0.0,2.0,2.0,1.751,0.4505541032994816,0.5526528294305441,2.0,2.0,1.6495,0.3569310157439389,0.9819824687116784,3.0,0.0,0.0,0.4952816079376104,5.915228243436404,0.0,0.0,-0.767408730477969,-5.9482909919316,-4.69209135555556,-3.51943574291249,323
-0.11895423929792552,0.22937068300216507,-0.4469031017145343,-0.02765315867683386,0.09919654091758759,0.6187276001820594,2.4246001833736806,2.8707056970834683,0.86354136,-1.2017273,1,3,238.0,0.0,0.0,0.0,0.0,0.0,0.0,2.0,2.0,1.769,0.4512637809530032,0.5118957242971325,1.0,1.0,1.0443333333333336,0.1761662724688115,-0.2516561922554292,3.0,0.0,0.0,0.4946986031104712,5.92288469320235,0.0,0.0512423491693383,1.36370500925444,-38.3409993498415,-1.47665993333334,1.91967024401534,324
-0.3252782576209184,0.32819990936052196,-0.15982358854821102,-0.4407827433972126,0.7040334794604938,-0.11182696312916787,0.0061273023434908844,-0.5767442811382247,0.06750562,-0.08622581,2,10,1834.0,0.0,1.0,1.0,0.0,0.0010905125408942,0.0054525627044711,0.0,0.0,0.7,0.3209361307176243,-2.181119334974145,0.0,0.0,0.8348000000000002,0.1169143276078685,-7.140271146235604,1.0,0.4666666666666668,0.12855,0.3110888721714245,1.086881264207833,0.3279994259471871,0.3946742377920231,-0.45474856290885,-14.2140798025279,-6.90716722222222,-2.71299766883922,325
-0.11628245057425714,0.23852390777491778,-0.520184804377084,-0.43581032594434976,-0.26504504972245063,-0.2680037699288762,0.12696711572105704,-0.42433832825838413,0.122339964,-0.04727009,10,1,280.0,0.0,0.1,0.0,0.0,0.0034602076124567,0.0,0.0,0.9,0.9991,0.0900510410822662,-1.1004869994725222,1.0,1.0,1.213,0.4665093782551429,-0.4565824609928984,2.0,0.0,0.0,0.4952816079376104,5.915228243436404,0.1039300632650164,0.0714285714285714,-2.45199928891334,-14.4811053837663,1.09197937555556,0.9960198538002,326
-0.3900169910701239,0.24874752467402794,-0.06758340678712565,-0.3180793924633507,0.48605910015195236,0.6187276001820594,2.4246001833736806,2.8707056970834683,0.86354136,-1.2017273,10,3,238.0,0.0,0.2,0.0,0.0,0.008130081300813,0.0,0.0,0.9,1.1135,0.124047369984212,-1.721116699428395,1.0,1.0,1.0443333333333336,0.1761662724688115,-0.2516561922554292,2.0,0.8769230769230771,0.0371653846153846,0.199194560280063,4.215766189232338,0.0785112659317768,0.0512423491693383,1.46916733403463,-63.7197943644665,-0.262215726666669,2.76285060826679,327
-0.3346623505258465,0.23434233515451916,-0.027268684430316485,-0.6656228759153017,0.3107345460343207,-0.2678325682475351,0.17925756675775284,-0.36879808902496625,0.04953243,0.010057061,2,1,238.0,0.0,0.0,0.0,0.0,0.0,0.0,1.0,1.5,1.6695,0.3232951437927888,-0.5242887289041326,1.0,1.0,0.934,0.2482820976228451,0.265826656983774,2.0,0.0,0.0,0.4946986031104712,5.92288469320235,0.0625,0.0546218487394958,3.00828201627936,1.40919123804132,1.89208144444444,2.41385191652373,328
-0.10841244221865005,0.2274086589002261,-0.4692292408596662,-0.22840584128649719,-0.07864378087225679,-0.21714723565463467,0.018469794394081415,-0.5007702613398466,0.04253316,-0.08140227,2,2,238.0,0.0,0.0,1.0,0.0,0.0,0.0084033613445378,1.0,1.0,0.9665,0.1874239845910869,0.1787391302830784,0.0,0.0,0.9145,0.1947812876022745,-4.69500952199949,1.0,0.25,-0.42775,0.2595042148019951,2.611710952429546,0.0402497085114652,0.0632462686567164,0.763212481677257,-12.4410336460737,-11.8800719666667,-7.33653226167255,329
-0.3771956823689706,-0.9045372889744421,0.6703042817384331,0.9098113549999784,1.0531287784189003,-0.21722584714249993,0.16637879542534384,-0.47604848641852887,0.055548847,-0.0852315,2,2,280.0,0.0,1.0,0.0,0.0,0.0071428571428571,0.0,0.0,0.0,0.446,0.1551902058765307,-2.873892701417237,1.0,1.0,1.002,0.2235978532991763,-0.0089446297023432,2.0,1.0,-0.297,0.4487939393530175,2.889967725209833,0.0364866414402018,0.1277665995975855,-4.45345975459445,-2.98776031348391,-2.16757222222222,-2.37311291315659,330
-0.15632242316330688,0.32228355418724136,-0.1852737507973765,0.07195851510331863,0.17982436192156837,-0.1919240266534033,0.07045181888214926,-0.49589034018515465,0.08007887,-0.09842044,3,2,238.0,0.0,0.0,0.0,0.0,0.0,0.0,1.0,1.3333333333333333,1.3296666666666666,0.2391835650243924,0.0153299273145827,1.0,1.0,0.9665,0.1874239845910869,0.1787391302830784,2.0,0.5,-0.1083666666666667,0.3244002996984503,1.8753579057484848,0.0435185185185185,0.0402497085114652,1.44143448206567,-2.1037410799044,3.34505600888889,8.88554327495575,331
-0.1239558859220553,0.2324639610716511,-0.4856353804547076,-0.29667115239031533,-0.24199974915474093,-0.4540389699805117,0.0888085081532088,-0.23354972713218797,0.06507606,0.020801008,8,10,238.0,0.75,0.0,0.2,0.5,0.0,0.008130081300813,1.0,1.125,1.1529464285714284,0.1505048635986118,-0.1856845546597083,0.0,0.9,1.1135,0.124047369984212,-1.721116699428395,0.0,-0.7694444444444444,-0.0463319444444444,0.1612381690020471,-4.484747652963109,0.0681347279378319,0.0785112659317768,1.87086073041783,3.22624405507604,1.67291846666667,2.63307015764285,332
-0.3934218762148078,-1.942456361886978,2.9792750889813013,1.1950136781573995,-0.3011860214518369,-0.3104757666334475,0.08539609046415789,-0.3598009024605617,0.09728403,0.00267437,2,6,280.0,0.0,0.0,0.1666666666666666,0.0,0.0,0.0035087719298245,2.0,2.0,1.6495,0.3569310157439389,0.9819824687116784,0.0,1.3333333333333333,1.2891666666666666,0.1542702354816234,0.2862941547264819,2.0,-0.541666666666667,0.003875,0.3204606899752986,-1.7023668853384726,0.0,0.0308243727598566,0.144971209706864,-4.89894413427848,-4.89888756666667,-1.79491285230138,333
-0.10553401740647815,0.2640751572261307,-0.3286940827677797,-0.294371875010497,0.1342749207027766,-0.4161038363060825,-0.003761085861173043,-0.22427450222931963,0.114251636,0.12668216,1,10,238.0,0.0,0.0,0.0,0.0,0.0,0.0,2.0,2.0,1.642,0.4876843241278111,0.7340814176060667,1.0,1.0,1.0089,0.0938658084714556,-0.094816207785675,2.0,0.0,0.0,0.4946986031104712,5.92288469320235,0.0,0.0565339519446635,-2.02965015036271,-0.544584328323841,0.732939444444443,-3.45717027544668,334
-0.21864743529553257,0.21498454431933633,-0.4301276455082765,-0.20968225321390968,-0.2007324629548672,-0.3584885190441291,0.10675214109056994,-0.41189168748257265,0.073197186,-0.05751042,8,2,280.0,0.0,0.125,0.0,0.0,0.0034843205574912,0.0,0.0,0.875,1.1356428571428572,0.1401106341285998,-1.8602646313314624,2.0,2.0,1.639,0.3566216482492334,1.0122773022116331,3.0,1.875,0.0590624999999999,0.3165777390211605,5.736150323186875,0.1010456977291804,0.0,4.96416943509446,-6.56431351691991,-7.45777594444444,0.666853855042537,335
-0.13551112763207185,0.16698177980334328,-0.4767004439630483,-0.45282094400100875,0.00196427908655,-0.13515334565373371,0.03629430579103768,-0.6733385503273589,0.045374162,-0.11343424,2,1,238.0,0.0,1.0,0.0,0.0,0.0084033613445378,0.0,0.0,0.0,0.9145,0.1947812876022745,-4.69500952199949,2.0,2.0,1.778,0.4297859932571093,0.5165361446928163,3.0,0.0,0.0,0.4946986031104712,5.92288469320235,0.0632462686567164,0.0,-1.57453960702524,-6.3796977103751,-7.10827762222222,-2.78843373297884,336
0.19048609853627016,0.10823699835256903,-0.4091117980317365,0.6709192564360943,-0.03359470807415822,-0.4025153758896779,0.07641649113115159,-0.20721760046500257,0.0069303885,-0.016213939,4,2,238.0,0.0,0.0,0.0,0.0,0.0,0.0,1.0,1.0,0.95775,0.1314436666408846,0.3214304734470823,1.0,1.5,1.6695,0.3232951437927888,-0.5242887289041326,2.0,-0.4166666666666665,0.0539583333333333,0.3801314990858061,-1.2380584117123292,0.0550092290231879,0.0625,8.26497539093877,-5.19847045922755,6.41,6.65133580918164,337
0.19048609853627016,0.10823699835256903,-0.4091117980317365,0.6709192564360943,-0.03359470807415822,-0.21714723565463467,0.018469794394081415,-0.5007702613398466,0.04253316,-0.08140227,4,2,238.0,0.0,0.0,1.0,0.0,0.0,0.0084033613445378,1.0,1.0,0.95775,0.1314436666408846,0.3214304734470823,0.0,0.0,0.9145,0.1947812876022745,-4.69500952199949,1.0,0.25,0.2687916666666667,0.3701482412306063,-0.0507679480096713,0.0550092290231879,0.0632462686567164,-2.81475308965787,-6.91218788026249,-2.29938835777778,2.5244513928219,338
-0.07758596872693474,0.21553428160085059,-0.6093053147419236,-0.3938537915570047,-0.1761544972391733,-0.4025153758896779,0.07641649113115159,-0.20721760046500257,0.0069303885,-0.016213939,8,2,238.0,0.0,0.0,0.0,0.0,0.0,0.0,1.0,1.125,1.152875,0.1476519873723344,-0.1887885188413186,1.0,1.5,1.6695,0.3232951437927888,-0.5242887289041326,2.0,0.1749999999999998,0.0189749999999999,0.2928661372965471,0.5327519304221018,0.0535567527472243,0.0625,4.86794133097184,-13.6084704592276,-2.0,0.690803023349916,339
0.19048609853627016,0.10823699835256903,-0.4091117980317365,0.6709192564360943,-0.03359470807415822,-0.126869867446033,0.02268589695198233,-0.5630640588246547,0.07517242,-0.096907705,4,1,238.0,0.0,0.0,0.0,0.0,0.0,0.0,1.0,1.0,0.95775,0.1314436666408846,0.3214304734470823,1.0,1.0,1.281,0.4960231849419944,-0.5665057774121193,2.0,0.0,0.0,0.4946986031104712,5.92288469320235,0.0550092290231879,0.0714285714285714,-3.05508892382942,-14.2459954299912,2.00058211555556,2.89020681284183,340
-0.08901436886646047,0.2858642565730403,-0.6122620779867067,-0.2968613442542693,-0.11631566521206387,1.0344340815102784,-0.2303359327445566,2.5590160008460003,1.9664875,0.55667,1,3,280.0,0.0,0.0,0.0,0.0,0.0,0.0,1.0,1.0,1.886,0.4062068438615972,-2.1811547820742225,1.0,1.0,1.030333333333333,0.1821839729504217,-0.1664983633965859,2.0,0.0,0.0,0.4952816079376104,5.915228243436404,0.3333333333333333,0.0537683377052365,-9.53039493477966,-35.4859397674414,-2.31692007777778,-3.11998973376109,341
-0.24451689434087334,0.41316554856154575,-0.19690941248178004,-0.051308406241243915,0.15391935107995328,3.5502952341098335,-2.507642239601731,1.8390956159893006,0.5281734,-1.6189758,2,4,1834.0,0.0,1.0,0.75,0.0,0.0010905125408942,0.0016348773841961,0.0,0.0,0.748,0.3057711562590559,-2.4462739035014747,0.0,0.25,0.764,0.2157637597002795,-2.382235092278725,2.0,0.75,0.109625,0.2823353717704846,2.268135926378265,0.3138359891177613,0.2641156411462355,1.55869781655068,-13.9805415335175,-9.61444321111111,-1.86221495994319,342
-0.1901491090026142,0.2931052731210329,-0.3596824681527892,0.024193663446204095,0.16363435359895562,-0.12403040309715926,0.03716281286667653,-0.6197941869180761,0.072871216,-0.10912621,1,2,280.0,0.0,0.0,0.5,0.0,0.0,0.0035587188612099,1.0,1.0,1.213,0.4665093782551429,-0.4565824609928984,0.0,0.5,0.9655,0.1804432043608182,-2.579759108407186,2.0,0.0,0.0,0.4952816079376104,5.915228243436404,0.0714285714285714,0.0965798678585309,-2.30093417531934,-1.00800945135026,-1.09034751111111,-1.98364526047736,343
0.19048609853627016,0.10823699835256903,-0.4091117980317365,0.6709192564360943,-0.03359470807415822,0.6187276001820594,2.4246001833736806,2.8707056970834683,0.86354136,-1.2017273,4,3,238.0,0.0,0.0,0.0,0.0,0.0,0.0,1.0,1.0,0.95775,0.1314436666408846,0.3214304734470823,1.0,1.0,1.0443333333333336,0.1761662724688115,-0.2516561922554292,2.0,0.75,0.048267857142857,0.2650440321283178,2.6476058986206787,0.0550092290231879,0.0512423491693383,0.812319452491948,-20.1845863461935,1.80308022222222,6.40207923236792,344
-0.07758596872693474,0.21553428160085059,-0.6093053147419236,-0.3938537915570047,-0.1761544972391733,-0.126869867446033,0.02268589695198233,-0.5630640588246547,0.07517242,-0.096907705,8,1,238.0,0.0,0.0,0.0,0.0,0.0,0.0,1.0,1.125,1.152875,0.1476519873723344,-0.1887885188413186,1.0,1.0,1.281,0.4960231849419944,-0.5665057774121193,2.0,0.0,0.0,0.4946986031104712,5.92288469320235,0.0535567527472243,0.0714285714285714,-0.288577927831208,-4.6635157603053,-3.76608380666667,-0.584616599099178,345
-0.1239558859220553,0.2324639610716511,-0.4856353804547076,-0.29667115239031533,-0.24199974915474093,-0.11517605966135847,0.09192702375007683,-0.5994968734055475,0.08285704,-0.11144397,8,2,238.0,0.0,0.0,0.0,0.0,0.0,0.0,1.0,1.125,1.1529464285714284,0.1505048635986118,-0.1856845546597083,2.0,2.0,1.628,0.3414908490721237,1.089341049725853,3.0,1.875,0.0590624999999999,0.3165777390211605,5.736150323186875,0.0681347279378319,0.0,0.0432609402671288,-5.82223587739773,-5.47383178888889,-2.54207646342677,346
-0.1774127871309326,0.26942209205433276,-0.07192539659934374,0.06523838265322096,0.3685142023162129,-0.3104757666334475,0.08539609046415789,-0.3598009024605617,0.09728403,0.00267437,3,6,280.0,0.0,0.0,0.1666666666666666,0.0,0.0,0.0035087719298245,1.0,1.6666666666666667,1.304,0.2390388160018275,1.517187345271548,0.0,1.3333333333333333,1.2891666666666666,0.1542702354816234,0.2862941547264819,1.0,-0.3888888888888893,-0.0724166666666666,0.253704879525526,-1.2474029778776146,0.0308641975308641,0.0308243727598566,-6.0517862830032,-40.2341624487422,-6.079107,-5.86212611860593,347
-0.056505402534588856,0.14995875503417463,-0.6434050957320679,-0.2509302721025314,-0.06661239735328474,-0.23651819955057113,0.15206763627700973,-0.3104208269392072,0.13033125,-0.043852016,2,3,238.0,0.0,0.0,0.0,0.0,0.0,0.0,1.0,1.0,0.9295,0.1740107755284137,0.405147323698286,1.0,1.3333333333333333,1.3296666666666666,0.2391835650243924,0.0153299273145827,1.0,0.3,-0.3067666666666667,0.3686548988477495,1.6458934048161251,0.0268294920307304,0.0435185185185185,3.12191223161676,-8.36406022191303,-3.35293933333333,5.57699052653368,348
-0.3771956823689706,-0.9045372889744421,0.6703042817384331,0.9098113549999784,1.0531287784189003,-0.2484637761438005,0.05585921332255339,-0.2677719649556255,0.078204274,-0.010806085,2,10,280.0,0.0,1.0,0.3,0.0,0.0071428571428571,0.0104529616724738,0.0,0.0,0.446,0.1551902058765307,-2.873892701417237,0.0,0.7,1.0881999999999998,0.1214115315775235,-3.197389860386754,2.0,0.8,-0.1156999999999999,0.3148626843562127,2.908251899942655,0.0364866414402018,0.1008023624320745,-5.37260223310722,-0.913500560478029,2.83327244444445,1.29850481060887,349
-0.11895423929792552,0.22937068300216507,-0.4469031017145343,-0.02765315867683386,0.09919654091758759,-0.4025153758896779,0.07641649113115159,-0.20721760046500257,0.0069303885,-0.016213939,1,2,238.0,0.0,0.0,0.0,0.0,0.0,0.0,2.0,2.0,1.769,0.4512637809530032,0.5118957242971325,1.0,1.5,1.6695,0.3232951437927888,-0.5242887289041326,3.0,0.0,0.0,0.4946986031104712,5.92288469320235,0.0,0.0625,3.94310904475009,-10.504026014783,1.10444444444445,3.68772897244756,350
-0.1774127871309326,0.26942209205433276,-0.07192539659934374,0.06523838265322096,0.3685142023162129,-0.12403040309715926,0.03716281286667653,-0.6197941869180761,0.072871216,-0.10912621,3,2,280.0,0.0,0.0,0.5,0.0,0.0,0.0035587188612099,1.0,1.6666666666666667,1.304,0.2390388160018275,1.517187345271548,0.0,0.5,0.9655,0.1804432043608182,-2.579759108407186,2.0,0.5,-0.1083666666666667,0.3244002996984503,1.8753579057484848,0.0308641975308641,0.0965798678585309,-1.76078822749981,-2.89672317685014,-1.73352137777778,-2.19032054154193,351
-0.1524302868712236,0.19729116078181377,-0.3224861829506336,-0.3918141840495187,0.2136312188654788,-0.12479391737832377,0.007480350380626419,-0.5766365445680574,0.07715105,-0.09481016,1,8,280.0,0.0,0.0,0.125,0.0,0.0,0.0034843205574912,2.0,2.0,1.765,0.4536242938820627,0.5180498557272982,0.0,0.875,1.118625,0.1356926098761461,-1.7954183372430492,3.0,0.0,0.0,0.4952816079376104,5.915228243436404,0.0,0.0985889310896961,4.97036911938893,-6.0919805643739,-7.32466615555556,1.91172132215936,352
-0.34926118345225593,0.14113933279149407,-0.05338295418099107,-0.024151219601916674,0.9875744951047315,-0.20639172215776463,0.07480062598913675,-0.5066062404985098,0.06865776,-0.13290855,10,8,238.0,0.25,0.0,0.0,0.125,0.0,0.0,1.0,1.0,1.0089,0.0938658084714556,-0.094816207785675,1.0,1.125,1.1529464285714284,0.1505048635986118,-0.1856845546597083,0.0,-0.3416666666666667,0.0386180555555555,0.168306842519286,-2.25947273759025,0.0565339519446635,0.0681347279378319,3.28924864147652,2.63469423101345,3.22616804444444,12.0865093339314,353
0.19048609853627016,0.10823699835256903,-0.4091117980317365,0.6709192564360943,-0.03359470807415822,-0.23651819955057113,0.15206763627700973,-0.3104208269392072,0.13033125,-0.043852016,4,3,238.0,0.0,0.0,0.0,0.0,0.0,0.0,1.0,1.0,0.95775,0.1314436666408846,0.3214304734470823,1.0,1.3333333333333333,1.3296666666666666,0.2391835650243924,0.0153299273145827,2.0,0.25,-0.0576130952380953,0.2972389214731005,1.0349018012633775,0.0550092290231879,0.0435185185185185,-10.4833122720925,-4.69396802167051,2.48544816666667,3.23275424081237,354
-0.04085555658391821,0.2160351253361784,-0.6485797542249851,-0.262390652848623,-0.22355457549558808,-0.19924935858616916,0.0800136752584948,-0.5291726815854753,0.045379117,-0.13777393,4,10,280.0,0.0,0.0,0.1,0.0,0.0,0.0034602076124567,1.0,1.5,1.60925,0.1989255688553999,-0.5492003900183113,0.0,0.9,0.9991,0.0900510410822662,-1.1004869994725222,1.0,0.1285714285714285,-0.0301931670751044,0.2151074311734525,0.738071180435011,0.053030303030303,0.1039300632650164,-0.528303125986972,0.321536832035041,0.472020911111111,1.7808412211743,355
0.19048609853627016,0.10823699835256903,-0.4091117980317365,0.6709192564360943,-0.03359470807415822,-0.20639172215776463,0.07480062598913675,-0.5066062404985098,0.06865776,-0.13290855,4,8,238.0,0.0,0.0,0.0,0.0,0.0,0.0,1.0,1.0,0.95775,0.1314436666408846,0.3214304734470823,1.0,1.125,1.1529464285714284,0.1505048635986118,-0.1856845546597083,2.0,0.625,0.0989375,0.2141865253033621,2.4560952153965507,0.0550092290231879,0.0681347279378319,1.57174104434395,-1.52919796702604,-0.888275844444444,5.27067425460825,356
-0.3934218762148078,-1.942456361886978,2.9792750889813013,1.1950136781573995,-0.3011860214518369,-0.25614891779950816,0.10659373691076436,-0.23638575871169465,0.12920694,-0.0040153572,2,3,280.0,0.0,0.0,0.0,0.0,0.0,0.0,2.0,2.0,1.6495,0.3569310157439389,0.9819824687116784,1.0,1.6666666666666667,1.304,0.2390388160018275,1.517187345271548,2.0,-0.7999999999999998,-0.1305666666666667,0.3854926299915184,-1.7365658413445202,0.0,0.0308641975308641,1.18565335953929,-6.89100012894238,-6.88111038888889,-2.52368418753684,357
-0.04085555658391821,0.2160351253361784,-0.6485797542249851,-0.262390652848623,-0.22355457549558808,-0.29452975188354114,0.05976401507631464,-0.4703505844460725,0.083211415,-0.1241961,4,8,280.0,0.0,0.0,0.125,0.0,0.0,0.0034843205574912,1.0,1.5,1.60925,0.1989255688553999,-0.5492003900183113,0.0,0.875,1.1356428571428572,0.1401106341285998,-1.8602646313314624,2.0,0.375,-0.0512108980827447,0.2256412197779175,1.888887582252185,0.053030303030303,0.1010456977291804,0.0129575111808606,0.773510376421543,0.839928355555556,1.52197420070011,358
-0.035470575613250184,0.18871161388201763,-0.6589271427083319,-0.2714868327696962,-0.12935260268242763,1.0344340815102784,-0.2303359327445566,2.5590160008460003,1.9664875,0.55667,2,3,280.0,0.0,0.5,0.0,0.0,0.0035587188612099,0.0,0.0,0.5,0.9655,0.1804432043608182,-2.579759108407186,1.0,1.0,1.030333333333333,0.1821839729504217,-0.1664983633965859,2.0,1.0,-0.023,0.287444487394233,3.5589480573233097,0.0965798678585309,0.0537683377052365,-7.51978249050867,-6.76986570834366,-1.18130522222222,-4.10817496192529,359
-0.2631857483037943,0.20744644315804986,-0.31436334724140086,-0.042796812274355354,0.11583487203184957,-0.11517605966135847,0.09192702375007683,-0.5994968734055475,0.08285704,-0.11144397,6,2,238.0,0.0,0.1666666666666666,0.0,0.0,0.0041152263374485,0.0,0.0,1.1666666666666667,1.3111666666666668,0.1541383757825704,-0.9374693308292912,2.0,2.0,1.628,0.3414908490721237,1.089341049725853,2.0,1.2083333333333333,0.013125,0.3324565943890687,3.5950808421462668,0.0361324458098651,0.0,-3.13213737767975,0.589740085672188,-1.96814822222222,-6.62523469618043,360
-0.3771956823689706,-0.9045372889744421,0.6703042817384331,0.9098113549999784,1.0531287784189003,-0.12479391737832377,0.007480350380626419,-0.5766365445680574,0.07715105,-0.09481016,2,8,280.0,0.0,1.0,0.125,0.0,0.0071428571428571,0.0034843205574912,0.0,0.0,0.446,0.1551902058765307,-2.873892701417237,0.0,0.875,1.118625,0.1356926098761461,-1.7954183372430492,1.0,0.7749999999999999,-0.2322249999999999,0.3111505654421987,3.237098407867455,0.0364866414402018,0.0985889310896961,-3.51144758456759,0.319239999748079,0.597759777777778,2.1860044092956,361
-0.1901491090026142,0.2931052731210329,-0.3596824681527892,0.024193663446204095,0.16363435359895562,-0.2484637761438005,0.05585921332255339,-0.2677719649556255,0.078204274,-0.010806085,1,10,280.0,0.0,0.0,0.3,0.0,0.0,0.0104529616724738,1.0,1.0,1.213,0.4665093782551429,-0.4565824609928984,0.0,0.7,1.0881999999999998,0.1214115315775235,-3.197389860386754,2.0,0.0,0.0,0.4952816079376104,5.915228243436404,0.0714285714285714,0.1008023624320745,2.60580515348085,-3.0807914724001,-3.03021865555556,1.4832117202276,362
-0.11628245057425714,0.23852390777491778,-0.520184804377084,-0.43581032594434976,-0.26504504972245063,-0.4572082059902782,-1.7961674461227322,1.7565486577079403,0.3182237,-0.1454041,10,2,280.0,0.0,0.1,0.0,0.0,0.0034602076124567,0.0,0.0,0.9,0.9991,0.0900510410822662,-1.1004869994725222,2.0,2.0,1.6495,0.3569310157439389,0.9819824687116784,2.0,0.0333333333333336,0.11025,0.3015822971337085,-0.2550437058066606,0.1039300632650164,0.0,1.18884994701056,-11.0299555565039,0.054319511111111,0.592594123883825,363
-0.04742056663927138,0.18770201157100216,-0.7409040438489211,-0.4358399425592427,-0.14975796592326604,0.08628800646205997,-0.03206521111272899,-0.45662378873921755,0.23054022,-0.08890957,1,4,238.0,0.0,0.0,0.0,0.0,0.0,0.0,2.0,2.0,1.778,0.4297859932571093,0.5165361446928163,1.0,1.0,0.95775,0.1314436666408846,0.3214304734470823,3.0,0.0,0.0,0.4946986031104712,5.92288469320235,0.0,0.0550092290231879,9.37261974113002,-6.51973769698339,-4.77666511111111,13.545857377032,364
-0.11895423929792552,0.22937068300216507,-0.4469031017145343,-0.02765315867683386,0.09919654091758759,5.3506132593081706,-5.053886335422629,2.155018978259821,0.7015022,-0.5263827,1,4,238.0,0.0,0.0,0.0,0.0,0.0,0.0,2.0,2.0,1.769,0.4512637809530032,0.5118957242971325,1.0,1.0,0.9565,0.1083178194019802,0.4015959722985777,3.0,0.0,0.0,0.4946986031104712,5.92288469320235,0.0,0.056572490351757,1.73302583710633,-74.9318443287433,-12.8588872666667,-5.55625970223356,365
-0.3771956823689706,-0.9045372889744421,0.6703042817384331,0.9098113549999784,1.0531287784189003,-0.1738684770605379,0.1207380549927549,-0.5893142450172808,0.06862594,-0.10637382,2,1,280.0,0.0,1.0,0.0,0.0,0.0071428571428571,0.0,0.0,0.0,0.446,0.1551902058765307,-2.873892701417237,1.0,1.0,1.886,0.4062068438615972,-2.1811547820742225,2.0,0.0,0.0,0.4952816079376104,5.915228243436404,0.0364866414402018,0.3333333333333333,-6.99939975989495,-5.5936195028202,-1.12001733333333,-3.28076829763557,366
-0.1524302868712236,0.19729116078181377,-0.3224861829506336,-0.3918141840495187,0.2136312188654788,1.3415066136999731,-0.021287453436044487,-0.1673950796843896,0.41812313,-0.42363846,1,4,280.0,0.0,0.0,0.25,0.0,0.0,0.0035335689045936,2.0,2.0,1.765,0.4536242938820627,0.5180498557272982,0.0,0.75,0.96475,0.1217371656479647,-1.7640463276515457,3.0,0.0,0.0,0.4952816079376104,5.915228243436404,0.0,0.0881410876891149,-6.15812595616902,-12.6889868584342,-3.51222068444445,1.79309730978855,367
-0.11628245057425714,0.23852390777491778,-0.520184804377084,-0.43581032594434976,-0.26504504972245063,1.0344340815102784,-0.2303359327445566,2.5590160008460003,1.9664875,0.55667,10,3,280.0,0.0,0.1,0.0,0.0,0.0034602076124567,0.0,0.0,0.9,0.9991,0.0900510410822662,-1.1004869994725222,1.0,1.0,1.030333333333333,0.1821839729504217,-0.1664983633965859,2.0,0.95,0.1572692307692307,0.1857933001872708,4.266734959935231,0.1039300632650164,0.0537683377052365,-9.27494619227983,-5.10790790325261,-3.14774377777778,-6.14487513318891,368
-0.1901491090026142,0.2931052731210329,-0.3596824681527892,0.024193663446204095,0.16363435359895562,-0.3584885190441291,0.10675214109056994,-0.41189168748257265,0.073197186,-0.05751042,1,2,280.0,0.0,0.0,0.0,0.0,0.0,0.0,1.0,1.0,1.213,0.4665093782551429,-0.4565824609928984,2.0,2.0,1.639,0.3566216482492334,1.0122773022116331,3.0,0.0,0.0,0.4952816079376104,5.915228243436404,0.0714285714285714,0.0,0.382606797053673,-0.879146367185666,-0.935789150733333,0.0502520068375038,369
-0.07758596872693474,0.21553428160085059,-0.6093053147419236,-0.3938537915570047,-0.1761544972391733,5.3506132593081706,-5.053886335422629,2.155018978259821,0.7015022,-0.5263827,8,4,238.0,0.0,0.0,0.0,0.0,0.0,0.0,1.0,1.125,1.152875,0.1476519873723344,-0.1887885188413186,1.0,1.0,0.9565,0.1083178194019802,0.4015959722985777,2.0,0.7083333333333335,0.1137083333333333,0.2200045730269663,2.7027847276934374,0.0535567527472243,0.056572490351757,-0.826105404514373,-43.7620682678007,-4.32687642222222,-3.61750648192912,370
6.114072236743935,-4.106858090089244,4.06284781270502,5.58728378394345,-3.4102018686282065,-0.19924935858616916,0.0800136752584948,-0.5291726815854753,0.045379117,-0.13777393,4,10,280.0,0.0,0.0,0.1,0.0,0.0,0.0034602076124567,1.0,1.0,0.9545,0.1137090585661494,0.400144021714248,0.0,0.9,0.9991,0.0900510410822662,-1.1004869994725222,1.0,0.5571428571428572,0.2360714285714285,0.206889007017023,1.5519018298783296,0.0710873277410883,0.1039300632650164,-4.19138450110258,-44.2216770921317,-4.29577277777778,-4.88790433614678,371
-0.0362908611412701,0.15420702138862555,-0.5928524047691552,-0.24590576407473588,-0.061543371914767206,-0.2667497795748179,0.15153846346286065,-0.4182074426931342,0.078725114,0.051823795,8,1,280.0,0.0,0.125,0.0,0.0,0.0034843205574912,0.0,0.0,0.875,1.118625,0.1356926098761461,-1.7954183372430492,2.0,2.0,1.751,0.4505541032994816,0.5526528294305441,3.0,0.0,0.0,0.4952816079376104,5.915228243436404,0.0985889310896961,0.0,0.330158900497658,-3.3129379041754,-4.1302448,-1.19757038571493,372
-0.13551112763207185,0.16698177980334328,-0.4767004439630483,-0.45282094400100875,0.00196427908655,-0.126869867446033,0.02268589695198233,-0.5630640588246547,0.07517242,-0.096907705,2,1,238.0,0.0,1.0,0.0,0.0,0.0084033613445378,0.0,0.0,0.0,0.9145,0.1947812876022745,-4.69500952199949,1.0,1.0,1.281,0.4960231849419944,-0.5665057774121193,3.0,0.0,0.0,0.4946986031104712,5.92288469320235,0.0632462686567164,0.0714285714285714,2.67199816283011,-0.678163833937516,-0.487716462222222,4.67273535794833,373
-0.05120618600510696,0.40926466867196687,0.22288492293656503,-0.20124815256933928,0.12475168368591064,-0.19924935858616916,0.0800136752584948,-0.5291726815854753,0.045379117,-0.13777393,1,10,280.0,0.0,0.0,0.1,0.0,0.0,0.0034602076124567,1.0,1.0,1.108,0.3692370512286111,-0.2924950235645027,0.0,0.9,0.9991,0.0900510410822662,-1.1004869994725222,2.0,0.0,0.0,0.4952816079376104,5.915228243436404,0.1481481481481481,0.1039300632650164,6.7496331297734,-2.56466097862826,2.89867088888889,8.18380725026671,374
-0.10841244221865005,0.2274086589002261,-0.4692292408596662,-0.22840584128649719,-0.07864378087225679,-0.4161038363060825,-0.003761085861173043,-0.22427450222931963,0.114251636,0.12668216,2,10,238.0,1.0,0.0,0.0,0.2,0.0,0.0,1.0,1.0,0.9665,0.1874239845910869,0.1787391302830784,1.0,1.0,1.0089,0.0938658084714556,-0.094816207785675,0.0,-0.2166666666666666,-0.3049166666666666,0.2109093901023217,0.4184261305633949,0.0402497085114652,0.0565339519446635,0.575643189378992,-14.8237599225031,-6.54104915555556,-4.54830094414567,375
-0.3771956823689706,-0.9045372889744421,0.6703042817384331,0.9098113549999784,1.0531287784189003,-0.3584885190441291,0.10675214109056994,-0.41189168748257265,0.073197186,-0.05751042,2,2,280.0,0.0,1.0,0.0,0.0,0.0071428571428571,0.0,0.0,0.0,0.446,0.1551902058765307,-2.873892701417237,2.0,2.0,1.639,0.3566216482492334,1.0122773022116331,2.0,1.0,-0.362,0.4489777277326794,3.03355804947842,0.0364866414402018,0.0,0.679389259952019,-2.4413371592514,-0.459016888888889,6.60572270179417,376
-0.15584378176103833,0.3619473281307043,-0.28186018184574013,-0.27889950986180795,0.04428732707071189,-0.1897121117196443,0.1554636982474213,-0.4476229656822046,0.06279729,-0.11505404,10,8,1834.0,0.25,0.8,0.875,0.125,0.0043572984749455,0.0038147138964577,0.0,0.2,0.7948000000000001,0.1257495924446676,-4.730035210744116,0.0,0.125,0.8386607142857142,0.1276476923198842,-5.590862641662848,0.0,-0.3416666666666667,0.0386180555555555,0.168306842519286,-2.25947273759025,0.3192039045085061,0.3987196835558385,-1.70542849844589,-4.59894744379007,4.26092133333333,3.81535689395576,377
6.114072236743935,-4.106858090089244,4.06284781270502,5.58728378394345,-3.4102018686282065,1.0344340815102784,-0.2303359327445566,2.5590160008460003,1.9664875,0.55667,4,3,280.0,0.0,0.0,0.0,0.0,0.0,0.0,1.0,1.0,0.9545,0.1137090585661494,0.400144021714248,1.0,1.0,1.030333333333333,0.1821839729504217,-0.1664983633965859,2.0,0.75,0.0247857142857142,0.2469220318155477,2.937017326408626,0.0710873277410883,0.0537683377052365,-5.73676471160525,-3.90314588035631,0.975342000000001,-2.9304810170543,378
-0.0362908611412701,0.15420702138862555,-0.5928524047691552,-0.24590576407473588,-0.061543371914767206,-0.3584885190441291,0.10675214109056994,-0.41189168748257265,0.073197186,-0.05751042,8,2,280.0,0.0,0.125,0.0,0.0,0.0034843205574912,0.0,0.0,0.875,1.118625,0.1356926098761461,-1.7954183372430492,2.0,2.0,1.639,0.3566216482492334,1.0122773022116331,3.0,1.875,0.0365749999999999,0.3224444050917925,5.701525506316794,0.0985889310896961,0.0,5.35451850510998,-2.19098021879947,-3.08444272222222,4.08132108297032,379
-0.16915621533329026,0.21044537937153807,-0.11997796016742229,-0.23961052096596552,0.33634932244567833,-0.3104757666334475,0.08539609046415789,-0.3598009024605617,0.09728403,0.00267437,10,6,280.0,0.0,0.3,0.1666666666666666,0.0,0.0104529616724738,0.0035087719298245,0.0,0.7,1.0881999999999998,0.1214115315775235,-3.197389860386754,0.0,1.3333333333333333,1.2891666666666666,0.1542702354816234,0.2862941547264819,2.0,0.1958333333333333,-0.0412625,0.1604662039855364,1.47754372848942,0.1008023624320745,0.0308243727598566,0.691992508650779,-5.51006568137475,-5.50999870982222,-1.10475126845694,380
-0.22146283298011935,0.3204796188178283,-0.15944924106093927,0.14272345654986318,0.4965197174089951,-0.3584885190441291,0.10675214109056994,-0.41189168748257265,0.073197186,-0.05751042,2,2,280.0,0.0,1.0,0.0,0.0,0.0071428571428571,0.0,0.0,0.0,0.9295,0.1810517881712302,-5.133890194560923,2.0,2.0,1.639,0.3566216482492334,1.0122773022116331,2.0,1.5,-0.0675,0.4642938186105863,3.3760949148338706,0.0832950631458094,0.0,0.571898035855152,-1.74707455834047,-2.04256991311111,-0.297525571997336,381
-0.056505402534588856,0.14995875503417463,-0.6434050957320679,-0.2509302721025314,-0.06661239735328474,-0.4025153758896779,0.07641649113115159,-0.20721760046500257,0.0069303885,-0.016213939,2,2,238.0,0.0,0.0,0.0,0.0,0.0,0.0,1.0,1.0,0.9295,0.1740107755284137,0.405147323698286,1.0,1.5,1.6695,0.3232951437927888,-0.5242887289041326,2.0,-0.5,-0.38,0.4324060591619872,-0.2775169252543841,0.0268294920307304,0.0625,2.09553151913924,-4.62075336367731,-4.62066533333333,2.79494981698862,382
-0.23327437118869437,0.24430211737257507,-0.4426498314015507,-0.26199018600748797,-0.0614206942853315,-0.1919240266534033,0.07045181888214926,-0.49589034018515465,0.08007887,-0.09842044,4,2,238.0,0.0,0.0,0.0,0.0,0.0,0.0,1.0,1.5,1.6245,0.1947213821506684,-0.639375083644725,1.0,1.0,0.9665,0.1874239845910869,0.1787391302830784,2.0,0.4166666666666665,-0.0444836865119408,0.28567518120686,1.6142471713168671,0.1003787878787878,0.0402497085114652,3.46163196229508,4.0710223175188,3.09731913333333,7.69257156870738,383
-0.04085555658391821,0.2160351253361784,-0.6485797542249851,-0.262390652848623,-0.22355457549558808,-0.4572082059902782,-1.7961674461227322,1.7565486577079403,0.3182237,-0.1454041,4,2,280.0,0.0,0.0,0.0,0.0,0.0,0.0,1.0,1.5,1.60925,0.1989255688553999,-0.5492003900183113,2.0,2.0,1.6495,0.3569310157439389,0.9819824687116784,3.0,-0.0833333333333334,-0.1006559031281534,0.3493530953972973,0.0495847039085774,0.053030303030303,0.0,5.45114205622441,-18.4231370174066,-1.31888911111111,5.1160574074359,384
-0.04085555658391821,0.2160351253361784,-0.6485797542249851,-0.262390652848623,-0.22355457549558808,-0.3584885190441291,0.10675214109056994,-0.41189168748257265,0.073197186,-0.05751042,4,2,280.0,0.0,0.0,0.0,0.0,0.0,0.0,1.0,1.5,1.60925,0.1989255688553999,-0.5492003900183113,2.0,2.0,1.639,0.3566216482492334,1.0122773022116331,3.0,1.4166666666666663,-0.0735788765556677,0.3629995986620488,4.105364162150898,0.053030303030303,0.0,2.05700636942043,-3.30650361861019,-4.39973402222222,-0.422560391334256,385
-0.11628245057425714,0.23852390777491778,-0.520184804377084,-0.43581032594434976,-0.26504504972245063,-0.2667497795748179,0.15153846346286065,-0.4182074426931342,0.078725114,0.051823795,10,1,280.0,0.0,0.1,0.0,0.0,0.0034602076124567,0.0,0.0,0.9,0.9991,0.0900510410822662,-1.1004869994725222,2.0,2.0,1.751,0.4505541032994816,0.5526528294305441,3.0,0.0,0.0,0.4952816079376104,5.915228243436404,0.1039300632650164,0.0,0.5032847673267,-1.96623290027576,-3.31302166666667,-0.922006894123815,386
-0.07758596872693474,0.21553428160085059,-0.6093053147419236,-0.3938537915570047,-0.1761544972391733,0.08628800646205997,-0.03206521111272899,-0.45662378873921755,0.23054022,-0.08890957,8,4,238.0,0.0,0.0,0.0,0.0,0.0,0.0,1.0,1.125,1.152875,0.1476519873723344,-0.1887885188413186,1.0,1.0,0.95775,0.1314436666408846,0.3214304734470823,2.0,0.7083333333333335,0.126,0.2204336949944107,2.6417618837632744,0.0535567527472243,0.0550092290231879,7.24361007817876,-6.06679305242384,-0.171109,11.8491915424762,387
-0.23327437118869437,0.24430211737257507,-0.4426498314015507,-0.26199018600748797,-0.0614206942853315,-0.21714723565463467,0.018469794394081415,-0.5007702613398466,0.04253316,-0.08140227,4,2,238.0,0.0,0.0,1.0,0.0,0.0,0.0084033613445378,1.0,1.5,1.6245,0.1947213821506684,-0.639375083644725,0.0,0.0,0.9145,0.1947812876022745,-4.69500952199949,2.0,0.5833333333333335,0.0683652875882946,0.3464409916258001,1.4864524065941631,0.1003787878787878,0.0632462686567164,-0.883056135460842,-4.17197158725977,-4.11816313333333,-1.4939954292908,388
-0.04085555658391821,0.2160351253361784,-0.6485797542249851,-0.262390652848623,-0.22355457549558808,-0.12403040309715926,0.03716281286667653,-0.6197941869180761,0.072871216,-0.10912621,4,2,280.0,0.0,0.0,0.5,0.0,0.0,0.0035587188612099,1.0,1.5,1.60925,0.1989255688553999,-0.5492003900183113,0.0,0.5,0.9655,0.1804432043608182,-2.579759108407186,2.0,0.4166666666666665,-0.0444836865119408,0.28567518120686,1.6142471713168671,0.053030303030303,0.0965798678585309,0.0069283313162014,-0.507098049816235,-1.67782220888889,-1.06017268750837,389
-0.23327437118869437,0.24430211737257507,-0.4426498314015507,-0.26199018600748797,-0.0614206942853315,-0.126869867446033,0.02268589695198233,-0.5630640588246547,0.07517242,-0.096907705,4,1,238.0,0.0,0.0,0.0,0.0,0.0,0.0,1.0,1.5,1.6245,0.1947213821506684,-0.639375083644725,1.0,1.0,1.281,0.4960231849419944,-0.5665057774121193,2.0,0.0,0.0,0.4946986031104712,5.92288469320235,0.1003787878787878,0.0714285714285714,1.4993810554,-4.48721484244412,-7.02860717333333,-4.56160972049384,390
-0.34926118345225593,0.14113933279149407,-0.05338295418099107,-0.024151219601916674,0.9875744951047315,-0.2678325682475351,0.17925756675775284,-0.36879808902496625,0.04953243,0.010057061,10,1,238.0,0.0,0.0,0.0,0.0,0.0,0.0,1.0,1.0,1.0089,0.0938658084714556,-0.094816207785675,1.0,1.0,0.934,0.2482820976228451,0.265826656983774,2.0,0.0,0.0,0.4946986031104712,5.92288469320235,0.0565339519446635,0.0546218487394958,-0.416731198571834,-0.184997122973768,0.226671444444443,-1.40686324422916,391
-0.11895423929792552,0.22937068300216507,-0.4469031017145343,-0.02765315867683386,0.09919654091758759,-0.21714723565463467,0.018469794394081415,-0.5007702613398466,0.04253316,-0.08140227,1,2,238.0,0.0,0.0,1.0,0.0,0.0,0.0084033613445378,2.0,2.0,1.769,0.4512637809530032,0.5118957242971325,0.0,0.0,0.9145,0.1947812876022745,-4.69500952199949,3.0,0.0,0.0,0.4946986031104712,5.92288469320235,0.0,0.0632462686567164,2.55391388173115,-11.1348257643435,-10.3377770222222,0.569731217084453,392
-0.1524302868712236,0.19729116078181377,-0.3224861829506336,-0.3918141840495187,0.2136312188654788,-0.1290426942256263,0.06066777394919346,-0.6130356449192859,0.07439305,-0.12901436,1,4,280.0,0.0,0.0,0.0,0.0,0.0,0.0,2.0,2.0,1.765,0.4536242938820627,0.5180498557272982,1.0,1.5,1.60925,0.1989255688553999,-0.5492003900183113,3.0,0.0,0.0,0.4952816079376104,5.915228243436404,0.0,0.053030303030303,3.99005887704668,-3.20098882983593,-3.56999845555556,2.7903840748044,393
6.114072236743935,-4.106858090089244,4.06284781270502,5.58728378394345,-3.4102018686282065,-0.29715029834682977,0.15051580679401794,-0.2935531859945593,0.14217056,0.023009479,4,2,280.0,0.0,0.0,1.0,0.0,0.0,0.0071428571428571,1.0,1.0,0.9545,0.1137090585661494,0.400144021714248,0.0,0.0,0.9295,0.1810517881712302,-5.133890194560923,1.0,0.25,0.1935,0.3742660966626701,0.1509621109253826,0.0710873277410883,0.0832950631458094,-3.06168614269806,-12.369795097186,-1.05012838888889,-2.89139351569048,394
-0.11895423929792552,0.22937068300216507,-0.4469031017145343,-0.02765315867683386,0.09919654091758759,-0.4540389699805117,0.0888085081532088,-0.23354972713218797,0.06507606,0.020801008,1,10,238.0,0.0,0.0,0.2,0.0,0.0,0.008130081300813,2.0,2.0,1.769,0.4512637809530032,0.5118957242971325,0.0,0.9,1.1135,0.124047369984212,-1.721116699428395,3.0,0.0,0.0,0.4946986031104712,5.92288469320235,0.0,0.0785112659317768,-0.699669240401477,3.25633147002519,-3.60763446666667,-3.49193062265499,395
-0.16915621533329026,0.21044537937153807,-0.11997796016742229,-0.23961052096596552,0.33634932244567833,1.0344340815102784,-0.2303359327445566,2.5590160008460003,1.9664875,0.55667,10,3,280.0,0.0,0.3,0.0,0.0,0.0104529616724738,0.0,0.0,0.7,1.0881999999999998,0.1214115315775235,-3.197389860386754,1.0,1.0,1.030333333333333,0.1821839729504217,-0.1664983633965859,2.0,0.8769230769230771,0.0371653846153846,0.199194560280063,4.215766189232338,0.1008023624320745,0.0537683377052365,-7.26962620754983,-33.8746454520367,-0.987429718888888,-3.94378521112383,396
-0.0362908611412701,0.15420702138862555,-0.5928524047691552,-0.24590576407473588,-0.061543371914767206,-0.1738684770605379,0.1207380549927549,-0.5893142450172808,0.06862594,-0.10637382,8,1,280.0,0.0,0.125,0.0,0.0,0.0034843205574912,0.0,0.0,0.875,1.118625,0.1356926098761461,-1.7954183372430492,1.0,1.0,1.886,0.4062068438615972,-2.1811547820742225,2.0,0.0,0.0,0.4952816079376104,5.915228243436404,0.0985889310896961,0.3333333333333333,2.08091286046016,-1.30760381735615,-3.10440863333333,-0.327882400056939,397
-0.04085555658391821,0.2160351253361784,-0.6485797542249851,-0.262390652848623,-0.22355457549558808,-0.1738684770605379,0.1207380549927549,-0.5893142450172808,0.06862594,-0.10637382,4,1,280.0,0.0,0.0,0.0,0.0,0.0,0.0,1.0,1.5,1.60925,0.1989255688553999,-0.5492003900183113,1.0,1.0,1.886,0.4062068438615972,-2.1811547820742225,3.0,0.0,0.0,0.4952816079376104,5.915228243436404,0.053030303030303,0.3333333333333333,0.47346599835609,-2.23727632086868,-1.11799576666667,1.26006362280859,398
5.846241237933661,-5.7294151691674235,3.589336727508081,3.4859141284555544,-2.1057246899351267,0.08628800646205997,-0.03206521111272899,-0.45662378873921755,0.23054022,-0.08890957,4,4,238.0,0.75,0.0,0.0,0.6,0.0,0.0,1.0,1.0,0.9565,0.1083178194019802,0.4015959722985777,1.0,1.0,0.95775,0.1314436666408846,0.3214304734470823,0.0,-1.25,-0.667125,0.3268560223936527,-1.7832775291440337,0.056572490351757,0.0550092290231879,0.50445463762606,-8.87650086146854,1.65209406666667,2.78432947085554,399
-0.18254686261789152,-0.05482621734159629,0.07270794498937094,-2.5214951118417215,-0.3820924864552169,-0.4161038363060825,-0.003761085861173043,-0.22427450222931963,0.114251636,0.12668216,1,10,238.0,0.0,0.0,0.0,0.0,0.0,0.0,1.0,1.0,1.129,0.4103157320893265,-0.3143920398643561,1.0,1.0,1.0089,0.0938658084714556,-0.094816207785675,2.0,0.0,0.0,0.4946986031104712,5.92288469320235,0.074074074074074,0.0565339519446635,-1.85337951688314,4.48171047392536,6.29513666666667,1.2763582524711,400
-0.34926118345225593,0.14113933279149407,-0.05338295418099107,-0.024151219601916674,0.9875744951047315,-0.21714723565463467,0.018469794394081415,-0.5007702613398466,0.04253316,-0.08140227,10,2,238.0,0.0,0.0,1.0,0.0,0.0,0.0084033613445378,1.0,1.0,1.0089,0.0938658084714556,-0.094816207785675,0.0,0.0,0.9145,0.1947812876022745,-4.69500952199949,1.0,0.1166666666666667,0.0378333333333333,0.2122217786499145,0.3714667450006556,0.0565339519446635,0.0632462686567164,4.21040098241906,6.38508028472565,5.46239333333333,6.47529681419819,401
-0.08901436886646047,0.2858642565730403,-0.6122620779867067,-0.2968613442542693,-0.11631566521206387,-0.29548229624834477,0.1759867844632078,-0.1454306818553159,-0.027028926,-0.03252709,1,1,280.0,0.0,0.0,0.0,0.0,0.0,0.0,1.0,1.0,1.886,0.4062068438615972,-2.1811547820742225,1.0,1.0,0.953,0.2116388433156824,0.222076435798198,2.0,0.0,0.0,0.4952816079376104,5.915228243436404,0.3333333333333333,0.0336134453781512,-1.1771440171584,-11.8426541726278,-2.9055671,-2.66865837732543,402
-0.11628245057425714,0.23852390777491778,-0.520184804377084,-0.43581032594434976,-0.26504504972245063,-0.25614891779950816,0.10659373691076436,-0.23638575871169465,0.12920694,-0.0040153572,10,3,280.0,0.0,0.1,0.0,0.0,0.0034602076124567,0.0,0.0,0.9,0.9991,0.0900510410822662,-1.1004869994725222,1.0,1.6666666666666667,1.304,0.2390388160018275,1.517187345271548,2.0,0.526923076923077,0.0204102564102564,0.224162087970074,2.259582898694452,0.1039300632650164,0.0308641975308641,6.43583543317685,-2.97424330582283,-0.0022206666666667,11.5325803610098,403
-0.056505402534588856,0.14995875503417463,-0.6434050957320679,-0.2509302721025314,-0.06661239735328474,-0.6809228374595678,-2.1212288776080053,1.4018140613446026,0.32790866,0.18522945,2,1,238.0,0.0,0.0,1.0,0.0,0.0,0.0042016806722689,1.0,1.0,0.9295,0.1740107755284137,0.405147323698286,0.0,0.0,1.117,0.394095166171827,-2.834340778270251,2.0,0.0,0.0,0.4946986031104712,5.92288469320235,0.0268294920307304,0.1320754716981132,5.34996472877806,-8.63006372870207,-0.416000333333333,4.45978288142497,404
-0.23327437118869437,0.24430211737257507,-0.4426498314015507,-0.26199018600748797,-0.0614206942853315,5.3506132593081706,-5.053886335422629,2.155018978259821,0.7015022,-0.5263827,4,4,238.0,0.0,0.0,0.0,0.0,0.0,0.0,1.0,1.5,1.6245,0.1947213821506684,-0.639375083644725,1.0,1.0,0.9565,0.1083178194019802,0.4015959722985777,2.0,0.125,-0.0642028254288597,0.274286010529591,0.6898012226855725,0.1003787878787878,0.056572490351757,0.828661238967479,-34.8260914967314,2.625634,0.60085974952263,405
3.912060230014297,-2.769515364483226,3.1056552232778323,2.4499076058626126,-7.280888066219334,-0.23607268450281596,0.18618826767868402,-0.37350760983174297,0.07163104,-0.072466925,4,10,1834.0,0.0,0.75,0.8,0.0,0.0016348773841961,0.0043572984749455,0.0,0.25,0.764,0.2157637597002795,-2.382235092278725,0.0,0.2,0.7948000000000001,0.1257495924446676,-4.730035210744116,1.0,0.5571428571428572,0.2594821428571429,0.2017530306969592,1.4753717119264098,0.2641156411462355,0.3192039045085061,-3.87487024955177,-4.52943876673286,1.13198588888889,-0.152137533654302,406
-0.1774127871309326,0.26942209205433276,-0.07192539659934374,0.06523838265322096,0.3685142023162129,-0.3584885190441291,0.10675214109056994,-0.41189168748257265,0.073197186,-0.05751042,3,2,280.0,0.0,0.0,0.0,0.0,0.0,0.0,1.0,1.6666666666666667,1.304,0.2390388160018275,1.517187345271548,2.0,2.0,1.639,0.3566216482492334,1.0122773022116331,3.0,1.5,-0.1114666666666667,0.387062532989754,4.163323828373034,0.0308641975308641,0.0,-6.57785024738025,-4.63398233395971,-2.45801275555555,-1.63957401532955,407
-0.056505402534588856,0.14995875503417463,-0.6434050957320679,-0.2509302721025314,-0.06661239735328474,-0.17220677480162513,0.12918797722606423,-0.4893606233884148,0.11222623,-0.10775751,2,1,238.0,0.0,0.0,1.0,0.0,0.0,0.0042016806722689,1.0,1.0,0.9295,0.1740107755284137,0.405147323698286,0.0,0.0,0.893,0.3091132478558627,-2.8889088584660065,1.0,0.0,0.0,0.4946986031104712,5.92288469320235,0.0268294920307304,0.0764925373134328,3.4602999269453,0.830936423390052,1.48570965111111,4.027858148924,408
-0.0362908611412701,0.15420702138862555,-0.5928524047691552,-0.24590576407473588,-0.061543371914767206,-0.3104757666334475,0.08539609046415789,-0.3598009024605617,0.09728403,0.00267437,8,6,280.0,0.0,0.125,0.1666666666666666,0.0,0.0034843205574912,0.0035087719298245,0.0,0.875,1.118625,0.1356926098761461,-1.7954183372430492,0.0,1.3333333333333333,1.2891666666666666,0.1542702354816234,0.2862941547264819,2.0,0.2797619047619049,-0.0298749999999999,0.1797714282206115,1.7223921945033738,0.0985889310896961,0.0308243727598566,-0.28818435615689,-5.86450798702554,-5.86444311111111,-3.79307051605903,409
-0.10841244221865005,0.2274086589002261,-0.4692292408596662,-0.22840584128649719,-0.07864378087225679,-0.13515334565373371,0.03629430579103768,-0.6733385503273589,0.045374162,-0.11343424,2,1,238.0,0.0,0.0,0.0,0.0,0.0,0.0,1.0,1.0,0.9665,0.1874239845910869,0.1787391302830784,2.0,2.0,1.778,0.4297859932571093,0.5165361446928163,3.0,0.0,0.0,0.4946986031104712,5.92288469320235,0.0402497085114652,0.0,1.96982995608164,-2.55197058642011,-7.47638277777778,-5.21096941425662,410
-0.22126946877844905,0.28140018257276106,-0.13691809371655556,-0.26863715854511555,0.38640738798172003,-0.19924935858616916,0.0800136752584948,-0.5291726815854753,0.045379117,-0.13777393,3,10,280.0,0.0,0.0,0.1,0.0,0.0,0.0034602076124567,1.0,1.6666666666666667,1.4226666666666663,0.2887090038237271,0.8451416366251466,0.0,0.9,0.9991,0.0900510410822662,-1.1004869994725222,2.0,0.0269230769230772,0.0354871794871794,0.2244460548955703,-0.0381566188280162,0.0277777777777777,0.1039300632650164,2.99496897223586,-3.62093512297103,-3.79810665555556,2.94853435114719,411
0.19048609853627016,0.10823699835256903,-0.4091117980317365,0.6709192564360943,-0.03359470807415822,-0.3359856070451807,0.053279388284133686,-0.3947375084456536,0.11113214,-0.057361633,4,6,238.0,0.0,0.0,0.1666666666666666,0.0,0.0,0.0041152263374485,1.0,1.0,0.95775,0.1314436666408846,0.3214304734470823,0.0,1.1666666666666667,1.3111666666666668,0.1541383757825704,-0.9374693308292912,1.0,-0.0166666666666668,-0.042125,0.203563390174767,0.1250634178939359,0.0550092290231879,0.0361324458098651,-3.90841554165519,-10.4731264493006,-4.01383274444444,0.206241069966341,412
5.846241237933661,-5.7294151691674235,3.589336727508081,3.4859141284555544,-2.1057246899351267,-0.3359856070451807,0.053279388284133686,-0.3947375084456536,0.11113214,-0.057361633,4,6,238.0,0.0,0.0,0.1666666666666666,0.0,0.0,0.0041152263374485,1.0,1.0,0.9565,0.1083178194019802,0.4015959722985777,0.0,1.1666666666666667,1.3111666666666668,0.1541383757825704,-0.9374693308292912,1.0,-0.0166666666666668,-0.07205,0.2023556900059343,0.273692987490043,0.056572490351757,0.0361324458098651,-0.187367362222147,-33.2986802235693,-2.34830696666667,-0.596730510994773,413
-0.056505402534588856,0.14995875503417463,-0.6434050957320679,-0.2509302721025314,-0.06661239735328474,-0.2678325682475351,0.17925756675775284,-0.36879808902496625,0.04953243,0.010057061,2,1,238.0,0.0,0.0,0.0,0.0,0.0,0.0,1.0,1.0,0.9295,0.1740107755284137,0.405147323698286,1.0,1.0,0.934,0.2482820976228451,0.265826656983774,1.0,0.0,0.0,0.4946986031104712,5.92288469320235,0.0268294920307304,0.0546218487394958,1.01774797008232,-24.8034808265764,-6.36910955555556,0.717962753279665,414
-0.03852116886365697,0.17188281861503513,-0.5720728072321701,-0.2577322671474974,-0.07147857841031255,0.6187276001820594,2.4246001833736806,2.8707056970834683,0.86354136,-1.2017273,1,3,238.0,0.0,0.0,0.0,0.0,0.0,0.0,1.0,1.0,1.281,0.4960231849419944,-0.5665057774121193,1.0,1.0,1.0443333333333336,0.1761662724688115,-0.2516561922554292,2.0,0.0,0.0,0.4946986031104712,5.92288469320235,0.0714285714285714,0.0512423491693383,6.17624615679227,-43.9549542046737,2.78890461111111,3.2140872051979,415
-0.3934218762148078,-1.942456361886978,2.9792750889813013,1.1950136781573995,-0.3011860214518369,-0.3584885190441291,0.10675214109056994,-0.41189168748257265,0.073197186,-0.05751042,2,2,280.0,0.0,0.0,0.0,0.0,0.0,0.0,2.0,2.0,1.6495,0.3569310157439389,0.9819824687116784,2.0,2.0,1.639,0.3566216482492334,1.0122773022116331,3.0,0.5,-0.22525,0.4402555365921024,1.6473387378929103,0.0,0.0,2.8317342564158,-3.42782585586629,-3.90448938888889,0.0767772883369816,416
-0.23327437118869437,0.24430211737257507,-0.4426498314015507,-0.26199018600748797,-0.0614206942853315,-0.11517605966135847,0.09192702375007683,-0.5994968734055475,0.08285704,-0.11144397,4,2,238.0,0.0,0.0,0.0,0.0,0.0,0.0,1.0,1.5,1.6245,0.1947213821506684,-0.639375083644725,2.0,2.0,1.628,0.3414908490721237,1.089341049725853,3.0,1.4166666666666663,-0.0735788765556677,0.3629995986620488,4.105364162150898,0.1003787878787878,0.0,2.64915436755981,-1.40039589441227,-0.834442788888889,2.70185818777101,417
-0.1524302868712236,0.19729116078181377,-0.3224861829506336,-0.3918141840495187,0.2136312188654788,-0.29715029834682977,0.15051580679401794,-0.2935531859945593,0.14217056,0.023009479,1,2,280.0,0.0,0.0,1.0,0.0,0.0,0.0071428571428571,2.0,2.0,1.765,0.4536242938820627,0.5180498557272982,0.0,0.0,0.9295,0.1810517881712302,-5.133890194560923,3.0,0.0,0.0,0.4952816079376104,5.915228243436404,0.0,0.0832950631458094,-1.30200100682199,2.44084236168912,2.79652745555556,3.57949991736831,418
-0.1060360599372259,0.3262313309064549,-0.39533145711538964,-0.3316998674420566,-0.1574302911804044,-0.11182696312916787,0.0061273023434908844,-0.5767442811382247,0.06750562,-0.08622581,8,10,1834.0,0.75,0.875,1.0,0.5,0.0038147138964577,0.0054525627044711,0.0,0.125,0.8386607142857142,0.1276476923198842,-5.590862641662848,0.0,0.0,0.8348000000000002,0.1169143276078685,-7.140271146235604,0.0,-0.7694444444444444,-0.0463319444444444,0.1612381690020471,-4.484747652963109,0.3987196835558385,0.3946742377920231,1.30746193268946,-4.90113174443317,-4.11573282888889,-1.6814040690348,419
-0.18880187796177264,0.3216684134347052,-0.3502960273047573,-0.23649739933108832,0.633001261064982,-0.29548229624834477,0.1759867844632078,-0.1454306818553159,-0.027028926,-0.03252709,1,1,280.0,0.0,0.0,0.0,0.0,0.0,0.0,2.0,2.0,1.751,0.4505541032994816,0.5526528294305441,1.0,1.0,0.953,0.2116388433156824,0.222076435798198,3.0,0.0,0.0,0.4952816079376104,5.915228243436404,0.0,0.0336134453781512,-8.73815051265112,-11.9494303018261,-5.71344255555555,-11.7654280507173,420
-0.1524302868712236,0.19729116078181377,-0.3224861829506336,-0.3918141840495187,0.2136312188654788,-0.2484637761438005,0.05585921332255339,-0.2677719649556255,0.078204274,-0.010806085,1,10,280.0,0.0,0.0,0.3,0.0,0.0,0.0104529616724738,2.0,2.0,1.765,0.4536242938820627,0.5180498557272982,0.0,0.7,1.0881999999999998,0.1214115315775235,-3.197389860386754,3.0,0.0,0.0,0.4952816079376104,5.915228243436404,0.0,0.1008023624320745,3.69028972297289,-8.82944025266934,-10.8700279555556,-4.32230772935175,421
-0.04742056663927138,0.18770201157100216,-0.7409040438489211,-0.4358399425592427,-0.14975796592326604,-0.23651819955057113,0.15206763627700973,-0.3104208269392072,0.13033125,-0.043852016,1,3,238.0,0.0,0.0,0.0,0.0,0.0,0.0,2.0,2.0,1.778,0.4297859932571093,0.5165361446928163,1.0,1.3333333333333333,1.3296666666666666,0.2391835650243924,0.0153299273145827,3.0,0.0,0.0,0.4946986031104712,5.92288469320235,0.0,0.0435185185185185,-9.83034141536883,-0.676389725447845,0.0744454444444435,-0.649951482420457,422
-0.1901491090026142,0.2931052731210329,-0.3596824681527892,0.024193663446204095,0.16363435359895562,-0.1738684770605379,0.1207380549927549,-0.5893142450172808,0.06862594,-0.10637382,1,1,280.0,0.0,0.0,0.0,0.0,0.0,0.0,1.0,1.0,1.213,0.4665093782551429,-0.4565824609928984,1.0,1.0,1.886,0.4062068438615972,-2.1811547820742225,2.0,0.0,0.0,0.4952816079376104,5.915228243436404,0.0714285714285714,0.3333333333333333,-2.91805337497134,-3.94993448942021,-2.720218,-3.5963619512927,423
-0.056505402534588856,0.14995875503417463,-0.6434050957320679,-0.2509302721025314,-0.06661239735328474,-0.29435781696574015,0.201058736296263,-0.09654005852311945,0.0989754,0.006966456,2,2,238.0,0.0,0.0,0.0,0.0,0.0,0.0,1.0,1.0,0.9295,0.1740107755284137,0.405147323698286,1.0,1.5,1.1555,0.2656496753244769,1.2968207078710396,2.0,0.5,-0.289,0.4274681274668322,1.845751646270328,0.0268294920307304,0.0341880341880341,1.83719322085635,-9.48360650718762,-5.83488866666667,1.58381196581855,424
-0.035470575613250184,0.18871161388201763,-0.6589271427083319,-0.2714868327696962,-0.12935260268242763,-0.1738684770605379,0.1207380549927549,-0.5893142450172808,0.06862594,-0.10637382,2,1,280.0,0.0,0.5,0.0,0.0,0.0035587188612099,0.0,0.0,0.5,0.9655,0.1804432043608182,-2.579759108407186,1.0,1.0,1.886,0.4062068438615972,-2.1811547820742225,3.0,0.0,0.0,0.4952816079376104,5.915228243436404,0.0965798678585309,0.3333333333333333,1.41543172020975,1.07204791959448,-1.35234326666667,1.23081754788751,425
-0.010212000479660937,0.10228919589395585,-0.650250105692852,-0.32546812522463286,-0.10110430228436308,-0.23607268450281596,0.18618826767868402,-0.37350760983174297,0.07163104,-0.072466925,8,10,1834.0,0.375,0.75,0.8,0.2,0.0032679738562091,0.0043572984749455,0.0,0.25,0.83675,0.1282309927435641,-4.575726877303217,0.0,0.2,0.7948000000000001,0.1257495924446676,-4.730035210744116,0.0,-0.3972222222222222,-0.2084583333333333,0.1291604829762351,-1.461467815381431,0.3023034881384502,0.3192039045085061,0.597713534745706,-36.5405661998609,0.948890444444444,8.21269194015522,426
-0.21864743529553257,0.21498454431933633,-0.4301276455082765,-0.20968225321390968,-0.2007324629548672,-0.2484637761438005,0.05585921332255339,-0.2677719649556255,0.078204274,-0.010806085,8,10,280.0,0.75,0.125,0.3,0.5,0.0034843205574912,0.0104529616724738,0.0,0.875,1.1356428571428572,0.1401106341285998,-1.8602646313314624,0.0,0.7,1.0881999999999998,0.1214115315775235,-3.197389860386754,0.0,-0.7694444444444444,-0.0463319444444444,0.1612381690020471,-4.484747652963109,0.1010456977291804,0.1008023624320745,-0.433041514759328,-3.23469705069418,-2.73479206666667,-1.26517090317258,427
-0.3771956823689706,-0.9045372889744421,0.6703042817384331,0.9098113549999784,1.0531287784189003,-0.2801024705992835,0.08732225988699426,-0.4009435445403788,0.07139636,-0.031808197,2,1,280.0,0.0,1.0,0.0,0.0,0.0071428571428571,0.0,0.0,0.0,0.446,0.1551902058765307,-2.873892701417237,2.0,2.0,1.203,0.4558409810449253,1.7484167355314018,2.0,0.0,0.0,0.4952816079376104,5.915228243436404,0.0364866414402018,0.0,-4.54993291168447,0.939016767184743,1.75020515555556,0.314771941033552,428
-0.23327437118869437,0.24430211737257507,-0.4426498314015507,-0.26199018600748797,-0.0614206942853315,-0.16323102653955485,0.06023692476909989,-0.5873829936099805,0.052398644,-0.11900714,4,8,238.0,0.0,0.0,0.0,0.0,0.0,0.0,1.0,1.5,1.6245,0.1947213821506684,-0.639375083644725,1.0,1.125,1.152875,0.1476519873723344,-0.1887885188413186,2.0,0.2083333333333334,-0.0657374705684493,0.2203481998770862,1.2438077735813768,0.1003787878787878,0.0535567527472243,-0.781777345592187,0.706516242071484,1.17468612333333,1.89793682193195,429
-0.21864743529553257,0.21498454431933633,-0.4301276455082765,-0.20968225321390968,-0.2007324629548672,-0.2667497795748179,0.15153846346286065,-0.4182074426931342,0.078725114,0.051823795,8,1,280.0,0.0,0.125,0.0,0.0,0.0034843205574912,0.0,0.0,0.875,1.1356428571428572,0.1401106341285998,-1.8602646313314624,2.0,2.0,1.751,0.4505541032994816,0.5526528294305441,3.0,0.0,0.0,0.4952816079376104,5.915228243436404,0.1010456977291804,0.0,0.581778320564816,-1.27743054552164,-2.25333194444444,0.960932242131835,430
-0.04085555658391821,0.2160351253361784,-0.6485797542249851,-0.262390652848623,-0.22355457549558808,-0.12479391737832377,0.007480350380626419,-0.5766365445680574,0.07715105,-0.09481016,4,8,280.0,0.0,0.0,0.125,0.0,0.0,0.0034843205574912,1.0,1.5,1.60925,0.1989255688553999,-0.5492003900183113,0.0,0.875,1.118625,0.1356926098761461,-1.7954183372430492,2.0,0.2083333333333334,-0.0657374705684493,0.2203481998770862,1.2438077735813768,0.053030303030303,0.0985889310896961,2.55258072118599,-0.679425083286386,-0.564662621111111,2.53310357244295,431
-0.34926118345225593,0.14113933279149407,-0.05338295418099107,-0.024151219601916674,0.9875744951047315,0.6187276001820594,2.4246001833736806,2.8707056970834683,0.86354136,-1.2017273,10,3,238.0,0.0,0.0,0.0,0.0,0.0,0.0,1.0,1.0,1.0089,0.0938658084714556,-0.094816207785675,1.0,1.0,1.0443333333333336,0.1761662724688115,-0.2516561922554292,2.0,0.95,0.1572692307692307,0.1857933001872708,4.266734959935231,0.0565339519446635,0.0512423491693383,-0.320503077875635,2.70144661730314,4.26449344444444,4.89048544770125,432
-0.056505402534588856,0.14995875503417463,-0.6434050957320679,-0.2509302721025314,-0.06661239735328474,-0.4540389699805117,0.0888085081532088,-0.23354972713218797,0.06507606,0.020801008,2,10,238.0,0.0,0.0,0.2,0.0,0.0,0.008130081300813,1.0,1.0,0.9295,0.1740107755284137,0.405147323698286,0.0,0.9,1.1135,0.124047369984212,-1.721116699428395,2.0,0.8,-0.1156999999999999,0.3148626843562127,2.908251899942655,0.0268294920307304,0.0785112659317768,-0.658357141956433,-6.48064065169549,-6.52266513333333,-0.403524228504781,433
-0.1239558859220553,0.2324639610716511,-0.4856353804547076,-0.29667115239031533,-0.24199974915474093,-0.126869867446033,0.02268589695198233,-0.5630640588246547,0.07517242,-0.096907705,8,1,238.0,0.0,0.0,0.0,0.0,0.0,0.0,1.0,1.125,1.1529464285714284,0.1505048635986118,-0.1856845546597083,1.0,1.0,1.281,0.4960231849419944,-0.5665057774121193,3.0,0.0,0.0,0.4946986031104712,5.92288469320235,0.0681347279378319,0.0714285714285714,-0.0754177014787509,-3.78690867700201,0.234226519,0.817272446057376,434
-0.22146283298011935,0.3204796188178283,-0.15944924106093927,0.14272345654986318,0.4965197174089951,-0.2484637761438005,0.05585921332255339,-0.2677719649556255,0.078204274,-0.010806085,2,10,280.0,0.0,1.0,0.3,0.0,0.0071428571428571,0.0104529616724738,0.0,0.0,0.9295,0.1810517881712302,-5.133890194560923,0.0,0.7,1.0881999999999998,0.1214115315775235,-3.197389860386754,1.0,0.4666666666666668,0.12855,0.3110888721714245,1.086881264207833,0.0832950631458094,0.1008023624320745,-1.06777404216762,-10.9423103600892,-5.5491069,-4.1346062350927,435
-0.24451689434087334,0.41316554856154575,-0.19690941248178004,-0.051308406241243915,0.15391935107995328,-0.39378074788035244,0.15715716140380784,-0.2937976963093058,0.044547208,0.06682029,2,2,1834.0,0.0,1.0,1.0,0.0,0.0010905125408942,0.0010905125408942,0.0,0.0,0.748,0.3057711562590559,-2.4462739035014747,0.0,0.0,0.7,0.3209361307176243,-2.181119334974145,1.0,0.25,-0.42775,0.2595042148019951,2.611710952429546,0.3138359891177613,0.3279994259471871,-0.34362001877112,-11.0278790181733,-6.68110932222222,-0.952843172621069,436
5.846241237933661,-5.7294151691674235,3.589336727508081,3.4859141284555544,-2.1057246899351267,-0.20639172215776463,0.07480062598913675,-0.5066062404985098,0.06865776,-0.13290855,4,8,238.0,0.0,0.0,0.0,0.0,0.0,0.0,1.0,1.0,0.9565,0.1083178194019802,0.4015959722985777,1.0,1.125,1.1529464285714284,0.1505048635986118,-0.1856845546597083,2.0,0.625,0.0877291666666666,0.2050009305110995,2.620821437219005,0.056572490351757,0.0681347279378319,2.29843301996258,-32.1825933542414,2.37394491111111,7.13578662191777,437
-0.21864743529553257,0.21498454431933633,-0.4301276455082765,-0.20968225321390968,-0.2007324629548672,-0.25614891779950816,0.10659373691076436,-0.23638575871169465,0.12920694,-0.0040153572,8,3,280.0,0.0,0.125,0.0,0.0,0.0034843205574912,0.0,0.0,0.875,1.1356428571428572,0.1401106341285998,-1.8602646313314624,1.0,1.6666666666666667,1.304,0.2390388160018275,1.517187345271548,2.0,0.4659090909090908,-0.019876893939394,0.2547779617044772,1.9067033176596293,0.1010456977291804,0.0308641975308641,1.18565335953929,-18.8006628350506,-6.88111038888889,-2.52368418753684,438
-0.04742056663927138,0.18770201157100216,-0.7409040438489211,-0.4358399425592427,-0.14975796592326604,-0.11517605966135847,0.09192702375007683,-0.5994968734055475,0.08285704,-0.11144397,1,2,238.0,0.0,0.0,0.0,0.0,0.0,0.0,2.0,2.0,1.778,0.4297859932571093,0.5165361446928163,2.0,2.0,1.628,0.3414908490721237,1.089341049725853,4.0,0.0,0.0,0.4946986031104712,5.92288469320235,0.0,0.0,5.09193841970309,-7.54865271975923,-7.17888642222222,5.25545931870515,439
-0.22146283298011935,0.3204796188178283,-0.15944924106093927,0.14272345654986318,0.4965197174089951,-0.4572082059902782,-1.7961674461227322,1.7565486577079403,0.3182237,-0.1454041,2,2,280.0,0.0,1.0,0.0,0.0,0.0071428571428571,0.0,0.0,0.0,0.9295,0.1810517881712302,-5.133890194560923,2.0,2.0,1.6495,0.3569310157439389,0.9819824687116784,2.0,-0.25,-0.07025,0.4867005624611502,-0.3693235920892286,0.0832950631458094,0.0,0.102807978415662,-7.28998791639397,-1.68556711111111,-1.07086673146046,440
-0.056505402534588856,0.14995875503417463,-0.6434050957320679,-0.2509302721025314,-0.06661239735328474,-0.3081443702848493,0.08498436110710593,-0.4785296258933478,0.07446005,-0.09478426,2,4,238.0,0.0,0.0,0.0,0.0,0.0,0.0,1.0,1.0,0.9295,0.1740107755284137,0.405147323698286,1.0,1.5,1.6245,0.1947213821506684,-0.639375083644725,2.0,0.25,-0.2538681466532123,0.3568417824964225,1.412021157186837,0.0268294920307304,0.1003787878787878,0.314117755881454,-5.37685568061175,-5.3965128,-1.68282534345361,441
-0.3771956823689706,-0.9045372889744421,0.6703042817384331,0.9098113549999784,1.0531287784189003,-0.13867696560085802,0.22689285463546835,-0.04382626126294745,0.08462248,-0.055479094,2,1,280.0,0.0,1.0,0.0,0.0,0.0071428571428571,0.0,0.0,0.0,0.446,0.1551902058765307,-2.873892701417237,1.0,1.0,1.108,0.3692370512286111,-0.2924950235645027,1.0,0.0,0.0,0.4952816079376104,5.915228243436404,0.0364866414402018,0.1481481481481481,-3.0232212473948,0.11361899439584,3.36567177777778,-0.274506202738568,442
-0.2357791189478546,0.2447807351317762,-0.26087508979148455,-0.125568586414513,0.4002006839558757,-0.3584885190441291,0.10675214109056994,-0.41189168748257265,0.073197186,-0.05751042,6,2,280.0,0.0,0.1666666666666666,0.0,0.0,0.0035087719298245,0.0,0.0,1.3333333333333333,1.2891666666666666,0.1542702354816234,0.2862941547264819,2.0,2.0,1.639,0.3566216482492334,1.0122773022116331,2.0,1.2083333333333333,0.013125,0.3324565943890687,3.5950808421462668,0.0308243727598566,0.0,3.87872081291689,-0.0817789209842747,-1.08888730222222,4.24250997004809,443
-0.15584378176103833,0.3619473281307043,-0.28186018184574013,-0.27889950986180795,0.04428732707071189,-0.11182696312916787,0.0061273023434908844,-0.5767442811382247,0.06750562,-0.08622581,10,10,1834.0,0.2,0.8,1.0,0.1111111111111111,0.0043572984749455,0.0054525627044711,0.0,0.2,0.7948000000000001,0.1257495924446676,-4.730035210744116,0.0,0.0,0.8348000000000002,0.1169143276078685,-7.140271146235604,0.0,-0.35,0.0440499999999999,0.1565314584995616,-2.517385347183125,0.3192039045085061,0.3946742377920231,2.79993653596012,-16.2773384052155,1.74167666666667,20.8264987751262,444
-0.15632242316330688,0.32228355418724136,-0.1852737507973765,0.07195851510331863,0.17982436192156837,-0.2678325682475351,0.17925756675775284,-0.36879808902496625,0.04953243,0.010057061,3,1,238.0,0.0,0.0,0.0,0.0,0.0,0.0,1.0,1.3333333333333333,1.3296666666666666,0.2391835650243924,0.0153299273145827,1.0,1.0,0.934,0.2482820976228451,0.265826656983774,2.0,0.0,0.0,0.4946986031104712,5.92288469320235,0.0435185185185185,0.0546218487394958,-2.63671974509889,-1.74331267276343,1.49763666666667,-1.64583938891675,445
-0.11628245057425714,0.23852390777491778,-0.520184804377084,-0.43581032594434976,-0.26504504972245063,-0.3104757666334475,0.08539609046415789,-0.3598009024605617,0.09728403,0.00267437,10,6,280.0,0.0,0.1,0.1666666666666666,0.0,0.0034602076124567,0.0035087719298245,0.0,0.9,0.9991,0.0900510410822662,-1.1004869994725222,0.0,1.3333333333333333,1.2891666666666666,0.1542702354816234,0.2862941547264819,2.0,0.3458333333333332,0.080375,0.16499347104086,1.6089020472064222,0.1039300632650164,0.0308243727598566,-1.69358668855547,-1.12167121719608,-1.16673502222222,-2.05614292435694,446
-0.21864743529553257,0.21498454431933633,-0.4301276455082765,-0.20968225321390968,-0.2007324629548672,-0.2680037699288762,0.12696711572105704,-0.42433832825838413,0.122339964,-0.04727009,8,1,280.0,0.0,0.125,0.0,0.0,0.0034843205574912,0.0,0.0,0.875,1.1356428571428572,0.1401106341285998,-1.8602646313314624,1.0,1.0,1.213,0.4665093782551429,-0.4565824609928984,3.0,0.0,0.0,0.4952816079376104,5.915228243436404,0.1010456977291804,0.0714285714285714,-0.0958644410039594,-0.877824661843096,-0.794496522222222,0.0365986968541722,447
-0.13551112763207185,0.16698177980334328,-0.4767004439630483,-0.45282094400100875,0.00196427908655,-0.20639172215776463,0.07480062598913675,-0.5066062404985098,0.06865776,-0.13290855,2,8,238.0,0.0,1.0,0.0,0.0,0.0084033613445378,0.0,0.0,0.0,0.9145,0.1947812876022745,-4.69500952199949,1.0,1.125,1.1529464285714284,0.1505048635986118,-0.1856845546597083,1.0,0.575,0.0948625,0.315386191586997,1.522379586702855,0.0632462686567164,0.0681347279378319,5.16327253203205,0.614689289850461,1.22505744555556,16.0084041392381,448
-0.07758596872693474,0.21553428160085059,-0.6093053147419236,-0.3938537915570047,-0.1761544972391733,-0.4161038363060825,-0.003761085861173043,-0.22427450222931963,0.114251636,0.12668216,8,10,238.0,0.375,0.0,0.0,0.2,0.0,0.0,1.0,1.125,1.152875,0.1476519873723344,-0.1887885188413186,1.0,1.0,1.0089,0.0938658084714556,-0.094816207785675,0.0,-0.3972222222222222,-0.2084583333333333,0.1291604829762351,-1.461467815381431,0.0535567527472243,0.0565339519446635,3.30408374816603,-15.019839495228,0.9875857,2.62913140591957,449
5.846241237933661,-5.7294151691674235,3.589336727508081,3.4859141284555544,-2.1057246899351267,0.6187276001820594,2.4246001833736806,2.8707056970834683,0.86354136,-1.2017273,4,3,238.0,0.0,0.0,0.0,0.0,0.0,0.0,1.0,1.0,0.9565,0.1083178194019802,0.4015959722985777,1.0,1.0,1.0443333333333336,0.1761662724688115,-0.2516561922554292,2.0,0.75,0.0247857142857142,0.2469220318155477,2.937017326408626,0.056572490351757,0.0512423491693383,0.325741622778723,-14.0783744849624,-1.26919928888889,0.289402855056806,450
-0.1901491090026142,0.2931052731210329,-0.3596824681527892,0.024193663446204095,0.16363435359895562,-0.2667497795748179,0.15153846346286065,-0.4182074426931342,0.078725114,0.051823795,1,1,280.0,0.0,0.0,0.0,0.0,0.0,0.0,1.0,1.0,1.213,0.4665093782551429,-0.4565824609928984,2.0,2.0,1.751,0.4505541032994816,0.5526528294305441,3.0,0.0,0.0,0.4952816079376104,5.915228243436404,0.0714285714285714,0.0,-2.78996851894304,-2.73886223541546,-2.0411045,-3.36137622544537,451
-0.1524302868712236,0.19729116078181377,-0.3224861829506336,-0.3918141840495187,0.2136312188654788,-0.2680037699288762,0.12696711572105704,-0.42433832825838413,0.122339964,-0.04727009,1,1,280.0,0.0,0.0,0.0,0.0,0.0,0.0,2.0,2.0,1.765,0.4536242938820627,0.5180498557272982,1.0,1.0,1.213,0.4665093782551429,-0.4565824609928984,3.0,0.0,0.0,0.4952816079376104,5.915228243436404,0.0,0.0714285714285714,4.75053985606582,-10.9987162329002,-11.2255538888889,-1.81159365597884,452
-0.2357791189478546,0.2447807351317762,-0.26087508979148455,-0.125568586414513,0.4002006839558757,-0.29548229624834477,0.1759867844632078,-0.1454306818553159,-0.027028926,-0.03252709,6,1,280.0,0.0,0.1666666666666666,0.0,0.0,0.0035087719298245,0.0,0.0,1.3333333333333333,1.2891666666666666,0.1542702354816234,0.2862941547264819,1.0,1.0,0.953,0.2116388433156824,0.222076435798198,1.0,0.0,0.0,0.4952816079376104,5.915228243436404,0.0308243727598566,0.0336134453781512,-0.255642389709399,-23.6554703897602,-2.85111162222222,-2.42946670048173,453
-0.1524302868712236,0.19729116078181377,-0.3224861829506336,-0.3918141840495187,0.2136312188654788,-0.4572082059902782,-1.7961674461227322,1.7565486577079403,0.3182237,-0.1454041,1,2,280.0,0.0,0.0,0.0,0.0,0.0,0.0,2.0,2.0,1.765,0.4536242938820627,0.5180498557272982,2.0,2.0,1.6495,0.3569310157439389,0.9819824687116784,3.0,0.0,0.0,0.4952816079376104,5.915228243436404,0.0,0.0,5.18628965506724,-16.7598039840732,0.344443922222221,3.61759478079274,454
-0.22674718755457146,0.3314209232699406,-0.2285004800486225,0.10851384561616884,-0.007472946228658759,-0.19924935858616916,0.0800136752584948,-0.5291726815854753,0.045379117,-0.13777393,1,10,280.0,0.0,0.0,0.1,0.0,0.0,0.0034602076124567,2.0,2.0,1.608,0.5141361687335371,0.7624439279687458,0.0,0.9,0.9991,0.0900510410822662,-1.1004869994725222,2.0,0.0,0.0,0.4952816079376104,5.915228243436404,0.0,0.1039300632650164,3.62170795121984,-0.522535487442155,-0.455106888888888,4.11976040026671,455
-0.13551112763207185,0.16698177980334328,-0.4767004439630483,-0.45282094400100875,0.00196427908655,-0.16131621606338054,0.120343445527664,-0.39190932489914054,0.122814536,-0.034377053,2,1,238.0,0.0,1.0,0.0,0.0,0.0084033613445378,0.0,0.0,0.0,0.9145,0.1947812876022745,-4.69500952199949,1.0,1.0,1.901,0.3939530428870933,-2.2870746051280686,3.0,0.0,0.0,0.4946986031104712,5.92288469320235,0.0632462686567164,0.3333333333333333,-0.350882228714004,0.22339475431705,1.3964488,2.68370089569109,456
-0.11895423929792552,0.22937068300216507,-0.4469031017145343,-0.02765315867683386,0.09919654091758759,-0.23651819955057113,0.15206763627700973,-0.3104208269392072,0.13033125,-0.043852016,1,3,238.0,0.0,0.0,0.0,0.0,0.0,0.0,2.0,2.0,1.769,0.4512637809530032,0.5118957242971325,1.0,1.3333333333333333,1.3296666666666666,0.2391835650243924,0.0153299273145827,3.0,0.0,0.0,0.4946986031104712,5.92288469320235,0.0,0.0435185185185185,-0.682247114643747,-5.88617397644521,-1.85549462222222,-0.14900817245351,457
1.5390367195517438,0.1207656804590924,0.033699952440906615,1.7921242626841314,-1.6190675547471463,-0.4572082059902782,-1.7961674461227322,1.7565486577079403,0.3182237,-0.1454041,4,2,280.0,0.0,0.25,0.0,0.0,0.0035335689045936,0.0,0.0,0.75,0.96475,0.1217371656479647,-1.7640463276515457,2.0,2.0,1.6495,0.3569310157439389,0.9819824687116784,2.0,-0.4166666666666665,0.0539583333333333,0.3801314990858061,-1.2380584117123292,0.0881410876891149,0.0,3.03044997162948,-13.874248461851,2.46654177777778,2.70542645390386,458
-0.3771956823689706,-0.9045372889744421,0.6703042817384331,0.9098113549999784,1.0531287784189003,1.3415066136999731,-0.021287453436044487,-0.1673950796843896,0.41812313,-0.42363846,2,4,280.0,0.0,1.0,0.25,0.0,0.0071428571428571,0.0035335689045936,0.0,0.0,0.446,0.1551902058765307,-2.873892701417237,0.0,0.75,0.96475,0.1217371656479647,-1.7640463276515457,1.0,0.0833333333333332,-0.190875,0.2925564967992412,0.9372833498259348,0.0364866414402018,0.0881410876891149,-2.08215617280302,-1.03839300976122,7.504116,8.43679211712189,459
5.846241237933661,-5.7294151691674235,3.589336727508081,3.4859141284555544,-2.1057246899351267,-0.4025153758896779,0.07641649113115159,-0.20721760046500257,0.0069303885,-0.016213939,4,2,238.0,0.0,0.0,0.0,0.0,0.0,0.0,1.0,1.0,0.9565,0.1083178194019802,0.4015959722985777,1.0,1.5,1.6695,0.3232951437927888,-0.5242887289041326,2.0,-0.5833333333333335,0.0194999999999999,0.3762917012696991,-1.60203727932141,0.056572490351757,0.0625,0.96163553447139,-10.7895777009845,0.818888888888891,-3.47216995614155,460
-0.3771956823689706,-0.9045372889744421,0.6703042817384331,0.9098113549999784,1.0531287784189003,-0.2969703167131204,0.11689784998023037,-0.278836650913942,0.07334798,-0.00023770425,2,3,280.0,0.0,1.0,0.0,0.0,0.0071428571428571,0.0,0.0,0.0,0.446,0.1551902058765307,-2.873892701417237,1.0,1.6666666666666667,1.4226666666666663,0.2887090038237271,0.8451416366251466,2.0,0.0,-0.3177666666666666,0.3642326957683325,0.8724276276086421,0.0364866414402018,0.0277777777777777,-4.73737001028374,-4.31301038661997,-0.0704399999999997,-3.07511130814107,461
-0.07758596872693474,0.21553428160085059,-0.6093053147419236,-0.3938537915570047,-0.1761544972391733,-0.4540389699805117,0.0888085081532088,-0.23354972713218797,0.06507606,0.020801008,8,10,238.0,0.25,0.0,0.2,0.125,0.0,0.008130081300813,1.0,1.125,1.152875,0.1476519873723344,-0.1887885188413186,0.0,0.9,1.1135,0.124047369984212,-1.721116699428395,0.0,-0.1027777777777776,-0.0374638888888889,0.1552175352976875,-0.4207893699872565,0.0535567527472243,0.0785112659317768,-0.294941863792859,-2.7619638975163,-3.34226165555556,-2.24208562321048,462
6.114072236743935,-4.106858090089244,4.06284781270502,5.58728378394345,-3.4102018686282065,1.3415066136999731,-0.021287453436044487,-0.1673950796843896,0.41812313,-0.42363846,4,4,280.0,0.75,0.0,0.25,0.6,0.0,0.0035335689045936,1.0,1.0,0.9545,0.1137090585661494,0.400144021714248,0.0,0.75,0.96475,0.1217371656479647,-1.7640463276515457,0.0,-1.25,-0.667125,0.3268560223936527,-1.7832775291440337,0.0710873277410883,0.0881410876891149,-0.911277046421983,-2.5772140627155,4.40542688888889,0.249094786099982,463
-0.1239558859220553,0.2324639610716511,-0.4856353804547076,-0.29667115239031533,-0.24199974915474093,0.6187276001820594,2.4246001833736806,2.8707056970834683,0.86354136,-1.2017273,8,3,238.0,0.0,0.0,0.0,0.0,0.0,0.0,1.0,1.125,1.1529464285714284,0.1505048635986118,-0.1856845546597083,1.0,1.0,1.0443333333333336,0.1761662724688115,-0.2516561922554292,2.0,1.0568181818181817,0.0236534090909089,0.2165076753535557,4.771954486325349,0.0681347279378319,0.0512423491693383,-0.381027271715321,-45.5311157268072,-2.08094722222222,-1.00369201970034,464
-0.13551112763207185,0.16698177980334328,-0.4767004439630483,-0.45282094400100875,0.00196427908655,-0.23651819955057113,0.15206763627700973,-0.3104208269392072,0.13033125,-0.043852016,2,3,238.0,0.0,1.0,0.0,0.0,0.0084033613445378,0.0,0.0,0.0,0.9145,0.1947812876022745,-4.69500952199949,1.0,1.3333333333333333,1.3296666666666666,0.2391835650243924,0.0153299273145827,2.0,0.7000000000000002,-0.0787666666666666,0.4043447799973571,1.9259965880399323,0.0632462686567164,0.0435185185185185,-5.99643176415567,-7.40210415078325,-2.62441083333333,-5.9928383208019,465
-0.3771956823689706,-0.9045372889744421,0.6703042817384331,0.9098113549999784,1.0531287784189003,-0.40408930941591226,0.14760044082293952,-0.2526861068094425,0.114886925,0.06121503,2,6,280.0,0.0,1.0,0.5,0.0,0.0071428571428571,0.0106007067137809,0.0,0.0,0.446,0.1551902058765307,-2.873892701417237,0.0,0.5,1.128,0.1588304476827762,-3.953901844149376,1.0,0.3333333333333335,-0.2502916666666668,0.2731025162370351,2.1370180254708897,0.0364866414402018,0.1183076483559363,-3.57069633100007,0.887235361992945,1.81071726666667,-0.188476236571067,466
-0.1239558859220553,0.2324639610716511,-0.4856353804547076,-0.29667115239031533,-0.24199974915474093,-0.4025153758896779,0.07641649113115159,-0.20721760046500257,0.0069303885,-0.016213939,8,2,238.0,0.0,0.0,0.0,0.0,0.0,0.0,1.0,1.125,1.1529464285714284,0.1505048635986118,-0.1856845546597083,1.0,1.5,1.6695,0.3232951437927888,-0.5242887289041326,3.0,0.375,0.0475624999999999,0.3014135901775996,1.0863395370031803,0.0681347279378319,0.0625,-1.48227347261778,-12.6118037925609,-1.00333333333333,-3.88492183817521,467
-0.010212000479660937,0.10228919589395585,-0.650250105692852,-0.32546812522463286,-0.10110430228436308,3.5502952341098335,-2.507642239601731,1.8390956159893006,0.5281734,-1.6189758,8,4,1834.0,0.0,0.75,0.75,0.0,0.0032679738562091,0.0016348773841961,0.0,0.25,0.83675,0.1282309927435641,-4.575726877303217,0.0,0.25,0.764,0.2157637597002795,-2.382235092278725,2.0,0.7083333333333335,0.126,0.2204336949944107,2.6417618837632744,0.3023034881384502,0.2641156411462355,0.100858505756612,-19.5997073318942,-10.9233321111111,-1.33505903726827,468
-0.3900169910701239,0.24874752467402794,-0.06758340678712565,-0.3180793924633507,0.48605910015195236,-0.2678325682475351,0.17925756675775284,-0.36879808902496625,0.04953243,0.010057061,10,1,238.0,0.0,0.2,0.0,0.0,0.008130081300813,0.0,0.0,0.9,1.1135,0.124047369984212,-1.721116699428395,1.0,1.0,0.934,0.2482820976228451,0.265826656983774,2.0,0.0,0.0,0.4946986031104712,5.92288469320235,0.0785112659317768,0.0546218487394958,6.07327999107184,-26.1567154153087,2.43333311111111,4.37088571620284,469
-0.21864743529553257,0.21498454431933633,-0.4301276455082765,-0.20968225321390968,-0.2007324629548672,-0.1738684770605379,0.1207380549927549,-0.5893142450172808,0.06862594,-0.10637382,8,1,280.0,0.0,0.125,0.0,0.0,0.0034843205574912,0.0,0.0,0.875,1.1356428571428572,0.1401106341285998,-1.8602646313314624,1.0,1.0,1.886,0.4062068438615972,-2.1811547820742225,3.0,0.0,0.0,0.4952816079376104,5.915228243436404,0.1010456977291804,0.3333333333333333,-3.89061098344091,-6.39148605879861,-1.4849446,-3.50485957877758,470
-0.3771956823689706,-0.9045372889744421,0.6703042817384331,0.9098113549999784,1.0531287784189003,-0.2667497795748179,0.15153846346286065,-0.4182074426931342,0.078725114,0.051823795,2,1,280.0,0.0,1.0,0.0,0.0,0.0071428571428571,0.0,0.0,0.0,0.446,0.1551902058765307,-2.873892701417237,2.0,2.0,1.751,0.4505541032994816,0.5526528294305441,2.0,0.0,0.0,0.4952816079376104,5.915228243436404,0.0364866414402018,0.0,-2.56472448318126,5.90473053028732,7.15859077777778,7.18377730539973,471
-0.056505402534588856,0.14995875503417463,-0.6434050957320679,-0.2509302721025314,-0.06661239735328474,0.6187276001820594,2.4246001833736806,2.8707056970834683,0.86354136,-1.2017273,2,3,238.0,0.0,0.0,0.0,0.0,0.0,0.0,1.0,1.0,0.9295,0.1740107755284137,0.405147323698286,1.0,1.0,1.0443333333333336,0.1761662724688115,-0.2516561922554292,1.0,0.3999999999999999,-0.3042,0.3849446193934914,1.829354053862394,0.0268294920307304,0.0512423491693383,1.71962446993718,-11.5781805261327,-0.352133222222222,5.05958756142633,472
-0.03852116886365697,0.17188281861503513,-0.5720728072321701,-0.2577322671474974,-0.07147857841031255,-0.13515334565373371,0.03629430579103768,-0.6733385503273589,0.045374162,-0.11343424,1,1,238.0,0.0,0.0,0.0,0.0,0.0,0.0,1.0,1.0,1.281,0.4960231849419944,-0.5665057774121193,2.0,2.0,1.778,0.4297859932571093,0.5165361446928163,3.0,0.0,0.0,0.4946986031104712,5.92288469320235,0.0714285714285714,0.0,5.0651605223076,0.821938384931643,-1.5742621,3.14751910284985,473
-0.22146283298011935,0.3204796188178283,-0.15944924106093927,0.14272345654986318,0.4965197174089951,1.0344340815102784,-0.2303359327445566,2.5590160008460003,1.9664875,0.55667,2,3,280.0,0.0,1.0,0.0,0.0,0.0071428571428571,0.0,0.0,0.0,0.9295,0.1810517881712302,-5.133890194560923,1.0,1.0,1.030333333333333,0.1821839729504217,-0.1664983633965859,2.0,1.0,0.1569999999999999,0.3569094189473477,2.361943830135684,0.0832950631458094,0.0537683377052365,-9.96414432143299,-10.6857878153397,0.0830810555555568,-2.54008613694478,474
-0.03852116886365697,0.17188281861503513,-0.5720728072321701,-0.2577322671474974,-0.07147857841031255,-0.11517605966135847,0.09192702375007683,-0.5994968734055475,0.08285704,-0.11144397,1,2,238.0,0.0,0.0,0.0,0.0,0.0,0.0,1.0,1.0,1.281,0.4960231849419944,-0.5665057774121193,2.0,2.0,1.628,0.3414908490721237,1.089341049725853,3.0,0.0,0.0,0.4946986031104712,5.92288469320235,0.0714285714285714,0.0,-2.03743674552102,-3.11580829999821,-2.03638272222222,-2.46021362797619,475
-0.3771956823689706,-0.9045372889744421,0.6703042817384331,0.9098113549999784,1.0531287784189003,-0.1858281836458479,0.001430956438472167,-0.6329738109735777,0.049285397,-0.094661236,2,1,280.0,0.0,1.0,1.0,0.0,0.0071428571428571,0.0035714285714285,0.0,0.0,0.446,0.1551902058765307,-2.873892701417237,0.0,0.0,0.902,0.2973146481423342,-3.0338229402279,1.0,0.0,0.0,0.4952816079376104,5.915228243436404,0.0364866414402018,0.085820895522388,-9.45734560828737,2.59995507880078,3.04320522222222,-3.21268692134446,476
-0.3771956823689706,-0.9045372889744421,0.6703042817384331,0.9098113549999784,1.0531287784189003,-0.23289543462087936,0.04454333993852287,-0.40004305258159445,0.05273988,-0.03671463,2,1,280.0,0.0,1.0,0.0,0.0,0.0071428571428571,0.0,0.0,0.0,0.446,0.1551902058765307,-2.873892701417237,2.0,2.0,1.765,0.4536242938820627,0.5180498557272982,2.0,0.0,0.0,0.4952816079376104,5.915228243436404,0.0364866414402018,0.0,-0.560167109206455,3.76589826965181,5.37625724444444,5.72726524471374,477
-0.22146283298011935,0.3204796188178283,-0.15944924106093927,0.14272345654986318,0.4965197174089951,-0.1738684770605379,0.1207380549927549,-0.5893142450172808,0.06862594,-0.10637382,2,1,280.0,0.0,1.0,0.0,0.0,0.0071428571428571,0.0,0.0,0.0,0.9295,0.1810517881712302,-5.133890194560923,1.0,1.0,1.886,0.4062068438615972,-2.1811547820742225,3.0,0.0,0.0,0.4952816079376104,5.915228243436404,0.0832950631458094,0.3333333333333333,3.55426942629148,2.96605617803755,-2.17194078888889,5.98658877211131,478
-0.07758596872693474,0.21553428160085059,-0.6093053147419236,-0.3938537915570047,-0.1761544972391733,-0.11517605966135847,0.09192702375007683,-0.5994968734055475,0.08285704,-0.11144397,8,2,238.0,0.0,0.0,0.0,0.0,0.0,0.0,1.0,1.125,1.152875,0.1476519873723344,-0.1887885188413186,2.0,2.0,1.628,0.3414908490721237,1.089341049725853,3.0,1.875,0.0365749999999999,0.3224444050917925,5.701525506316794,0.0535567527472243,0.0,1.22301450750553,2.25872474684781,1.15058286666667,3.34943847024656,479
-0.13551112763207185,0.16698177980334328,-0.4767004439630483,-0.45282094400100875,0.00196427908655,-0.2678325682475351,0.17925756675775284,-0.36879808902496625,0.04953243,0.010057061,2,1,238.0,0.0,1.0,0.0,0.0,0.0084033613445378,0.0,0.0,0.0,0.9145,0.1947812876022745,-4.69500952199949,1.0,1.0,0.934,0.2482820976228451,0.265826656983774,2.0,0.0,0.0,0.4946986031104712,5.92288469320235,0.0632462686567164,0.0546218487394958,5.84517324782894,-22.4211406666903,6.16888866666667,6.77946556496817,480
-0.16915621533329026,0.21044537937153807,-0.11997796016742229,-0.23961052096596552,0.33634932244567833,-0.2667497795748179,0.15153846346286065,-0.4182074426931342,0.078725114,0.051823795,10,1,280.0,0.0,0.3,0.0,0.0,0.0104529616724738,0.0,0.0,0.7,1.0881999999999998,0.1214115315775235,-3.197389860386754,2.0,2.0,1.751,0.4505541032994816,0.5526528294305441,3.0,0.0,0.0,0.4952816079376104,5.915228243436404,0.1008023624320745,0.0,-0.85281051833752,-4.38836054712972,-6.02999863333333,-5.03999103769484,481
-0.10841244221865005,0.2274086589002261,-0.4692292408596662,-0.22840584128649719,-0.07864378087225679,-0.4025153758896779,0.07641649113115159,-0.20721760046500257,0.0069303885,-0.016213939,2,2,238.0,0.0,0.0,0.0,0.0,0.0,0.0,1.0,1.0,0.9665,0.1874239845910869,0.1787391302830784,1.0,1.5,1.6695,0.3232951437927888,-0.5242887289041326,3.0,0.5,-0.113,0.4341439853320554,1.4119739549798125,0.0402497085114652,0.0625,9.77049329245433,-2.92624823700533,8.68222222222223,6.60702233473719,482
-0.10841244221865005,0.2274086589002261,-0.4692292408596662,-0.22840584128649719,-0.07864378087225679,5.3506132593081706,-5.053886335422629,2.155018978259821,0.7015022,-0.5263827,2,4,238.0,0.0,0.0,0.0,0.0,0.0,0.0,1.0,1.0,0.9665,0.1874239845910869,0.1787391302830784,1.0,1.0,0.9565,0.1083178194019802,0.4015959722985777,2.0,0.75,0.0815,0.2669011469106535,2.504672639056826,0.0402497085114652,0.056572490351757,1.161667960914,-68.4137597117982,-5.84662202666667,-2.66435602902866,483
-0.3900169910701239,0.24874752467402794,-0.06758340678712565,-0.3180793924633507,0.48605910015195236,-0.11517605966135847,0.09192702375007683,-0.5994968734055475,0.08285704,-0.11144397,10,2,238.0,0.0,0.2,0.0,0.0,0.008130081300813,0.0,0.0,0.9,1.1135,0.124047369984212,-1.721116699428395,2.0,2.0,1.628,0.3414908490721237,1.089341049725853,2.0,1.6333333333333335,0.0788,0.3029237234391229,5.131764906639081,0.0785112659317768,0.0,4.7791751992002,4.84847707060682,5.41444605555556,8.05329788451545,484
-0.10841244221865005,0.2274086589002261,-0.4692292408596662,-0.22840584128649719,-0.07864378087225679,-0.11517605966135847,0.09192702375007683,-0.5994968734055475,0.08285704,-0.11144397,2,2,238.0,0.0,0.0,0.0,0.0,0.0,0.0,1.0,1.0,0.9665,0.1874239845910869,0.1787391302830784,2.0,2.0,1.628,0.3414908490721237,1.089341049725853,3.0,2.0,-0.11125,0.4465825091738368,4.727569836771584,0.0402497085114652,0.0,4.91420046710834,-4.33354422039699,-3.7977767,6.47271809969641,485
-0.18880187796177264,0.3216684134347052,-0.3502960273047573,-0.23649739933108832,0.633001261064982,-0.3584885190441291,0.10675214109056994,-0.41189168748257265,0.073197186,-0.05751042,1,2,280.0,0.0,0.0,0.0,0.0,0.0,0.0,2.0,2.0,1.751,0.4505541032994816,0.5526528294305441,2.0,2.0,1.639,0.3566216482492334,1.0122773022116331,4.0,0.0,0.0,0.4952816079376104,5.915228243436404,0.0,0.0,2.03938960313508,-1.03950385787602,-1.70092891444444,1.72891436100822,486
-0.23327437118869437,0.24430211737257507,-0.4426498314015507,-0.26199018600748797,-0.0614206942853315,0.6187276001820594,2.4246001833736806,2.8707056970834683,0.86354136,-1.2017273,4,3,238.0,0.0,0.0,0.0,0.0,0.0,0.0,1.0,1.5,1.6245,0.1947213821506684,-0.639375083644725,1.0,1.0,1.0443333333333336,0.1761662724688115,-0.2516561922554292,2.0,0.3928571428571428,-0.0434505790207102,0.2679428870597248,1.628360904316895,0.1003787878787878,0.0512423491693383,0.710548189213054,-33.2113723543602,-2.90889835555556,-0.0055943171447819,487
6.114072236743935,-4.106858090089244,4.06284781270502,5.58728378394345,-3.4102018686282065,-0.2680037699288762,0.12696711572105704,-0.42433832825838413,0.122339964,-0.04727009,4,1,280.0,0.0,0.0,0.0,0.0,0.0,0.0,1.0,1.0,0.9545,0.1137090585661494,0.400144021714248,1.0,1.0,1.213,0.4665093782551429,-0.4565824609928984,2.0,0.0,0.0,0.4952816079376104,5.915228243436404,0.0710873277410883,0.0714285714285714,0.394885816396956,-45.8264296752248,1.79518317777778,1.86706096113366,488
-0.34926118345225593,0.14113933279149407,-0.05338295418099107,-0.024151219601916674,0.9875744951047315,-0.4025153758896779,0.07641649113115159,-0.20721760046500257,0.0069303885,-0.016213939,10,2,238.0,0.0,0.0,0.0,0.0,0.0,0.0,1.0,1.0,1.0089,0.0938658084714556,-0.094816207785675,1.0,1.5,1.6695,0.3232951437927888,-0.5242887289041326,2.0,0.0333333333333336,0.11025,0.3015822971337085,-0.2550437058066606,0.0565339519446635,0.0625,5.39991026241666,-12.0918037924854,-0.483333333333334,-0.543049518340267,489
-0.3346623505258465,0.23434233515451916,-0.027268684430316485,-0.6656228759153017,0.3107345460343207,0.6187276001820594,2.4246001833736806,2.8707056970834683,0.86354136,-1.2017273,2,3,238.0,0.0,0.0,0.0,0.0,0.0,0.0,1.0,1.5,1.6695,0.3232951437927888,-0.5242887289041326,1.0,1.0,1.0443333333333336,0.1761662724688115,-0.2516561922554292,2.0,-0.1,-0.0298,0.3887483676278697,-0.1805795363935755,0.0625,0.0512423491693383,0.422059448700392,-2.86659049613129,-4.621061,-2.12423475938923,490
-0.010212000479660937,0.10228919589395585,-0.650250105692852,-0.32546812522463286,-0.10110430228436308,-0.11182696312916787,0.0061273023434908844,-0.5767442811382247,0.06750562,-0.08622581,8,10,1834.0,0.25,0.75,1.0,0.125,0.0032679738562091,0.0054525627044711,0.0,0.25,0.83675,0.1282309927435641,-4.575726877303217,0.0,0.0,0.8348000000000002,0.1169143276078685,-7.140271146235604,0.0,-0.1027777777777776,-0.0374638888888889,0.1552175352976875,-0.4207893699872565,0.3023034881384502,0.3946742377920231,2.30147669482457,-4.19966543038415,-6.73447322222222,-3.04791680566857,491
-0.11895423929792552,0.22937068300216507,-0.4469031017145343,-0.02765315867683386,0.09919654091758759,-0.126869867446033,0.02268589695198233,-0.5630640588246547,0.07517242,-0.096907705,1,1,238.0,0.0,0.0,0.0,0.0,0.0,0.0,2.0,2.0,1.769,0.4512637809530032,0.5118957242971325,1.0,1.0,1.281,0.4960231849419944,-0.5665057774121193,3.0,0.0,0.0,0.4946986031104712,5.92288469320235,0.0,0.0714285714285714,-1.29645243826274,2.97800842767233,-0.993551333333333,-0.4236033360254,492
-0.035470575613250184,0.18871161388201763,-0.6589271427083319,-0.2714868327696962,-0.12935260268242763,-0.19924935858616916,0.0800136752584948,-0.5291726815854753,0.045379117,-0.13777393,2,10,280.0,1.0,0.5,0.1,0.2,0.0035587188612099,0.0034602076124567,0.0,0.5,0.9655,0.1804432043608182,-2.579759108407186,0.0,0.9,0.9991,0.0900510410822662,-1.1004869994725222,0.0,-0.2166666666666666,-0.3049166666666666,0.2109093901023217,0.4184261305633949,0.0965798678585309,0.1039300632650164,0.0103037964743629,-2.75759573526817,-2.58716522222222,1.22881995714306,493
-0.21864743529553257,0.21498454431933633,-0.4301276455082765,-0.20968225321390968,-0.2007324629548672,-0.4572082059902782,-1.7961674461227322,1.7565486577079403,0.3182237,-0.1454041,8,2,280.0,0.0,0.125,0.0,0.0,0.0034843205574912,0.0,0.0,0.875,1.1356428571428572,0.1401106341285998,-1.8602646313314624,2.0,2.0,1.6495,0.3569310157439389,0.9819824687116784,3.0,0.375,0.0475624999999999,0.3014135901775996,1.0863395370031803,0.1010456977291804,0.0,5.19840508329545,-15.4342483840732,1.66999952222222,5.26446191679274,494
1.5390367195517438,0.1207656804590924,0.033699952440906615,1.7921242626841314,-1.6190675547471463,-0.3104757666334475,0.08539609046415789,-0.3598009024605617,0.09728403,0.00267437,4,6,280.0,0.0,0.25,0.1666666666666666,0.0,0.0035335689045936,0.0035087719298245,0.0,0.75,0.96475,0.1217371656479647,-1.7640463276515457,0.0,1.3333333333333333,1.2891666666666666,0.1542702354816234,0.2862941547264819,1.0,-0.0166666666666668,-0.042125,0.203563390174767,0.1250634178939359,0.0881410876891149,0.0308243727598566,-4.0088821249846,-6.0621602761107,-6.05605566666667,-4.2999300657998,495
-0.10841244221865005,0.2274086589002261,-0.4692292408596662,-0.22840584128649719,-0.07864378087225679,-0.3359856070451807,0.053279388284133686,-0.3947375084456536,0.11113214,-0.057361633,2,6,238.0,0.0,0.0,0.1666666666666666,0.0,0.0,0.0041152263374485,1.0,1.0,0.9665,0.1874239845910869,0.1787391302830784,0.0,1.1666666666666667,1.3111666666666668,0.1541383757825704,-0.9374693308292912,2.0,0.4583333333333332,0.05575,0.2514394531713572,1.6011144164355573,0.0402497085114652,0.0361324458098651,1.79244278455164,-0.980574412734288,-2.2989166,2.59283850774254,496
-0.11895423929792552,0.22937068300216507,-0.4469031017145343,-0.02765315867683386,0.09919654091758759,-0.1919240266534033,0.07045181888214926,-0.49589034018515465,0.08007887,-0.09842044,1,2,238.0,0.0,0.0,0.0,0.0,0.0,0.0,2.0,2.0,1.769,0.4512637809530032,0.5118957242971325,1.0,1.0,0.9665,0.1874239845910869,0.1787391302830784,3.0,0.0,0.0,0.4946986031104712,5.92288469320235,0.0,0.0402497085114652,3.46163196229588,4.06568479984926,3.09731913333333,7.69257156870738,497
-0.010212000479660937,0.10228919589395585,-0.650250105692852,-0.32546812522463286,-0.10110430228436308,-0.3186088082028651,0.23024857376205088,-0.31802082265835124,0.10970811,-0.049321145,8,2,1834.0,1.0,0.75,1.0,0.25,0.0032679738562091,0.0010905125408942,0.0,0.25,0.83675,0.1282309927435641,-4.575726877303217,0.0,0.0,0.748,0.3057711562590559,-2.4462739035014747,0.0,-0.2249999999999999,-0.3345249999999999,0.2196102214720435,0.4987245095690714,0.3023034881384502,0.3138359891177613,2.36941278490186,-4.47948805405915,-5.74666503631286,-0.499301008553118,498
-0.13551112763207185,0.16698177980334328,-0.4767004439630483,-0.45282094400100875,0.00196427908655,-0.11517605966135847,0.09192702375007683,-0.5994968734055475,0.08285704,-0.11144397,2,2,238.0,0.0,1.0,0.0,0.0,0.0084033613445378,0.0,0.0,0.0,0.9145,0.1947812876022745,-4.69500952199949,2.0,2.0,1.628,0.3414908490721237,1.089341049725853,2.0,1.5,-0.0675,0.4642938186105863,3.3760949148338706,0.0632462686567164,0.0,3.13851002236195,0.156172282449924,-0.148916912027266,3.15713556790107,499
-0.035470575613250184,0.18871161388201763,-0.6589271427083319,-0.2714868327696962,-0.12935260268242763,-0.2484637761438005,0.05585921332255339,-0.2677719649556255,0.078204274,-0.010806085,2,10,280.0,0.5,0.5,0.3,0.0909090909090909,0.0035587188612099,0.0104529616724738,0.0,0.5,0.9655,0.1804432043608182,-2.579759108407186,0.0,0.7,1.0881999999999998,0.1214115315775235,-3.197389860386754,0.0,0.3,0.0303833333333333,0.2510155323879381,1.0741035190204125,0.0965798678585309,0.1008023624320745,1.9256529454375,1.78399621002139,-0.0313778006715398,3.25858877983473,500
-0.3346623505258465,0.23434233515451916,-0.027268684430316485,-0.6656228759153017,0.3107345460343207,-0.3359856070451807,0.053279388284133686,-0.3947375084456536,0.11113214,-0.057361633,2,6,238.0,0.0,0.0,0.1666666666666666,0.0,0.0,0.0041152263374485,1.0,1.5,1.6695,0.3232951437927888,-0.5242887289041326,0.0,1.1666666666666667,1.3111666666666668,0.1541383757825704,-0.9374693308292912,2.0,-0.541666666666667,0.003875,0.3204606899752986,-1.7023668853384726,0.0625,0.0361324458098651,-0.0267463929993425,-1.17094194060297,-5.66113913424949,-1.74209524989857,501
-0.04085555658391821,0.2160351253361784,-0.6485797542249851,-0.262390652848623,-0.22355457549558808,-0.25614891779950816,0.10659373691076436,-0.23638575871169465,0.12920694,-0.0040153572,4,3,280.0,0.0,0.0,0.0,0.0,0.0,0.0,1.0,1.5,1.60925,0.1989255688553999,-0.5492003900183113,1.0,1.6666666666666667,1.304,0.2390388160018275,1.517187345271548,2.0,-0.1071428571428572,-0.1143986353370814,0.2966469084974109,0.0244593083102618,0.053030303030303,0.0308641975308641,-1.14341982617951,-33.7839494333473,-10.4466650363129,-5.96508995304263,502
-0.3771956823689706,-0.9045372889744421,0.6703042817384331,0.9098113549999784,1.0531287784189003,-0.29548229624834477,0.1759867844632078,-0.1454306818553159,-0.027028926,-0.03252709,2,1,280.0,0.0,1.0,0.0,0.0,0.0071428571428571,0.0,0.0,0.0,0.446,0.1551902058765307,-2.873892701417237,1.0,1.0,0.953,0.2116388433156824,0.222076435798198,1.0,0.0,0.0,0.4952816079376104,5.915228243436404,0.0364866414402018,0.0336134453781512,-3.47483020970803,0.738317265736725,3.12116131238881,0.269295867651215,503
0.19048609853627016,0.10823699835256903,-0.4091117980317365,0.6709192564360943,-0.03359470807415822,-0.2678325682475351,0.17925756675775284,-0.36879808902496625,0.04953243,0.010057061,4,1,238.0,0.0,0.0,0.0,0.0,0.0,0.0,1.0,1.0,0.95775,0.1314436666408846,0.3214304734470823,1.0,1.0,0.934,0.2482820976228451,0.265826656983774,2.0,0.0,0.0,0.4946986031104712,5.92288469320235,0.0550092290231879,0.0546218487394958,8.01019603815212,-12.6720852627586,5.61874987779485,6.87993414448601,504
-0.08901436886646047,0.2858642565730403,-0.6122620779867067,-0.2968613442542693,-0.11631566521206387,-0.3104757666334475,0.08539609046415789,-0.3598009024605617,0.09728403,0.00267437,1,6,280.0,0.0,0.0,0.1666666666666666,0.0,0.0,0.0035087719298245,1.0,1.0,1.886,0.4062068438615972,-2.1811547820742225,0.0,1.3333333333333333,1.2891666666666666,0.1542702354816234,0.2862941547264819,3.0,0.0,0.0,0.4952816079376104,5.915228243436404,0.3333333333333333,0.0308243727598566,-2.10670516067031,0.836302841416276,0.962894542421758,0.10347797885611,505
-0.11628245057425714,0.23852390777491778,-0.520184804377084,-0.43581032594434976,-0.26504504972245063,-0.3584885190441291,0.10675214109056994,-0.41189168748257265,0.073197186,-0.05751042,10,2,280.0,0.0,0.1,0.0,0.0,0.0034602076124567,0.0,0.0,0.9,0.9991,0.0900510410822662,-1.1004869994725222,2.0,2.0,1.639,0.3566216482492334,1.0122773022116331,3.0,1.95,0.1145833333333333,0.3221237577046713,5.697861839639313,0.1039300632650164,0.0,2.92645057786056,-0.19333381268436,0.305167949267502,2.38492685843076,506
-0.16915621533329026,0.21044537937153807,-0.11997796016742229,-0.23961052096596552,0.33634932244567833,-0.1738684770605379,0.1207380549927549,-0.5893142450172808,0.06862594,-0.10637382,10,1,280.0,0.0,0.3,0.0,0.0,0.0104529616724738,0.0,0.0,0.7,1.0881999999999998,0.1214115315775235,-3.197389860386754,1.0,1.0,1.886,0.4062068438615972,-2.1811547820742225,2.0,0.0,0.0,0.4952816079376104,5.915228243436404,0.1008023624320745,0.3333333333333333,-1.66922354983888,0.81321770169762,-1.7922502453606,-3.7469889171732,507
-0.07758596872693474,0.21553428160085059,-0.6093053147419236,-0.3938537915570047,-0.1761544972391733,-0.16131621606338054,0.120343445527664,-0.39190932489914054,0.122814536,-0.034377053,8,1,238.0,0.0,0.0,0.0,0.0,0.0,0.0,1.0,1.125,1.152875,0.1476519873723344,-0.1887885188413186,1.0,1.0,1.901,0.3939530428870933,-2.2870746051280686,2.0,0.0,0.0,0.4946986031104712,5.92288469320235,0.0535567527472243,0.3333333333333333,1.02665656954152,0.230014335541385,0.290922645966771,3.9935010262692,508
-0.3771956823689706,-0.9045372889744421,0.6703042817384331,0.9098113549999784,1.0531287784189003,-0.29452975188354114,0.05976401507631464,-0.4703505844460725,0.083211415,-0.1241961,2,8,280.0,0.0,1.0,0.125,0.0,0.0071428571428571,0.0034843205574912,0.0,0.0,0.446,0.1551902058765307,-2.873892701417237,0.0,0.875,1.1356428571428572,0.1401106341285998,-1.8602646313314624,2.0,0.875,-0.1538375,0.2976472196136728,3.4565668086379766,0.0364866414402018,0.1010456977291804,-1.45908890656081,1.9379434516404,4.28922632580791,3.69890575618838,509
-0.3771956823689706,-0.9045372889744421,0.6703042817384331,0.9098113549999784,1.0531287784189003,-0.23767871251967004,0.28590572633516176,-0.1742956705326992,0.13872588,-0.011449606,2,2,280.0,0.0,1.0,0.0,0.0,0.0071428571428571,0.0,0.0,0.0,0.446,0.1551902058765307,-2.873892701417237,1.0,1.0,1.131,0.2689591046980935,-0.4870628943647305,2.0,0.5,-0.289,0.4274681274668322,1.845751646270328,0.0364866414402018,0.0755555555555555,-6.11783636269285,-0.983115841794377,0.864982661058519,-0.619460362780041,510
-0.13551112763207185,0.16698177980334328,-0.4767004439630483,-0.45282094400100875,0.00196427908655,-0.3359856070451807,0.053279388284133686,-0.3947375084456536,0.11113214,-0.057361633,2,6,238.0,0.0,1.0,0.1666666666666666,0.0,0.0084033613445378,0.0041152263374485,0.0,0.0,0.9145,0.1947812876022745,-4.69500952199949,0.0,1.1666666666666667,1.3111666666666668,0.1541383757825704,-0.9374693308292912,2.0,0.5833333333333333,0.13275,0.418254067855625,1.0772957586365133,0.0632462686567164,0.0361324458098651,0.224190020243161,-2.8478250558907,-2.24777614742396,0.367224184926902,511
-0.22146283298011935,0.3204796188178283,-0.15944924106093927,0.14272345654986318,0.4965197174089951,-0.2680037699288762,0.12696711572105704,-0.42433832825838413,0.122339964,-0.04727009,2,1,280.0,0.0,1.0,0.0,0.0,0.0071428571428571,0.0,0.0,0.0,0.9295,0.1810517881712302,-5.133890194560923,1.0,1.0,1.213,0.4665093782551429,-0.4565824609928984,3.0,0.0,0.0,0.4952816079376104,5.915228243436404,0.0832950631458094,0.0714285714285714,-0.252738260430229,-1.02094344818364,0.535100557483135,2.13553789013963,512
-0.052989973467087365,0.21227919146266333,-0.6083998744390852,-0.08886155667139391,-0.16533153573602258,-0.23607268450281596,0.18618826767868402,-0.37350760983174297,0.07163104,-0.072466925,1,10,1834.0,0.0,1.0,0.8,0.0,0.0005452562704471,0.0043572984749455,0.0,0.0,0.656,0.4750410508577126,-1.3809332873770723,0.0,0.2,0.7948000000000001,0.1257495924446676,-4.730035210744116,1.0,0.0,0.0,0.46280788768264797,2.7944592902593897,0.3675373134328358,0.3192039045085061,1.534817593552,9.73644250745126,11.4332724234999,3.60782579133104,513
-0.1524302868712236,0.19729116078181377,-0.3224861829506336,-0.3918141840495187,0.2136312188654788,-0.2667497795748179,0.15153846346286065,-0.4182074426931342,0.078725114,0.051823795,1,1,280.0,1.0,0.0,0.0,1.0,0.0,0.0,2.0,2.0,1.765,0.4536242938820627,0.5180498557272982,2.0,2.0,1.751,0.4505541032994816,0.5526528294305441,0.0,0.0,0.0,0.4952816079376104,5.915228243436404,0.0,0.0,1.40879529116024,-5.5259534610851,-6.31999836964619,-1.5510372218188,514
-0.1239558859220553,0.2324639610716511,-0.4856353804547076,-0.29667115239031533,-0.24199974915474093,-0.3359856070451807,0.053279388284133686,-0.3947375084456536,0.11113214,-0.057361633,8,6,238.0,0.0,0.0,0.1666666666666666,0.0,0.0,0.0041152263374485,1.0,1.125,1.1529464285714284,0.1505048635986118,-0.1856845546597083,0.0,1.1666666666666667,1.3111666666666668,0.1541383757825704,-0.9374693308292912,2.0,0.351190476190476,-0.0444732142857142,0.173480040542899,2.280744742957035,0.0681347279378319,0.0361324458098651,-3.8274106280469,-14.4946615637597,-5.90386155578986,-4.13390610433395,515
-0.07758596872693474,0.21553428160085059,-0.6093053147419236,-0.3938537915570047,-0.1761544972391733,-0.21714723565463467,0.018469794394081415,-0.5007702613398466,0.04253316,-0.08140227,8,2,238.0,0.0,0.0,1.0,0.0,0.0,0.0084033613445378,1.0,1.125,1.152875,0.1476519873723344,-0.1887885188413186,0.0,0.0,0.9145,0.1947812876022745,-4.69500952199949,1.0,0.375,-0.0392249999999999,0.2589150910530323,1.5998488087940628,0.0535567527472243,0.0632462686567164,-0.2816643150388,-7.97565638572059,-5.21383190229768,1.06391554927692,516
-0.1774127871309326,0.26942209205433276,-0.07192539659934374,0.06523838265322096,0.3685142023162129,-0.1738684770605379,0.1207380549927549,-0.5893142450172808,0.06862594,-0.10637382,3,1,280.0,0.0,0.0,0.0,0.0,0.0,0.0,1.0,1.6666666666666667,1.304,0.2390388160018275,1.517187345271548,1.0,1.0,1.886,0.4062068438615972,-2.1811547820742225,3.0,0.0,0.0,0.4952816079376104,5.915228243436404,0.0308641975308641,0.3333333333333333,-7.53973019718379,-8.77174037220779,1.75652177241427,1.25917286470052,517
-0.04085555658391821,0.2160351253361784,-0.6485797542249851,-0.262390652848623,-0.22355457549558808,-0.2484637761438005,0.05585921332255339,-0.2677719649556255,0.078204274,-0.010806085,4,10,280.0,0.0,0.0,0.3,0.0,0.0,0.0104529616724738,1.0,1.5,1.60925,0.1989255688553999,-0.5492003900183113,0.0,0.7,1.0881999999999998,0.1214115315775235,-3.197389860386754,2.0,0.2642857142857144,-0.0636514343376098,0.2145484773172868,1.5284990726750844,0.053030303030303,0.1008023624320745,3.46052683299342,-1.64063952318337,-5.74339731363207,-0.401609397140126,518
1.5390367195517438,0.1207656804590924,0.033699952440906615,1.7921242626841314,-1.6190675547471463,-0.29548229624834477,0.1759867844632078,-0.1454306818553159,-0.027028926,-0.03252709,4,1,280.0,0.0,0.25,0.0,0.0,0.0035335689045936,0.0,0.0,0.75,0.96475,0.1217371656479647,-1.7640463276515457,1.0,1.0,0.953,0.2116388433156824,0.222076435798198,2.0,0.0,0.0,0.4952816079376104,5.915228243436404,0.0881410876891149,0.0336134453781512,-5.67148794994814,-4.81531905977488,0.757638766683741,-1.69284522973227,519
-0.04742056663927138,0.18770201157100216,-0.7409040438489211,-0.4358399425592427,-0.14975796592326604,-0.16131621606338054,0.120343445527664,-0.39190932489914054,0.122814536,-0.034377053,1,1,238.0,0.0,0.0,0.0,0.0,0.0,0.0,2.0,2.0,1.778,0.4297859932571093,0.5165361446928163,1.0,1.0,1.901,0.3939530428870933,-2.2870746051280686,4.0,0.0,0.0,0.4946986031104712,5.92288469320235,0.0,0.3333333333333333,-2.21105689936822,-5.05190442909307,-6.77888957357549,-7.36082816083674,520
-0.23327437118869437,0.24430211737257507,-0.4426498314015507,-0.26199018600748797,-0.0614206942853315,-0.20639172215776463,0.07480062598913675,-0.5066062404985098,0.06865776,-0.13290855,4,8,238.0,0.0,0.0,0.0,0.0,0.0,0.0,1.0,1.5,1.6245,0.1947213821506684,-0.639375083644725,1.0,1.125,1.1529464285714284,0.1505048635986118,-0.1856845546597083,2.0,0.375,-0.0512108980827447,0.2256412197779175,1.888887582252185,0.1003787878787878,0.0681347279378319,5.70488916115248,-1.22247735373781,0.380001630353817,9.89439812071306,521
0.19048609853627016,0.10823699835256903,-0.4091117980317365,0.6709192564360943,-0.03359470807415822,-0.11517605966135847,0.09192702375007683,-0.5994968734055475,0.08285704,-0.11144397,4,2,238.0,0.0,0.0,0.0,0.0,0.0,0.0,1.0,1.0,0.95775,0.1314436666408846,0.3214304734470823,2.0,2.0,1.628,0.3414908490721237,1.089341049725853,2.0,1.4166666666666663,0.0387916666666666,0.4099674762675963,3.3609373420164315,0.0550092290231879,0.0,-3.66595643589535,-7.75479778911236,-6.13907735403322,-3.66418115042301,522
-0.11895423929792552,0.22937068300216507,-0.4469031017145343,-0.02765315867683386,0.09919654091758759,-0.2678325682475351,0.17925756675775284,-0.36879808902496625,0.04953243,0.010057061,1,1,238.0,0.0,0.0,0.0,0.0,0.0,0.0,2.0,2.0,1.769,0.4512637809530032,0.5118957242971325,1.0,1.0,0.934,0.2482820976228451,0.265826656983774,3.0,0.0,0.0,0.4946986031104712,5.92288469320235,0.0,0.0546218487394958,8.40267149421374,-27.6139504087767,-0.560980021159086,0.99617760681999,523
-0.056505402534588856,0.14995875503417463,-0.6434050957320679,-0.2509302721025314,-0.06661239735328474,-0.13515334565373371,0.03629430579103768,-0.6733385503273589,0.045374162,-0.11343424,2,1,238.0,0.0,0.0,0.0,0.0,0.0,0.0,1.0,1.0,0.9295,0.1740107755284137,0.405147323698286,2.0,2.0,1.778,0.4297859932571093,0.5165361446928163,2.0,0.0,0.0,0.4946986031104712,5.92288469320235,0.0268294920307304,0.0,1.75980515701958,-3.30880987251921,-4.95955392520175,-1.29360234390431,524
-0.21967080627433555,0.3500885404258898,0.06732764272986025,-0.8686016730037548,0.23346587061710086,1.0344340815102784,-0.2303359327445566,2.5590160008460003,1.9664875,0.55667,1,3,280.0,0.0,0.0,0.0,0.0,0.0,0.0,1.0,1.0,0.953,0.2116388433156824,0.222076435798198,1.0,1.0,1.030333333333333,0.1821839729504217,-0.1664983633965859,2.0,0.0,0.0,0.4952816079376104,5.915228243436404,0.0336134453781512,0.0537683377052365,6.15580478389433,-4.33587367691634,6.4420041035857,6.06361757856658,525
-0.10186334166672244,0.14717485979138187,-0.6791052654737372,-0.41246203322511116,-0.06083798028210012,-0.19924935858616916,0.0800136752584948,-0.5291726815854753,0.045379117,-0.13777393,1,10,280.0,0.0,1.0,0.1,0.0,0.0035714285714285,0.0034602076124567,0.0,0.0,0.902,0.2973146481423342,-3.0338229402279,0.0,0.9,0.9991,0.0900510410822662,-1.1004869994725222,1.0,0.0,0.0,0.4952816079376104,5.915228243436404,0.085820895522388,0.1039300632650164,-0.342005401590181,-2.02061000972383,-2.49088478530319,4.00991177713461,526
-0.04085555658391821,0.2160351253361784,-0.6485797542249851,-0.262390652848623,-0.22355457549558808,-0.3104757666334475,0.08539609046415789,-0.3598009024605617,0.09728403,0.00267437,4,6,280.0,0.25,0.0,0.1666666666666666,0.1111111111111111,0.0,0.0035087719298245,1.0,1.5,1.60925,0.1989255688553999,-0.5492003900183113,0.0,1.3333333333333333,1.2891666666666666,0.1542702354816234,0.2862941547264819,0.0,-0.4166666666666669,-0.0632189707366296,0.226970506608391,-1.5572406354093689,0.053030303030303,0.0308243727598566,-1.51301111819501,-0.756729912382773,-0.772063768539076,-2.05500611517895,527
-0.16915621533329026,0.21044537937153807,-0.11997796016742229,-0.23961052096596552,0.33634932244567833,-0.29548229624834477,0.1759867844632078,-0.1454306818553159,-0.027028926,-0.03252709,10,1,280.0,0.0,0.3,0.0,0.0,0.0104529616724738,0.0,0.0,0.7,1.0881999999999998,0.1214115315775235,-3.197389860386754,1.0,1.0,0.953,0.2116388433156824,0.222076435798198,2.0,0.0,0.0,0.4952816079376104,5.915228243436404,0.1008023624320745,0.0336134453781512,2.09088436956714,-15.1349865209547,3.3987660849557,3.24251815557486,528
-0.10841244221865005,0.2274086589002261,-0.4692292408596662,-0.22840584128649719,-0.07864378087225679,-0.4540389699805117,0.0888085081532088,-0.23354972713218797,0.06507606,0.020801008,2,10,238.0,0.5,0.0,0.2,0.0909090909090909,0.0,0.008130081300813,1.0,1.0,0.9665,0.1874239845910869,0.1787391302830784,0.0,0.9,1.1135,0.124047369984212,-1.721116699428395,0.0,0.3,0.0303833333333333,0.2510155323879381,1.0741035190204125,0.0402497085114652,0.0785112659317768,-2.30362724622359,3.00515139600972,-2.10121595203092,-2.46358489210766,529
-0.1901491090026142,0.2931052731210329,-0.3596824681527892,0.024193663446204095,0.16363435359895562,-0.25614891779950816,0.10659373691076436,-0.23638575871169465,0.12920694,-0.0040153572,1,3,280.0,0.0,0.0,0.0,0.0,0.0,0.0,1.0,1.0,1.213,0.4665093782551429,-0.4565824609928984,1.0,1.6666666666666667,1.304,0.2390388160018275,1.517187345271548,2.0,0.0,0.0,0.4952816079376104,5.915228243436404,0.0714285714285714,0.0308641975308641,1.13278670388696,-29.0205662287374,-1.00764668782576,1.73102728425865,530
-0.04085555658391821,0.2160351253361784,-0.6485797542249851,-0.262390652848623,-0.22355457549558808,-0.29548229624834477,0.1759867844632078,-0.1454306818553159,-0.027028926,-0.03252709,4,1,280.0,0.0,0.0,0.0,0.0,0.0,0.0,1.0,1.5,1.60925,0.1989255688553999,-0.5492003900183113,1.0,1.0,0.953,0.2116388433156824,0.222076435798198,2.0,0.0,0.0,0.4952816079376104,5.915228243436404,0.053030303030303,0.0336134453781512,0.179168064955398,-4.30541427159492,-0.513456137266526,-0.985948739626223,531
-0.07758596872693474,0.21553428160085059,-0.6093053147419236,-0.3938537915570047,-0.1761544972391733,-0.13515334565373371,0.03629430579103768,-0.6733385503273589,0.045374162,-0.11343424,8,1,238.0,0.0,0.0,0.0,0.0,0.0,0.0,1.0,1.125,1.152875,0.1476519873723344,-0.1887885188413186,2.0,2.0,1.778,0.4297859932571093,0.5165361446928163,3.0,0.0,0.0,0.4946986031104712,5.92288469320235,0.0535567527472243,0.0,5.72445978742612,-1.20051478013589,-3.21666503631287,6.82208541208678,532
5.846241237933661,-5.7294151691674235,3.589336727508081,3.4859141284555544,-2.1057246899351267,-0.13515334565373371,0.03629430579103768,-0.6733385503273589,0.045374162,-0.11343424,4,1,238.0,0.0,0.0,0.0,0.0,0.0,0.0,1.0,1.0,0.9565,0.1083178194019802,0.4015959722985777,2.0,2.0,1.778,0.4297859932571093,0.5165361446928163,3.0,0.0,0.0,0.4946986031104712,5.92288469320235,0.056572490351757,0.0,-2.28938059985417,-16.2528568480703,1.08391622198791,0.742525089344446,533
3.912060230014297,-2.769515364483226,3.1056552232778323,2.4499076058626126,-7.280888066219334,-0.1897121117196443,0.1554636982474213,-0.4476229656822046,0.06279729,-0.11505404,4,8,1834.0,0.0,0.75,0.875,0.0,0.0016348773841961,0.0038147138964577,0.0,0.25,0.764,0.2157637597002795,-2.382235092278725,0.0,0.125,0.8386607142857142,0.1276476923198842,-5.590862641662848,2.0,0.625,0.0989375,0.2141865253033621,2.4560952153965507,0.2641156411462355,0.3987196835558385,-2.66395915227883,0.543850243618078,1.36283476436899,0.948462859148415,534
-0.18880187796177264,0.3216684134347052,-0.3502960273047573,-0.23649739933108832,0.633001261064982,-0.12403040309715926,0.03716281286667653,-0.6197941869180761,0.072871216,-0.10912621,1,2,280.0,0.0,0.0,0.5,0.0,0.0,0.0035587188612099,2.0,2.0,1.751,0.4505541032994816,0.5526528294305441,0.0,0.5,0.9655,0.1804432043608182,-2.579759108407186,3.0,0.0,0.0,0.4952816079376104,5.915228243436404,0.0,0.0965798678585309,0.451220525057597,-1.44774408742495,-2.0811094807573,-0.0061420236098595,535
5.846241237933661,-5.7294151691674235,3.589336727508081,3.4859141284555544,-2.1057246899351267,-0.11517605966135847,0.09192702375007683,-0.5994968734055475,0.08285704,-0.11144397,4,2,238.0,0.0,0.0,0.0,0.0,0.0,0.0,1.0,1.0,0.9565,0.1083178194019802,0.4015959722985777,2.0,2.0,1.628,0.3414908490721237,1.089341049725853,2.0,1.4166666666666663,0.0154999999999999,0.4145102866971792,3.3802940762487985,0.056572490351757,0.0,0.467351656830822,-48.4554785776095,-8.80830600023432,-4.52196739765264,536
-0.2357791189478546,0.2447807351317762,-0.26087508979148455,-0.125568586414513,0.4002006839558757,1.0344340815102784,-0.2303359327445566,2.5590160008460003,1.9664875,0.55667,6,3,280.0,0.0,0.1666666666666666,0.0,0.0,0.0035087719298245,0.0,0.0,1.3333333333333333,1.2891666666666666,0.1542702354816234,0.2862941547264819,1.0,1.0,1.030333333333333,0.1821839729504217,-0.1664983633965859,2.0,0.4444444444444444,0.0158611111111111,0.2450575628397097,1.7489088211232486,0.0308243727598566,0.0537683377052365,-10.0939752253353,-3.6635892102345,-3.61114679853973,-7.00802960982772,537
-0.34926118345225593,0.14113933279149407,-0.05338295418099107,-0.024151219601916674,0.9875744951047315,-0.4540389699805117,0.0888085081532088,-0.23354972713218797,0.06507606,0.020801008,10,10,238.0,0.2,0.0,0.2,0.1111111111111111,0.0,0.008130081300813,1.0,1.0,1.0089,0.0938658084714556,-0.094816207785675,0.0,0.9,1.1135,0.124047369984212,-1.721116699428395,0.0,-0.35,0.0440499999999999,0.1565314584995616,-2.517385347183125,0.0565339519446635,0.0785112659317768,-2.81641627773859,-14.5778905318632,1.96069259825331,1.76351323315695,538
-0.1524302868712236,0.19729116078181377,-0.3224861829506336,-0.3918141840495187,0.2136312188654788,5.59990790799449,-3.6580869316059808,2.4642993886113573,1.0530713,-0.8017871,1,4,280.0,0.0,0.0,0.0,0.0,0.0,0.0,2.0,2.0,1.765,0.4536242938820627,0.5180498557272982,1.0,1.0,0.9545,0.1137090585661494,0.400144021714248,3.0,0.0,0.0,0.4952816079376104,5.915228243436404,0.0,0.0710873277410883,0.790904231798001,-50.3203575351734,-1.63110948075732,-0.660789755755941,539
-0.04742056663927138,0.18770201157100216,-0.7409040438489211,-0.4358399425592427,-0.14975796592326604,-0.3359856070451807,0.053279388284133686,-0.3947375084456536,0.11113214,-0.057361633,1,6,238.0,0.0,0.0,0.1666666666666666,0.0,0.0,0.0041152263374485,2.0,2.0,1.778,0.4297859932571093,0.5165361446928163,0.0,1.1666666666666667,1.3111666666666668,0.1541383757825704,-0.9374693308292912,3.0,0.0,0.0,0.4946986031104712,5.92288469320235,0.0,0.0361324458098651,0.963982105205538,2.07841020179843,2.10112894862577,3.54307078701039,540
-0.3900169910701239,0.24874752467402794,-0.06758340678712565,-0.3180793924633507,0.48605910015195236,-0.13515334565373371,0.03629430579103768,-0.6733385503273589,0.045374162,-0.11343424,10,1,238.0,0.0,0.2,0.0,0.0,0.008130081300813,0.0,0.0,0.9,1.1135,0.124047369984212,-1.721116699428395,2.0,2.0,1.778,0.4297859932571093,0.5165361446928163,3.0,0.0,0.0,0.4946986031104712,5.92288469320235,0.0785112659317768,0.0,0.398975350761181,-9.20193962331758,-6.64780580091616,-4.04431615030285,541
1.5390367195517438,0.1207656804590924,0.033699952440906615,1.7921242626841314,-1.6190675547471463,-0.1738684770605379,0.1207380549927549,-0.5893142450172808,0.06862594,-0.10637382,4,1,280.0,0.0,0.25,0.0,0.0,0.0035335689045936,0.0,0.0,0.75,0.96475,0.1217371656479647,-1.7640463276515457,1.0,1.0,1.886,0.4062068438615972,-2.1811547820742225,2.0,0.0,0.0,0.4952816079376104,5.915228243436404,0.0881410876891149,0.3333333333333333,-9.22731595180317,-21.1754388043775,-1.69483205073248,-4.741412275966,542
-0.03852116886365697,0.17188281861503513,-0.5720728072321701,-0.2577322671474974,-0.07147857841031255,-0.23651819955057113,0.15206763627700973,-0.3104208269392072,0.13033125,-0.043852016,1,3,238.0,0.0,0.0,0.0,0.0,0.0,0.0,1.0,1.0,1.281,0.4960231849419944,-0.5665057774121193,1.0,1.3333333333333333,1.3296666666666666,0.2391835650243924,0.0153299273145827,2.0,0.0,0.0,0.4946986031104712,5.92288469320235,0.0714285714285714,0.0435185185185185,-5.77696123488414,-9.6770538508875,1.19087502946122,2.64225462219977,543
-0.18880187796177264,0.3216684134347052,-0.3502960273047573,-0.23649739933108832,0.633001261064982,-0.25614891779950816,0.10659373691076436,-0.23638575871169465,0.12920694,-0.0040153572,1,3,280.0,0.0,0.0,0.0,0.0,0.0,0.0,2.0,2.0,1.751,0.4505541032994816,0.5526528294305441,1.0,1.6666666666666667,1.304,0.2390388160018275,1.517187345271548,3.0,0.0,0.0,0.4952816079376104,5.915228243436404,0.0,0.0308641975308641,-0.289488501525177,-2.47038039820636,-0.69666503631289,0.539633171973441,544
-0.04085555658391821,0.2160351253361784,-0.6485797542249851,-0.262390652848623,-0.22355457549558808,-0.29715029834682977,0.15051580679401794,-0.2935531859945593,0.14217056,0.023009479,4,2,280.0,0.0,0.0,1.0,0.0,0.0,0.0071428571428571,1.0,1.5,1.60925,0.1989255688553999,-0.5492003900183113,0.0,0.0,0.9295,0.1810517881712302,-5.133890194560923,2.0,0.5833333333333335,0.0683652875882946,0.3464409916258001,1.4864524065941631,0.053030303030303,0.0832950631458094,-0.933714164667816,-5.2831534898643,-0.816632672549806,-0.442413473161407,545
-0.3771956823689706,-0.9045372889744421,0.6703042817384331,0.9098113549999784,1.0531287784189003,-0.12403040309715926,0.03716281286667653,-0.6197941869180761,0.072871216,-0.10912621,2,2,280.0,0.0,1.0,0.5,0.0,0.0071428571428571,0.0035587188612099,0.0,0.0,0.446,0.1551902058765307,-2.873892701417237,0.0,0.5,0.9655,0.1804432043608182,-2.579759108407186,1.0,0.5,-0.539,0.4013776276774778,2.588584735058717,0.0364866414402018,0.0965798678585309,-4.03862899156425,-6.69028722392773,-4.28677367419208,-3.68099796456981,546
-0.056505402534588856,0.14995875503417463,-0.6434050957320679,-0.2509302721025314,-0.06661239735328474,5.3506132593081706,-5.053886335422629,2.155018978259821,0.7015022,-0.5263827,2,4,238.0,0.0,0.0,0.0,0.0,0.0,0.0,1.0,1.0,0.9295,0.1740107755284137,0.405147323698286,1.0,1.0,0.9565,0.1083178194019802,0.4015959722985777,1.0,0.25,-0.2883333333333334,0.3207510717051464,1.6783524072780076,0.0268294920307304,0.056572490351757,4.70835987097132,-74.2591339996898,-1.46973257653205,4.22904729982904,547
-0.056505402534588856,0.14995875503417463,-0.6434050957320679,-0.2509302721025314,-0.06661239735328474,-0.2705416352366743,0.1186780209919608,-0.36692081543565963,0.12046875,0.015978828,2,1,238.0,0.0,0.0,0.0,0.0,0.0,0.0,1.0,1.0,0.9295,0.1740107755284137,0.405147323698286,2.0,2.0,1.261,0.4846431677017639,1.5248332159605733,2.0,0.0,0.0,0.4946986031104712,5.92288469320235,0.0268294920307304,0.0,3.07191405946546,-4.76255196765668,-3.75577614742398,3.86942394951178,548
-0.16915621533329026,0.21044537937153807,-0.11997796016742229,-0.23961052096596552,0.33634932244567833,-0.3584885190441291,0.10675214109056994,-0.41189168748257265,0.073197186,-0.05751042,10,2,280.0,0.0,0.3,0.0,0.0,0.0104529616724738,0.0,0.0,0.7,1.0881999999999998,0.1214115315775235,-3.197389860386754,2.0,2.0,1.639,0.3566216482492334,1.0122773022116331,2.0,1.6333333333333335,0.0788,0.3029237234391229,5.131764906639081,0.1008023624320745,0.0,2.34572676056042,2.04960316914331,1.61570815135963,3.83779431299128,549
3.912060230014297,-2.769515364483226,3.1056552232778323,2.4499076058626126,-7.280888066219334,-0.11182696312916787,0.0061273023434908844,-0.5767442811382247,0.06750562,-0.08622581,4,10,1834.0,0.0,0.75,1.0,0.0,0.0016348773841961,0.0054525627044711,0.0,0.25,0.764,0.2157637597002795,-2.382235092278725,0.0,0.0,0.8348000000000002,0.1169143276078685,-7.140271146235604,2.0,0.55,0.1392464285714286,0.1995339876616083,2.0585644392832587,0.2641156411462355,0.3946742377920231,-5.06696038537207,-20.5133544128507,-5.02148251023831,-3.14450373251008,550
-0.23327437118869437,0.24430211737257507,-0.4426498314015507,-0.26199018600748797,-0.0614206942853315,-0.13515334565373371,0.03629430579103768,-0.6733385503273589,0.045374162,-0.11343424,4,1,238.0,0.0,0.0,0.0,0.0,0.0,0.0,1.0,1.5,1.6245,0.1947213821506684,-0.639375083644725,2.0,2.0,1.778,0.4297859932571093,0.5165361446928163,3.0,0.0,0.0,0.4946986031104712,5.92288469320235,0.1003787878787878,0.0,0.571399791074374,0.785040775419683,-1.2311094807573,0.07138723215938,551
-0.1524302868712236,0.19729116078181377,-0.3224861829506336,-0.3918141840495187,0.2136312188654788,-0.25614891779950816,0.10659373691076436,-0.23638575871169465,0.12920694,-0.0040153572,1,3,280.0,0.0,0.0,0.0,0.0,0.0,0.0,2.0,2.0,1.765,0.4536242938820627,0.5180498557272982,1.0,1.6666666666666667,1.304,0.2390388160018275,1.517187345271548,3.0,0.0,0.0,0.4952816079376104,5.915228243436404,0.0,0.0308641975308641,-1.10398171117534,-6.59578866211755,-0.486660011001616,-0.949225850106627,552
-2.043289009040621,-3.4644857650925767,3.9698366408036727,-1.3253988374957228,-5.780500397223112,-0.23607268450281596,0.18618826767868402,-0.37350760983174297,0.07163104,-0.072466925,1,10,1834.0,0.0,1.0,0.8,0.0,0.0005452562704471,0.0043572984749455,0.0,0.0,0.873,0.3329729718760968,-2.621834424221236,0.0,0.2,0.7948000000000001,0.1257495924446676,-4.730035210744116,2.0,0.0,0.0,0.46280788768264797,2.7944592902593897,0.3888888888888889,0.3192039045085061,0.812886580123551,4.62763504006589,7.35060551979426,2.33853861342798,553
-0.11628245057425714,0.23852390777491778,-0.520184804377084,-0.43581032594434976,-0.26504504972245063,-0.29715029834682977,0.15051580679401794,-0.2935531859945593,0.14217056,0.023009479,10,2,280.0,0.0,0.1,1.0,0.0,0.0034602076124567,0.0071428571428571,0.0,0.9,0.9991,0.0900510410822662,-1.1004869994725222,0.0,0.0,0.9295,0.1810517881712302,-5.133890194560923,1.0,0.1166666666666667,0.0378333333333333,0.2122217786499145,0.3714667450006556,0.1039300632650164,0.0832950631458094,-0.823514339520857,0.551406273784551,0.708749877794877,2.21821482756394,554
-0.11895423929792552,0.22937068300216507,-0.4469031017145343,-0.02765315867683386,0.09919654091758759,-0.3359856070451807,0.053279388284133686,-0.3947375084456536,0.11113214,-0.057361633,1,6,238.0,0.0,0.0,0.1666666666666666,0.0,0.0,0.0041152263374485,2.0,2.0,1.769,0.4512637809530032,0.5118957242971325,0.0,1.1666666666666667,1.3111666666666668,0.1541383757825704,-0.9374693308292912,3.0,0.0,0.0,0.4946986031104712,5.92288469320235,0.0,0.0361324458098651,-2.263582464483,-3.36340647635461,-7.1930512526517,-6.75759314827075,555
-0.23327437118869437,0.24430211737257507,-0.4426498314015507,-0.26199018600748797,-0.0614206942853315,-0.16131621606338054,0.120343445527664,-0.39190932489914054,0.122814536,-0.034377053,4,1,238.0,0.0,0.0,0.0,0.0,0.0,0.0,1.0,1.5,1.6245,0.1947213821506684,-0.639375083644725,1.0,1.0,1.901,0.3939530428870933,-2.2870746051280686,3.0,0.0,0.0,0.4946986031104712,5.92288469320235,0.1003787878787878,0.3333333333333333,2.83315473024746,0.679689772661262,-2.24669468980505,1.90941767076036,556
5.846241237933661,-5.7294151691674235,3.589336727508081,3.4859141284555544,-2.1057246899351267,-0.2678325682475351,0.17925756675775284,-0.36879808902496625,0.04953243,0.010057061,4,1,238.0,0.0,0.0,0.0,0.0,0.0,0.0,1.0,1.0,0.9565,0.1083178194019802,0.4015959722985777,1.0,1.0,0.934,0.2482820976228451,0.265826656983774,2.0,0.0,0.0,0.4946986031104712,5.92288469320235,0.056572490351757,0.0546218487394958,2.64319714170142,-5.32312926366368,3.78520265335027,2.08979090830662,557
-0.056505402534588856,0.14995875503417463,-0.6434050957320679,-0.2509302721025314,-0.06661239735328474,-0.18924481511512764,0.10199405376760427,-0.4040978294662152,0.06904244,-0.053468525,2,1,238.0,0.0,0.0,0.0,0.0,0.0,0.0,1.0,1.0,0.9295,0.1740107755284137,0.405147323698286,2.0,2.0,1.642,0.4876843241278111,0.7340814176060667,2.0,0.0,0.0,0.4946986031104712,5.92288469320235,0.0268294920307304,0.0,4.08061427226238,-0.28783606455619,1.05744607479822,2.25508110685414,558
-0.3900169910701239,0.24874752467402794,-0.06758340678712565,-0.3180793924633507,0.48605910015195236,-0.16131621606338054,0.120343445527664,-0.39190932489914054,0.122814536,-0.034377053,10,1,238.0,0.0,0.2,0.0,0.0,0.008130081300813,0.0,0.0,0.9,1.1135,0.124047369984212,-1.721116699428395,1.0,1.0,1.901,0.3939530428870933,-2.2870746051280686,2.0,0.0,0.0,0.4946986031104712,5.92288469320235,0.0785112659317768,0.3333333333333333,-4.20123796798753,-8.59451125061637,-5.63478619007945,-4.87613967659078,559
-0.3771956823689706,-0.9045372889744421,0.6703042817384331,0.9098113549999784,1.0531287784189003,-0.3104757666334475,0.08539609046415789,-0.3598009024605617,0.09728403,0.00267437,2,6,280.0,0.0,1.0,0.1666666666666666,0.0,0.0071428571428571,0.0035087719298245,0.0,0.0,0.446,0.1551902058765307,-2.873892701417237,0.0,1.3333333333333333,1.2891666666666666,0.1542702354816234,0.2862941547264819,1.0,0.2083333333333332,-0.252,0.2977569385328316,1.5460037156533817,0.0364866414402018,0.0308243727598566,-5.45290656423631,1.80122084042724,2.23644854803015,-1.60169479463422,560
-0.2631857483037943,0.20744644315804986,-0.31436334724140086,-0.042796812274355354,0.11583487203184957,-0.2678325682475351,0.17925756675775284,-0.36879808902496625,0.04953243,0.010057061,6,1,238.0,0.0,0.1666666666666666,0.0,0.0,0.0041152263374485,0.0,0.0,1.1666666666666667,1.3111666666666668,0.1541383757825704,-0.9374693308292912,1.0,1.0,0.934,0.2482820976228451,0.265826656983774,1.0,0.0,0.0,0.4946986031104712,5.92288469320235,0.0361324458098651,0.0546218487394958,2.10428117298766,-23.0224433807373,2.01321052940013,0.826093186206005,561
-0.189965177588309,0.3538906848827697,-0.27464986320499685,-0.41098548807337815,0.43516944962135823,0.6187276001820594,2.4246001833736806,2.8707056970834683,0.86354136,-1.2017273,1,3,238.0,0.0,0.0,0.0,0.0,0.0,0.0,1.0,1.0,0.934,0.2482820976228451,0.265826656983774,1.0,1.0,1.0443333333333336,0.1761662724688115,-0.2516561922554292,2.0,0.0,0.0,0.4946986031104712,5.92288469320235,0.0546218487394958,0.0512423491693383,8.98411777913739,-3.38973905921292,7.74978188136347,9.04756789733008,562
-0.035470575613250184,0.18871161388201763,-0.6589271427083319,-0.2714868327696962,-0.12935260268242763,-0.3104757666334475,0.08539609046415789,-0.3598009024605617,0.09728403,0.00267437,2,6,280.0,0.0,0.5,0.1666666666666666,0.0,0.0035587188612099,0.0035087719298245,0.0,0.5,0.9655,0.1804432043608182,-2.579759108407186,0.0,1.3333333333333333,1.2891666666666666,0.1542702354816234,0.2862941547264819,2.0,0.4583333333333332,0.05575,0.2514394531713572,1.6011144164355573,0.0965798678585309,0.0308243727598566,0.841175382930225,-6.86672718934825,-6.86666503631286,-2.15390297604722,563
0.19048609853627016,0.10823699835256903,-0.4091117980317365,0.6709192564360943,-0.03359470807415822,-0.4161038363060825,-0.003761085861173043,-0.22427450222931963,0.114251636,0.12668216,4,10,238.0,0.0,0.0,0.0,0.0,0.0,0.0,1.0,1.0,0.95775,0.1314436666408846,0.3214304734470823,1.0,1.0,1.0089,0.0938658084714556,-0.094816207785675,1.0,0.5571428571428572,0.2594821428571429,0.2017530306969592,1.4753717119264098,0.0550092290231879,0.0565339519446635,-2.85763809443859,-3.57745088452365,0.959787713963243,-0.468905684816403,564
-0.18880187796177264,0.3216684134347052,-0.3502960273047573,-0.23649739933108832,0.633001261064982,5.59990790799449,-3.6580869316059808,2.4642993886113573,1.0530713,-0.8017871,1,4,280.0,0.0,0.0,0.0,0.0,0.0,0.0,2.0,2.0,1.751,0.4505541032994816,0.5526528294305441,1.0,1.0,0.9545,0.1137090585661494,0.400144021714248,3.0,0.0,0.0,0.4952816079376104,5.915228243436404,0.0,0.0710873277410883,0.29914771081628,-40.7848734049435,-0.924383036037873,-0.881546438534478,565
-0.0362908611412701,0.15420702138862555,-0.5928524047691552,-0.24590576407473588,-0.061543371914767206,-0.12403040309715926,0.03716281286667653,-0.6197941869180761,0.072871216,-0.10912621,8,2,280.0,1.0,0.125,0.5,0.25,0.0034843205574912,0.0035587188612099,0.0,0.875,1.118625,0.1356926098761461,-1.7954183372430492,0.0,0.5,0.9655,0.1804432043608182,-2.579759108407186,0.0,-0.2249999999999999,-0.3345249999999999,0.2196102214720435,0.4987245095690714,0.0985889310896961,0.0965798678585309,1.37849186476127,-3.50373528733612,-4.77448867474367,-1.37744308850943,566
-0.056505402534588856,0.14995875503417463,-0.6434050957320679,-0.2509302721025314,-0.06661239735328474,-0.3359856070451807,0.053279388284133686,-0.3947375084456536,0.11113214,-0.057361633,2,6,238.0,0.0,0.0,0.1666666666666666,0.0,0.0,0.0041152263374485,1.0,1.0,0.9295,0.1740107755284137,0.405147323698286,0.0,1.1666666666666667,1.3111666666666668,0.1541383757825704,-0.9374693308292912,1.0,0.2083333333333332,-0.252,0.2977569385328316,1.5460037156533817,0.0268294920307304,0.0361324458098651,4.96472523147872,0.605579114462916,-1.1921094807573,6.42528697602872,567
-0.056505402534588856,0.14995875503417463,-0.6434050957320679,-0.2509302721025314,-0.06661239735328474,-0.16131621606338054,0.120343445527664,-0.39190932489914054,0.122814536,-0.034377053,2,1,238.0,0.0,0.0,0.0,0.0,0.0,0.0,1.0,1.0,0.9295,0.1740107755284137,0.405147323698286,1.0,1.0,1.901,0.3939530428870933,-2.2870746051280686,2.0,0.0,0.0,0.4946986031104712,5.92288469320235,0.0268294920307304,0.3333333333333333,4.79090894091098,-3.02880438405741,-1.93248013187305,7.76640868157504,568
-0.22146283298011935,0.3204796188178283,-0.15944924106093927,0.14272345654986318,0.4965197174089951,-0.3104757666334475,0.08539609046415789,-0.3598009024605617,0.09728403,0.00267437,2,6,280.0,0.0,1.0,0.1666666666666666,0.0,0.0071428571428571,0.0035087719298245,0.0,0.0,0.9295,0.1810517881712302,-5.133890194560923,0.0,1.3333333333333333,1.2891666666666666,0.1542702354816234,0.2862941547264819,2.0,0.5833333333333333,0.13275,0.418254067855625,1.0772957586365133,0.0832950631458094,0.0308243727598566,-1.25857652372822,-3.20672906057325,-3.20666503631286,-3.50153709356837,569
-0.3252782576209184,0.32819990936052196,-0.15982358854821102,-0.4407827433972126,0.7040334794604938,-0.1897121117196443,0.1554636982474213,-0.4476229656822046,0.06279729,-0.11505404,2,8,1834.0,0.0,1.0,0.875,0.0,0.0010905125408942,0.0038147138964577,0.0,0.0,0.7,0.3209361307176243,-2.181119334974145,0.0,0.125,0.8386607142857142,0.1276476923198842,-5.590862641662848,1.0,0.575,0.0948625,0.315386191586997,1.522379586702855,0.3279994259471871,0.3987196835558385,-1.72021843092347,-4.06711527855418,-1.19716523563101,0.954582430732999,570
-0.3771956823689706,-0.9045372889744421,0.6703042817384331,0.9098113549999784,1.0531287784189003,1.0344340815102784,-0.2303359327445566,2.5590160008460003,1.9664875,0.55667,2,3,280.0,0.0,1.0,0.0,0.0,0.0071428571428571,0.0,0.0,0.0,0.446,0.1551902058765307,-2.873892701417237,1.0,1.0,1.030333333333333,0.1821839729504217,-0.1664983633965859,1.0,0.3999999999999999,-0.3042,0.3849446193934914,1.829354053862394,0.0364866414402018,0.0537683377052365,0.682335988873596,1.29786431289661,2.83478771396323,3.80896386157693,571
-0.22146283298011935,0.3204796188178283,-0.15944924106093927,0.14272345654986318,0.4965197174089951,-0.2667497795748179,0.15153846346286065,-0.4182074426931342,0.078725114,0.051823795,2,1,280.0,0.0,1.0,0.0,0.0,0.0071428571428571,0.0,0.0,0.0,0.9295,0.1810517881712302,-5.133890194560923,2.0,2.0,1.751,0.4505541032994816,0.5526528294305441,3.0,0.0,0.0,0.4952816079376104,5.915228243436404,0.0832950631458094,0.0,-0.988137854837197,-1.1812550527908,-1.48827634674213,-1.61175479899993,572
-0.16915621533329026,0.21044537937153807,-0.11997796016742229,-0.23961052096596552,0.33634932244567833,-0.4572082059902782,-1.7961674461227322,1.7565486577079403,0.3182237,-0.1454041,10,2,280.0,0.0,0.3,0.0,0.0,0.0104529616724738,0.0,0.0,0.7,1.0881999999999998,0.1214115315775235,-3.197389860386754,2.0,2.0,1.6495,0.3569310157439389,0.9819824687116784,2.0,0.0499999999999998,0.0518833333333333,0.2890137592841482,-0.0065164140904515,0.1008023624320745,0.0,0.732415315982916,-6.13088903658046,-6.05052822245654,-3.01950764166858,573
-0.15584378176103833,0.3619473281307043,-0.28186018184574013,-0.27889950986180795,0.04428732707071189,-0.39378074788035244,0.15715716140380784,-0.2937976963093058,0.044547208,0.06682029,10,2,1834.0,0.0,0.8,1.0,0.0,0.0043572984749455,0.0010905125408942,0.0,0.2,0.7948000000000001,0.1257495924446676,-4.730035210744116,0.0,0.0,0.7,0.3209361307176243,-2.181119334974145,1.0,0.1166666666666667,0.0378333333333333,0.2122217786499145,0.3714667450006556,0.3192039045085061,0.3279994259471871,0.871194274496302,-0.0003532554302604,2.79641437785593,3.79776892358138,574
-0.24451689434087334,0.41316554856154575,-0.19690941248178004,-0.051308406241243915,0.15391935107995328,-0.11182696312916787,0.0061273023434908844,-0.5767442811382247,0.06750562,-0.08622581,2,10,1834.0,0.5,1.0,1.0,0.0909090909090909,0.0010905125408942,0.0054525627044711,0.0,0.0,0.748,0.3057711562590559,-2.4462739035014747,0.0,0.0,0.8348000000000002,0.1169143276078685,-7.140271146235604,0.0,0.3,0.0303833333333333,0.2510155323879381,1.0741035190204125,0.3138359891177613,0.3946742377920231,2.41124750810199,0.0305603438028661,-2.32336135647172,1.799156229014,575
-0.0362908611412701,0.15420702138862555,-0.5928524047691552,-0.24590576407473588,-0.061543371914767206,1.3415066136999731,-0.021287453436044487,-0.1673950796843896,0.41812313,-0.42363846,8,4,280.0,0.0,0.125,0.25,0.0,0.0034843205574912,0.0035335689045936,0.0,0.875,1.118625,0.1356926098761461,-1.7954183372430492,0.0,0.75,0.96475,0.1217371656479647,-1.7640463276515457,2.0,0.7083333333333335,0.126,0.2204336949944107,2.6417618837632744,0.0985889310896961,0.0881410876891149,-7.72092254323715,-22.8238165824044,-4.57320224338129,-4.08365141428449,576
5.846241237933661,-5.7294151691674235,3.589336727508081,3.4859141284555544,-2.1057246899351267,-0.4540389699805117,0.0888085081532088,-0.23354972713218797,0.06507606,0.020801008,4,10,238.0,0.0,0.0,0.2,0.0,0.0,0.008130081300813,1.0,1.0,0.9565,0.1083178194019802,0.4015959722985777,0.0,0.9,1.1135,0.124047369984212,-1.721116699428395,2.0,0.55,0.1161214285714286,0.1988349293576283,2.18210438593608,0.056572490351757,0.0785112659317768,-0.247649327885746,-65.4511484936346,-3.13486295730224,-3.31865395005443,577
-0.11895423929792552,0.22937068300216507,-0.4469031017145343,-0.02765315867683386,0.09919654091758759,-0.20639172215776463,0.07480062598913675,-0.5066062404985098,0.06865776,-0.13290855,1,8,238.0,0.0,0.0,0.0,0.0,0.0,0.0,2.0,2.0,1.769,0.4512637809530032,0.5118957242971325,1.0,1.125,1.1529464285714284,0.1505048635986118,-0.1856845546597083,3.0,0.0,0.0,0.4946986031104712,5.92288469320235,0.0,0.0681347279378319,1.8201172252893,-5.27901809834832,-4.83105329610181,0.473736977212489,578
-0.3771956823689706,-0.9045372889744421,0.6703042817384331,0.9098113549999784,1.0531287784189003,-0.19924935858616916,0.0800136752584948,-0.5291726815854753,0.045379117,-0.13777393,2,10,280.0,0.0,1.0,0.1,0.0,0.0071428571428571,0.0034602076124567,0.0,0.0,0.446,0.1551902058765307,-2.873892701417237,0.0,0.9,0.9991,0.0900510410822662,-1.1004869994725222,1.0,0.6166666666666667,-0.0730833333333333,0.2847302695339729,2.4224681173832896,0.0364866414402018,0.1039300632650164,0.370155521920768,3.87112599342579,4.91320464624177,5.08974591916744,579
-0.07552878216048162,0.28540553995566414,-0.31003337283816146,0.027030235830250972,0.22470335805402422,-0.2678325682475351,0.17925756675775284,-0.36879808902496625,0.04953243,0.010057061,1,1,238.0,0.0,0.0,0.0,0.0,0.0,0.0,1.0,1.0,1.901,0.3939530428870933,-2.2870746051280686,1.0,1.0,0.934,0.2482820976228451,0.265826656983774,2.0,0.0,0.0,0.4946986031104712,5.92288469320235,0.3333333333333333,0.0546218487394958,2.06203615948801,-27.3034560340407,1.02000665566504,-0.128631416101189,580
-0.18880187796177264,0.3216684134347052,-0.3502960273047573,-0.23649739933108832,0.633001261064982,-0.1738684770605379,0.1207380549927549,-0.5893142450172808,0.06862594,-0.10637382,1,1,280.0,0.0,0.0,0.0,0.0,0.0,0.0,2.0,2.0,1.751,0.4505541032994816,0.5526528294305441,1.0,1.0,1.886,0.4062068438615972,-2.1811547820742225,4.0,0.0,0.0,0.4952816079376104,5.915228243436404,0.0,0.3333333333333333,-3.662745302807,-69.6686422005377,-1.66052822245653,-4.75685111642141,581
-0.34926118345225593,0.14113933279149407,-0.05338295418099107,-0.024151219601916674,0.9875744951047315,-0.13515334565373371,0.03629430579103768,-0.6733385503273589,0.045374162,-0.11343424,10,1,238.0,0.0,0.0,0.0,0.0,0.0,0.0,1.0,1.0,1.0089,0.0938658084714556,-0.094816207785675,2.0,2.0,1.778,0.4297859932571093,0.5165361446928163,3.0,0.0,0.0,0.4946986031104712,5.92288469320235,0.0565339519446635,0.0,2.55590548963762,4.15754308418565,3.22058288865458,2.69401220898969,582
-0.1239558859220553,0.2324639610716511,-0.4856353804547076,-0.29667115239031533,-0.24199974915474093,-0.13515334565373371,0.03629430579103768,-0.6733385503273589,0.045374162,-0.11343424,8,1,238.0,0.0,0.0,0.0,0.0,0.0,0.0,1.0,1.125,1.1529464285714284,0.1505048635986118,-0.1856845546597083,2.0,2.0,1.778,0.4297859932571093,0.5165361446928163,3.0,0.0,0.0,0.4946986031104712,5.92288469320235,0.0681347279378319,0.0,-4.5317519092678,-2.66221097075036,-1.41574402069989,-2.68249960343731,583
-0.0362908611412701,0.15420702138862555,-0.5928524047691552,-0.24590576407473588,-0.061543371914767206,-0.19924935858616916,0.0800136752584948,-0.5291726815854753,0.045379117,-0.13777393,8,10,280.0,0.375,0.125,0.1,0.2,0.0034843205574912,0.0034602076124567,0.0,0.875,1.118625,0.1356926098761461,-1.7954183372430492,0.0,0.9,0.9991,0.0900510410822662,-1.1004869994725222,0.0,-0.3972222222222222,-0.2084583333333333,0.1291604829762351,-1.461467815381431,0.0985889310896961,0.1039300632650164,0.208929893585267,-4.10316198983122,-3.81650821298352,-1.41255608449406,584
-0.056505402534588856,0.14995875503417463,-0.6434050957320679,-0.2509302721025314,-0.06661239735328474,-0.21449668438358208,0.19425623405559825,-0.49704546329955934,0.10034348,-0.13164431,2,6,238.0,0.0,0.0,0.5,0.0,0.0,0.0124481327800829,1.0,1.0,0.9295,0.1740107755284137,0.405147323698286,0.0,0.5,1.1413333333333335,0.164730082255792,-3.8932374982820352,1.0,0.3333333333333335,-0.2502916666666668,0.2731025162370351,2.1370180254708897,0.0268294920307304,0.0862135267424995,3.87944475008979,-6.93428649375509,-3.80144281409066,3.73611356629696,585
-0.11628245057425714,0.23852390777491778,-0.520184804377084,-0.43581032594434976,-0.26504504972245063,-0.1738684770605379,0.1207380549927549,-0.5893142450172808,0.06862594,-0.10637382,10,1,280.0,0.0,0.1,0.0,0.0,0.0034602076124567,0.0,0.0,0.9,0.9991,0.0900510410822662,-1.1004869994725222,1.0,1.0,1.886,0.4062068438615972,-2.1811547820742225,3.0,0.0,0.0,0.4952816079376104,5.915228243436404,0.1039300632650164,0.3333333333333333,-1.18334950348339,-3.66088557473869,-2.10244034085875,0.128043106203355,586
-0.10841244221865005,0.2274086589002261,-0.4692292408596662,-0.22840584128649719,-0.07864378087225679,-0.16131621606338054,0.120343445527664,-0.39190932489914054,0.122814536,-0.034377053,2,1,238.0,0.0,0.0,0.0,0.0,0.0,0.0,1.0,1.0,0.9665,0.1874239845910869,0.1787391302830784,1.0,1.0,1.901,0.3939530428870933,-2.2870746051280686,3.0,0.0,0.0,0.4946986031104712,5.92288469320235,0.0402497085114652,0.3333333333333333,0.182153070190374,-3.04434452905222,-0.757171068230786,0.859056764381167,587
-0.18880187796177264,0.3216684134347052,-0.3502960273047573,-0.23649739933108832,0.633001261064982,-0.3104757666334475,0.08539609046415789,-0.3598009024605617,0.09728403,0.00267437,1,6,280.0,0.0,0.0,0.1666666666666666,0.0,0.0,0.0035087719298245,2.0,2.0,1.751,0.4505541032994816,0.5526528294305441,0.0,1.3333333333333333,1.2891666666666666,0.1542702354816234,0.2862941547264819,3.0,0.0,0.0,0.4952816079376104,5.915228243436404,0.0,0.0308243727598566,-0.110116644392198,-2.28894592070621,-2.28888725853508,-0.842255013769668,588
-0.11628245057425714,0.23852390777491778,-0.520184804377084,-0.43581032594434976,-0.26504504972245063,-0.29548229624834477,0.1759867844632078,-0.1454306818553159,-0.027028926,-0.03252709,10,1,280.0,0.0,0.1,0.0,0.0,0.0034602076124567,0.0,0.0,0.9,0.9991,0.0900510410822662,-1.1004869994725222,1.0,1.0,0.953,0.2116388433156824,0.222076435798198,2.0,0.0,0.0,0.4952816079376104,5.915228243436404,0.1039300632650164,0.0336134453781512,0.767871155355963,-8.71827566890786,-0.469027899982938,-0.0034718271005595,589
-0.0362908611412701,0.15420702138862555,-0.5928524047691552,-0.24590576407473588,-0.061543371914767206,-0.25614891779950816,0.10659373691076436,-0.23638575871169465,0.12920694,-0.0040153572,8,3,280.0,0.0,0.125,0.0,0.0,0.0034843205574912,0.0,0.0,0.875,1.118625,0.1356926098761461,-1.7954183372430492,1.0,1.6666666666666667,1.304,0.2390388160018275,1.517187345271548,2.0,0.4659090909090908,-0.031564393939394,0.2460304140388269,2.0219999498516343,0.0985889310896961,0.0308641975308641,3.33987940840226,-23.1250894314528,-0.484426606929834,2.0654941118033,590
-0.04085555658391821,0.2160351253361784,-0.6485797542249851,-0.262390652848623,-0.22355457549558808,5.59990790799449,-3.6580869316059808,2.4642993886113573,1.0530713,-0.8017871,4,4,280.0,0.0,0.0,0.0,0.0,0.0,0.0,1.0,1.5,1.60925,0.1989255688553999,-0.5492003900183113,1.0,1.0,0.9545,0.1137090585661494,0.400144021714248,2.0,0.125,-0.0642028254288597,0.274286010529591,0.6898012226855725,0.053030303030303,0.0710873277410883,0.734054286859771,-49.9749083244991,-1.28555392520176,1.49285014989261,591
-0.056505402534588856,0.14995875503417463,-0.6434050957320679,-0.2509302721025314,-0.06661239735328474,-0.1919240266534033,0.07045181888214926,-0.49589034018515465,0.08007887,-0.09842044,2,2,238.0,0.0,0.0,0.0,0.0,0.0,0.0,1.0,1.0,0.9295,0.1740107755284137,0.405147323698286,1.0,1.0,0.9665,0.1874239845910869,0.1787391302830784,1.0,0.5,-0.539,0.4013776276774778,2.588584735058717,0.0268294920307304,0.0402497085114652,7.04940347872056,-3.19786893719288,-2.27945060153635,6.87494341349559,592
-0.07758596872693474,0.21553428160085059,-0.6093053147419236,-0.3938537915570047,-0.1761544972391733,0.6187276001820594,2.4246001833736806,2.8707056970834683,0.86354136,-1.2017273,8,3,238.0,0.0,0.0,0.0,0.0,0.0,0.0,1.0,1.125,1.152875,0.1476519873723344,-0.1887885188413186,1.0,1.0,1.0443333333333336,0.1761662724688115,-0.2516561922554292,2.0,0.9659090909090908,0.0592386363636362,0.2071289802790009,4.377323025122691,0.0535567527472243,0.0512423491693383,5.46891050190512,-46.8938537228114,2.11000665566507,4.15521843701082,593
-0.08722911042599589,0.29568692958739073,-0.45923218581522085,-0.03625730830096084,-0.12286963467437396,-0.4161038363060825,-0.003761085861173043,-0.22427450222931963,0.114251636,0.12668216,1,10,238.0,0.0,1.0,0.0,0.0,0.0042016806722689,0.0,0.0,0.0,0.893,0.3091132478558627,-2.8889088584660065,1.0,1.0,1.0089,0.0938658084714556,-0.094816207785675,1.0,0.0,0.0,0.4946986031104712,5.92288469320235,0.0764925373134328,0.0565339519446635,4.1288345311791,6.03734694062163,11.8555176381965,7.97689511481822,594
-0.1524302868712236,0.19729116078181377,-0.3224861829506336,-0.3918141840495187,0.2136312188654788,-0.29548229624834477,0.1759867844632078,-0.1454306818553159,-0.027028926,-0.03252709,1,1,280.0,0.0,0.0,0.0,0.0,0.0,0.0,2.0,2.0,1.765,0.4536242938820627,0.5180498557272982,1.0,1.0,0.953,0.2116388433156824,0.222076435798198,3.0,0.0,0.0,0.4952816079376104,5.915228243436404,0.0,0.0336134453781512,-0.644252628233263,-11.5753910830279,-0.104453995940234,-0.378188640574551,595
-0.035470575613250184,0.18871161388201763,-0.6589271427083319,-0.2714868327696962,-0.12935260268242763,5.59990790799449,-3.6580869316059808,2.4642993886113573,1.0530713,-0.8017871,2,4,280.0,0.0,0.5,0.0,0.0,0.0035587188612099,0.0,0.0,0.5,0.9655,0.1804432043608182,-2.579759108407186,1.0,1.0,0.9545,0.1137090585661494,0.400144021714248,2.0,0.75,0.0815,0.2669011469106535,2.504672639056826,0.0965798678585309,0.0710873277410883,2.13109316539882,-50.7226860948111,-2.03333170297954,1.55550800042627,596
-0.0362908611412701,0.15420702138862555,-0.5928524047691552,-0.24590576407473588,-0.061543371914767206,5.59990790799449,-3.6580869316059808,2.4642993886113573,1.0530713,-0.8017871,8,4,280.0,0.0,0.125,0.0,0.0,0.0034843205574912,0.0,0.0,0.875,1.118625,0.1356926098761461,-1.7954183372430492,1.0,1.0,0.9545,0.1137090585661494,0.400144021714248,2.0,0.7083333333333335,0.1137083333333333,0.2200045730269663,2.7027847276934374,0.0985889310896961,0.0710873277410883,2.44250793505701,-51.5849083244991,-2.89555392520176,1.05539531425809,597
-0.21864743529553257,0.21498454431933633,-0.4301276455082765,-0.20968225321390968,-0.2007324629548672,-0.29548229624834477,0.1759867844632078,-0.1454306818553159,-0.027028926,-0.03252709,8,1,280.0,0.0,0.125,0.0,0.0,0.0034843205574912,0.0,0.0,0.875,1.1356428571428572,0.1401106341285998,-1.8602646313314624,1.0,1.0,0.953,0.2116388433156824,0.222076435798198,2.0,0.0,0.0,0.4952816079376104,5.915228243436404,0.1010456977291804,0.0336134453781512,4.36630242352418,-16.8232192685157,-2.23110948075734,2.28471558151199,598
-0.13551112763207185,0.16698177980334328,-0.4767004439630483,-0.45282094400100875,0.00196427908655,-0.4540389699805117,0.0888085081532088,-0.23354972713218797,0.06507606,0.020801008,2,10,238.0,0.0,1.0,0.2,0.0,0.0084033613445378,0.008130081300813,0.0,0.0,0.9145,0.1947812876022745,-4.69500952199949,0.0,0.9,1.1135,0.124047369984212,-1.721116699428395,1.0,0.4666666666666668,0.12855,0.3110888721714245,1.086881264207833,0.0632462686567164,0.0785112659317768,9.19092441470646,-1.25741331376363,-1.39150987396941,-1.36963021085824,599
1.5390367195517438,0.1207656804590924,0.033699952440906615,1.7921242626841314,-1.6190675547471463,-0.3584885190441291,0.10675214109056994,-0.41189168748257265,0.073197186,-0.05751042,4,2,280.0,0.0,0.25,0.0,0.0,0.0035335689045936,0.0,0.0,0.75,0.96475,0.1217371656479647,-1.7640463276515457,2.0,2.0,1.639,0.3566216482492334,1.0122773022116331,2.0,1.4166666666666663,0.0387916666666666,0.4099674762675963,3.3609373420164315,0.0881410876891149,0.0,-4.22076290194292,-6.51252112376623,-4.59796624292211,-2.66177710834347,600
-0.0362908611412701,0.15420702138862555,-0.5928524047691552,-0.24590576407473588,-0.061543371914767206,1.0344340815102784,-0.2303359327445566,2.5590160008460003,1.9664875,0.55667,8,3,280.0,0.0,0.125,0.0,0.0,0.0034843205574912,0.0,0.0,0.875,1.118625,0.1356926098761461,-1.7954183372430492,1.0,1.0,1.030333333333333,0.1821839729504217,-0.1664983633965859,2.0,0.9659090909090908,0.0592386363636362,0.2071289802790009,4.377323025122691,0.0985889310896961,0.0537683377052365,-8.15090919229344,-51.8405965419163,-0.318887258535097,-0.215169040339289,601
-0.07552878216048162,0.28540553995566414,-0.31003337283816146,0.027030235830250972,0.22470335805402422,0.6187276001820594,2.4246001833736806,2.8707056970834683,0.86354136,-1.2017273,1,3,238.0,0.0,0.0,0.0,0.0,0.0,0.0,1.0,1.0,1.901,0.3939530428870933,-2.2870746051280686,1.0,1.0,1.0443333333333336,0.1761662724688115,-0.2516561922554292,2.0,0.0,0.0,0.4946986031104712,5.92288469320235,0.3333333333333333,0.0512423491693383,1.01445468221391,-41.8983438145991,-0.3466600110016,2.43050558187479,602
1.5390367195517438,0.1207656804590924,0.033699952440906615,1.7921242626841314,-1.6190675547471463,-0.25614891779950816,0.10659373691076436,-0.23638575871169465,0.12920694,-0.0040153572,4,3,280.0,0.0,0.25,0.0,0.0,0.0035335689045936,0.0,0.0,0.75,0.96475,0.1217371656479647,-1.7640463276515457,1.0,1.6666666666666667,1.304,0.2390388160018275,1.517187345271548,2.0,0.25,-0.0576130952380953,0.2972389214731005,1.0349018012633775,0.0881410876891149,0.0308641975308641,-11.0538976634032,-1.61135547378941,2.83425193368649,-1.3869322297285,603
1.5390367195517438,0.1207656804590924,0.033699952440906615,1.7921242626841314,-1.6190675547471463,-0.2667497795748179,0.15153846346286065,-0.4182074426931342,0.078725114,0.051823795,4,1,280.0,0.0,0.25,0.0,0.0,0.0035335689045936,0.0,0.0,0.75,0.96475,0.1217371656479647,-1.7640463276515457,2.0,2.0,1.751,0.4505541032994816,0.5526528294305441,3.0,0.0,0.0,0.4952816079376104,5.915228243436404,0.0881410876891149,0.0,-0.391765473964978,0.929705574261637,-1.50638458598503,-1.68982063763985,604
5.846241237933661,-5.7294151691674235,3.589336727508081,3.4859141284555544,-2.1057246899351267,-0.16131621606338054,0.120343445527664,-0.39190932489914054,0.122814536,-0.034377053,4,1,238.0,0.0,0.0,0.0,0.0,0.0,0.0,1.0,1.0,0.9565,0.1083178194019802,0.4015959722985777,1.0,1.0,1.901,0.3939530428870933,-2.2870746051280686,2.0,0.0,0.0,0.4946986031104712,5.92288469320235,0.056572490351757,0.3333333333333333,0.996185434654201,0.857789095764902,-0.0805444296173779,1.10425956788262,605
-0.04742056663927138,0.18770201157100216,-0.7409040438489211,-0.4358399425592427,-0.14975796592326604,-0.1919240266534033,0.07045181888214926,-0.49589034018515465,0.08007887,-0.09842044,1,2,238.0,0.0,0.0,0.0,0.0,0.0,0.0,2.0,2.0,1.778,0.4297859932571093,0.5165361446928163,1.0,1.0,0.9665,0.1874239845910869,0.1787391302830784,3.0,0.0,0.0,0.4946986031104712,5.92288469320235,0.0,0.0402497085114652,1.78148983369437,3.66293503344981,0.103071669084184,2.18853265774449,606
-0.3771956823689706,-0.9045372889744421,0.6703042817384331,0.9098113549999784,1.0531287784189003,-0.4572082059902782,-1.7961674461227322,1.7565486577079403,0.3182237,-0.1454041,2,2,280.0,0.0,1.0,0.0,0.0,0.0071428571428571,0.0,0.0,0.0,0.446,0.1551902058765307,-2.873892701417237,2.0,2.0,1.6495,0.3569310157439389,0.9819824687116784,2.0,-0.5,-0.38,0.4324060591619872,-0.2775169252543841,0.0364866414402018,0.0,-1.46537491363851,1.23543474731192,1.12273831047155,0.50841252166167,607
-0.15632242316330688,0.32228355418724136,-0.1852737507973765,0.07195851510331863,0.17982436192156837,-0.3359856070451807,0.053279388284133686,-0.3947375084456536,0.11113214,-0.057361633,3,6,238.0,0.0,0.0,0.1666666666666666,0.0,0.0,0.0041152263374485,1.0,1.3333333333333333,1.3296666666666666,0.2391835650243924,0.0153299273145827,0.0,1.1666666666666667,1.3111666666666668,0.1541383757825704,-0.9374693308292912,1.0,-0.3888888888888893,-0.0724166666666666,0.253704879525526,-1.2474029778776146,0.0435185185185185,0.0361324458098651,-2.13981156110776,-17.70860187206,-1.09383190229767,1.87758591152826,608
-0.1239558859220553,0.2324639610716511,-0.4856353804547076,-0.29667115239031533,-0.24199974915474093,-0.23651819955057113,0.15206763627700973,-0.3104208269392072,0.13033125,-0.043852016,8,3,238.0,0.0,0.0,0.0,0.0,0.0,0.0,1.0,1.125,1.1529464285714284,0.1505048635986118,-0.1856845546597083,1.0,1.3333333333333333,1.3296666666666666,0.2391835650243924,0.0153299273145827,2.0,0.4659090909090908,-0.019876893939394,0.2547779617044772,1.9067033176596293,0.0681347279378319,0.0435185185185185,-5.11925059120589,-14.1415312452009,-5.19555392520176,0.464742681169337,609
-0.3771956823689706,-0.9045372889744421,0.6703042817384331,0.9098113549999784,1.0531287784189003,-0.30206892734430885,0.15992802805153522,-0.3386549717753724,0.13644713,-0.08339468,2,1,280.0,0.0,1.0,0.0,0.0,0.0071428571428571,0.0,0.0,0.0,0.446,0.1551902058765307,-2.873892701417237,2.0,2.0,1.608,0.5141361687335371,0.7624439279687458,2.0,0.0,0.0,0.4952816079376104,5.915228243436404,0.0364866414402018,0.0,-4.21624294221467,0.940551231619854,1.45811776677616,-3.76243567850709,610
-0.035470575613250184,0.18871161388201763,-0.6589271427083319,-0.2714868327696962,-0.12935260268242763,-0.3584885190441291,0.10675214109056994,-0.41189168748257265,0.073197186,-0.05751042,2,2,280.0,0.0,0.5,0.0,0.0,0.0035587188612099,0.0,0.0,0.5,0.9655,0.1804432043608182,-2.579759108407186,2.0,2.0,1.639,0.3566216482492334,1.0122773022116331,3.0,2.0,-0.11125,0.4465825091738368,4.727569836771584,0.0965798678585309,0.0,2.27049001808658,-0.0821412055245724,0.455321229758178,2.31771693142019,611
1.5390367195517438,0.1207656804590924,0.033699952440906615,1.7921242626841314,-1.6190675547471463,-0.29452975188354114,0.05976401507631464,-0.4703505844460725,0.083211415,-0.1241961,4,8,280.0,0.0,0.25,0.125,0.0,0.0035335689045936,0.0034843205574912,0.0,0.75,0.96475,0.1217371656479647,-1.7640463276515457,0.0,0.875,1.1356428571428572,0.1401106341285998,-1.8602646313314624,2.0,0.625,0.0989375,0.2141865253033621,2.4560952153965507,0.0881410876891149,0.1010456977291804,-4.08265128144383,-6.68032200651017,-0.216884785303185,-0.844015467156175,612
-0.08901436886646047,0.2858642565730403,-0.6122620779867067,-0.2968613442542693,-0.11631566521206387,-0.3584885190441291,0.10675214109056994,-0.41189168748257265,0.073197186,-0.05751042,1,2,280.0,0.0,0.0,0.0,0.0,0.0,0.0,1.0,1.0,1.886,0.4062068438615972,-2.1811547820742225,2.0,2.0,1.639,0.3566216482492334,1.0122773022116331,3.0,0.0,0.0,0.4952816079376104,5.915228243436404,0.3333333333333333,0.0,0.45079869609523,-3.33565062636243,-3.22927649517694,-1.12225367584561,613
-0.23327437118869437,0.24430211737257507,-0.4426498314015507,-0.26199018600748797,-0.0614206942853315,0.08628800646205997,-0.03206521111272899,-0.45662378873921755,0.23054022,-0.08890957,4,4,238.0,0.0,0.0,0.0,0.0,0.0,0.0,1.0,1.5,1.6245,0.1947213821506684,-0.639375083644725,1.0,1.0,0.95775,0.1314436666408846,0.3214304734470823,2.0,0.125,-0.0088294651866801,0.275304147337976,0.4861149622362388,0.1003787878787878,0.0550092290231879,4.03940694080086,-2.01159844368623,3.45530326674481,16.9812112609019,614
-0.10841244221865005,0.2274086589002261,-0.4692292408596662,-0.22840584128649719,-0.07864378087225679,0.6187276001820594,2.4246001833736806,2.8707056970834683,0.86354136,-1.2017273,2,3,238.0,0.0,0.0,0.0,0.0,0.0,0.0,1.0,1.0,0.9665,0.1874239845910869,0.1787391302830784,1.0,1.0,1.0443333333333336,0.1761662724688115,-0.2516561922554292,2.0,1.0,-0.023,0.287444487394233,3.5589480573233097,0.0402497085114652,0.0512423491693383,0.451661709219922,-49.7366226306993,-4.78661644010966,-2.16399103632057,615
-0.04085555658391821,0.2160351253361784,-0.6485797542249851,-0.262390652848623,-0.22355457549558808,1.3415066136999731,-0.021287453436044487,-0.1673950796843896,0.41812313,-0.42363846,4,4,280.0,0.0,0.0,0.25,0.0,0.0,0.0035335689045936,1.0,1.5,1.60925,0.1989255688553999,-0.5492003900183113,0.0,0.75,0.96475,0.1217371656479647,-1.7640463276515457,2.0,0.125,-0.0088294651866801,0.275304147337976,0.4861149622362388,0.053030303030303,0.0881410876891149,-7.389002782499,-19.6971499157378,-1.42222059186843,-0.755080974856655,616
-0.07349636184346973,0.3284411439311858,-0.33449424685023416,-0.09959048174359389,0.39275400122563237,-0.4161038363060825,-0.003761085861173043,-0.22427450222931963,0.114251636,0.12668216,3,10,238.0,0.0,0.0,0.0,0.0,0.0,0.0,1.0,1.3333333333333333,1.476,0.2865146883960169,-0.4979384040146475,1.0,1.0,1.0089,0.0938658084714556,-0.094816207785675,2.0,0.0269230769230772,0.0354871794871794,0.2244460548955703,-0.0381566188280162,0.0527777777777777,0.0565339519446635,-3.21779648836851,-18.9810261126371,3.98559174155731,2.32712476479641,617
-0.1524302868712236,0.19729116078181377,-0.3224861829506336,-0.3918141840495187,0.2136312188654788,-0.3104757666334475,0.08539609046415789,-0.3598009024605617,0.09728403,0.00267437,1,6,280.0,0.0,0.0,0.1666666666666666,0.0,0.0,0.0035087719298245,2.0,2.0,1.765,0.4536242938820627,0.5180498557272982,0.0,1.3333333333333333,1.2891666666666666,0.1542702354816234,0.2862941547264819,3.0,0.0,0.0,0.4952816079376104,5.915228243436404,0.0,0.0308243727598566,-0.535151185225302,-0.66450346047961,-0.676508212983521,-1.5613962843125,618
-0.1524302868712236,0.19729116078181377,-0.3224861829506336,-0.3918141840495187,0.2136312188654788,-0.29452975188354114,0.05976401507631464,-0.4703505844460725,0.083211415,-0.1241961,1,8,280.0,0.0,0.0,0.125,0.0,0.0,0.0034843205574912,2.0,2.0,1.765,0.4536242938820627,0.5180498557272982,0.0,0.875,1.1356428571428572,0.1401106341285998,-1.8602646313314624,3.0,0.0,0.0,0.4952816079376104,5.915228243436404,0.0,0.1010456977291804,-0.241670544529412,-1.88325673378689,-1.35827634674212,0.148086979675889,619
-0.11895423929792552,0.22937068300216507,-0.4469031017145343,-0.02765315867683386,0.09919654091758759,-0.3081443702848493,0.08498436110710593,-0.4785296258933478,0.07446005,-0.09478426,1,4,238.0,0.0,0.0,0.0,0.0,0.0,0.0,2.0,2.0,1.769,0.4512637809530032,0.5118957242971325,1.0,1.5,1.6245,0.1947213821506684,-0.639375083644725,3.0,0.0,0.0,0.4946986031104712,5.92288469320235,0.0,0.1003787878787878,10.7991626136074,-9.73695693545445,-7.84999836964619,14.6915272799574,620
-0.03852116886365697,0.17188281861503513,-0.5720728072321701,-0.2577322671474974,-0.07147857841031255,-0.16131621606338054,0.120343445527664,-0.39190932489914054,0.122814536,-0.034377053,1,1,238.0,0.0,0.0,0.0,0.0,0.0,0.0,1.0,1.0,1.281,0.4960231849419944,-0.5665057774121193,1.0,1.0,1.901,0.3939530428870933,-2.2870746051280686,2.0,0.0,0.0,0.4946986031104712,5.92288469320235,0.0714285714285714,0.3333333333333333,-2.41422546307329,-5.28037064581514,-3.35466256308097,-2.34503194291781,621
-0.04085555658391821,0.2160351253361784,-0.6485797542249851,-0.262390652848623,-0.22355457549558808,-0.2680037699288762,0.12696711572105704,-0.42433832825838413,0.122339964,-0.04727009,4,1,280.0,0.0,0.0,0.0,0.0,0.0,0.0,1.0,1.5,1.60925,0.1989255688553999,-0.5492003900183113,1.0,1.0,1.213,0.4665093782551429,-0.4565824609928984,2.0,0.0,0.0,0.4952816079376104,5.915228243436404,0.053030303030303,0.0714285714285714,5.4977755399563,-6.93422013159847,-7.28444281409063,3.72019395232737,622
-0.1901491090026142,0.2931052731210329,-0.3596824681527892,0.024193663446204095,0.16363435359895562,-0.4572082059902782,-1.7961674461227322,1.7565486577079403,0.3182237,-0.1454041,1,2,280.0,0.0,0.0,0.0,0.0,0.0,0.0,1.0,1.0,1.213,0.4665093782551429,-0.4565824609928984,2.0,2.0,1.6495,0.3569310157439389,0.9819824687116784,2.0,0.0,0.0,0.4952816079376104,5.915228243436404,0.0714285714285714,0.0,0.786080450049623,0.901495521572833,0.117021971732434,1.48659279504469,623
-0.3346623505258465,0.23434233515451916,-0.027268684430316485,-0.6656228759153017,0.3107345460343207,-0.16131621606338054,0.120343445527664,-0.39190932489914054,0.122814536,-0.034377053,2,1,238.0,0.0,0.0,0.0,0.0,0.0,0.0,1.0,1.5,1.6695,0.3232951437927888,-0.5242887289041326,1.0,1.0,1.901,0.3939530428870933,-2.2870746051280686,3.0,0.0,0.0,0.4946986031104712,5.92288469320235,0.0625,0.3333333333333333,-0.346316116180571,-55.6481874192562,-2.09021811863652,-1.15997638032428,624
-0.04742056663927138,0.18770201157100216,-0.7409040438489211,-0.4358399425592427,-0.14975796592326604,-0.2678325682475351,0.17925756675775284,-0.36879808902496625,0.04953243,0.010057061,1,1,238.0,0.0,0.0,0.0,0.0,0.0,0.0,2.0,2.0,1.778,0.4297859932571093,0.5165361446928163,1.0,1.0,0.934,0.2482820976228451,0.265826656983774,3.0,0.0,0.0,0.4946986031104712,5.92288469320235,0.0,0.0546218487394958,4.54361977717521,-20.4471006891003,0.0866682970204327,2.64962352153757,625
5.846241237933661,-5.7294151691674235,3.589336727508081,3.4859141284555544,-2.1057246899351267,-0.126869867446033,0.02268589695198233,-0.5630640588246547,0.07517242,-0.096907705,4,1,238.0,0.0,0.0,0.0,0.0,0.0,0.0,1.0,1.0,0.9565,0.1083178194019802,0.4015959722985777,1.0,1.0,1.281,0.4960231849419944,-0.5665057774121193,2.0,0.0,0.0,0.4946986031104712,5.92288469320235,0.056572490351757,0.0714285714285714,-0.179725057790984,-63.2147234844541,-1.65355145196986,-1.26907402050023,626
-0.1774127871309326,0.26942209205433276,-0.07192539659934374,0.06523838265322096,0.3685142023162129,-0.29548229624834477,0.1759867844632078,-0.1454306818553159,-0.027028926,-0.03252709,3,1,280.0,0.0,0.0,0.0,0.0,0.0,0.0,1.0,1.6666666666666667,1.304,0.2390388160018275,1.517187345271548,1.0,1.0,0.953,0.2116388433156824,0.222076435798198,2.0,0.0,0.0,0.4952816079376104,5.915228243436404,0.0308641975308641,0.0336134453781512,-4.3503156282572,-3.74825801540957,-0.736789495879173,-2.84812490181796,627
-0.1901491090026142,0.2931052731210329,-0.3596824681527892,0.024193663446204095,0.16363435359895562,1.0344340815102784,-0.2303359327445566,2.5590160008460003,1.9664875,0.55667,1,3,280.0,0.0,0.0,0.0,0.0,0.0,0.0,1.0,1.0,1.213,0.4665093782551429,-0.4565824609928984,1.0,1.0,1.030333333333333,0.1821839729504217,-0.1664983633965859,2.0,0.0,0.0,0.4952816079376104,5.915228243436404,0.0714285714285714,0.0537683377052365,-8.04818570287124,-28.0166546415643,-1.35003568742862,-1.01343921540128,628
6.114072236743935,-4.106858090089244,4.06284781270502,5.58728378394345,-3.4102018686282065,-0.4572082059902782,-1.7961674461227322,1.7565486577079403,0.3182237,-0.1454041,4,2,280.0,0.0,0.0,0.0,0.0,0.0,0.0,1.0,1.0,0.9545,0.1137090585661494,0.400144021714248,2.0,2.0,1.6495,0.3569310157439389,0.9819824687116784,2.0,-0.5833333333333335,0.0194999999999999,0.3762917012696991,-1.60203727932141,0.0710873277410883,0.0,-3.65498217325861,-1.58874789934498,-0.905548899890497,-3.27256887958559,629
-0.056505402534588856,0.14995875503417463,-0.6434050957320679,-0.2509302721025314,-0.06661239735328474,-0.15942445778609712,0.157364682651753,-0.40788628803373034,0.10163029,0.0011022082,2,3,238.0,0.0,0.0,0.0,0.0,0.0,0.0,1.0,1.0,0.9295,0.1740107755284137,0.405147323698286,1.0,1.3333333333333333,1.476,0.2865146883960169,-0.4979384040146475,2.0,0.0,-0.3177666666666666,0.3642326957683325,0.8724276276086421,0.0268294920307304,0.0527777777777777,2.57912390857775,-0.512887300366389,-2.13506807647097,1.26559286825113,630
-0.3771956823689706,-0.9045372889744421,0.6703042817384331,0.9098113549999784,1.0531287784189003,5.59990790799449,-3.6580869316059808,2.4642993886113573,1.0530713,-0.8017871,2,4,280.0,0.0,1.0,0.0,0.0,0.0071428571428571,0.0,0.0,0.0,0.446,0.1551902058765307,-2.873892701417237,1.0,1.0,0.9545,0.1137090585661494,0.400144021714248,1.0,0.25,-0.2883333333333334,0.3207510717051464,1.6783524072780076,0.0364866414402018,0.0710873277410883,-3.1341334406749,-14.8312708725623,1.16927242349992,-0.0811452190929093,631
-0.04085555658391821,0.2160351253361784,-0.6485797542249851,-0.262390652848623,-0.22355457549558808,-0.2667497795748179,0.15153846346286065,-0.4182074426931342,0.078725114,0.051823795,4,1,280.0,0.0,0.0,0.0,0.0,0.0,0.0,1.0,1.5,1.60925,0.1989255688553999,-0.5492003900183113,2.0,2.0,1.751,0.4505541032994816,0.5526528294305441,3.0,0.0,0.0,0.4952816079376104,5.915228243436404,0.053030303030303,0.0,-0.641386720707281,-3.44074102858114,-5.11447246758282,-5.28679579964773,632
-0.3771956823689706,-0.9045372889744421,0.6703042817384331,0.9098113549999784,1.0531287784189003,-0.29715029834682977,0.15051580679401794,-0.2935531859945593,0.14217056,0.023009479,2,2,280.0,0.0,1.0,1.0,0.0,0.0071428571428571,0.0071428571428571,0.0,0.0,0.446,0.1551902058765307,-2.873892701417237,0.0,0.0,0.9295,0.1810517881712302,-5.133890194560923,1.0,0.25,-0.3595,0.3555063290575851,1.7144561156357718,0.0364866414402018,0.0832950631458094,-2.0619320550155,-3.84379317870907,-2.83990646486933,0.113750769512306,633
-0.21864743529553257,0.21498454431933633,-0.4301276455082765,-0.20968225321390968,-0.2007324629548672,1.0344340815102784,-0.2303359327445566,2.5590160008460003,1.9664875,0.55667,8,3,280.0,0.0,0.125,0.0,0.0,0.0034843205574912,0.0,0.0,0.875,1.1356428571428572,0.1401106341285998,-1.8602646313314624,1.0,1.0,1.030333333333333,0.1821839729504217,-0.1664983633965859,2.0,1.0568181818181817,0.0236534090909089,0.2165076753535557,4.771954486325349,0.1010456977291804,0.0537683377052365,-9.05517327731415,-23.9166828005064,-5.9158078443663,-6.07743246406949,634
-0.0362908611412701,0.15420702138862555,-0.5928524047691552,-0.24590576407473588,-0.061543371914767206,-0.4572082059902782,-1.7961674461227322,1.7565486577079403,0.3182237,-0.1454041,8,2,280.0,0.0,0.125,0.0,0.0,0.0034843205574912,0.0,0.0,0.875,1.118625,0.1356926098761461,-1.7954183372430492,2.0,2.0,1.6495,0.3569310157439389,0.9819824687116784,2.0,0.1749999999999998,0.0189749999999999,0.2928661372965471,0.5327519304221018,0.0985889310896961,0.0,3.98080454860255,-17.8574213536308,-0.857646687825753,2.30337105150742,635
-0.2873618685236937,0.2696062301350601,-0.3406265493698566,-0.26953847193081876,0.11513012931173978,-0.29548229624834477,0.1759867844632078,-0.1454306818553159,-0.027028926,-0.03252709,2,1,280.0,0.0,0.0,0.0,0.0,0.0,0.0,2.0,2.0,1.639,0.3566216482492334,1.0122773022116331,1.0,1.0,0.953,0.2116388433156824,0.222076435798198,3.0,0.0,0.0,0.4952816079376104,5.915228243436404,0.0,0.0336134453781512,0.15222953788828,-9.77727350609091,-0.693472344427371,-1.30693656254294,636
-0.07552878216048162,0.28540553995566414,-0.31003337283816146,0.027030235830250972,0.22470335805402422,-0.11517605966135847,0.09192702375007683,-0.5994968734055475,0.08285704,-0.11144397,1,2,238.0,0.0,0.0,0.0,0.0,0.0,0.0,1.0,1.0,1.901,0.3939530428870933,-2.2870746051280686,2.0,2.0,1.628,0.3414908490721237,1.089341049725853,3.0,0.0,0.0,0.4946986031104712,5.92288469320235,0.3333333333333333,0.0,0.0149725525873686,-3.66303260813614,-4.4008528513219,-3.04048400320143,637
-0.035470575613250184,0.18871161388201763,-0.6589271427083319,-0.2714868327696962,-0.12935260268242763,1.3415066136999731,-0.021287453436044487,-0.1673950796843896,0.41812313,-0.42363846,2,4,280.0,0.0,0.5,0.25,0.0,0.0035587188612099,0.0035335689045936,0.0,0.5,0.9655,0.1804432043608182,-2.579759108407186,0.0,0.75,0.96475,0.1217371656479647,-1.7640463276515457,2.0,0.75,0.109625,0.2823353717704846,2.268135926378265,0.0965798678585309,0.0881410876891149,-2.56451498377011,-14.2050672171523,-2.60333170297954,2.32622089454573,638
-0.21864743529553257,0.21498454431933633,-0.4301276455082765,-0.20968225321390968,-0.2007324629548672,-0.3104757666334475,0.08539609046415789,-0.3598009024605617,0.09728403,0.00267437,8,6,280.0,0.0,0.125,0.1666666666666666,0.0,0.0034843205574912,0.0035087719298245,0.0,0.875,1.1356428571428572,0.1401106341285998,-1.8602646313314624,0.0,1.3333333333333333,1.2891666666666666,0.1542702354816234,0.2862941547264819,2.0,0.351190476190476,-0.0444732142857142,0.173480040542899,2.280744742957035,0.1010456977291804,0.0308243727598566,-0.58132008893829,-3.3322827449038,-3.33222059186841,-2.00535723032748,639
-0.03852116886365697,0.17188281861503513,-0.5720728072321701,-0.2577322671474974,-0.07147857841031255,-0.2678325682475351,0.17925756675775284,-0.36879808902496625,0.04953243,0.010057061,1,1,238.0,0.0,0.0,0.0,0.0,0.0,0.0,1.0,1.0,1.281,0.4960231849419944,-0.5665057774121193,1.0,1.0,0.934,0.2482820976228451,0.265826656983774,2.0,0.0,0.0,0.4946986031104712,5.92288469320235,0.0714285714285714,0.0546218487394958,2.17167215753702,-23.6473028055433,2.22222385257599,0.414780530126051,640
-0.0362908611412701,0.15420702138862555,-0.5928524047691552,-0.24590576407473588,-0.061543371914767206,-0.29452975188354114,0.05976401507631464,-0.4703505844460725,0.083211415,-0.1241961,8,8,280.0,0.5,0.125,0.125,0.3333333333333333,0.0034843205574912,0.0034843205574912,0.0,0.875,1.118625,0.1356926098761461,-1.7954183372430492,0.0,0.875,1.1356428571428572,0.1401106341285998,-1.8602646313314624,0.0,-0.5,-0.0449375,0.174284687634198,-2.6110297248552303,0.0985889310896961,0.1010456977291804,1.25998434290778,-5.97315887566507,-5.83999836964618,-2.5901119007089,641
6.114072236743935,-4.106858090089244,4.06284781270502,5.58728378394345,-3.4102018686282065,-0.2667497795748179,0.15153846346286065,-0.4182074426931342,0.078725114,0.051823795,4,1,280.0,0.0,0.0,0.0,0.0,0.0,0.0,1.0,1.0,0.9545,0.1137090585661494,0.400144021714248,2.0,2.0,1.751,0.4505541032994816,0.5526528294305441,3.0,0.0,0.0,0.4952816079376104,5.915228243436404,0.0710873277410883,0.0,-3.63256958041876,-12.3507584557515,0.815337436919038,-0.396290289369535,642
-0.1524302868712236,0.19729116078181377,-0.3224861829506336,-0.3918141840495187,0.2136312188654788,-0.19924935858616916,0.0800136752584948,-0.5291726815854753,0.045379117,-0.13777393,1,10,280.0,0.0,0.0,0.1,0.0,0.0,0.0034602076124567,2.0,2.0,1.765,0.4536242938820627,0.5180498557272982,0.0,0.9,0.9991,0.0900510410822662,-1.1004869994725222,3.0,0.0,0.0,0.4952816079376104,5.915228243436404,0.0,0.1039300632650164,0.251396124109828,-0.799132191633922,-0.689206813631472,4.12659615310941,643
-0.23327437118869437,0.24430211737257507,-0.4426498314015507,-0.26199018600748797,-0.0614206942853315,-0.4540389699805117,0.0888085081532088,-0.23354972713218797,0.06507606,0.020801008,4,10,238.0,0.0,0.0,0.2,0.0,0.0,0.008130081300813,1.0,1.5,1.6245,0.1947213821506684,-0.639375083644725,0.0,0.9,1.1135,0.124047369984212,-1.721116699428395,2.0,0.2642857142857144,-0.0636514343376098,0.2145484773172868,1.5284990726750844,0.1003787878787878,0.0785112659317768,2.93599019159494,-7.48510044906462,-9.10780580091616,-0.875936553147748,644
-0.11895423929792552,0.22937068300216507,-0.4469031017145343,-0.02765315867683386,0.09919654091758759,-0.13515334565373371,0.03629430579103768,-0.6733385503273589,0.045374162,-0.11343424,1,1,238.0,1.0,0.0,0.0,1.0,0.0,0.0,2.0,2.0,1.769,0.4512637809530032,0.5118957242971325,2.0,2.0,1.778,0.4297859932571093,0.5165361446928163,0.0,0.0,0.0,0.4946986031104712,5.92288469320235,0.0,0.0,-1.88975822790163,0.261926627243863,-4.34749569709614,-5.47485088431475,645
-0.23327437118869437,0.24430211737257507,-0.4426498314015507,-0.26199018600748797,-0.0614206942853315,-0.2678325682475351,0.17925756675775284,-0.36879808902496625,0.04953243,0.010057061,4,1,238.0,0.0,0.0,0.0,0.0,0.0,0.0,1.0,1.5,1.6245,0.1947213821506684,-0.639375083644725,1.0,1.0,0.934,0.2482820976228451,0.265826656983774,2.0,0.0,0.0,0.4946986031104712,5.92288469320235,0.1003787878787878,0.0546218487394958,3.96488144211549,-28.7045659710397,-0.142204384707612,1.47031872068794,646
-0.0362908611412701,0.15420702138862555,-0.5928524047691552,-0.24590576407473588,-0.061543371914767206,-0.29715029834682977,0.15051580679401794,-0.2935531859945593,0.14217056,0.023009479,8,2,280.0,0.0,0.125,1.0,0.0,0.0034843205574912,0.0071428571428571,0.0,0.875,1.118625,0.1356926098761461,-1.7954183372430492,0.0,0.0,0.9295,0.1810517881712302,-5.133890194560923,1.0,0.375,-0.0392249999999999,0.2589150910530323,1.5998488087940628,0.0985889310896961,0.0832950631458094,-0.372937152173801,-8.3402373388581,-3.46999836964619,0.880900552102358,647
-0.23327437118869437,0.24430211737257507,-0.4426498314015507,-0.26199018600748797,-0.0614206942853315,-0.23651819955057113,0.15206763627700973,-0.3104208269392072,0.13033125,-0.043852016,4,3,238.0,0.0,0.0,0.0,0.0,0.0,0.0,1.0,1.5,1.6245,0.1947213821506684,-0.639375083644725,1.0,1.3333333333333333,1.3296666666666666,0.2391835650243924,0.0153299273145827,2.0,-0.1071428571428572,-0.1143986353370814,0.2966469084974109,0.0244593083102618,0.1003787878787878,0.0435185185185185,-1.00005236823235,-33.3997306769256,-3.91887105137425,-1.34591119437954,648
-0.04742056663927138,0.18770201157100216,-0.7409040438489211,-0.4358399425592427,-0.14975796592326604,5.3506132593081706,-5.053886335422629,2.155018978259821,0.7015022,-0.5263827,1,4,238.0,0.0,0.0,0.0,0.0,0.0,0.0,2.0,2.0,1.778,0.4297859932571093,0.5165361446928163,1.0,1.0,0.9565,0.1083178194019802,0.4015959722985777,3.0,0.0,0.0,0.4946986031104712,5.92288469320235,0.0,0.056572490351757,-0.292965470317179,-46.5995467088593,-6.85338520264348,-6.36588673094561,649
5.846241237933661,-5.7294151691674235,3.589336727508081,3.4859141284555544,-2.1057246899351267,-0.4161038363060825,-0.003761085861173043,-0.22427450222931963,0.114251636,0.12668216,4,10,238.0,0.0,0.0,0.0,0.0,0.0,0.0,1.0,1.0,0.9565,0.1083178194019802,0.4015959722985777,1.0,1.0,1.0089,0.0938658084714556,-0.094816207785675,1.0,0.5571428571428572,0.2360714285714285,0.206889007017023,1.5519018298783296,0.056572490351757,0.0565339519446635,-0.399424789259867,3.28622746827449,2.42956120908843,3.05688396533196,650
-0.03852116886365697,0.17188281861503513,-0.5720728072321701,-0.2577322671474974,-0.07147857841031255,-0.3359856070451807,0.053279388284133686,-0.3947375084456536,0.11113214,-0.057361633,1,6,238.0,0.0,0.0,0.1666666666666666,0.0,0.0,0.0041152263374485,1.0,1.0,1.281,0.4960231849419944,-0.5665057774121193,0.0,1.1666666666666667,1.3111666666666668,0.1541383757825704,-0.9374693308292912,2.0,0.0,0.0,0.4946986031104712,5.92288469320235,0.0714285714285714,0.0361324458098651,-0.717508366562922,-0.0800765784578558,0.901723653257864,2.06176428042212,651
-0.0362908611412701,0.15420702138862555,-0.5928524047691552,-0.24590576407473588,-0.061543371914767206,-0.2484637761438005,0.05585921332255339,-0.2677719649556255,0.078204274,-0.010806085,8,10,280.0,0.25,0.125,0.3,0.125,0.0034843205574912,0.0104529616724738,0.0,0.875,1.118625,0.1356926098761461,-1.7954183372430492,0.0,0.7,1.0881999999999998,0.1214115315775235,-3.197389860386754,0.0,-0.1027777777777776,-0.0374638888888889,0.1552175352976875,-0.4207893699872565,0.0985889310896961,0.1008023624320745,3.3024481892559,-1.09957005992713,-4.38811185912257,0.764922658938955,652
1.5390367195517438,0.1207656804590924,0.033699952440906615,1.7921242626841314,-1.6190675547471463,-0.19924935858616916,0.0800136752584948,-0.5291726815854753,0.045379117,-0.13777393,4,10,280.0,0.0,0.25,0.1,0.0,0.0035335689045936,0.0034602076124567,0.0,0.75,0.96475,0.1217371656479647,-1.7640463276515457,0.0,0.9,0.9991,0.0900510410822662,-1.1004869994725222,1.0,0.5571428571428572,0.2594821428571429,0.2017530306969592,1.4753717119264098,0.0881410876891149,0.1039300632650164,-5.73396236265514,-6.88109690985183,-5.65577367419207,-6.37331365316326,653
-0.010212000479660937,0.10228919589395585,-0.650250105692852,-0.32546812522463286,-0.10110430228436308,-0.1897121117196443,0.1554636982474213,-0.4476229656822046,0.06279729,-0.11505404,8,8,1834.0,0.5,0.75,0.875,0.3333333333333333,0.0032679738562091,0.0038147138964577,0.0,0.25,0.83675,0.1282309927435641,-4.575726877303217,0.0,0.125,0.8386607142857142,0.1276476923198842,-5.590862641662848,0.0,-0.5,-0.0449375,0.174284687634198,-2.6110297248552303,0.3023034881384502,0.3987196835558385,3.13680817347057,-7.5694689452362,-8.05555392520174,-0.23421635437399,654
-0.13551112763207185,0.16698177980334328,-0.4767004439630483,-0.45282094400100875,0.00196427908655,0.6187276001820594,2.4246001833736806,2.8707056970834683,0.86354136,-1.2017273,2,3,238.0,0.0,1.0,0.0,0.0,0.0084033613445378,0.0,0.0,0.0,0.9145,0.1947812876022745,-4.69500952199949,1.0,1.0,1.0443333333333336,0.1761662724688115,-0.2516561922554292,2.0,1.0,0.1569999999999999,0.3569094189473477,2.361943830135684,0.0632462686567164,0.0512423491693383,2.73915280288269,-49.5627158035224,2.17214298918099,5.11196967210597,655
6.114072236743935,-4.106858090089244,4.06284781270502,5.58728378394345,-3.4102018686282065,-0.3104757666334475,0.08539609046415789,-0.3598009024605617,0.09728403,0.00267437,4,6,280.0,0.0,0.0,0.1666666666666666,0.0,0.0,0.0035087719298245,1.0,1.0,0.9545,0.1137090585661494,0.400144021714248,0.0,1.3333333333333333,1.2891666666666666,0.1542702354816234,0.2862941547264819,1.0,-0.0166666666666668,-0.07205,0.2023556900059343,0.273692987490043,0.0710873277410883,0.0308243727598566,0.123906113196525,-2.14307391347849,-2.14272079118657,-1.41961374168988,656
-0.056505402534588856,0.14995875503417463,-0.6434050957320679,-0.2509302721025314,-0.06661239735328474,0.08628800646205997,-0.03206521111272899,-0.45662378873921755,0.23054022,-0.08890957,2,4,238.0,0.0,0.0,0.0,0.0,0.0,0.0,1.0,1.0,0.9295,0.1740107755284137,0.405147323698286,1.0,1.0,0.95775,0.1314436666408846,0.3214304734470823,1.0,0.0833333333333332,-0.190875,0.2925564967992412,0.9372833498259348,0.0268294920307304,0.0550092290231879,0.116941552136581,-7.56945049076504,-3.36099836964621,0.0162074139263964,657
3.912060230014297,-2.769515364483226,3.1056552232778323,2.4499076058626126,-7.280888066219334,-0.39378074788035244,0.15715716140380784,-0.2937976963093058,0.044547208,0.06682029,4,2,1834.0,0.0,0.75,1.0,0.0,0.0016348773841961,0.0010905125408942,0.0,0.25,0.764,0.2157637597002795,-2.382235092278725,0.0,0.0,0.7,0.3209361307176243,-2.181119334974145,1.0,0.25,0.2687916666666667,0.3701482412306063,-0.0507679480096713,0.2641156411462355,0.3279994259471871,-3.83344853423364,-2.09934439231176,-0.812474511032966,0.275404586609847,658
-0.15632242316330688,0.32228355418724136,-0.1852737507973765,0.07195851510331863,0.17982436192156837,-0.11517605966135847,0.09192702375007683,-0.5994968734055475,0.08285704,-0.11144397,3,2,238.0,0.0,0.0,0.0,0.0,0.0,0.0,1.0,1.3333333333333333,1.3296666666666666,0.2391835650243924,0.0153299273145827,2.0,2.0,1.628,0.3414908490721237,1.089341049725853,3.0,1.5,-0.1114666666666667,0.387062532989754,4.163323828373034,0.0435185185185185,0.0,-1.43784937065633,2.28843913596821,3.01521380992054,3.94261003512844,659
5.846241237933661,-5.7294151691674235,3.589336727508081,3.4859141284555544,-2.1057246899351267,-0.23651819955057113,0.15206763627700973,-0.3104208269392072,0.13033125,-0.043852016,4,3,238.0,0.0,0.0,0.0,0.0,0.0,0.0,1.0,1.0,0.9565,0.1083178194019802,0.4015959722985777,1.0,1.3333333333333333,1.3296666666666666,0.2391835650243924,0.0153299273145827,2.0,0.25,-0.102952380952381,0.2964162829734415,1.190732092757553,0.056572490351757,0.0435185185185185,-5.11924978322418,-5.04770474695964,-5.19555392520176,0.464742681169337,660
-0.1524302868712236,0.19729116078181377,-0.3224861829506336,-0.3918141840495187,0.2136312188654788,1.0344340815102784,-0.2303359327445566,2.5590160008460003,1.9664875,0.55667,1,3,280.0,0.0,0.0,0.0,0.0,0.0,0.0,2.0,2.0,1.765,0.4536242938820627,0.5180498557272982,1.0,1.0,1.030333333333333,0.1821839729504217,-0.1664983633965859,3.0,0.0,0.0,0.4952816079376104,5.915228243436404,0.0,0.0537683377052365,-9.66302736349626,-13.3298885038205,-1.18979295011365,-4.2463391774448,661
-0.3934218762148078,-1.942456361886978,2.9792750889813013,1.1950136781573995,-0.3011860214518369,1.0344340815102784,-0.2303359327445566,2.5590160008460003,1.9664875,0.55667,2,3,280.0,0.0,0.0,0.0,0.0,0.0,0.0,2.0,2.0,1.6495,0.3569310157439389,0.9819824687116784,1.0,1.0,1.030333333333333,0.1821839729504217,-0.1664983633965859,2.0,-0.1,-0.0298,0.3887483676278697,-0.1805795363935755,0.0,0.0537683377052365,-7.39579633127325,-3.89056882359158,-4.3888872585351,0.0106948934805729,662
-0.11895423929792552,0.22937068300216507,-0.4469031017145343,-0.02765315867683386,0.09919654091758759,-0.16323102653955485,0.06023692476909989,-0.5873829936099805,0.052398644,-0.11900714,1,8,238.0,0.0,0.0,0.0,0.0,0.0,0.0,2.0,2.0,1.769,0.4512637809530032,0.5118957242971325,1.0,1.125,1.152875,0.1476519873723344,-0.1887885188413186,3.0,0.0,0.0,0.4946986031104712,5.92288469320235,0.0,0.0535567527472243,-0.960776648119022,-10.6775270095823,-9.02774378366092,-7.82385293159321,663
6.114072236743935,-4.106858090089244,4.06284781270502,5.58728378394345,-3.4102018686282065,-0.2484637761438005,0.05585921332255339,-0.2677719649556255,0.078204274,-0.010806085,4,10,280.0,0.0,0.0,0.3,0.0,0.0,0.0104529616724738,1.0,1.0,0.9545,0.1137090585661494,0.400144021714248,0.0,0.7,1.0881999999999998,0.1214115315775235,-3.197389860386754,2.0,0.55,0.1161214285714286,0.1988349293576283,2.18210438593608,0.0710873277410883,0.1008023624320745,0.800067562629364,-73.9810147979097,-0.934662563080962,0.141484530812452,664
-0.025957865818971096,0.252372665610525,-0.6278517734763271,-0.21180039406207724,-0.14033087690639673,-0.2678325682475351,0.17925756675775284,-0.36879808902496625,0.04953243,0.010057061,2,1,238.0,0.0,0.0,0.0,0.0,0.0,0.0,2.0,2.0,1.628,0.3414908490721237,1.089341049725853,1.0,1.0,0.934,0.2482820976228451,0.265826656983774,3.0,0.0,0.0,0.4946986031104712,5.92288469320235,0.0,0.0546218487394958,2.24599718264647,-17.2195138597356,0.148906726403499,-0.661500071049664,665
-0.34926118345225593,0.14113933279149407,-0.05338295418099107,-0.024151219601916674,0.9875744951047315,-0.126869867446033,0.02268589695198233,-0.5630640588246547,0.07517242,-0.096907705,10,1,238.0,0.0,0.0,0.0,0.0,0.0,0.0,1.0,1.0,1.0089,0.0938658084714556,-0.094816207785675,1.0,1.0,1.281,0.4960231849419944,-0.5665057774121193,2.0,0.0,0.0,0.4946986031104712,5.92288469320235,0.0565339519446635,0.0714285714285714,-5.47341477277527,-68.3943379104697,-0.566884785303185,-0.0456089446789119,666
-0.2873618685236937,0.2696062301350601,-0.3406265493698566,-0.26953847193081876,0.11513012931173978,1.0344340815102784,-0.2303359327445566,2.5590160008460003,1.9664875,0.55667,2,3,280.0,0.0,0.0,0.0,0.0,0.0,0.0,2.0,2.0,1.639,0.3566216482492334,1.0122773022116331,1.0,1.0,1.030333333333333,0.1821839729504217,-0.1664983633965859,3.0,2.0,-0.0169,0.3962041435085369,5.090557564945159,0.0,0.0537683377052365,-4.76816224269974,-3.13691325023915,-1.19908139964685,-4.06130529388683,667
-0.12305055490185358,0.3506304468971998,-0.4925148016077096,-0.34334353050481337,0.004392159368253913,-0.3091532888738864,0.06476619553666751,-0.34356394105776705,0.091304906,-0.04592383,1,6,1834.0,0.0,1.0,0.6666666666666666,0.0,0.0005452562704471,0.0021786492374727,0.0,0.0,0.863,0.3438473498516456,-2.509834670449969,0.0,0.3333333333333333,0.8241666666666667,0.1561672002836845,-3.1429988655858168,2.0,0.0,0.0,0.46280788768264797,2.7944592902593897,0.3962264150943396,0.3650691543360551,-0.807512686422347,-3.62979367128749,0.940525488967041,2.4611785645081,668
-0.6337708508543911,-2.3203263662368285,2.4361732368789264,1.252901817526343,1.264888886883968,-0.21449668438358208,0.19425623405559825,-0.49704546329955934,0.10034348,-0.13164431,1,6,238.0,0.0,1.0,0.5,0.0,0.0042016806722689,0.0124481327800829,0.0,0.0,1.117,0.394095166171827,-2.834340778270251,0.0,0.5,1.1413333333333335,0.164730082255792,-3.8932374982820352,2.0,0.0,0.0,0.4946986031104712,5.92288469320235,0.1320754716981132,0.0862135267424995,8.70281344447751,2.29118143325879,8.87098242401956,9.21245523160361,669
-0.09717376301774235,0.24354163246109548,-0.6527720503201792,-0.2614796505562111,-0.07706299199010012,-0.40408930941591226,0.14760044082293952,-0.2526861068094425,0.114886925,0.06121503,1,6,280.0,0.0,1.0,0.5,0.0,0.0035714285714285,0.0106007067137809,0.0,0.0,1.073,0.3600985976090437,-2.97973945781635,0.0,0.5,1.128,0.1588304476827762,-3.953901844149376,2.0,0.0,0.0,0.4952816079376104,5.915228243436404,0.1132075471698113,0.1183076483559363,-1.92539276692559,-0.292213860623121,2.11187933739312,3.75911980748955,670
-0.2031474108191085,0.24701982466282288,-0.3238648442248165,-0.2803022196868463,0.23687097058072598,-0.40408930941591226,0.14760044082293952,-0.2526861068094425,0.114886925,0.06121503,1,6,280.0,0.0,0.0,0.5,0.0,0.0,0.0106007067137809,2.0,2.0,1.203,0.4558409810449253,1.7484167355314018,0.0,0.5,1.128,0.1588304476827762,-3.953901844149376,2.0,0.0,0.0,0.4952816079376104,5.915228243436404,0.0,0.1183076483559363,-3.1680309903226,1.58264216160456,2.83901977952278,2.77997270315509,671
-0.19287567775896472,0.2834695551983367,-0.2717757404842148,0.013009198376537514,0.4632184201862358,-0.21449668438358208,0.19425623405559825,-0.49704546329955934,0.10034348,-0.13164431,1,6,238.0,0.0,0.0,0.5,0.0,0.0,0.0124481327800829,2.0,2.0,1.261,0.4846431677017639,1.5248332159605733,0.0,0.5,1.1413333333333335,0.164730082255792,-3.8932374982820352,2.0,0.0,0.0,0.4946986031104712,5.92288469320235,0.0,0.0862135267424995,5.45878595394901,3.82012245174491,7.44487833526091,10.7039525041648,672
-0.1575692262907865,0.4778646067943418,0.023135085893525836,0.12213420105253406,0.33330122859347494,-0.40408930941591226,0.14760044082293952,-0.2526861068094425,0.114886925,0.06121503,2,6,280.0,0.0,0.0,0.5,0.0,0.0,0.0106007067137809,1.0,1.0,1.131,0.2689591046980935,-0.4870628943647305,0.0,0.5,1.128,0.1588304476827762,-3.953901844149376,1.0,-0.1666666666666665,0.0600833333333332,0.3140811001954749,-0.7219472927816323,0.0755555555555555,0.1183076483559363,-1.53870324590748,2.31453616181759,4.57313089063389,4.68094279706058,673
-0.14631145303933005,0.4532444314731223,-0.09332995639125194,0.21677019387392435,0.23664630947486645,-0.3091532888738864,0.06476619553666751,-0.34356394105776705,0.091304906,-0.04592383,2,6,1834.0,0.0,1.0,0.6666666666666666,0.0,0.0010905125408942,0.0021786492374727,0.0,0.0,0.845,0.2558808316384796,-3.302318483917762,0.0,0.3333333333333333,0.8241666666666667,0.1561672002836845,-3.1429988655858168,1.0,-0.1666666666666665,0.0600833333333332,0.3140811001954749,-0.7219472927816323,0.3423931623931624,0.3650691543360551,-2.46788574939234,4.77731478461163,6.25168430486315,4.90310209862269,674
-0.21846271612483376,0.3792336115742185,0.1421796260277029,-0.11545906998032528,0.42053052703749705,-0.21449668438358208,0.19425623405559825,-0.49704546329955934,0.10034348,-0.13164431,2,6,238.0,0.0,0.0,0.5,0.0,0.0,0.0124481327800829,1.0,1.5,1.1555,0.2656496753244769,1.2968207078710396,0.0,0.5,1.1413333333333335,0.164730082255792,-3.8932374982820352,1.0,-0.1666666666666665,0.0600833333333332,0.3140811001954749,-0.7219472927816323,0.0341880341880341,0.0862135267424995,-1.39896755518085,6.70416743617125,6.98088469908443,8.99556448869911,675
-0.135595584291787,0.3389196643062526,-0.4388511845880939,-0.3750246595518684,-0.016173205815531833,-0.40408930941591226,0.14760044082293952,-0.2526861068094425,0.114886925,0.06121503,2,6,280.0,0.0,0.0,0.5,0.0,0.0,0.0106007067137809,1.0,1.0,1.002,0.2235978532991763,-0.0089446297023432,0.0,0.5,1.128,0.1588304476827762,-3.953901844149376,1.0,0.3333333333333335,0.0925833333333332,0.3173258380592415,0.7586838861670465,0.1277665995975855,0.1183076483559363,-1.59633378030599,-2.06985354231879,-0.798458303872112,0.053386379829875,676
-0.40648215827210094,0.29823329138772536,-0.08784596274536632,-0.04854147922485235,0.6571133123011609,-0.21449668438358208,0.19425623405559825,-0.49704546329955934,0.10034348,-0.13164431,2,6,238.0,0.0,0.0,0.5,0.0,0.0,0.0124481327800829,1.0,1.0,1.039,0.2397477841399165,-0.1626709508073683,0.0,0.5,1.1413333333333335,0.164730082255792,-3.8932374982820352,1.0,0.3333333333333335,0.0925833333333332,0.3173258380592415,0.7586838861670465,0.033565026522773,0.0862135267424995,1.9617213451348,-6.84366463134804,-0.867827480482318,4.54248658873837,677
-0.1382053603557904,0.268159831072943,-0.45147023161501865,-0.17498143682541953,0.052591849466012745,-0.3091532888738864,0.06476619553666751,-0.34356394105776705,0.091304906,-0.04592383,2,6,1834.0,0.0,1.0,0.6666666666666666,0.0,0.0010905125408942,0.0021786492374727,0.0,0.0,0.786,0.2927524551562292,-2.684862197246292,0.0,0.3333333333333333,0.8241666666666667,0.1561672002836845,-3.1429988655858168,1.0,0.3333333333333335,0.0925833333333332,0.3173258380592415,0.7586838861670465,0.4212548015364916,0.3650691543360551,-7.86568522302045,-1.08591032657441,0.694192155633709,-0.557721858272929,678
-0.10186334166672244,0.14717485979138187,-0.6791052654737372,-0.41246203322511116,-0.06083798028210012,-0.29548229624834477,0.1759867844632078,-0.1454306818553159,-0.027028926,-0.03252709,1,1,280.0,0.0,1.0,0.0,0.0,0.0035714285714285,0.0,0.0,0.0,0.902,0.2973146481423342,-3.0338229402279,1.0,1.0,0.953,0.2116388433156824,0.222076435798198,2.0,0.0,0.0,0.4952816079376104,5.915228243436404,0.085820895522388,0.0336134453781512,-1.63301221341011,4.53552174344474,4.51584749201602,2.50438221480301,679
-0.08722911042599589,0.29568692958739073,-0.45923218581522085,-0.03625730830096084,-0.12286963467437396,-0.2678325682475351,0.17925756675775284,-0.36879808902496625,0.04953243,0.010057061,1,1,238.0,0.0,1.0,0.0,0.0,0.0042016806722689,0.0,0.0,0.0,0.893,0.3091132478558627,-2.8889088584660065,1.0,1.0,0.934,0.2482820976228451,0.265826656983774,2.0,0.0,0.0,0.4946986031104712,5.92288469320235,0.0764925373134328,0.0546218487394958,-6.67249849060615,-1.9404233520651,0.763291936460453,0.586357218782164,680
-0.13266349412664066,0.3713259938063249,-0.4709977447193711,-0.10728189571136972,-0.23601156513011773,-0.2678325682475351,0.17925756675775284,-0.36879808902496625,0.04953243,0.010057061,6,1,238.0,0.0,0.5,0.0,0.0,0.0124481327800829,0.0,0.0,0.5,1.1413333333333335,0.164730082255792,-3.8932374982820352,1.0,1.0,0.934,0.2482820976228451,0.265826656983774,2.0,0.0,0.0,0.4946986031104712,5.92288469320235,0.0862135267424995,0.0546218487394958,1.4359179428043,2.56152200791735,7.40102548896704,9.135488148965,681
-0.3363533141731358,0.31709063062830595,-0.09688137589360127,-0.0203540228998594,0.677483672156612,-0.29548229624834477,0.1759867844632078,-0.1454306818553159,-0.027028926,-0.03252709,6,1,280.0,0.0,0.5,0.0,0.0,0.0106007067137809,0.0,0.0,0.5,1.128,0.1588304476827762,-3.953901844149376,1.0,1.0,0.953,0.2116388433156824,0.222076435798198,2.0,0.0,0.0,0.4952816079376104,5.915228243436404,0.1183076483559363,0.0336134453781512,-0.593164407940085,1.60525422654651,2.86595438062991,2.33645428041671,682
-0.1575692262907865,0.4778646067943418,0.023135085893525836,0.12213420105253406,0.33330122859347494,-0.29548229624834477,0.1759867844632078,-0.1454306818553159,-0.027028926,-0.03252709,2,1,280.0,0.0,0.0,0.0,0.0,0.0,0.0,1.0,1.0,1.131,0.2689591046980935,-0.4870628943647305,1.0,1.0,0.953,0.2116388433156824,0.222076435798198,2.0,0.0,0.0,0.4952816079376104,5.915228243436404,0.0755555555555555,0.0336134453781512,2.70286924386507,6.3300811827543,7.75146422396723,8.15124314509252,683
-0.21846271612483376,0.3792336115742185,0.1421796260277029,-0.11545906998032528,0.42053052703749705,-0.2678325682475351,0.17925756675775284,-0.36879808902496625,0.04953243,0.010057061,2,1,238.0,0.0,0.0,0.0,0.0,0.0,0.0,1.0,1.5,1.1555,0.2656496753244769,1.2968207078710396,1.0,1.0,0.934,0.2482820976228451,0.265826656983774,2.0,0.0,0.0,0.4946986031104712,5.92288469320235,0.0341880341880341,0.0546218487394958,0.677821266630122,3.19570201793139,6.40111676464398,7.57775677141771,684
-0.19287567775896472,0.2834695551983367,-0.2717757404842148,0.013009198376537514,0.4632184201862358,-0.2678325682475351,0.17925756675775284,-0.36879808902496625,0.04953243,0.010057061,1,1,238.0,0.0,0.0,0.0,0.0,0.0,0.0,2.0,2.0,1.261,0.4846431677017639,1.5248332159605733,1.0,1.0,0.934,0.2482820976228451,0.265826656983774,2.0,0.0,0.0,0.4946986031104712,5.92288469320235,0.0,0.0546218487394958,2.76604029235344,4.59647807813691,9.43133476436898,12.1642323585501,685
-0.2031474108191085,0.24701982466282288,-0.3238648442248165,-0.2803022196868463,0.23687097058072598,-0.29548229624834477,0.1759867844632078,-0.1454306818553159,-0.027028926,-0.03252709,1,1,280.0,0.0,0.0,0.0,0.0,0.0,0.0,2.0,2.0,1.203,0.4558409810449253,1.7484167355314018,1.0,1.0,0.953,0.2116388433156824,0.222076435798198,2.0,0.0,0.0,0.4952816079376104,5.915228243436404,0.0,0.0336134453781512,4.27101385806885,7.2490917093774,7.87579755730057,8.11274509563148,686
-0.135595584291787,0.3389196643062526,-0.4388511845880939,-0.3750246595518684,-0.016173205815531833,-0.29548229624834477,0.1759867844632078,-0.1454306818553159,-0.027028926,-0.03252709,2,1,280.0,0.0,0.0,0.0,0.0,0.0,0.0,1.0,1.0,1.002,0.2235978532991763,-0.0089446297023432,1.0,1.0,0.953,0.2116388433156824,0.222076435798198,2.0,0.0,0.0,0.4952816079376104,5.915228243436404,0.1277665995975855,0.0336134453781512,3.90084952506423,6.94897858037334,7.9949699334115,8.68805763758404,687
-0.40648215827210094,0.29823329138772536,-0.08784596274536632,-0.04854147922485235,0.6571133123011609,-0.2678325682475351,0.17925756675775284,-0.36879808902496625,0.04953243,0.010057061,2,1,238.0,0.0,0.0,0.0,0.0,0.0,0.0,1.0,1.0,1.039,0.2397477841399165,-0.1626709508073683,1.0,1.0,0.934,0.2482820976228451,0.265826656983774,2.0,0.0,0.0,0.4946986031104712,5.92288469320235,0.033565026522773,0.0546218487394958,6.43021011854772,-4.28286840143587,5.20107339307019,10.2345699617347,688
-0.22674718755457146,0.3314209232699406,-0.2285004800486225,0.10851384561616884,-0.007472946228658759,1.0344340815102784,-0.2303359327445566,2.5590160008460003,1.9664875,0.55667,1,3,280.0,0.0,0.0,0.0,0.0,0.0,0.0,2.0,2.0,1.608,0.5141361687335371,0.7624439279687458,1.0,1.0,1.030333333333333,0.1821839729504217,-0.1664983633965859,2.0,0.0,0.0,0.4952816079376104,5.915228243436404,0.0,0.0537683377052365,1.28475274086597,0.35973487131527,0.364892992474593,0.621851977771028,689
-0.10553401740647815,0.2640751572261307,-0.3286940827677797,-0.294371875010497,0.1342749207027766,0.6187276001820594,2.4246001833736806,2.8707056970834683,0.86354136,-1.2017273,1,3,238.0,0.0,0.0,0.0,0.0,0.0,0.0,2.0,2.0,1.642,0.4876843241278111,0.7340814176060667,1.0,1.0,1.0443333333333336,0.1761662724688115,-0.2516561922554292,2.0,0.0,0.0,0.4946986031104712,5.92288469320235,0.0,0.0512423491693383,0.431366436248856,-4.19991940310157,-4.19066256308097,-3.66484068045331,690
-0.6337708508543911,-2.3203263662368285,2.4361732368789264,1.252901817526343,1.264888886883968,-0.2678325682475351,0.17925756675775284,-0.36879808902496625,0.04953243,0.010057061,1,1,238.0,0.0,1.0,0.0,0.0,0.0042016806722689,0.0,0.0,0.0,1.117,0.394095166171827,-2.834340778270251,1.0,1.0,0.934,0.2482820976228451,0.265826656983774,2.0,0.0,0.0,0.4946986031104712,5.92288469320235,0.1320754716981132,0.0546218487394958,2.12781424729642,3.52144709006635,3.61237131290843,3.20659271126664,691
-0.09717376301774235,0.24354163246109548,-0.6527720503201792,-0.2614796505562111,-0.07706299199010012,-0.29548229624834477,0.1759867844632078,-0.1454306818553159,-0.027028926,-0.03252709,1,1,280.0,0.0,1.0,0.0,0.0,0.0035714285714285,0.0,0.0,0.0,1.073,0.3600985976090437,-2.97973945781635,1.0,1.0,0.953,0.2116388433156824,0.222076435798198,2.0,0.0,0.0,0.4952816079376104,5.915228243436404,0.1132075471698113,0.0336134453781512,1.53826511341621,3.64201853504511,7.05661274146492,8.34357487496594,692
-0.22126946877844905,0.28140018257276106,-0.13691809371655556,-0.26863715854511555,0.38640738798172003,-0.29548229624834477,0.1759867844632078,-0.1454306818553159,-0.027028926,-0.03252709,3,1,280.0,0.0,0.0,0.0,0.0,0.0,0.0,1.0,1.6666666666666667,1.4226666666666663,0.2887090038237271,0.8451416366251466,1.0,1.0,0.953,0.2116388433156824,0.222076435798198,2.0,0.0,0.0,0.4952816079376104,5.915228243436404,0.0277777777777777,0.0336134453781512,-0.499115013365965,5.18487586521797,6.1554369488403,4.54803516429978,693
-0.07349636184346973,0.3284411439311858,-0.33449424685023416,-0.09959048174359389,0.39275400122563237,-0.2678325682475351,0.17925756675775284,-0.36879808902496625,0.04953243,0.010057061,3,1,238.0,0.0,0.0,0.0,0.0,0.0,0.0,1.0,1.3333333333333333,1.476,0.2865146883960169,-0.4979384040146475,1.0,1.0,0.934,0.2482820976228451,0.265826656983774,2.0,0.0,0.0,0.4946986031104712,5.92288469320235,0.0527777777777777,0.0546218487394958,1.14762618173679,-3.01982722627649,0.965371549947401,0.978162668959156,694
-0.08722911042599589,0.29568692958739073,-0.45923218581522085,-0.03625730830096084,-0.12286963467437396,-0.3081443702848493,0.08498436110710593,-0.4785296258933478,0.07446005,-0.09478426,1,4,238.0,0.0,1.0,0.0,0.0,0.0042016806722689,0.0,0.0,0.0,0.893,0.3091132478558627,-2.8889088584660065,1.0,1.5,1.6245,0.1947213821506684,-0.639375083644725,2.0,0.0,0.0,0.4946986031104712,5.92288469320235,0.0764925373134328,0.1003787878787878,6.43920115984785,7.66542041973791,8.70092472713772,9.16514792913739,695
-0.10186334166672244,0.14717485979138187,-0.6791052654737372,-0.41246203322511116,-0.06083798028210012,-0.1290426942256263,0.06066777394919346,-0.6130356449192859,0.07439305,-0.12901436,1,4,280.0,0.0,1.0,0.0,0.0,0.0035714285714285,0.0,0.0,0.0,0.902,0.2973146481423342,-3.0338229402279,1.0,1.5,1.60925,0.1989255688553999,-0.5492003900183113,2.0,0.0,0.0,0.4952816079376104,5.915228243436404,0.085820895522388,0.053030303030303,-3.8359320920609,-1.04550765371691,1.45729193646046,-0.599487057417019,696
-0.07349636184346973,0.3284411439311858,-0.33449424685023416,-0.09959048174359389,0.39275400122563237,-0.3081443702848493,0.08498436110710593,-0.4785296258933478,0.07446005,-0.09478426,3,4,238.0,0.3333333333333333,0.0,0.0,0.1666666666666666,0.0,0.0,1.0,1.3333333333333333,1.476,0.2865146883960169,-0.4979384040146475,1.0,1.5,1.6245,0.1947213821506684,-0.639375083644725,0.0,-0.8928571428571428,-0.1004636970832733,0.316018752804983,-2.5074253940330564,0.0527777777777777,0.1003787878787878,0.735967309299253,-2.55392721165401,2.85967100729133,3.2974204765366,697
-0.22126946877844905,0.28140018257276106,-0.13691809371655556,-0.26863715854511555,0.38640738798172003,-0.1290426942256263,0.06066777394919346,-0.6130356449192859,0.07439305,-0.12901436,3,4,280.0,0.3333333333333333,0.0,0.0,0.1666666666666666,0.0,0.0,1.0,1.6666666666666667,1.4226666666666663,0.2887090038237271,0.8451416366251466,1.0,1.5,1.60925,0.1989255688553999,-0.5492003900183113,0.0,-0.8928571428571428,-0.1004636970832733,0.316018752804983,-2.5074253940330564,0.0277777777777777,0.053030303030303,-2.85906408662218,-3.17497447361498,-1.57084082893748,-2.99473902458692,698
-0.18254686261789152,-0.05482621734159629,0.07270794498937094,-2.5214951118417215,-0.3820924864552169,-0.11517605966135847,0.09192702375007683,-0.5994968734055475,0.08285704,-0.11144397,1,2,238.0,0.0,0.0,0.0,0.0,0.0,0.0,1.0,1.0,1.129,0.4103157320893265,-0.3143920398643561,2.0,2.0,1.628,0.3414908490721237,1.089341049725853,3.0,0.0,0.0,0.4946986031104712,5.92288469320235,0.074074074074074,0.0,5.74530550508615,-9.55049893815121,1.09833743691903,3.01266963841233,699
-0.05120618600510696,0.40926466867196687,0.22288492293656503,-0.20124815256933928,0.12475168368591064,-0.3584885190441291,0.10675214109056994,-0.41189168748257265,0.073197186,-0.05751042,1,2,280.0,0.0,0.0,0.0,0.0,0.0,0.0,1.0,1.0,1.108,0.3692370512286111,-0.2924950235645027,2.0,2.0,1.639,0.3566216482492334,1.0122773022116331,3.0,0.0,0.0,0.4952816079376104,5.915228243436404,0.1481481481481481,0.0,7.81702399821584,-10.6274170091338,4.54355965914125,6.24525364516356,700
-0.09717376301774235,0.24354163246109548,-0.6527720503201792,-0.2614796505562111,-0.07706299199010012,-0.1290426942256263,0.06066777394919346,-0.6130356449192859,0.07439305,-0.12901436,1,4,280.0,0.0,1.0,0.0,0.0,0.0035714285714285,0.0,0.0,0.0,1.073,0.3600985976090437,-2.97973945781635,1.0,1.5,1.60925,0.1989255688553999,-0.5492003900183113,2.0,0.0,0.0,0.4952816079376104,5.915228243436404,0.1132075471698113,0.053030303030303,0.0044698866794604,1.25765128495206,3.47954600405979,4.88251161524591,701
-0.6337708508543911,-2.3203263662368285,2.4361732368789264,1.252901817526343,1.264888886883968,-0.3081443702848493,0.08498436110710593,-0.4785296258933478,0.07446005,-0.09478426,1,4,238.0,0.0,1.0,0.0,0.0,0.0042016806722689,0.0,0.0,0.0,1.117,0.394095166171827,-2.834340778270251,1.0,1.5,1.6245,0.1947213821506684,-0.639375083644725,2.0,0.0,0.0,0.4946986031104712,5.92288469320235,0.1320754716981132,0.1003787878787878,11.9416056061806,3.5531489510266,14.6805935351307,15.3270183243996,702
-0.21846271612483376,0.3792336115742185,0.1421796260277029,-0.11545906998032528,0.42053052703749705,-0.3081443702848493,0.08498436110710593,-0.4785296258933478,0.07446005,-0.09478426,2,4,238.0,0.0,0.0,0.0,0.0,0.0,0.0,1.0,1.5,1.1555,0.2656496753244769,1.2968207078710396,1.0,1.5,1.6245,0.1947213821506684,-0.639375083644725,2.0,0.25,-0.137991927346115,0.3690232021371084,1.0514025272642855,0.0341880341880341,0.1003787878787878,-1.77454882718669,2.62563249439665,5.33528343131066,7.49209702760627,703
-0.1575692262907865,0.4778646067943418,0.023135085893525836,0.12213420105253406,0.33330122859347494,-0.1290426942256263,0.06066777394919346,-0.6130356449192859,0.07439305,-0.12901436,2,4,280.0,0.0,0.0,0.0,0.0,0.0,0.0,1.0,1.0,1.131,0.2689591046980935,-0.4870628943647305,1.0,1.5,1.60925,0.1989255688553999,-0.5492003900183113,2.0,0.25,-0.137991927346115,0.3690232021371084,1.0514025272642855,0.0755555555555555,0.053030303030303,-1.18890879089235,2.20556236574524,5.09690866841169,5.40301944926139,704
-0.2031474108191085,0.24701982466282288,-0.3238648442248165,-0.2803022196868463,0.23687097058072598,-0.1290426942256263,0.06066777394919346,-0.6130356449192859,0.07439305,-0.12901436,1,4,280.0,0.0,0.0,0.0,0.0,0.0,0.0,2.0,2.0,1.203,0.4558409810449253,1.7484167355314018,1.0,1.5,1.60925,0.1989255688553999,-0.5492003900183113,3.0,0.0,0.0,0.4952816079376104,5.915228243436404,0.0,0.053030303030303,0.387197020882111,7.12706229821176,9.4570197795228,9.59896597757812,705
-0.19287567775896472,0.2834695551983367,-0.2717757404842148,0.013009198376537514,0.4632184201862358,-0.3081443702848493,0.08498436110710593,-0.4785296258933478,0.07446005,-0.09478426,1,4,238.0,0.0,0.0,0.0,0.0,0.0,0.0,2.0,2.0,1.261,0.4846431677017639,1.5248332159605733,1.0,1.5,1.6245,0.1947213821506684,-0.639375083644725,3.0,0.0,0.0,0.4946986031104712,5.92288469320235,0.0,0.1003787878787878,-1.09150355252119,-0.886836150297833,1.86032277970537,5.49903543973861,706
-0.3363533141731358,0.31709063062830595,-0.09688137589360127,-0.0203540228998594,0.677483672156612,-0.1290426942256263,0.06066777394919346,-0.6130356449192859,0.07439305,-0.12901436,6,4,280.0,0.0,0.5,0.0,0.0,0.0106007067137809,0.0,0.0,0.5,1.128,0.1588304476827762,-3.953901844149376,1.0,1.5,1.60925,0.1989255688553999,-0.5492003900183113,1.0,0.1833333333333335,0.0293642785065589,0.218739789654014,0.703891391092179,0.1183076483559363,0.053030303030303,-1.11250732359083,5.15857978148209,6.89445438062991,6.25180364208557,707
-0.13266349412664066,0.3713259938063249,-0.4709977447193711,-0.10728189571136972,-0.23601156513011773,-0.3081443702848493,0.08498436110710593,-0.4785296258933478,0.07446005,-0.09478426,6,4,238.0,0.0,0.5,0.0,0.0,0.0124481327800829,0.0,0.0,0.5,1.1413333333333335,0.164730082255792,-3.8932374982820352,1.0,1.5,1.6245,0.1947213821506684,-0.639375083644725,1.0,0.1833333333333335,0.0293642785065589,0.218739789654014,0.703891391092179,0.0862135267424995,0.1003787878787878,-0.277630320181053,1.54496613801711,4.91454500192759,7.62998356765355,708
-0.40648215827210094,0.29823329138772536,-0.08784596274536632,-0.04854147922485235,0.6571133123011609,-0.3081443702848493,0.08498436110710593,-0.4785296258933478,0.07446005,-0.09478426,2,4,238.0,0.0,0.0,0.0,0.0,0.0,0.0,1.0,1.0,1.039,0.2397477841399165,-0.1626709508073683,1.0,1.5,1.6245,0.1947213821506684,-0.639375083644725,2.0,0.9166666666666664,-0.0757652203161789,0.3600475704470036,2.756391011750833,0.033565026522773,0.1003787878787878,3.16556042414047,-9.30133197065934,-4.03306590986536,1.28439775264553,709
-0.135595584291787,0.3389196643062526,-0.4388511845880939,-0.3750246595518684,-0.016173205815531833,-0.1290426942256263,0.06066777394919346,-0.6130356449192859,0.07439305,-0.12901436,2,4,280.0,0.0,0.0,0.0,0.0,0.0,0.0,1.0,1.0,1.002,0.2235978532991763,-0.0089446297023432,1.0,1.5,1.60925,0.1989255688553999,-0.5492003900183113,2.0,0.9166666666666664,-0.0757652203161789,0.3600475704470036,2.756391011750833,0.1277665995975855,0.053030303030303,2.04201525954812,4.69195045226552,5.4050810445226,6.14800736536401,710
-0.05120618600510696,0.40926466867196687,0.22288492293656503,-0.20124815256933928,0.12475168368591064,-0.1290426942256263,0.06066777394919346,-0.6130356449192859,0.07439305,-0.12901436,1,4,280.0,0.0,0.0,0.0,0.0,0.0,0.0,1.0,1.0,1.108,0.3692370512286111,-0.2924950235645027,1.0,1.5,1.60925,0.1989255688553999,-0.5492003900183113,2.0,0.0,0.0,0.4952816079376104,5.915228243436404,0.1481481481481481,0.053030303030303,1.08578265495822,-11.6241023959365,3.8468277420165,2.32821922890353,711
-0.18254686261789152,-0.05482621734159629,0.07270794498937094,-2.5214951118417215,-0.3820924864552169,-0.3081443702848493,0.08498436110710593,-0.4785296258933478,0.07446005,-0.09478426,1,4,238.0,0.0,0.0,0.0,0.0,0.0,0.0,1.0,1.0,1.129,0.4103157320893265,-0.3143920398643561,1.0,1.5,1.6245,0.1947213821506684,-0.639375083644725,2.0,0.0,0.0,0.4946986031104712,5.92288469320235,0.074074074074074,0.1003787878787878,10.4192745705617,-4.09393998450266,8.54903797957511,8.71894675278029,712
-0.10186334166672244,0.14717485979138187,-0.6791052654737372,-0.41246203322511116,-0.06083798028210012,5.59990790799449,-3.6580869316059808,2.4642993886113573,1.0530713,-0.8017871,1,4,280.0,0.0,1.0,0.0,0.0,0.0035714285714285,0.0,0.0,0.0,0.902,0.2973146481423342,-3.0338229402279,1.0,1.0,0.9545,0.1137090585661494,0.400144021714248,1.0,0.0,0.0,0.4952816079376104,5.915228243436404,0.085820895522388,0.0710873277410883,1.85081108646139,4.65700284526198,7.9253378223928,5.41617580378406,713
-0.08722911042599589,0.29568692958739073,-0.45923218581522085,-0.03625730830096084,-0.12286963467437396,5.3506132593081706,-5.053886335422629,2.155018978259821,0.7015022,-0.5263827,1,4,238.0,0.0,1.0,0.0,0.0,0.0042016806722689,0.0,0.0,0.0,0.893,0.3091132478558627,-2.8889088584660065,1.0,1.0,0.9565,0.1083178194019802,0.4015959722985777,1.0,0.0,0.0,0.4946986031104712,5.92288469320235,0.0764925373134328,0.056572490351757,-1.51595419402859,-17.6585412675635,3.12742710550296,2.869799797682,714
-0.19287567775896472,0.2834695551983367,-0.2717757404842148,0.013009198376537514,0.4632184201862358,5.3506132593081706,-5.053886335422629,2.155018978259821,0.7015022,-0.5263827,1,4,238.0,0.0,0.0,0.0,0.0,0.0,0.0,2.0,2.0,1.261,0.4846431677017639,1.5248332159605733,1.0,1.0,0.9565,0.1083178194019802,0.4015959722985777,2.0,0.0,0.0,0.4946986031104712,5.92288469320235,0.0,0.056572490351757,-0.599861316289591,-47.1064951792331,-3.58958562214407,-1.25257945727233,715
-0.2031474108191085,0.24701982466282288,-0.3238648442248165,-0.2803022196868463,0.23687097058072598,5.59990790799449,-3.6580869316059808,2.4642993886113573,1.0530713,-0.8017871,1,4,280.0,0.0,0.0,0.0,0.0,0.0,0.0,2.0,2.0,1.203,0.4558409810449253,1.7484167355314018,1.0,1.0,0.9545,0.1137090585661494,0.400144021714248,2.0,0.0,0.0,0.4952816079376104,5.915228243436404,0.0,0.0710873277410883,1.9490946833322,-20.6111855044262,5.43085882230037,4.89826104155698,716
-0.21846271612483376,0.3792336115742185,0.1421796260277029,-0.11545906998032528,0.42053052703749705,5.3506132593081706,-5.053886335422629,2.155018978259821,0.7015022,-0.5263827,2,4,238.0,0.0,0.0,0.0,0.0,0.0,0.0,1.0,1.5,1.1555,0.2656496753244769,1.2968207078710396,1.0,1.0,0.9565,0.1083178194019802,0.4015959722985777,2.0,0.4166666666666665,-0.0988333333333333,0.3129818951100314,1.6470601272919367,0.0341880341880341,0.056572490351757,-1.25197904470279,-45.0130321877025,-1.52658562214407,-0.357726182738003,717
-0.1575692262907865,0.4778646067943418,0.023135085893525836,0.12213420105253406,0.33330122859347494,5.59990790799449,-3.6580869316059808,2.4642993886113573,1.0530713,-0.8017871,2,4,280.0,0.0,0.0,0.0,0.0,0.0,0.0,1.0,1.0,1.131,0.2689591046980935,-0.4870628943647305,1.0,1.0,0.9545,0.1137090585661494,0.400144021714248,2.0,0.4166666666666665,-0.0988333333333333,0.3129818951100314,1.6470601272919367,0.0755555555555555,0.0710873277410883,-0.805214452781522,-22.5056771493819,3.5511921556337,3.08697771324024,718
-0.13266349412664066,0.3713259938063249,-0.4709977447193711,-0.10728189571136972,-0.23601156513011773,5.3506132593081706,-5.053886335422629,2.155018978259821,0.7015022,-0.5263827,6,4,238.0,0.0,0.5,0.0,0.0,0.0124481327800829,0.0,0.0,0.5,1.1413333333333335,0.164730082255792,-3.8932374982820352,1.0,1.0,0.9565,0.1083178194019802,0.4015959722985777,1.0,0.4833333333333334,0.2149333333333332,0.2337470641526862,1.1482497158752685,0.0862135267424995,0.056572490351757,-0.895898990340307,-43.9092892137984,-0.39536339992185,1.23780040286484,719
-0.3363533141731358,0.31709063062830595,-0.09688137589360127,-0.0203540228998594,0.677483672156612,5.59990790799449,-3.6580869316059808,2.4642993886113573,1.0530713,-0.8017871,6,4,280.0,0.0,0.5,0.0,0.0,0.0106007067137809,0.0,0.0,0.5,1.128,0.1588304476827762,-3.953901844149376,1.0,1.0,0.9545,0.1137090585661494,0.400144021714248,1.0,0.4833333333333334,0.2149333333333332,0.2337470641526862,1.1482497158752685,0.1183076483559363,0.0710873277410883,1.16859849537747,-17.8227316775707,2.77221050412084,1.69588570661998,720
-0.135595584291787,0.3389196643062526,-0.4388511845880939,-0.3750246595518684,-0.016173205815531833,5.59990790799449,-3.6580869316059808,2.4642993886113573,1.0530713,-0.8017871,2,4,280.0,0.0,0.0,0.0,0.0,0.0,0.0,1.0,1.0,1.002,0.2235978532991763,-0.0089446297023432,1.0,1.0,0.9545,0.1137090585661494,0.400144021714248,2.0,0.75,-0.0785,0.3448946699114576,2.4021826727931024,0.1277665995975855,0.0710873277410883,4.34441185365157,-32.1870993031405,2.18519432223931,2.53246422656509,721
-0.40648215827210094,0.29823329138772536,-0.08784596274536632,-0.04854147922485235,0.6571133123011609,5.3506132593081706,-5.053886335422629,2.155018978259821,0.7015022,-0.5263827,2,4,238.0,0.0,0.0,0.0,0.0,0.0,0.0,1.0,1.0,1.039,0.2397477841399165,-0.1626709508073683,1.0,1.0,0.9565,0.1083178194019802,0.4015959722985777,2.0,0.75,-0.0785,0.3448946699114576,2.4021826727931024,0.033565026522773,0.056572490351757,0.85855281323746,-73.0563823874765,-7.82733170297954,-4.36710065214319,722
-0.22674718755457146,0.3314209232699406,-0.2285004800486225,0.10851384561616884,-0.007472946228658759,-0.1290426942256263,0.06066777394919346,-0.6130356449192859,0.07439305,-0.12901436,1,4,280.0,0.0,0.0,0.0,0.0,0.0,0.0,2.0,2.0,1.608,0.5141361687335371,0.7624439279687458,1.0,1.5,1.60925,0.1989255688553999,-0.5492003900183113,3.0,0.0,0.0,0.4952816079376104,5.915228243436404,0.0,0.053030303030303,6.44357376997718,4.70889071066531,8.84955965914126,6.68617523066832,723
-0.10553401740647815,0.2640751572261307,-0.3286940827677797,-0.294371875010497,0.1342749207027766,-0.3081443702848493,0.08498436110710593,-0.4785296258933478,0.07446005,-0.09478426,1,4,238.0,0.0,0.0,0.0,0.0,0.0,0.0,2.0,2.0,1.642,0.4876843241278111,0.7340814176060667,1.0,1.5,1.6245,0.1947213821506684,-0.639375083644725,3.0,0.0,0.0,0.4946986031104712,5.92288469320235,0.0,0.1003787878787878,1.12653864883108,-7.02153236038768,-4.99444034085874,-4.91577738014351,724
-0.22126946877844905,0.28140018257276106,-0.13691809371655556,-0.26863715854511555,0.38640738798172003,5.59990790799449,-3.6580869316059808,2.4642993886113573,1.0530713,-0.8017871,3,4,280.0,0.0,0.0,0.0,0.0,0.0,0.0,1.0,1.6666666666666667,1.4226666666666663,0.2887090038237271,0.8451416366251466,1.0,1.0,0.9545,0.1137090585661494,0.400144021714248,2.0,-0.1071428571428572,-0.0732380952380953,0.303272354078474,-0.1117964148357181,0.0277777777777777,0.0710873277410883,2.4091174209835,-29.6535325612282,3.92022887788729,2.45371544772527,725
-0.07349636184346973,0.3284411439311858,-0.33449424685023416,-0.09959048174359389,0.39275400122563237,5.3506132593081706,-5.053886335422629,2.155018978259821,0.7015022,-0.5263827,3,4,238.0,0.0,0.0,0.0,0.0,0.0,0.0,1.0,1.3333333333333333,1.476,0.2865146883960169,-0.4979384040146475,1.0,1.0,0.9565,0.1083178194019802,0.4015959722985777,2.0,-0.1071428571428572,-0.0732380952380953,0.303272354078474,-0.1117964148357181,0.0527777777777777,0.056572490351757,0.834662352533734,-62.2536046096988,-0.0091284500526004,-0.17207028825211,726
-0.6337708508543911,-2.3203263662368285,2.4361732368789264,1.252901817526343,1.264888886883968,5.3506132593081706,-5.053886335422629,2.155018978259821,0.7015022,-0.5263827,1,4,238.0,0.0,1.0,0.0,0.0,0.0042016806722689,0.0,0.0,0.0,1.117,0.394095166171827,-2.834340778270251,1.0,1.0,0.9565,0.1083178194019802,0.4015959722985777,2.0,0.0,0.0,0.4946986031104712,5.92288469320235,0.1320754716981132,0.056572490351757,1.27884379294409,-0.132165699834728,0.796744231675455,0.588974070722052,727
-0.09717376301774235,0.24354163246109548,-0.6527720503201792,-0.2614796505562111,-0.07706299199010012,5.59990790799449,-3.6580869316059808,2.4642993886113573,1.0530713,-0.8017871,1,4,280.0,0.0,1.0,0.0,0.0,0.0035714285714285,0.0,0.0,0.0,1.073,0.3600985976090437,-2.97973945781635,1.0,1.0,0.9545,0.1137090585661494,0.400144021714248,2.0,0.0,0.0,0.4952816079376104,5.915228243436404,0.1132075471698113,0.0710873277410883,3.28064210709633,-37.6934352300116,4.03922385257601,5.03437038478032,728
-2.043289009040621,-3.4644857650925767,3.9698366408036727,-1.3253988374957228,-5.780500397223112,-0.20554904830885032,0.17645295772720693,-0.5110996309674923,0.06084925,-0.08088969,1,1,1834.0,0.0,1.0,1.0,0.0,0.0005452562704471,0.0005452562704471,0.0,0.0,0.873,0.3329729718760968,-2.621834424221236,0.0,0.0,0.863,0.3438473498516456,-2.509834670449969,3.0,0.0,0.0,0.46280788768264797,2.7944592902593897,0.3888888888888889,0.3962264150943396,5.93386399262161,-2.80571484720507,6.33120464624178,6.77881434800243,729
-0.18254686261789152,-0.05482621734159629,0.07270794498937094,-2.5214951118417215,-0.3820924864552169,-0.6809228374595678,-2.1212288776080053,1.4018140613446026,0.32790866,0.18522945,1,1,238.0,0.0,0.0,1.0,0.0,0.0,0.0042016806722689,1.0,1.0,1.129,0.4103157320893265,-0.3143920398643561,0.0,0.0,1.117,0.394095166171827,-2.834340778270251,3.0,0.0,0.0,0.4946986031104712,5.92288469320235,0.074074074074074,0.1320754716981132,0.478478430989024,3.68300038618762,4.56550448905945,-0.292473867987993,730
-0.05120618600510696,0.40926466867196687,0.22288492293656503,-0.20124815256933928,0.12475168368591064,-0.18146316665013967,0.08433015645708655,-0.6157739019467797,0.074545465,-0.0980867,1,1,280.0,0.0,0.0,1.0,0.0,0.0,0.0035714285714285,1.0,1.0,1.108,0.3692370512286111,-0.2924950235645027,0.0,0.0,1.073,0.3600985976090437,-2.97973945781635,3.0,0.0,0.0,0.4952816079376104,5.915228243436404,0.1481481481481481,0.1132075471698113,0.587215406455215,-19.4894942264512,3.56489299247457,4.54270227854575,731
-0.18254686261789152,-0.05482621734159629,0.07270794498937094,-2.5214951118417215,-0.3820924864552169,-0.21714723565463467,0.018469794394081415,-0.5007702613398466,0.04253316,-0.08140227,1,2,238.0,0.0,0.0,1.0,0.0,0.0,0.0084033613445378,1.0,1.0,1.129,0.4103157320893265,-0.3143920398643561,0.0,0.0,0.9145,0.1947812876022745,-4.69500952199949,2.0,0.0,0.0,0.4946986031104712,5.92288469320235,0.074074074074074,0.0632462686567164,18.924420561992,-7.94231865554597,13.8054485480301,17.892197900863,732
-2.043289009040621,-3.4644857650925767,3.9698366408036727,-1.3253988374957228,-5.780500397223112,-0.39378074788035244,0.15715716140380784,-0.2937976963093058,0.044547208,0.06682029,1,2,1834.0,0.0,1.0,1.0,0.0,0.0005452562704471,0.0010905125408942,0.0,0.0,0.873,0.3329729718760968,-2.621834424221236,0.0,0.0,0.7,0.3209361307176243,-2.181119334974145,2.0,0.0,0.0,0.46280788768264797,2.7944592902593897,0.3888888888888889,0.3279994259471871,6.06707873798688,-3.14161880653421,10.8292602017973,8.48742561408448,733
-0.05120618600510696,0.40926466867196687,0.22288492293656503,-0.20124815256933928,0.12475168368591064,-0.29715029834682977,0.15051580679401794,-0.2935531859945593,0.14217056,0.023009479,1,2,280.0,0.0,0.0,1.0,0.0,0.0,0.0071428571428571,1.0,1.0,1.108,0.3692370512286111,-0.2924950235645027,0.0,0.0,0.9295,0.1810517881712302,-5.133890194560923,2.0,0.0,0.0,0.4952816079376104,5.915228243436404,0.1481481481481481,0.0832950631458094,9.02369828574077,-4.04133045717766,9.09770464624178,10.0722659901994,734
-0.10186334166672244,0.14717485979138187,-0.6791052654737372,-0.41246203322511116,-0.06083798028210012,-0.13867696560085802,0.22689285463546835,-0.04382626126294745,0.08462248,-0.055479094,1,1,280.0,0.0,1.0,0.0,0.0,0.0035714285714285,0.0,0.0,0.0,0.902,0.2973146481423342,-3.0338229402279,1.0,1.0,1.108,0.3692370512286111,-0.2924950235645027,2.0,0.0,0.0,0.4952816079376104,5.915228243436404,0.085820895522388,0.1481481481481481,6.74775471890591,10.7500230269387,11.5828955445539,7.84912434908381,735
-0.08722911042599589,0.29568692958739073,-0.45923218581522085,-0.03625730830096084,-0.12286963467437396,-0.2609276683942335,-0.1723398074182405,-0.14191646192962046,-0.30356583,-0.16248527,1,1,238.0,0.0,1.0,0.0,0.0,0.0042016806722689,0.0,0.0,0.0,0.893,0.3091132478558627,-2.8889088584660065,1.0,1.0,1.129,0.4103157320893265,-0.3143920398643561,2.0,0.0,0.0,0.4946986031104712,5.92288469320235,0.0764925373134328,0.074074074074074,12.2897263381656,3.51862644965698,15.9910972516834,11.1662833012092,736
-0.052989973467087365,0.21227919146266333,-0.6083998744390852,-0.08886155667139391,-0.16533153573602258,-1.9928894717285877,-3.1054882465920404,2.4035478364043765,-0.103453256,-1.3022103,1,1,1834.0,0.0,1.0,1.0,0.0,0.0005452562704471,0.0005452562704471,0.0,0.0,0.656,0.4750410508577126,-1.3809332873770723,0.0,0.0,0.873,0.3329729718760968,-2.621834424221236,2.0,0.0,0.0,0.46280788768264797,2.7944592902593897,0.3675373134328358,0.3888888888888889,9.33326415455502,5.68479982656473,14.7948399889984,8.62361260805071,737
-0.6337708508543911,-2.3203263662368285,2.4361732368789264,1.252901817526343,1.264888886883968,-0.4540389699805117,0.0888085081532088,-0.23354972713218797,0.06507606,0.020801008,1,10,238.0,1.0,1.0,0.2,0.1,0.0042016806722689,0.008130081300813,0.0,0.0,1.117,0.394095166171827,-2.834340778270251,0.0,0.9,1.1135,0.124047369984212,-1.721116699428395,0.0,0.0,0.0,0.4946986031104712,5.92288469320235,0.1320754716981132,0.0785112659317768,1.35620788493067,0.958396499346611,3.03787135227816,0.775944555706016,738
-0.12305055490185358,0.3506304468971998,-0.4925148016077096,-0.34334353050481337,0.004392159368253913,-0.11182696312916787,0.0061273023434908844,-0.5767442811382247,0.06750562,-0.08622581,1,10,1834.0,1.0,1.0,1.0,0.1,0.0005452562704471,0.0054525627044711,0.0,0.0,0.863,0.3438473498516456,-2.509834670449969,0.0,0.0,0.8348000000000002,0.1169143276078685,-7.140271146235604,0.0,0.0,0.0,0.46280788768264797,2.7944592902593897,0.3962264150943396,0.3946742377920231,0.413960100894776,-2.88584801028377,-0.75388693494556,0.941785992933031,739
-0.09717376301774235,0.24354163246109548,-0.6527720503201792,-0.2614796505562111,-0.07706299199010012,-0.2484637761438005,0.05585921332255339,-0.2677719649556255,0.078204274,-0.010806085,1,10,280.0,1.0,1.0,0.3,0.1,0.0035714285714285,0.0104529616724738,0.0,0.0,1.073,0.3600985976090437,-2.97973945781635,0.0,0.7,1.0881999999999998,0.1214115315775235,-3.197389860386754,0.0,0.0,0.0,0.4952816079376104,5.915228243436404,0.1132075471698113,0.1008023624320745,-3.84952757958637,-17.1102446188128,-2.67823046298646,-1.65172882276135,740
-0.22126946877844905,0.28140018257276106,-0.13691809371655556,-0.26863715854511555,0.38640738798172003,-0.2484637761438005,0.05585921332255339,-0.2677719649556255,0.078204274,-0.010806085,3,10,280.0,0.0,0.0,0.3,0.0,0.0,0.0104529616724738,1.0,1.6666666666666667,1.4226666666666663,0.2887090038237271,0.8451416366251466,0.0,0.7,1.0881999999999998,0.1214115315775235,-3.197389860386754,2.0,0.1076923076923073,0.0176141025641025,0.2284141396591998,0.3943635243536321,0.0277777777777777,0.1008023624320745,-0.692339069648719,-17.8084008309607,1.06671143624539,-0.630023926366194,741
-0.07349636184346973,0.3284411439311858,-0.33449424685023416,-0.09959048174359389,0.39275400122563237,-0.4540389699805117,0.0888085081532088,-0.23354972713218797,0.06507606,0.020801008,3,10,238.0,0.0,0.0,0.2,0.0,0.0,0.008130081300813,1.0,1.3333333333333333,1.476,0.2865146883960169,-0.4979384040146475,0.0,0.9,1.1135,0.124047369984212,-1.721116699428395,2.0,0.1076923076923073,0.0176141025641025,0.2284141396591998,0.3943635243536321,0.0527777777777777,0.0785112659317768,1.9216134026143,-5.62537048267244,0.847768451451749,1.36970919256966,742
-0.13266349412664066,0.3713259938063249,-0.4709977447193711,-0.10728189571136972,-0.23601156513011773,-0.4540389699805117,0.0888085081532088,-0.23354972713218797,0.06507606,0.020801008,6,10,238.0,0.1666666666666666,0.5,0.2,0.0666666666666666,0.0124481327800829,0.008130081300813,0.0,0.5,1.1413333333333335,0.164730082255792,-3.8932374982820352,0.0,0.9,1.1135,0.124047369984212,-1.721116699428395,0.0,-0.3666666666666667,0.0616333333333332,0.1527472231062374,-2.803978961385849,0.0862135267424995,0.0785112659317768,-1.73463830041666,-3.85250883940554,-2.40329030222483,-0.524854727997191,743
-0.23435830810769367,0.22079936505545283,-0.23601615609633303,-0.1613065103105533,0.17001103257208514,-0.11182696312916787,0.0061273023434908844,-0.5767442811382247,0.06750562,-0.08622581,6,10,1834.0,0.1666666666666666,0.6666666666666666,1.0,0.0666666666666666,0.0021786492374727,0.0054525627044711,0.0,0.3333333333333333,0.8241666666666667,0.1561672002836845,-3.1429988655858168,0.0,0.0,0.8348000000000002,0.1169143276078685,-7.140271146235604,0.0,-0.3666666666666667,0.0616333333333332,0.1527472231062374,-2.803978961385849,0.3650691543360551,0.3946742377920231,-4.37519670613779,-7.92760206779328,-0.0127275765000787,-1.22124126740866,744
-0.3363533141731358,0.31709063062830595,-0.09688137589360127,-0.0203540228998594,0.677483672156612,-0.2484637761438005,0.05585921332255339,-0.2677719649556255,0.078204274,-0.010806085,6,10,280.0,0.1666666666666666,0.5,0.3,0.0666666666666666,0.0106007067137809,0.0104529616724738,0.0,0.5,1.128,0.1588304476827762,-3.953901844149376,0.0,0.7,1.0881999999999998,0.1214115315775235,-3.197389860386754,0.0,-0.3666666666666667,0.0616333333333332,0.1527472231062374,-2.803978961385849,0.1183076483559363,0.1008023624320745,-10.1156782064616,-14.9518214985388,-6.61496929625582,-7.50854533667487,745
-0.19287567775896472,0.2834695551983367,-0.2717757404842148,0.013009198376537514,0.4632184201862358,-0.4540389699805117,0.0888085081532088,-0.23354972713218797,0.06507606,0.020801008,1,10,238.0,0.0,0.0,0.2,0.0,0.0,0.008130081300813,2.0,2.0,1.261,0.4846431677017639,1.5248332159605733,0.0,0.9,1.1135,0.124047369984212,-1.721116699428395,2.0,0.0,0.0,0.4946986031104712,5.92288469320235,0.0,0.0785112659317768,-3.94968170850854,-4.23430460662834,-3.67217919111372,-0.986747684988164,746
-0.2031474108191085,0.24701982466282288,-0.3238648442248165,-0.2803022196868463,0.23687097058072598,-0.2484637761438005,0.05585921332255339,-0.2677719649556255,0.078204274,-0.010806085,1,10,280.0,0.0,0.0,0.3,0.0,0.0,0.0104529616724738,2.0,2.0,1.203,0.4558409810449253,1.7484167355314018,0.0,0.7,1.0881999999999998,0.1214115315775235,-3.197389860386754,2.0,0.0,0.0,0.4952816079376104,5.915228243436404,0.0,0.1008023624320745,-9.13119377819207,-13.3971045886415,-1.42559220288943,-1.67560424042383,747
-0.1575692262907865,0.4778646067943418,0.023135085893525836,0.12213420105253406,0.33330122859347494,-0.2484637761438005,0.05585921332255339,-0.2677719649556255,0.078204274,-0.010806085,2,10,280.0,0.0,0.0,0.3,0.0,0.0,0.0104529616724738,1.0,1.0,1.131,0.2689591046980935,-0.4870628943647305,0.0,0.7,1.0881999999999998,0.1214115315775235,-3.197389860386754,1.0,0.1333333333333333,-0.0241999999999999,0.3029721732730215,0.5199597429410557,0.0755555555555555,0.1008023624320745,-7.15768416492405,-8.10107481265347,-4.80070331400053,-4.98802638949432,748
-0.14631145303933005,0.4532444314731223,-0.09332995639125194,0.21677019387392435,0.23664630947486645,-0.11182696312916787,0.0061273023434908844,-0.5767442811382247,0.06750562,-0.08622581,2,10,1834.0,0.0,1.0,1.0,0.0,0.0010905125408942,0.0054525627044711,0.0,0.0,0.845,0.2558808316384796,-3.302318483917762,0.0,0.0,0.8348000000000002,0.1169143276078685,-7.140271146235604,1.0,0.1333333333333333,-0.0241999999999999,0.3029721732730215,0.5199597429410557,0.3423931623931624,0.3946742377920231,-5.31459523456624,-3.64336555641908,-2.90473225294251,-3.1767007508737,749
-0.21846271612483376,0.3792336115742185,0.1421796260277029,-0.11545906998032528,0.42053052703749705,-0.4540389699805117,0.0888085081532088,-0.23354972713218797,0.06507606,0.020801008,2,10,238.0,0.0,0.0,0.2,0.0,0.0,0.008130081300813,1.0,1.5,1.1555,0.2656496753244769,1.2968207078710396,0.0,0.9,1.1135,0.124047369984212,-1.721116699428395,1.0,0.1333333333333333,-0.0241999999999999,0.3029721732730215,0.5199597429410557,0.0341880341880341,0.0785112659317768,-5.69731717431721,-5.08958366529353,-3.26620751115728,-1.96936244472161,750
-0.13266349412664066,0.3713259938063249,-0.4709977447193711,-0.10728189571136972,-0.23601156513011773,-0.2609276683942335,-0.1723398074182405,-0.14191646192962046,-0.30356583,-0.16248527,6,1,238.0,0.0,0.5,0.0,0.0,0.0124481327800829,0.0,0.0,0.5,1.1413333333333335,0.164730082255792,-3.8932374982820352,1.0,1.0,1.129,0.4103157320893265,-0.3143920398643561,2.0,0.0,0.0,0.4946986031104712,5.92288469320235,0.0862135267424995,0.074074074074074,21.4209871099925,4.61921510402385,20.0280810445226,19.8142230286142,751
-0.23435830810769367,0.22079936505545283,-0.23601615609633303,-0.1613065103105533,0.17001103257208514,-1.9928894717285877,-3.1054882465920404,2.4035478364043765,-0.103453256,-1.3022103,6,1,1834.0,0.0,0.6666666666666666,1.0,0.0,0.0021786492374727,0.0005452562704471,0.0,0.3333333333333333,0.8241666666666667,0.1561672002836845,-3.1429988655858168,0.0,0.0,0.873,0.3329729718760968,-2.621834424221236,2.0,0.0,0.0,0.46280788768264797,2.7944592902593897,0.3650691543360551,0.3888888888888889,6.25418933821527,-3.93211576241182,9.58497210001706,6.71217494095423,752
-0.3363533141731358,0.31709063062830595,-0.09688137589360127,-0.0203540228998594,0.677483672156612,-0.13867696560085802,0.22689285463546835,-0.04382626126294745,0.08462248,-0.055479094,6,1,280.0,0.0,0.5,0.0,0.0,0.0106007067137809,0.0,0.0,0.5,1.128,0.1588304476827762,-3.953901844149376,1.0,1.0,1.108,0.3692370512286111,-0.2924950235645027,2.0,0.0,0.0,0.4952816079376104,5.915228243436404,0.1183076483559363,0.1481481481481481,7.03683815216842,-2.35328996861608,10.3844348929487,8.53895141191973,753
-0.135595584291787,0.3389196643062526,-0.4388511845880939,-0.3750246595518684,-0.016173205815531833,-0.2484637761438005,0.05585921332255339,-0.2677719649556255,0.078204274,-0.010806085,2,10,280.0,0.0,0.0,0.3,0.0,0.0,0.0104529616724738,1.0,1.0,1.002,0.2235978532991763,-0.0089446297023432,0.0,0.7,1.0881999999999998,0.1214115315775235,-3.197389860386754,1.0,0.3833333333333333,0.0313,0.3106369424263637,1.1332629357719826,0.1277665995975855,0.1008023624320745,-4.99177578518067,-9.60153109645805,-3.08903664733387,-2.61124244859547,754
-0.40648215827210094,0.29823329138772536,-0.08784596274536632,-0.04854147922485235,0.6571133123011609,-0.4540389699805117,0.0888085081532088,-0.23354972713218797,0.06507606,0.020801008,2,10,238.0,0.0,0.0,0.2,0.0,0.0,0.008130081300813,1.0,1.0,1.039,0.2397477841399165,-0.1626709508073683,0.0,0.9,1.1135,0.124047369984212,-1.721116699428395,1.0,0.3833333333333333,0.0313,0.3106369424263637,1.1332629357719826,0.033565026522773,0.0785112659317768,-2.89855965651423,-22.1585486638316,-6.94794828496397,-2.87202645556175,755
-0.1382053603557904,0.268159831072943,-0.45147023161501865,-0.17498143682541953,0.052591849466012745,-0.11182696312916787,0.0061273023434908844,-0.5767442811382247,0.06750562,-0.08622581,2,10,1834.0,0.0,1.0,1.0,0.0,0.0010905125408942,0.0054525627044711,0.0,0.0,0.786,0.2927524551562292,-2.684862197246292,0.0,0.0,0.8348000000000002,0.1169143276078685,-7.140271146235604,1.0,0.3833333333333333,0.0313,0.3106369424263637,1.1332629357719826,0.4212548015364916,0.3946742377920231,-3.18242139721319,-13.9643010194104,-2.93666471272333,-2.98857267033651,756
-0.1575692262907865,0.4778646067943418,0.023135085893525836,0.12213420105253406,0.33330122859347494,-0.13867696560085802,0.22689285463546835,-0.04382626126294745,0.08462248,-0.055479094,2,1,280.0,0.0,0.0,0.0,0.0,0.0,0.0,1.0,1.0,1.131,0.2689591046980935,-0.4870628943647305,1.0,1.0,1.108,0.3692370512286111,-0.2924950235645027,2.0,0.0,0.0,0.4952816079376104,5.915228243436404,0.0755555555555555,0.1481481481481481,2.11414627318514,-4.17546601471862,7.15324987779485,5.66321642520666,757
-0.14631145303933005,0.4532444314731223,-0.09332995639125194,0.21677019387392435,0.23664630947486645,-1.9928894717285877,-3.1054882465920404,2.4035478364043765,-0.103453256,-1.3022103,2,1,1834.0,0.0,1.0,1.0,0.0,0.0010905125408942,0.0005452562704471,0.0,0.0,0.845,0.2558808316384796,-3.302318483917762,0.0,0.0,0.873,0.3329729718760968,-2.621834424221236,2.0,0.0,0.0,0.46280788768264797,2.7944592902593897,0.3423931623931624,0.3888888888888889,3.35397565652822,-3.94329671269952,7.23213876668374,4.95364909631546,758
-0.21846271612483376,0.3792336115742185,0.1421796260277029,-0.11545906998032528,0.42053052703749705,-0.2609276683942335,-0.1723398074182405,-0.14191646192962046,-0.30356583,-0.16248527,2,1,238.0,0.0,0.0,0.0,0.0,0.0,0.0,1.0,1.5,1.1555,0.2656496753244769,1.2968207078710396,1.0,1.0,1.129,0.4103157320893265,-0.3143920398643561,2.0,0.0,0.0,0.4946986031104712,5.92288469320235,0.0341880341880341,0.074074074074074,21.775291155554,13.6041225081286,18.0403032667448,17.2867652619003,759
-0.19287567775896472,0.2834695551983367,-0.2717757404842148,0.013009198376537514,0.4632184201862358,-0.2609276683942335,-0.1723398074182405,-0.14191646192962046,-0.30356583,-0.16248527,1,1,238.0,0.0,0.0,0.0,0.0,0.0,0.0,2.0,2.0,1.261,0.4846431677017639,1.5248332159605733,1.0,1.0,1.129,0.4103157320893265,-0.3143920398643561,3.0,0.0,0.0,0.4946986031104712,5.92288469320235,0.0,0.074074074074074,17.6380648469871,-15.4230995079098,13.6069699334115,14.1562656829215,760
-0.2031474108191085,0.24701982466282288,-0.3238648442248165,-0.2803022196868463,0.23687097058072598,-0.13867696560085802,0.22689285463546835,-0.04382626126294745,0.08462248,-0.055479094,1,1,280.0,0.0,0.0,0.0,0.0,0.0,0.0,2.0,2.0,1.203,0.4558409810449253,1.7484167355314018,1.0,1.0,1.108,0.3692370512286111,-0.2924950235645027,3.0,0.0,0.0,0.4952816079376104,5.915228243436404,0.0,0.1481481481481481,12.3147728470668,-2.06839118767846,13.7259165444615,12.2888777090789,761
-0.08722911042599589,0.29568692958739073,-0.45923218581522085,-0.03625730830096084,-0.12286963467437396,0.6187276001820594,2.4246001833736806,2.8707056970834683,0.86354136,-1.2017273,1,3,238.0,0.0,1.0,0.0,0.0,0.0042016806722689,0.0,0.0,0.0,0.893,0.3091132478558627,-2.8889088584660065,1.0,1.0,1.0443333333333336,0.1761662724688115,-0.2516561922554292,2.0,0.0,0.0,0.4946986031104712,5.92288469320235,0.0764925373134328,0.0512423491693383,-1.87803114603415,0.938887093395556,0.805646949359935,1.90713179327204,762
-0.10186334166672244,0.14717485979138187,-0.6791052654737372,-0.41246203322511116,-0.06083798028210012,1.0344340815102784,-0.2303359327445566,2.5590160008460003,1.9664875,0.55667,1,3,280.0,0.0,1.0,0.0,0.0,0.0035714285714285,0.0,0.0,0.0,0.902,0.2973146481423342,-3.0338229402279,1.0,1.0,1.030333333333333,0.1821839729504217,-0.1664983633965859,2.0,0.0,0.0,0.4952816079376104,5.915228243436404,0.085820895522388,0.0537683377052365,-3.17566482700611,-0.482164702153908,-0.972884785303194,-0.625814634758759,763
-0.135595584291787,0.3389196643062526,-0.4388511845880939,-0.3750246595518684,-0.016173205815531833,-0.13867696560085802,0.22689285463546835,-0.04382626126294745,0.08462248,-0.055479094,2,1,280.0,0.0,0.0,0.0,0.0,0.0,0.0,1.0,1.0,1.002,0.2235978532991763,-0.0089446297023432,1.0,1.0,1.108,0.3692370512286111,-0.2924950235645027,2.0,0.0,0.0,0.4952816079376104,5.915228243436404,0.1277665995975855,0.1481481481481481,6.61722616499855,-9.01798516062436,6.34230543335041,6.53044921630929,764
-0.40648215827210094,0.29823329138772536,-0.08784596274536632,-0.04854147922485235,0.6571133123011609,-0.2609276683942335,-0.1723398074182405,-0.14191646192962046,-0.30356583,-0.16248527,2,1,238.0,0.0,0.0,0.0,0.0,0.0,0.0,1.0,1.0,1.039,0.2397477841399165,-0.1626709508073683,1.0,1.0,1.129,0.4103157320893265,-0.3143920398643561,2.0,0.0,0.0,0.4946986031104712,5.92288469320235,0.033565026522773,0.074074074074074,6.74834995062992,-22.6350080802784,0.702112741464879,4.51635465360618,765
-0.1382053603557904,0.268159831072943,-0.45147023161501865,-0.17498143682541953,0.052591849466012745,-1.9928894717285877,-3.1054882465920404,2.4035478364043765,-0.103453256,-1.3022103,2,1,1834.0,0.0,1.0,1.0,0.0,0.0010905125408942,0.0005452562704471,0.0,0.0,0.786,0.2927524551562292,-2.684862197246292,0.0,0.0,0.873,0.3329729718760968,-2.621834424221236,2.0,0.0,0.0,0.46280788768264797,2.7944592902593897,0.4212548015364916,0.3888888888888889,-0.684655923928049,-14.0072503946682,1.0691943222393,-0.522602360580169,766
-0.6337708508543911,-2.3203263662368285,2.4361732368789264,1.252901817526343,1.264888886883968,-0.2609276683942335,-0.1723398074182405,-0.14191646192962046,-0.30356583,-0.16248527,1,1,238.0,0.0,1.0,0.0,0.0,0.0042016806722689,0.0,0.0,0.0,1.117,0.394095166171827,-2.834340778270251,1.0,1.0,1.129,0.4103157320893265,-0.3143920398643561,3.0,0.0,0.0,0.4946986031104712,5.92288469320235,0.1320754716981132,0.074074074074074,6.50923441977459,10.6925463331177,11.5758432695188,6.71795431869365,767
-0.12305055490185358,0.3506304468971998,-0.4925148016077096,-0.34334353050481337,0.004392159368253913,-1.9928894717285877,-3.1054882465920404,2.4035478364043765,-0.103453256,-1.3022103,1,1,1834.0,0.0,1.0,1.0,0.0,0.0005452562704471,0.0005452562704471,0.0,0.0,0.863,0.3438473498516456,-2.509834670449969,0.0,0.0,0.873,0.3329729718760968,-2.621834424221236,3.0,0.0,0.0,0.46280788768264797,2.7944592902593897,0.3962264150943396,0.3888888888888889,6.64153812340259,-4.44210793826244,4.70930543335041,5.15702917331198,768
-0.09717376301774235,0.24354163246109548,-0.6527720503201792,-0.2614796505562111,-0.07706299199010012,-0.13867696560085802,0.22689285463546835,-0.04382626126294745,0.08462248,-0.055479094,1,1,280.0,0.0,1.0,0.0,0.0,0.0035714285714285,0.0,0.0,0.0,1.073,0.3600985976090437,-2.97973945781635,1.0,1.0,1.108,0.3692370512286111,-0.2924950235645027,3.0,0.0,0.0,0.4952816079376104,5.915228243436404,0.1132075471698113,0.1481481481481481,11.0095674558773,-12.0501058158193,11.0004460747982,11.9780956967467,769
-0.22126946877844905,0.28140018257276106,-0.13691809371655556,-0.26863715854511555,0.38640738798172003,-0.13867696560085802,0.22689285463546835,-0.04382626126294745,0.08462248,-0.055479094,3,1,280.0,0.0,0.0,0.0,0.0,0.0,0.0,1.0,1.6666666666666667,1.4226666666666663,0.2887090038237271,0.8451416366251466,1.0,1.0,1.108,0.3692370512286111,-0.2924950235645027,3.0,0.0,0.0,0.4952816079376104,5.915228243436404,0.0277777777777777,0.1481481481481481,-0.618361942761166,-16.0704093337793,0.179228877887277,-1.73225089586387,770
-0.07349636184346973,0.3284411439311858,-0.33449424685023416,-0.09959048174359389,0.39275400122563237,-0.2609276683942335,-0.1723398074182405,-0.14191646192962046,-0.30356583,-0.16248527,3,1,238.0,0.0,0.0,0.0,0.0,0.0,0.0,1.0,1.3333333333333333,1.476,0.2865146883960169,-0.4979384040146475,1.0,1.0,1.129,0.4103157320893265,-0.3143920398643561,3.0,0.0,0.0,0.4946986031104712,5.92288469320235,0.0527777777777777,0.074074074074074,-2.1568803080903,-37.2736321228959,-1.97709327359649,-5.25064335139162,771
-0.10186334166672244,0.14717485979138187,-0.6791052654737372,-0.41246203322511116,-0.06083798028210012,-0.2484637761438005,0.05585921332255339,-0.2677719649556255,0.078204274,-0.010806085,1,10,280.0,0.0,1.0,0.3,0.0,0.0035714285714285,0.0104529616724738,0.0,0.0,0.902,0.2973146481423342,-3.0338229402279,0.0,0.7,1.0881999999999998,0.1214115315775235,-3.197389860386754,1.0,0.0,0.0,0.4952816079376104,5.915228243436404,0.085820895522388,0.1008023624320745,-3.00304130912449,1.39231623217731,2.70909377216963,0.417617872247722,772
-0.08722911042599589,0.29568692958739073,-0.45923218581522085,-0.03625730830096084,-0.12286963467437396,-0.4540389699805117,0.0888085081532088,-0.23354972713218797,0.06507606,0.020801008,1,10,238.0,0.0,1.0,0.2,0.0,0.0042016806722689,0.008130081300813,0.0,0.0,0.893,0.3091132478558627,-2.8889088584660065,0.0,0.9,1.1135,0.124047369984212,-1.721116699428395,1.0,0.0,0.0,0.4946986031104712,5.92288469320235,0.0764925373134328,0.0785112659317768,5.5156073628981,8.15538989168542,7.65699067367398,6.27481778209577,773
-0.052989973467087365,0.21227919146266333,-0.6083998744390852,-0.08886155667139391,-0.16533153573602258,-0.11182696312916787,0.0061273023434908844,-0.5767442811382247,0.06750562,-0.08622581,1,10,1834.0,0.0,1.0,1.0,0.0,0.0005452562704471,0.0054525627044711,0.0,0.0,0.656,0.4750410508577126,-1.3809332873770723,0.0,0.0,0.8348000000000002,0.1169143276078685,-7.140271146235604,1.0,0.0,0.0,0.46280788768264797,2.7944592902593897,0.3675373134328358,0.3946742377920231,-0.603476364123276,-1.35160799744763,0.516982661058509,-2.06834421792065,774
-0.40648215827210094,0.29823329138772536,-0.08784596274536632,-0.04854147922485235,0.6571133123011609,0.6187276001820594,2.4246001833736806,2.8707056970834683,0.86354136,-1.2017273,2,3,238.0,0.0,0.0,0.0,0.0,0.0,0.0,1.0,1.0,1.039,0.2397477841399165,-0.1626709508073683,1.0,1.0,1.0443333333333336,0.1761662724688115,-0.2516561922554292,2.0,1.0,-0.1237,0.3627694079347559,3.09755998003585,0.033565026522773,0.0512423491693383,2.74099863755099,-9.65435672217135,-5.5937163693712,-0.0863854543309371,775
-0.135595584291787,0.3389196643062526,-0.4388511845880939,-0.3750246595518684,-0.016173205815531833,1.0344340815102784,-0.2303359327445566,2.5590160008460003,1.9664875,0.55667,2,3,280.0,0.0,0.0,0.0,0.0,0.0,0.0,1.0,1.0,1.002,0.2235978532991763,-0.0089446297023432,1.0,1.0,1.030333333333333,0.1821839729504217,-0.1664983633965859,2.0,1.0,-0.1237,0.3627694079347559,3.09755998003585,0.1277665995975855,0.0537683377052365,-0.149515451955326,1.98412613077247,2.6907672241498,4.29766489913338,776
-0.21846271612483376,0.3792336115742185,0.1421796260277029,-0.11545906998032528,0.42053052703749705,0.6187276001820594,2.4246001833736806,2.8707056970834683,0.86354136,-1.2017273,2,3,238.0,0.0,0.0,0.0,0.0,0.0,0.0,1.0,1.5,1.1555,0.2656496753244769,1.2968207078710396,1.0,1.0,1.0443333333333336,0.1761662724688115,-0.2516561922554292,2.0,0.5,-0.1837,0.3523601046278272,1.9403445254454768,0.0341880341880341,0.0512423491693383,-1.03615083974212,2.41058524727241,4.57382914352888,7.33188154285203,777
-0.1575692262907865,0.4778646067943418,0.023135085893525836,0.12213420105253406,0.33330122859347494,1.0344340815102784,-0.2303359327445566,2.5590160008460003,1.9664875,0.55667,2,3,280.0,0.0,0.0,0.0,0.0,0.0,0.0,1.0,1.0,1.131,0.2689591046980935,-0.4870628943647305,1.0,1.0,1.030333333333333,0.1821839729504217,-0.1664983633965859,2.0,0.5,-0.1837,0.3523601046278272,1.9403445254454768,0.0755555555555555,0.0537683377052365,-1.56560276142012,-1.70891350317227,-1.195841745635,0.224967552475212,778
-0.2031474108191085,0.24701982466282288,-0.3238648442248165,-0.2803022196868463,0.23687097058072598,1.0344340815102784,-0.2303359327445566,2.5590160008460003,1.9664875,0.55667,1,3,280.0,0.0,0.0,0.0,0.0,0.0,0.0,2.0,2.0,1.203,0.4558409810449253,1.7484167355314018,1.0,1.0,1.030333333333333,0.1821839729504217,-0.1664983633965859,2.0,0.0,0.0,0.4952816079376104,5.915228243436404,0.0,0.0537683377052365,0.171939301347318,3.37430702341149,3.91026936547611,5.17542688079195,779
-0.19287567775896472,0.2834695551983367,-0.2717757404842148,0.013009198376537514,0.4632184201862358,0.6187276001820594,2.4246001833736806,2.8707056970834683,0.86354136,-1.2017273,1,3,238.0,0.0,0.0,0.0,0.0,0.0,0.0,2.0,2.0,1.261,0.4846431677017639,1.5248332159605733,1.0,1.0,1.0443333333333336,0.1761662724688115,-0.2516561922554292,2.0,0.0,0.0,0.4946986031104712,5.92288469320235,0.0,0.0512423491693383,4.11436117224996,1.67917555980366,4.2051561130387,8.29052927498438,780
-0.3363533141731358,0.31709063062830595,-0.09688137589360127,-0.0203540228998594,0.677483672156612,1.0344340815102784,-0.2303359327445566,2.5590160008460003,1.9664875,0.55667,6,3,280.0,0.0,0.5,0.0,0.0,0.0106007067137809,0.0,0.0,0.5,1.128,0.1588304476827762,-3.953901844149376,1.0,1.0,1.030333333333333,0.1821839729504217,-0.1664983633965859,2.0,0.9444444444444446,0.1861666666666666,0.2047340867962546,3.7037202238452553,0.1183076483559363,0.0537683377052365,-1.76939796755099,0.994486526529258,1.3910337570779,2.42351977918828,781
-0.13266349412664066,0.3713259938063249,-0.4709977447193711,-0.10728189571136972,-0.23601156513011773,0.6187276001820594,2.4246001833736806,2.8707056970834683,0.86354136,-1.2017273,6,3,238.0,0.0,0.5,0.0,0.0,0.0124481327800829,0.0,0.0,0.5,1.1413333333333335,0.164730082255792,-3.8932374982820352,1.0,1.0,1.0443333333333336,0.1761662724688115,-0.2516561922554292,2.0,0.9444444444444446,0.1861666666666666,0.2047340867962546,3.7037202238452553,0.0862135267424995,0.0512423491693383,1.60385531715816,-1.0894426865844,1.31104500192759,4.46495407623266,782
-0.07349636184346973,0.3284411439311858,-0.33449424685023416,-0.09959048174359389,0.39275400122563237,0.6187276001820594,2.4246001833736806,2.8707056970834683,0.86354136,-1.2017273,3,3,238.0,0.0,0.0,0.0,0.0,0.0,0.0,1.0,1.3333333333333333,1.476,0.2865146883960169,-0.4979384040146475,1.0,1.0,1.0443333333333336,0.1761662724688115,-0.2516561922554292,2.0,0.1666666666666665,-0.0731666666666668,0.3128843858182905,0.7665238158372591,0.0527777777777777,0.0512423491693383,4.2229906999206,-0.71653991380557,-1.53390860619563,-0.37904519266208,783
-0.22126946877844905,0.28140018257276106,-0.13691809371655556,-0.26863715854511555,0.38640738798172003,1.0344340815102784,-0.2303359327445566,2.5590160008460003,1.9664875,0.55667,3,3,280.0,0.0,0.0,0.0,0.0,0.0,0.0,1.0,1.6666666666666667,1.4226666666666663,0.2887090038237271,0.8451416366251466,1.0,1.0,1.030333333333333,0.1821839729504217,-0.1664983633965859,2.0,0.1666666666666665,-0.0731666666666668,0.3128843858182905,0.7665238158372591,0.0277777777777777,0.0537683377052365,-0.783912826287449,0.368122539313767,-0.469995896414312,-0.106042768595324,784
-0.09717376301774235,0.24354163246109548,-0.6527720503201792,-0.2614796505562111,-0.07706299199010012,1.0344340815102784,-0.2303359327445566,2.5590160008460003,1.9664875,0.55667,1,3,280.0,0.0,1.0,0.0,0.0,0.0035714285714285,0.0,0.0,0.0,1.073,0.3600985976090437,-2.97973945781635,1.0,1.0,1.030333333333333,0.1821839729504217,-0.1664983633965859,2.0,0.0,0.0,0.4952816079376104,5.915228243436404,0.1132075471698113,0.0537683377052365,0.920443637781222,-0.0580951467529413,0.723378509299764,2.33094144623751,785
-0.6337708508543911,-2.3203263662368285,2.4361732368789264,1.252901817526343,1.264888886883968,0.6187276001820594,2.4246001833736806,2.8707056970834683,0.86354136,-1.2017273,1,3,238.0,0.0,1.0,0.0,0.0,0.0042016806722689,0.0,0.0,0.0,1.117,0.394095166171827,-2.834340778270251,1.0,1.0,1.0443333333333336,0.1761662724688115,-0.2516561922554292,2.0,0.0,0.0,0.4946986031104712,5.92288469320235,0.1320754716981132,0.0512423491693383,4.96776531434358,4.50477681258488,4.57576020179734,5.73175625520097,786
-0.22674718755457146,0.3314209232699406,-0.2285004800486225,0.10851384561616884,-0.007472946228658759,5.59990790799449,-3.6580869316059808,2.4642993886113573,1.0530713,-0.8017871,1,4,280.0,0.0,0.0,0.0,0.0,0.0,0.0,2.0,2.0,1.608,0.5141361687335371,0.7624439279687458,1.0,1.0,0.9545,0.1137090585661494,0.400144021714248,2.0,0.0,0.0,0.4952816079376104,5.915228243436404,0.0,0.0710873277410883,4.50946602598714,4.93234629969458,8.86453821661408,3.56761281631385,787
-0.10553401740647815,0.2640751572261307,-0.3286940827677797,-0.294371875010497,0.1342749207027766,5.3506132593081706,-5.053886335422629,2.155018978259821,0.7015022,-0.5263827,1,4,238.0,0.0,0.0,0.0,0.0,0.0,0.0,2.0,2.0,1.642,0.4876843241278111,0.7340814176060667,1.0,1.0,0.9565,0.1083178194019802,0.4015959722985777,2.0,0.0,0.0,0.4946986031104712,5.92288469320235,0.0,0.056572490351757,-0.0610477807007723,-4.27418718317869,-3.46757289449703,-3.93306336937667,788
-0.10553401740647815,0.2640751572261307,-0.3286940827677797,-0.294371875010497,0.1342749207027766,-0.21714723565463467,0.018469794394081415,-0.5007702613398466,0.04253316,-0.08140227,1,2,238.0,0.0,0.0,1.0,0.0,0.0,0.0084033613445378,2.0,2.0,1.642,0.4876843241278111,0.7340814176060667,0.0,0.0,0.9145,0.1947812876022745,-4.69500952199949,2.0,0.0,0.0,0.4946986031104712,5.92288469320235,0.0,0.0632462686567164,1.50854409869891,-7.61141437327301,-4.95710700752541,-2.36568371650524,789
-0.22674718755457146,0.3314209232699406,-0.2285004800486225,0.10851384561616884,-0.007472946228658759,-0.29715029834682977,0.15051580679401794,-0.2935531859945593,0.14217056,0.023009479,1,2,280.0,0.0,0.0,1.0,0.0,0.0,0.0071428571428571,2.0,2.0,1.608,0.5141361687335371,0.7624439279687458,0.0,0.0,0.9295,0.1810517881712302,-5.133890194560923,2.0,0.0,0.0,0.4952816079376104,5.915228243436404,0.0,0.0832950631458094,6.2666234067946,3.93118674740915,5.4140041035857,5.88465659863087,790
-0.07349636184346973,0.3284411439311858,-0.33449424685023416,-0.09959048174359389,0.39275400122563237,-0.29435781696574015,0.201058736296263,-0.09654005852311945,0.0989754,0.006966456,3,2,238.0,0.0,0.0,0.0,0.0,0.0,0.0,1.0,1.3333333333333333,1.476,0.2865146883960169,-0.4979384040146475,1.0,1.5,1.1555,0.2656496753244769,1.2968207078710396,2.0,0.1,-0.1376666666666667,0.4133025526173289,0.5750428231366839,0.0527777777777777,0.0341880341880341,-2.4662165429857,-3.88661242590199,-0.373017338941478,0.0285668590229184,791
-0.22126946877844905,0.28140018257276106,-0.13691809371655556,-0.26863715854511555,0.38640738798172003,-0.23767871251967004,0.28590572633516176,-0.1742956705326992,0.13872588,-0.011449606,3,2,280.0,0.0,0.0,0.0,0.0,0.0,0.0,1.0,1.6666666666666667,1.4226666666666663,0.2887090038237271,0.8451416366251466,1.0,1.0,1.131,0.2689591046980935,-0.4870628943647305,2.0,0.1,-0.1376666666666667,0.4133025526173289,0.5750428231366839,0.0277777777777777,0.0755555555555555,-3.46826985901948,-12.7788880768905,-7.74318400560815,-7.60675302761346,792
-0.09717376301774235,0.24354163246109548,-0.6527720503201792,-0.2614796505562111,-0.07706299199010012,-0.23767871251967004,0.28590572633516176,-0.1742956705326992,0.13872588,-0.011449606,1,2,280.0,0.0,1.0,0.0,0.0,0.0035714285714285,0.0,0.0,0.0,1.073,0.3600985976090437,-2.97973945781635,1.0,1.0,1.131,0.2689591046980935,-0.4870628943647305,2.0,0.0,0.0,0.4952816079376104,5.915228243436404,0.1132075471698113,0.0755555555555555,-1.72101059249703,-1.31374240385499,-1.14677112211271,0.735553863608264,793
-0.12305055490185358,0.3506304468971998,-0.4925148016077096,-0.34334353050481337,0.004392159368253913,-0.2272000799484636,0.2647263012916106,-0.2503664473223573,0.15455893,-0.031855628,1,2,1834.0,0.0,1.0,1.0,0.0,0.0005452562704471,0.0010905125408942,0.0,0.0,0.863,0.3438473498516456,-2.509834670449969,0.0,0.0,0.845,0.2558808316384796,-3.302318483917762,2.0,0.0,0.0,0.46280788768264797,2.7944592902593897,0.3962264150943396,0.3423931623931624,-1.62684827132953,-7.63342426309369,-1.03020871791881,1.51402285233701,794
-0.6337708508543911,-2.3203263662368285,2.4361732368789264,1.252901817526343,1.264888886883968,-0.29435781696574015,0.201058736296263,-0.09654005852311945,0.0989754,0.006966456,1,2,238.0,0.0,1.0,0.0,0.0,0.0042016806722689,0.0,0.0,0.0,1.117,0.394095166171827,-2.834340778270251,1.0,1.5,1.1555,0.2656496753244769,1.2968207078710396,2.0,0.0,0.0,0.4946986031104712,5.92288469320235,0.1320754716981132,0.0341880341880341,3.35660261184764,-1.83629344803771,3.23798242401954,2.98455484577484,795
-0.2031474108191085,0.24701982466282288,-0.3238648442248165,-0.2803022196868463,0.23687097058072598,-0.23767871251967004,0.28590572633516176,-0.1742956705326992,0.13872588,-0.011449606,1,2,280.0,0.0,0.0,0.0,0.0,0.0,0.0,2.0,2.0,1.203,0.4558409810449253,1.7484167355314018,1.0,1.0,1.131,0.2689591046980935,-0.4870628943647305,3.0,0.0,0.0,0.4952816079376104,5.915228243436404,0.0,0.0755555555555555,-3.20011231438071,-1.27867546144362,2.76550448905947,3.03234750094047,796
-0.19287567775896472,0.2834695551983367,-0.2717757404842148,0.013009198376537514,0.4632184201862358,-0.29435781696574015,0.201058736296263,-0.09654005852311945,0.0989754,0.006966456,1,2,238.0,0.0,0.0,0.0,0.0,0.0,0.0,2.0,2.0,1.261,0.4846431677017639,1.5248332159605733,1.0,1.5,1.1555,0.2656496753244769,1.2968207078710396,3.0,0.0,0.0,0.4946986031104712,5.92288469320235,0.0,0.0341880341880341,3.963985445137,-2.696937624507,1.15901350430344,4.01175996805826,797
-0.3363533141731358,0.31709063062830595,-0.09688137589360127,-0.0203540228998594,0.677483672156612,-0.23767871251967004,0.28590572633516176,-0.1742956705326992,0.13872588,-0.011449606,6,2,280.0,0.0,0.5,0.0,0.0,0.0106007067137809,0.0,0.0,0.5,1.128,0.1588304476827762,-3.953901844149376,1.0,1.0,1.131,0.2689591046980935,-0.4870628943647305,1.0,-0.1666666666666665,0.0600833333333332,0.3140811001954749,-0.7219472927816323,0.1183076483559363,0.0755555555555555,-2.53197687776881,-0.619362370326819,1.63877242349992,1.7461646607257,798
-0.23435830810769367,0.22079936505545283,-0.23601615609633303,-0.1613065103105533,0.17001103257208514,-0.2272000799484636,0.2647263012916106,-0.2503664473223573,0.15455893,-0.031855628,6,2,1834.0,0.0,0.6666666666666666,1.0,0.0,0.0021786492374727,0.0010905125408942,0.0,0.3333333333333333,0.8241666666666667,0.1561672002836845,-3.1429988655858168,0.0,0.0,0.845,0.2558808316384796,-3.302318483917762,1.0,-0.1666666666666665,0.0600833333333332,0.3140811001954749,-0.7219472927816323,0.3650691543360551,0.3423931623931624,-2.57523304375134,3.80879507850369,5.28335534278656,3.93421328664595,799
-0.13266349412664066,0.3713259938063249,-0.4709977447193711,-0.10728189571136972,-0.23601156513011773,-0.29435781696574015,0.201058736296263,-0.09654005852311945,0.0989754,0.006966456,6,2,238.0,0.0,0.5,0.0,0.0,0.0124481327800829,0.0,0.0,0.5,1.1413333333333335,0.164730082255792,-3.8932374982820352,1.0,1.5,1.1555,0.2656496753244769,1.2968207078710396,1.0,-0.1666666666666665,0.0600833333333332,0.3140811001954749,-0.7219472927816323,0.0862135267424995,0.0341880341880341,-1.53533985926118,1.92412957807397,2.23562461541454,4.25023356125098,800
-0.1382053603557904,0.268159831072943,-0.45147023161501865,-0.17498143682541953,0.052591849466012745,-0.2272000799484636,0.2647263012916106,-0.2503664473223573,0.15455893,-0.031855628,2,2,1834.0,0.0,1.0,1.0,0.0,0.0010905125408942,0.0010905125408942,0.0,0.0,0.786,0.2927524551562292,-2.684862197246292,0.0,0.0,0.845,0.2558808316384796,-3.302318483917762,2.0,0.5,-0.25425,0.4537834698399667,1.6621363494487735,0.4212548015364916,0.3423931623931624,-2.78765666920651,-3.47346573383405,2.33111477207721,2.29998131844488,801
-0.40648215827210094,0.29823329138772536,-0.08784596274536632,-0.04854147922485235,0.6571133123011609,-0.29435781696574015,0.201058736296263,-0.09654005852311945,0.0989754,0.006966456,2,2,238.0,0.0,0.0,0.0,0.0,0.0,0.0,1.0,1.0,1.039,0.2397477841399165,-0.1626709508073683,1.0,1.5,1.1555,0.2656496753244769,1.2968207078710396,2.0,0.5,-0.25425,0.4537834698399667,1.6621363494487735,0.033565026522773,0.0341880341880341,0.856853481624527,-8.74941987729088,-1.65884368764316,3.53913449624294,802
-0.135595584291787,0.3389196643062526,-0.4388511845880939,-0.3750246595518684,-0.016173205815531833,-0.23767871251967004,0.28590572633516176,-0.1742956705326992,0.13872588,-0.011449606,2,2,280.0,0.0,0.0,0.0,0.0,0.0,0.0,1.0,1.0,1.002,0.2235978532991763,-0.0089446297023432,1.0,1.0,1.131,0.2689591046980935,-0.4870628943647305,2.0,0.5,-0.25425,0.4537834698399667,1.6621363494487735,0.1277665995975855,0.0755555555555555,-2.01193617999422,-5.49831611450075,-1.45127328871831,0.0300619456708159,803
-0.08722911042599589,0.29568692958739073,-0.45923218581522085,-0.03625730830096084,-0.12286963467437396,-0.29435781696574015,0.201058736296263,-0.09654005852311945,0.0989754,0.006966456,1,2,238.0,0.0,1.0,0.0,0.0,0.0042016806722689,0.0,0.0,0.0,0.893,0.3091132478558627,-2.8889088584660065,1.0,1.5,1.1555,0.2656496753244769,1.2968207078710396,1.0,0.0,0.0,0.4946986031104712,5.92288469320235,0.0764925373134328,0.0341880341880341,2.60607800741728,3.97356397611361,3.45795860312712,3.5510499366237,804
-0.052989973467087365,0.21227919146266333,-0.6083998744390852,-0.08886155667139391,-0.16533153573602258,-0.2272000799484636,0.2647263012916106,-0.2503664473223573,0.15455893,-0.031855628,1,2,1834.0,0.0,1.0,1.0,0.0,0.0005452562704471,0.0010905125408942,0.0,0.0,0.656,0.4750410508577126,-1.3809332873770723,0.0,0.0,0.845,0.2558808316384796,-3.302318483917762,1.0,0.0,0.0,0.46280788768264797,2.7944592902593897,0.3675373134328358,0.3423931623931624,-6.99102872778478,1.60015016736918,2.02212526979377,-1.58738470459092,805
-0.10186334166672244,0.14717485979138187,-0.6791052654737372,-0.41246203322511116,-0.06083798028210012,-0.23767871251967004,0.28590572633516176,-0.1742956705326992,0.13872588,-0.011449606,1,2,280.0,0.0,1.0,0.0,0.0,0.0035714285714285,0.0,0.0,0.0,0.902,0.2973146481423342,-3.0338229402279,1.0,1.0,1.131,0.2689591046980935,-0.4870628943647305,1.0,0.0,0.0,0.4952816079376104,5.915228243436404,0.085820895522388,0.0755555555555555,-3.35075038011368,-1.85650338925763,-1.42040622783037,-2.593261254888,806
-0.18254686261789152,-0.05482621734159629,0.07270794498937094,-2.5214951118417215,-0.3820924864552169,5.3506132593081706,-5.053886335422629,2.155018978259821,0.7015022,-0.5263827,1,4,238.0,0.0,0.0,0.0,0.0,0.0,0.0,1.0,1.0,1.129,0.4103157320893265,-0.3143920398643561,1.0,1.0,0.9565,0.1083178194019802,0.4015959722985777,2.0,0.0,0.0,0.4946986031104712,5.92288469320235,0.074074074074074,0.056572490351757,2.66652426755816,-31.2894364167237,2.35076043883628,2.05532995465824,807
-0.05120618600510696,0.40926466867196687,0.22288492293656503,-0.20124815256933928,0.12475168368591064,5.59990790799449,-3.6580869316059808,2.4642993886113573,1.0530713,-0.8017871,1,4,280.0,0.0,0.0,0.0,0.0,0.0,0.0,1.0,1.0,1.108,0.3692370512286111,-0.2924950235645027,1.0,1.0,0.9545,0.1137090585661494,0.400144021714248,2.0,0.0,0.0,0.4952816079376104,5.915228243436404,0.1481481481481481,0.0710873277410883,-2.16930111806254,-0.126149835448492,4.73705020127768,0.58413791232684,808
-0.05120618600510696,0.40926466867196687,0.22288492293656503,-0.20124815256933928,0.12475168368591064,-0.23767871251967004,0.28590572633516176,-0.1742956705326992,0.13872588,-0.011449606,1,2,280.0,0.0,0.0,0.0,0.0,0.0,0.0,1.0,1.0,1.108,0.3692370512286111,-0.2924950235645027,1.0,1.0,1.131,0.2689591046980935,-0.4870628943647305,2.0,0.0,0.0,0.4952816079376104,5.915228243436404,0.1481481481481481,0.0755555555555555,-6.59737639730315,-13.33365339904,-2.00262868709156,-3.49272056856744,809
-2.043289009040621,-3.4644857650925767,3.9698366408036727,-1.3253988374957228,-5.780500397223112,-0.2272000799484636,0.2647263012916106,-0.2503664473223573,0.15455893,-0.031855628,1,2,1834.0,0.0,1.0,1.0,0.0,0.0005452562704471,0.0010905125408942,0.0,0.0,0.873,0.3329729718760968,-2.621834424221236,0.0,0.0,0.845,0.2558808316384796,-3.302318483917762,2.0,0.0,0.0,0.46280788768264797,2.7944592902593897,0.3888888888888889,0.3423931623931624,1.65452680778559,-8.10220392794092,3.07514909068622,0.796569572818356,810
-0.18254686261789152,-0.05482621734159629,0.07270794498937094,-2.5214951118417215,-0.3820924864552169,-0.29435781696574015,0.201058736296263,-0.09654005852311945,0.0989754,0.006966456,1,2,238.0,0.0,0.0,0.0,0.0,0.0,0.0,1.0,1.0,1.129,0.4103157320893265,-0.3143920398643561,1.0,1.5,1.1555,0.2656496753244769,1.2968207078710396,2.0,0.0,0.0,0.4946986031104712,5.92288469320235,0.074074074074074,0.0341880341880341,6.73372652995825,2.43152711103759,6.86962526979379,6.11593626026661,811
-0.18254686261789152,-0.05482621734159629,0.07270794498937094,-2.5214951118417215,-0.3820924864552169,-0.4540389699805117,0.0888085081532088,-0.23354972713218797,0.06507606,0.020801008,1,10,238.0,0.0,0.0,0.2,0.0,0.0,0.008130081300813,1.0,1.0,1.129,0.4103157320893265,-0.3143920398643561,0.0,0.9,1.1135,0.124047369984212,-1.721116699428395,2.0,0.0,0.0,0.4946986031104712,5.92288469320235,0.074074074074074,0.0785112659317768,8.29273446850524,-3.37847409669909,8.13276845145175,5.99037813951841,812
-2.043289009040621,-3.4644857650925767,3.9698366408036727,-1.3253988374957228,-5.780500397223112,-0.11182696312916787,0.0061273023434908844,-0.5767442811382247,0.06750562,-0.08622581,1,10,1834.0,0.0,1.0,1.0,0.0,0.0005452562704471,0.0054525627044711,0.0,0.0,0.873,0.3329729718760968,-2.621834424221236,0.0,0.0,0.8348000000000002,0.1169143276078685,-7.140271146235604,2.0,0.0,0.0,0.46280788768264797,2.7944592902593897,0.3888888888888889,0.3946742377920231,5.57042841426991,2.89191425442074,8.8069586031271,5.07026284548457,813
-0.05120618600510696,0.40926466867196687,0.22288492293656503,-0.20124815256933928,0.12475168368591064,-0.2484637761438005,0.05585921332255339,-0.2677719649556255,0.078204274,-0.010806085,1,10,280.0,0.0,0.0,0.3,0.0,0.0,0.0104529616724738,1.0,1.0,1.108,0.3692370512286111,-0.2924950235645027,0.0,0.7,1.0881999999999998,0.1214115315775235,-3.197389860386754,2.0,0.0,0.0,0.4952816079376104,5.915228243436404,0.1481481481481481,0.1008023624320745,1.71986598226979,2.81702291169639,5.1248246886828,0.991517242684502,814
-0.13266349412664066,0.3713259938063249,-0.4709977447193711,-0.10728189571136972,-0.23601156513011773,-0.21714723565463467,0.018469794394081415,-0.5007702613398466,0.04253316,-0.08140227,6,2,238.0,0.5,0.5,1.0,0.1428571428571428,0.0124481327800829,0.0084033613445378,0.0,0.5,1.1413333333333335,0.164730082255792,-3.8932374982820352,0.0,0.0,0.9145,0.1947812876022745,-4.69500952199949,0.0,-0.1666666666666665,-0.2415416666666667,0.2099429113870403,0.3566445730666486,0.0862135267424995,0.0632462686567164,0.842469389172105,-6.39128105705895,-2.46668638397339,3.08632382406961,815
-0.23435830810769367,0.22079936505545283,-0.23601615609633303,-0.1613065103105533,0.17001103257208514,-0.39378074788035244,0.15715716140380784,-0.2937976963093058,0.044547208,0.06682029,6,2,1834.0,0.5,0.6666666666666666,1.0,0.1428571428571428,0.0021786492374727,0.0010905125408942,0.0,0.3333333333333333,0.8241666666666667,0.1561672002836845,-3.1429988655858168,0.0,0.0,0.7,0.3209361307176243,-2.181119334974145,0.0,-0.1666666666666665,-0.2415416666666667,0.2099429113870403,0.3566445730666486,0.3650691543360551,0.3279994259471871,-7.03025173058881,-3.00133611364706,-0.780352902205266,-3.10491041653235,816
-0.3363533141731358,0.31709063062830595,-0.09688137589360127,-0.0203540228998594,0.677483672156612,-0.29715029834682977,0.15051580679401794,-0.2935531859945593,0.14217056,0.023009479,6,2,280.0,0.5,0.5,1.0,0.1428571428571428,0.0106007067137809,0.0071428571428571,0.0,0.5,1.128,0.1588304476827762,-3.953901844149376,0.0,0.0,0.9295,0.1810517881712302,-5.133890194560923,0.0,-0.1666666666666665,-0.2415416666666667,0.2099429113870403,0.3566445730666486,0.1183076483559363,0.0832950631458094,-0.411322401149955,-0.265461959142889,2.32102614334631,4.18357454949258,817
-0.19287567775896472,0.2834695551983367,-0.2717757404842148,0.013009198376537514,0.4632184201862358,-0.21714723565463467,0.018469794394081415,-0.5007702613398466,0.04253316,-0.08140227,1,2,238.0,0.0,0.0,1.0,0.0,0.0,0.0084033613445378,2.0,2.0,1.261,0.4846431677017639,1.5248332159605733,0.0,0.0,0.9145,0.1947812876022745,-4.69500952199949,2.0,0.0,0.0,0.4946986031104712,5.92288469320235,0.0,0.0632462686567164,8.73981835690658,0.0233447047129346,0.712860666432353,6.69828735087688,818
-0.2031474108191085,0.24701982466282288,-0.3238648442248165,-0.2803022196868463,0.23687097058072598,-0.29715029834682977,0.15051580679401794,-0.2935531859945593,0.14217056,0.023009479,1,2,280.0,0.0,0.0,1.0,0.0,0.0,0.0071428571428571,2.0,2.0,1.203,0.4558409810449253,1.7484167355314018,0.0,0.0,0.9295,0.1810517881712302,-5.133890194560923,2.0,0.0,0.0,0.4952816079376104,5.915228243436404,0.0,0.0832950631458094,-0.965439783488926,0.782909072636834,2.35585947667965,4.6672997902629,819
-0.1575692262907865,0.4778646067943418,0.023135085893525836,0.12213420105253406,0.33330122859347494,-0.29715029834682977,0.15051580679401794,-0.2935531859945593,0.14217056,0.023009479,2,2,280.0,0.0,0.0,1.0,0.0,0.0,0.0071428571428571,1.0,1.0,1.131,0.2689591046980935,-0.4870628943647305,0.0,0.0,0.9295,0.1810517881712302,-5.133890194560923,1.0,0.0,-0.085,0.427668095606862,0.1987522587566061,0.0755555555555555,0.0832950631458094,-2.43734153266658,-2.04755162455672,1.18508169890186,3.60686663972395,820
-0.14631145303933005,0.4532444314731223,-0.09332995639125194,0.21677019387392435,0.23664630947486645,-0.39378074788035244,0.15715716140380784,-0.2937976963093058,0.044547208,0.06682029,2,2,1834.0,0.0,1.0,1.0,0.0,0.0010905125408942,0.0010905125408942,0.0,0.0,0.845,0.2558808316384796,-3.302318483917762,0.0,0.0,0.7,0.3209361307176243,-2.181119334974145,1.0,0.0,-0.085,0.427668095606862,0.1987522587566061,0.3423931623931624,0.3279994259471871,-6.55489807967534,2.77504795935684,3.03123986041871,2.29707866105108,821
-0.21846271612483376,0.3792336115742185,0.1421796260277029,-0.11545906998032528,0.42053052703749705,-0.21714723565463467,0.018469794394081415,-0.5007702613398466,0.04253316,-0.08140227,2,2,238.0,0.0,0.0,1.0,0.0,0.0,0.0084033613445378,1.0,1.5,1.1555,0.2656496753244769,1.2968207078710396,0.0,0.0,0.9145,0.1947812876022745,-4.69500952199949,1.0,0.0,-0.085,0.427668095606862,0.1987522587566061,0.0341880341880341,0.0632462686567164,0.473028093721093,-2.90193049892493,1.09675806047105,6.46806057374455,822
-0.135595584291787,0.3389196643062526,-0.4388511845880939,-0.3750246595518684,-0.016173205815531833,-0.29715029834682977,0.15051580679401794,-0.2935531859945593,0.14217056,0.023009479,2,2,280.0,0.0,0.0,1.0,0.0,0.0,0.0071428571428571,1.0,1.0,1.002,0.2235978532991763,-0.0089446297023432,0.0,0.0,0.9295,0.1810517881712302,-5.133890194560923,1.0,0.0,-0.052,0.4446020692709381,0.1169585199755592,0.1277665995975855,0.0832950631458094,0.944359654079993,1.85186365574723,3.40565917106253,5.9572223266599,823
-0.40648215827210094,0.29823329138772536,-0.08784596274536632,-0.04854147922485235,0.6571133123011609,-0.21714723565463467,0.018469794394081415,-0.5007702613398466,0.04253316,-0.08140227,2,2,238.0,0.0,0.0,1.0,0.0,0.0,0.0084033613445378,1.0,1.0,1.039,0.2397477841399165,-0.1626709508073683,0.0,0.0,0.9145,0.1947812876022745,-4.69500952199949,1.0,0.0,-0.052,0.4446020692709381,0.1169585199755592,0.033565026522773,0.0632462686567164,4.84948924336478,-8.39829978580472,-7.54009342203126,-0.969184805382867,824
-0.1382053603557904,0.268159831072943,-0.45147023161501865,-0.17498143682541953,0.052591849466012745,-0.39378074788035244,0.15715716140380784,-0.2937976963093058,0.044547208,0.06682029,2,2,1834.0,0.0,1.0,1.0,0.0,0.0010905125408942,0.0010905125408942,0.0,0.0,0.786,0.2927524551562292,-2.684862197246292,0.0,0.0,0.7,0.3209361307176243,-2.181119334974145,1.0,0.0,-0.052,0.4446020692709381,0.1169585199755592,0.4212548015364916,0.3279994259471871,-6.38701350049376,-3.61636424434297,-2.87251385942767,-3.99288451806676,825
-0.09717376301774235,0.24354163246109548,-0.6527720503201792,-0.2614796505562111,-0.07706299199010012,-0.29715029834682977,0.15051580679401794,-0.2935531859945593,0.14217056,0.023009479,1,2,280.0,0.0,1.0,1.0,0.0,0.0035714285714285,0.0071428571428571,0.0,0.0,1.073,0.3600985976090437,-2.97973945781635,0.0,0.0,0.9295,0.1810517881712302,-5.133890194560923,2.0,0.0,0.0,0.4952816079376104,5.915228243436404,0.1132075471698113,0.0832950631458094,1.08875079609628,-0.116051469269381,0.185716867944371,3.30046889181958,826
-0.12305055490185358,0.3506304468971998,-0.4925148016077096,-0.34334353050481337,0.004392159368253913,-0.39378074788035244,0.15715716140380784,-0.2937976963093058,0.044547208,0.06682029,1,2,1834.0,0.0,1.0,1.0,0.0,0.0005452562704471,0.0010905125408942,0.0,0.0,0.863,0.3438473498516456,-2.509834670449969,0.0,0.0,0.7,0.3209361307176243,-2.181119334974145,2.0,0.0,0.0,0.46280788768264797,2.7944592902593897,0.3962264150943396,0.3279994259471871,-3.93346712167799,-4.22250978947034,-2.16851385942768,-0.465999206396849,827
-0.6337708508543911,-2.3203263662368285,2.4361732368789264,1.252901817526343,1.264888886883968,-0.21714723565463467,0.018469794394081415,-0.5007702613398466,0.04253316,-0.08140227,1,2,238.0,0.0,1.0,1.0,0.0,0.0042016806722689,0.0084033613445378,0.0,0.0,1.117,0.394095166171827,-2.834340778270251,0.0,0.0,0.9145,0.1947812876022745,-4.69500952199949,2.0,0.0,0.0,0.4946986031104712,5.92288469320235,0.1320754716981132,0.0632462686567164,13.6632546568003,-4.14714685832258,10.8582263258079,14.5373715085935,828
-0.10553401740647815,0.2640751572261307,-0.3286940827677797,-0.294371875010497,0.1342749207027766,-0.23651819955057113,0.15206763627700973,-0.3104208269392072,0.13033125,-0.043852016,1,3,238.0,0.0,0.0,0.0,0.0,0.0,0.0,2.0,2.0,1.642,0.4876843241278111,0.7340814176060667,1.0,1.3333333333333333,1.3296666666666666,0.2391835650243924,0.0153299273145827,2.0,0.0,0.0,0.4946986031104712,5.92288469320235,0.0,0.0435185185185185,-6.13038622247641,-3.37398901769538,-1.71901757598045,-6.4649001229745,829
-0.22674718755457146,0.3314209232699406,-0.2285004800486225,0.10851384561616884,-0.007472946228658759,-0.25614891779950816,0.10659373691076436,-0.23638575871169465,0.12920694,-0.0040153572,1,3,280.0,0.0,0.0,0.0,0.0,0.0,0.0,2.0,2.0,1.608,0.5141361687335371,0.7624439279687458,1.0,1.6666666666666667,1.304,0.2390388160018275,1.517187345271548,2.0,0.0,0.0,0.4952816079376104,5.915228243436404,0.0,0.0308641975308641,-7.90534350458019,-3.80470805353802,-1.52615250798399,-8.88576640194987,830
-0.22126946877844905,0.28140018257276106,-0.13691809371655556,-0.26863715854511555,0.38640738798172003,-0.29715029834682977,0.15051580679401794,-0.2935531859945593,0.14217056,0.023009479,3,2,280.0,0.0,0.0,1.0,0.0,0.0,0.0071428571428571,1.0,1.6666666666666667,1.4226666666666663,0.2887090038237271,0.8451416366251466,0.0,0.0,0.9295,0.1810517881712302,-5.133890194560923,2.0,0.2000000000000001,-0.0453666666666666,0.3840177643460434,0.6389461359541785,0.0277777777777777,0.0832950631458094,-1.36989470441403,2.30243538015056,2.78737154994741,4.27929640893119,831
-0.07349636184346973,0.3284411439311858,-0.33449424685023416,-0.09959048174359389,0.39275400122563237,-0.21714723565463467,0.018469794394081415,-0.5007702613398466,0.04253316,-0.08140227,3,2,238.0,0.0,0.0,1.0,0.0,0.0,0.0084033613445378,1.0,1.3333333333333333,1.476,0.2865146883960169,-0.4979384040146475,0.0,0.0,0.9145,0.1947812876022745,-4.69500952199949,2.0,0.2000000000000001,-0.0453666666666666,0.3840177643460434,0.6389461359541785,0.0527777777777777,0.0632462686567164,3.26170123419966,0.419838157898856,-0.749995896414318,4.50171721073042,832
-0.10186334166672244,0.14717485979138187,-0.6791052654737372,-0.41246203322511116,-0.06083798028210012,-0.29715029834682977,0.15051580679401794,-0.2935531859945593,0.14217056,0.023009479,1,2,280.0,1.0,1.0,1.0,0.5,0.0035714285714285,0.0071428571428571,0.0,0.0,0.902,0.2973146481423342,-3.0338229402279,0.0,0.0,0.9295,0.1810517881712302,-5.133890194560923,0.0,0.0,0.0,0.4952816079376104,5.915228243436404,0.085820895522388,0.0832950631458094,-3.77132646443237,1.69886498790087,2.07118082534935,3.06048423721221,833
-0.08722911042599589,0.29568692958739073,-0.45923218581522085,-0.03625730830096084,-0.12286963467437396,-0.21714723565463467,0.018469794394081415,-0.5007702613398466,0.04253316,-0.08140227,1,2,238.0,1.0,1.0,1.0,0.5,0.0042016806722689,0.0084033613445378,0.0,0.0,0.893,0.3091132478558627,-2.8889088584660065,0.0,0.0,0.9145,0.1947812876022745,-4.69500952199949,0.0,0.0,0.0,0.4946986031104712,5.92288469320235,0.0764925373134328,0.0632462686567164,-1.01463649334126,3.02699343868781,2.4201152146968,6.83926535499787,834
-0.052989973467087365,0.21227919146266333,-0.6083998744390852,-0.08886155667139391,-0.16533153573602258,-0.39378074788035244,0.15715716140380784,-0.2937976963093058,0.044547208,0.06682029,1,2,1834.0,1.0,1.0,1.0,0.5,0.0005452562704471,0.0010905125408942,0.0,0.0,0.656,0.4750410508577126,-1.3809332873770723,0.0,0.0,0.7,0.3209361307176243,-2.181119334974145,0.0,0.0,0.0,0.46280788768264797,2.7944592902593897,0.3675373134328358,0.3279994259471871,-5.00225525549975,0.825776202265543,2.59979193646045,-1.74111567499144,835
-0.18254686261789152,-0.05482621734159629,0.07270794498937094,-2.5214951118417215,-0.3820924864552169,-0.16323102653955485,0.06023692476909989,-0.5873829936099805,0.052398644,-0.11900714,1,8,238.0,0.0,0.0,0.0,0.0,0.0,0.0,1.0,1.0,1.129,0.4103157320893265,-0.3143920398643561,1.0,1.125,1.152875,0.1476519873723344,-0.1887885188413186,2.0,0.0,0.0,0.4946986031104712,5.92288469320235,0.074074074074074,0.0535567527472243,16.7092554912111,-7.00671229626336,16.0630041035857,16.4165141712489,836
-2.043289009040621,-3.4644857650925767,3.9698366408036727,-1.3253988374957228,-5.780500397223112,-0.10051995194618664,-0.037181788663558826,-0.6141266584215322,0.06383989,-0.10316236,1,8,1834.0,0.0,1.0,0.75,0.0,0.0005452562704471,0.0032679738562091,0.0,0.0,0.873,0.3329729718760968,-2.621834424221236,0.0,0.25,0.83675,0.1282309927435641,-4.575726877303217,2.0,0.0,0.0,0.46280788768264797,2.7944592902593897,0.3888888888888889,0.3023034881384502,10.726704839481,-22.0264625906737,8.21244854803014,9.82026115898468,837
-0.05120618600510696,0.40926466867196687,0.22288492293656503,-0.20124815256933928,0.12475168368591064,-0.12479391737832377,0.007480350380626419,-0.5766365445680574,0.07715105,-0.09481016,1,8,280.0,0.0,0.0,0.125,0.0,0.0,0.0034843205574912,1.0,1.0,1.108,0.3692370512286111,-0.2924950235645027,0.0,0.875,1.118625,0.1356926098761461,-1.7954183372430492,2.0,0.0,0.0,0.4952816079376104,5.915228243436404,0.1481481481481481,0.0985889310896961,12.4531164417921,-13.5897164486734,9.46467077025236,11.8664528718125,838
-0.22674718755457146,0.3314209232699406,-0.2285004800486225,0.10851384561616884,-0.007472946228658759,-0.23767871251967004,0.28590572633516176,-0.1742956705326992,0.13872588,-0.011449606,1,2,280.0,0.0,0.0,0.0,0.0,0.0,0.0,2.0,2.0,1.608,0.5141361687335371,0.7624439279687458,1.0,1.0,1.131,0.2689591046980935,-0.4870628943647305,3.0,0.0,0.0,0.4952816079376104,5.915228243436404,0.0,0.0755555555555555,-0.847324448856304,-1.49117416890692,-0.680850909313774,-3.07399701346932,839
-0.10553401740647815,0.2640751572261307,-0.3286940827677797,-0.294371875010497,0.1342749207027766,-0.29435781696574015,0.201058736296263,-0.09654005852311945,0.0989754,0.006966456,1,2,238.0,0.0,0.0,0.0,0.0,0.0,0.0,2.0,2.0,1.642,0.4876843241278111,0.7340814176060667,1.0,1.5,1.1555,0.2656496753244769,1.2968207078710396,3.0,0.0,0.0,0.4946986031104712,5.92288469320235,0.0,0.0341880341880341,0.224653003167965,-2.07704871957201,-0.543218118636521,-1.72473742821275,840
-0.10553401740647815,0.2640751572261307,-0.3286940827677797,-0.294371875010497,0.1342749207027766,-0.4540389699805117,0.0888085081532088,-0.23354972713218797,0.06507606,0.020801008,1,10,238.0,0.0,0.0,0.2,0.0,0.0,0.008130081300813,2.0,2.0,1.642,0.4876843241278111,0.7340814176060667,0.0,0.9,1.1135,0.124047369984212,-1.721116699428395,2.0,0.0,0.0,0.4946986031104712,5.92288469320235,0.0,0.0785112659317768,-1.82569986103898,-0.707227577317503,0.362371352278165,-3.64228600483374,841
-0.22674718755457146,0.3314209232699406,-0.2285004800486225,0.10851384561616884,-0.007472946228658759,-0.2484637761438005,0.05585921332255339,-0.2677719649556255,0.078204274,-0.010806085,1,10,280.0,0.0,0.0,0.3,0.0,0.0,0.0104529616724738,2.0,2.0,1.608,0.5141361687335371,0.7624439279687458,0.0,0.7,1.0881999999999998,0.1214115315775235,-3.197389860386754,2.0,0.0,0.0,0.4952816079376104,5.915228243436404,0.0,0.1008023624320745,1.07353817356525,3.13748381215112,4.87209377216964,-0.0538171797964236,842
-0.18254686261789152,-0.05482621734159629,0.07270794498937094,-2.5214951118417215,-0.3820924864552169,-0.23651819955057113,0.15206763627700973,-0.3104208269392072,0.13033125,-0.043852016,1,3,238.0,0.0,0.0,0.0,0.0,0.0,0.0,1.0,1.0,1.129,0.4103157320893265,-0.3143920398643561,1.0,1.3333333333333333,1.3296666666666666,0.2391835650243924,0.0153299273145827,2.0,0.0,0.0,0.4946986031104712,5.92288469320235,0.074074074074074,0.0435185185185185,-7.39720092249766,-4.98697810688703,-0.140374730206218,-3.59584315449513,843
-0.05120618600510696,0.40926466867196687,0.22288492293656503,-0.20124815256933928,0.12475168368591064,-0.25614891779950816,0.10659373691076436,-0.23638575871169465,0.12920694,-0.0040153572,1,3,280.0,0.0,0.0,0.0,0.0,0.0,0.0,1.0,1.0,1.108,0.3692370512286111,-0.2924950235645027,1.0,1.6666666666666667,1.304,0.2390388160018275,1.517187345271548,2.0,0.0,0.0,0.4952816079376104,5.915228243436404,0.1481481481481481,0.0308641975308641,-6.24581443814332,-6.38928232082688,-3.27675163443149,-8.59182583927021,844
-0.10553401740647815,0.2640751572261307,-0.3286940827677797,-0.294371875010497,0.1342749207027766,-0.16323102653955485,0.06023692476909989,-0.5873829936099805,0.052398644,-0.11900714,1,8,238.0,0.0,0.0,0.0,0.0,0.0,0.0,2.0,2.0,1.642,0.4876843241278111,0.7340814176060667,1.0,1.125,1.152875,0.1476519873723344,-0.1887885188413186,3.0,0.0,0.0,0.4946986031104712,5.92288469320235,0.0,0.0535567527472243,1.33845453137814,-6.1556649297861,-1.26810700752541,-1.04394493056378,845
-0.22674718755457146,0.3314209232699406,-0.2285004800486225,0.10851384561616884,-0.007472946228658759,-0.12479391737832377,0.007480350380626419,-0.5766365445680574,0.07715105,-0.09481016,1,8,280.0,0.0,0.0,0.125,0.0,0.0,0.0034843205574912,2.0,2.0,1.608,0.5141361687335371,0.7624439279687458,0.0,0.875,1.118625,0.1356926098761461,-1.7954183372430492,3.0,0.0,0.0,0.4952816079376104,5.915228243436404,0.0,0.0985889310896961,8.49116972549416,2.02896559918952,4.81911521469681,7.03445750913283,846
-0.10186334166672244,0.14717485979138187,-0.6791052654737372,-0.41246203322511116,-0.06083798028210012,-0.25614891779950816,0.10659373691076436,-0.23638575871169465,0.12920694,-0.0040153572,1,3,280.0,0.0,1.0,0.0,0.0,0.0035714285714285,0.0,0.0,0.0,0.902,0.2973146481423342,-3.0338229402279,1.0,1.6666666666666667,1.304,0.2390388160018275,1.517187345271548,2.0,0.0,0.0,0.4952816079376104,5.915228243436404,0.085820895522388,0.0308641975308641,-6.02246864359188,-0.821547329665296,1.04278226683724,-1.85425639225743,847
-0.08722911042599589,0.29568692958739073,-0.45923218581522085,-0.03625730830096084,-0.12286963467437396,-0.23651819955057113,0.15206763627700973,-0.3104208269392072,0.13033125,-0.043852016,1,3,238.0,0.0,1.0,0.0,0.0,0.0042016806722689,0.0,0.0,0.0,0.893,0.3091132478558627,-2.8889088584660065,1.0,1.3333333333333333,1.3296666666666666,0.2391835650243924,0.0153299273145827,2.0,0.0,0.0,0.4946986031104712,5.92288469320235,0.0764925373134328,0.0435185185185185,-6.16387412277351,-1.09443454917399,-0.468531553535552,-3.74992108924916,848
-0.135595584291787,0.3389196643062526,-0.4388511845880939,-0.3750246595518684,-0.016173205815531833,-0.25614891779950816,0.10659373691076436,-0.23638575871169465,0.12920694,-0.0040153572,2,3,280.0,0.0,0.0,0.0,0.0,0.0,0.0,1.0,1.0,1.002,0.2235978532991763,-0.0089446297023432,1.0,1.6666666666666667,1.304,0.2390388160018275,1.517187345271548,2.0,0.7000000000000002,-0.1404666666666666,0.4138896847121356,2.030653813590981,0.1277665995975855,0.0308641975308641,-8.88442374971435,-21.7700217873325,-10.5813612333162,-10.168563525032,849
-0.40648215827210094,0.29823329138772536,-0.08784596274536632,-0.04854147922485235,0.6571133123011609,-0.23651819955057113,0.15206763627700973,-0.3104208269392072,0.13033125,-0.043852016,2,3,238.0,0.0,0.0,0.0,0.0,0.0,0.0,1.0,1.0,1.039,0.2397477841399165,-0.1626709508073683,1.0,1.3333333333333333,1.3296666666666666,0.2391835650243924,0.0153299273145827,2.0,0.7000000000000002,-0.1404666666666666,0.4138896847121356,2.030653813590981,0.033565026522773,0.0435185185185185,-6.92901947339283,-45.1353085217002,-22.2106650363129,-17.9367951946299,850
-0.13266349412664066,0.3713259938063249,-0.4709977447193711,-0.10728189571136972,-0.23601156513011773,-0.23651819955057113,0.15206763627700973,-0.3104208269392072,0.13033125,-0.043852016,6,3,238.0,0.0,0.5,0.0,0.0,0.0124481327800829,0.0,0.0,0.5,1.1413333333333335,0.164730082255792,-3.8932374982820352,1.0,1.3333333333333333,1.3296666666666666,0.2391835650243924,0.0153299273145827,2.0,0.5555555555555558,0.0384444444444444,0.2471887368084118,2.0919687433489647,0.0862135267424995,0.0435185185185185,-9.35488225401371,-22.8202076961075,-17.8951411776996,-16.6384659840663,851
-0.3363533141731358,0.31709063062830595,-0.09688137589360127,-0.0203540228998594,0.677483672156612,-0.25614891779950816,0.10659373691076436,-0.23638575871169465,0.12920694,-0.0040153572,6,3,280.0,0.0,0.5,0.0,0.0,0.0106007067137809,0.0,0.0,0.5,1.128,0.1588304476827762,-3.953901844149376,1.0,1.6666666666666667,1.304,0.2390388160018275,1.517187345271548,2.0,0.5555555555555558,0.0384444444444444,0.2471887368084118,2.0919687433489647,0.1183076483559363,0.0308641975308641,-7.61503230116568,-17.9535306327862,-5.66245616254581,-7.01247235608817,852
-0.1575692262907865,0.4778646067943418,0.023135085893525836,0.12213420105253406,0.33330122859347494,-0.25614891779950816,0.10659373691076436,-0.23638575871169465,0.12920694,-0.0040153572,2,3,280.0,0.0,0.0,0.0,0.0,0.0,0.0,1.0,1.0,1.131,0.2689591046980935,-0.4870628943647305,1.0,1.6666666666666667,1.304,0.2390388160018275,1.517187345271548,2.0,0.6000000000000001,-0.1776666666666667,0.3926535085514679,1.9805417492270605,0.0755555555555555,0.0308641975308641,-6.17946695568099,-19.5306722506501,-9.24045616254582,-10.0092189272457,853
-0.21846271612483376,0.3792336115742185,0.1421796260277029,-0.11545906998032528,0.42053052703749705,-0.23651819955057113,0.15206763627700973,-0.3104208269392072,0.13033125,-0.043852016,2,3,238.0,0.0,0.0,0.0,0.0,0.0,0.0,1.0,1.5,1.1555,0.2656496753244769,1.2968207078710396,1.0,1.3333333333333333,1.3296666666666666,0.2391835650243924,0.0153299273145827,2.0,0.6000000000000001,-0.1776666666666667,0.3926535085514679,1.9805417492270605,0.0341880341880341,0.0435185185185185,-9.63873288922914,-20.3368071663332,-15.5876805260943,-14.9168983641136,854
-0.19287567775896472,0.2834695551983367,-0.2717757404842148,0.013009198376537514,0.4632184201862358,-0.23651819955057113,0.15206763627700973,-0.3104208269392072,0.13033125,-0.043852016,1,3,238.0,0.0,0.0,0.0,0.0,0.0,0.0,2.0,2.0,1.261,0.4846431677017639,1.5248332159605733,1.0,1.3333333333333333,1.3296666666666666,0.2391835650243924,0.0153299273145827,2.0,0.0,0.0,0.4946986031104712,5.92288469320235,0.0,0.0435185185185185,-7.90731707486137,-22.0873629917204,-15.7510300665885,-13.6541944942035,855
-0.2031474108191085,0.24701982466282288,-0.3238648442248165,-0.2803022196868463,0.23687097058072598,-0.25614891779950816,0.10659373691076436,-0.23638575871169465,0.12920694,-0.0040153572,1,3,280.0,0.0,0.0,0.0,0.0,0.0,0.0,2.0,2.0,1.203,0.4558409810449253,1.7484167355314018,1.0,1.6666666666666667,1.304,0.2390388160018275,1.517187345271548,2.0,0.0,0.0,0.4952816079376104,5.915228243436404,0.0,0.0308641975308641,-2.62705554905957,-18.1469111441135,-2.99201171810138,-3.83873471004007,856
-0.6337708508543911,-2.3203263662368285,2.4361732368789264,1.252901817526343,1.264888886883968,-0.23651819955057113,0.15206763627700973,-0.3104208269392072,0.13033125,-0.043852016,1,3,238.0,0.0,1.0,0.0,0.0,0.0042016806722689,0.0,0.0,0.0,1.117,0.394095166171827,-2.834340778270251,1.0,1.3333333333333333,1.3296666666666666,0.2391835650243924,0.0153299273145827,2.0,0.0,0.0,0.4946986031104712,5.92288469320235,0.1320754716981132,0.0435185185185185,-5.57856574889553,-9.68716521319542,-4.55802941220927,-7.5509730939869,857
-0.09717376301774235,0.24354163246109548,-0.6527720503201792,-0.2614796505562111,-0.07706299199010012,-0.25614891779950816,0.10659373691076436,-0.23638575871169465,0.12920694,-0.0040153572,1,3,280.0,0.0,1.0,0.0,0.0,0.0035714285714285,0.0,0.0,0.0,1.073,0.3600985976090437,-2.97973945781635,1.0,1.6666666666666667,1.304,0.2390388160018275,1.517187345271548,2.0,0.0,0.0,0.4952816079376104,5.915228243436404,0.1132075471698113,0.0308641975308641,-7.51137041993514,-30.3167296472383,-9.63833170297954,-8.56988492237228,858
-0.22126946877844905,0.28140018257276106,-0.13691809371655556,-0.26863715854511555,0.38640738798172003,-0.25614891779950816,0.10659373691076436,-0.23638575871169465,0.12920694,-0.0040153572,3,3,280.0,0.0,0.0,0.0,0.0,0.0,0.0,1.0,1.6666666666666667,1.4226666666666663,0.2887090038237271,0.8451416366251466,1.0,1.6666666666666667,1.304,0.2390388160018275,1.517187345271548,2.0,-0.3333333333333335,-0.1183333333333335,0.3480860366186625,-0.617663386008035,0.0277777777777777,0.0308641975308641,-3.59177121958037,-21.6164418257059,-0.383548899890497,-1.7892634149829,859
-0.07349636184346973,0.3284411439311858,-0.33449424685023416,-0.09959048174359389,0.39275400122563237,-0.23651819955057113,0.15206763627700973,-0.3104208269392072,0.13033125,-0.043852016,3,3,238.0,0.0,0.0,0.0,0.0,0.0,0.0,1.0,1.3333333333333333,1.476,0.2865146883960169,-0.4979384040146475,1.0,1.3333333333333333,1.3296666666666666,0.2391835650243924,0.0153299273145827,2.0,-0.3333333333333335,-0.1183333333333335,0.3480860366186625,-0.617663386008035,0.0527777777777777,0.0435185185185185,-7.89476940350584,-25.4865996710049,-0.224396384493051,-1.50528845296106,860
-0.08722911042599589,0.29568692958739073,-0.45923218581522085,-0.03625730830096084,-0.12286963467437396,-0.3359856070451807,0.053279388284133686,-0.3947375084456536,0.11113214,-0.057361633,1,6,238.0,0.0,1.0,0.1666666666666666,0.0,0.0042016806722689,0.0041152263374485,0.0,0.0,0.893,0.3091132478558627,-2.8889088584660065,0.0,1.1666666666666667,1.3111666666666668,0.1541383757825704,-0.9374693308292912,2.0,0.0,0.0,0.4946986031104712,5.92288469320235,0.0764925373134328,0.0361324458098651,-3.56702331803559,-11.4527468449988,-1.14332922974763,-1.54713397096198,861
-0.10186334166672244,0.14717485979138187,-0.6791052654737372,-0.41246203322511116,-0.06083798028210012,-0.3104757666334475,0.08539609046415789,-0.3598009024605617,0.09728403,0.00267437,1,6,280.0,0.0,1.0,0.1666666666666666,0.0,0.0035714285714285,0.0035087719298245,0.0,0.0,0.902,0.2973146481423342,-3.0338229402279,0.0,1.3333333333333333,1.2891666666666666,0.1542702354816234,0.2862941547264819,2.0,0.0,0.0,0.4952816079376104,5.915228243436404,0.085820895522388,0.0308243727598566,-0.916301649561757,0.132203753810749,3.55822632580792,4.11727755315912,862
-0.2031474108191085,0.24701982466282288,-0.3238648442248165,-0.2803022196868463,0.23687097058072598,-0.21722584714249993,0.16637879542534384,-0.47604848641852887,0.055548847,-0.0852315,1,2,280.0,0.0,0.0,0.0,0.0,0.0,0.0,2.0,2.0,1.203,0.4558409810449253,1.7484167355314018,1.0,1.0,1.002,0.2235978532991763,-0.0089446297023432,3.0,0.0,0.0,0.4952816079376104,5.915228243436404,0.0,0.1277665995975855,1.30221967052795,1.78076126751958,3.3468432695188,4.6481094816547,863
-0.19287567775896472,0.2834695551983367,-0.2717757404842148,0.013009198376537514,0.4632184201862358,-0.4693645973030087,0.1313784766104235,-0.2467844999124898,0.11017103,0.05691439,1,2,238.0,0.0,0.0,0.0,0.0,0.0,0.0,2.0,2.0,1.261,0.4846431677017639,1.5248332159605733,1.0,1.0,1.039,0.2397477841399165,-0.1626709508073683,3.0,0.0,0.0,0.4946986031104712,5.92288469320235,0.0,0.033565026522773,1.93231010848505,-3.67856779711523,-2.21493331850626,3.68827256064357,864
-0.14631145303933005,0.4532444314731223,-0.09332995639125194,0.21677019387392435,0.23664630947486645,-0.21965500287845177,0.10550788104288585,-0.48429079407455644,0.089017026,-0.070713654,2,2,1834.0,0.0,1.0,1.0,0.0,0.0010905125408942,0.0010905125408942,0.0,0.0,0.845,0.2558808316384796,-3.302318483917762,0.0,0.0,0.786,0.2927524551562292,-2.684862197246292,2.0,0.5,-0.25425,0.4537834698399667,1.6621363494487735,0.3423931623931624,0.4212548015364916,0.544854715354934,0.832561349005905,2.80706120908842,2.77630701550079,865
-0.21846271612483376,0.3792336115742185,0.1421796260277029,-0.11545906998032528,0.42053052703749705,-0.4693645973030087,0.1313784766104235,-0.2467844999124898,0.11017103,0.05691439,2,2,238.0,0.0,0.0,0.0,0.0,0.0,0.0,1.0,1.5,1.1555,0.2656496753244769,1.2968207078710396,1.0,1.0,1.039,0.2397477841399165,-0.1626709508073683,2.0,0.5,-0.25425,0.4537834698399667,1.6621363494487735,0.0341880341880341,0.033565026522773,1.09973576901036,-7.31085560991339,-0.222125356012547,4.97622878740011,866
-0.1575692262907865,0.4778646067943418,0.023135085893525836,0.12213420105253406,0.33330122859347494,-0.21722584714249993,0.16637879542534384,-0.47604848641852887,0.055548847,-0.0852315,2,2,280.0,0.0,0.0,0.0,0.0,0.0,0.0,1.0,1.0,1.131,0.2689591046980935,-0.4870628943647305,1.0,1.0,1.002,0.2235978532991763,-0.0089446297023432,2.0,0.5,-0.25425,0.4537834698399667,1.6621363494487735,0.0755555555555555,0.1277665995975855,-2.68821453631628,-3.07003009437654,0.976954380629914,2.45838686444908,867
-0.3363533141731358,0.31709063062830595,-0.09688137589360127,-0.0203540228998594,0.677483672156612,-0.21722584714249993,0.16637879542534384,-0.47604848641852887,0.055548847,-0.0852315,6,2,280.0,0.0,0.5,0.0,0.0,0.0106007067137809,0.0,0.0,0.5,1.128,0.1588304476827762,-3.953901844149376,1.0,1.0,1.002,0.2235978532991763,-0.0089446297023432,1.0,0.3333333333333335,0.0925833333333332,0.3173258380592415,0.7586838861670465,0.1183076483559363,0.1277665995975855,-1.73386167194875,1.07903728513393,2.2830535070774,3.13482205116215,868
-0.13266349412664066,0.3713259938063249,-0.4709977447193711,-0.10728189571136972,-0.23601156513011773,-0.4693645973030087,0.1313784766104235,-0.2467844999124898,0.11017103,0.05691439,6,2,238.0,0.0,0.5,0.0,0.0,0.0124481327800829,0.0,0.0,0.5,1.1413333333333335,0.164730082255792,-3.8932374982820352,1.0,1.0,1.039,0.2397477841399165,-0.1626709508073683,1.0,0.3333333333333335,0.0925833333333332,0.3173258380592415,0.7586838861670465,0.0862135267424995,0.033565026522773,1.4967926492039,-0.770610362814318,5.21608065904883,10.626805508003,869
-0.23435830810769367,0.22079936505545283,-0.23601615609633303,-0.1613065103105533,0.17001103257208514,-0.21965500287845177,0.10550788104288585,-0.48429079407455644,0.089017026,-0.070713654,6,2,1834.0,0.0,0.6666666666666666,1.0,0.0,0.0021786492374727,0.0010905125408942,0.0,0.3333333333333333,0.8241666666666667,0.1561672002836845,-3.1429988655858168,0.0,0.0,0.786,0.2927524551562292,-2.684862197246292,1.0,0.3333333333333335,0.0925833333333332,0.3173258380592415,0.7586838861670465,0.3650691543360551,0.4212548015364916,-4.16444555302763,0.843984102769927,2.6247363809049,1.37271502680625,870
-0.19287567775896472,0.2834695551983367,-0.2717757404842148,0.013009198376537514,0.4632184201862358,-0.17220677480162513,0.12918797722606423,-0.4893606233884148,0.11222623,-0.10775751,1,1,238.0,0.0,0.0,1.0,0.0,0.0,0.0042016806722689,2.0,2.0,1.261,0.4846431677017639,1.5248332159605733,0.0,0.0,0.893,0.3091132478558627,-2.8889088584660065,2.0,0.0,0.0,0.4946986031104712,5.92288469320235,0.0,0.0764925373134328,11.5575303819116,11.4241908656484,11.4786366000781,12.9927315455339,871
-0.2031474108191085,0.24701982466282288,-0.3238648442248165,-0.2803022196868463,0.23687097058072598,-0.1858281836458479,0.001430956438472167,-0.6329738109735777,0.049285397,-0.094661236,1,1,280.0,0.0,0.0,1.0,0.0,0.0,0.0035714285714285,2.0,2.0,1.203,0.4558409810449253,1.7484167355314018,0.0,0.0,0.902,0.2973146481423342,-3.0338229402279,2.0,0.0,0.0,0.4952816079376104,5.915228243436404,0.0,0.085820895522388,2.06912426654355,4.53692970345266,8.03541437785593,6.7566117244087,872
-0.14631145303933005,0.4532444314731223,-0.09332995639125194,0.21677019387392435,0.23664630947486645,-0.1403372986864262,0.057436744157375305,-0.5867915925696137,0.10342529,-0.11672217,2,1,1834.0,0.0,1.0,1.0,0.0,0.0010905125408942,0.0005452562704471,0.0,0.0,0.845,0.2558808316384796,-3.302318483917762,0.0,0.0,0.656,0.4750410508577126,-1.3809332873770723,1.0,0.0,0.0,0.46280788768264797,2.7944592902593897,0.3423931623931624,0.3675373134328358,6.71887640957848,14.2286229025663,14.6499143778559,11.0405317038303,873
-0.21846271612483376,0.3792336115742185,0.1421796260277029,-0.11545906998032528,0.42053052703749705,-0.17220677480162513,0.12918797722606423,-0.4893606233884148,0.11222623,-0.10775751,2,1,238.0,0.0,0.0,1.0,0.0,0.0,0.0042016806722689,1.0,1.5,1.1555,0.2656496753244769,1.2968207078710396,0.0,0.0,0.893,0.3091132478558627,-2.8889088584660065,1.0,0.0,0.0,0.4946986031104712,5.92288469320235,0.0341880341880341,0.0764925373134328,13.6235740442515,14.7673640649207,15.4378588223004,15.5310879022905,874
-0.1575692262907865,0.4778646067943418,0.023135085893525836,0.12213420105253406,0.33330122859347494,-0.1858281836458479,0.001430956438472167,-0.6329738109735777,0.049285397,-0.094661236,2,1,280.0,0.0,0.0,1.0,0.0,0.0,0.0035714285714285,1.0,1.0,1.131,0.2689591046980935,-0.4870628943647305,0.0,0.0,0.902,0.2973146481423342,-3.0338229402279,1.0,0.0,0.0,0.4952816079376104,5.915228243436404,0.0755555555555555,0.085820895522388,-0.948639797299516,8.85844799000542,9.28900143103564,8.11674688498085,875
-0.23435830810769367,0.22079936505545283,-0.23601615609633303,-0.1613065103105533,0.17001103257208514,-0.1403372986864262,0.057436744157375305,-0.5867915925696137,0.10342529,-0.11672217,6,1,1834.0,1.0,0.6666666666666666,1.0,0.1666666666666666,0.0021786492374727,0.0005452562704471,0.0,0.3333333333333333,0.8241666666666667,0.1561672002836845,-3.1429988655858168,0.0,0.0,0.656,0.4750410508577126,-1.3809332873770723,0.0,0.0,0.0,0.46280788768264797,2.7944592902593897,0.3650691543360551,0.3675373134328358,2.81646134011069,5.77340825925912,7.44380326674479,2.63534035680238,876
-0.13266349412664066,0.3713259938063249,-0.4709977447193711,-0.10728189571136972,-0.23601156513011773,-0.17220677480162513,0.12918797722606423,-0.4893606233884148,0.11222623,-0.10775751,6,1,238.0,1.0,0.5,1.0,0.1666666666666666,0.0124481327800829,0.0042016806722689,0.0,0.5,1.1413333333333335,0.164730082255792,-3.8932374982820352,0.0,0.0,0.893,0.3091132478558627,-2.8889088584660065,0.0,0.0,0.0,0.4946986031104712,5.92288469320235,0.0862135267424995,0.0764925373134328,7.10305512254638,10.1596481870063,10.0068588223004,10.7058228356711,877
-0.3363533141731358,0.31709063062830595,-0.09688137589360127,-0.0203540228998594,0.677483672156612,-0.1858281836458479,0.001430956438472167,-0.6329738109735777,0.049285397,-0.094661236,6,1,280.0,1.0,0.5,1.0,0.1666666666666666,0.0106007067137809,0.0035714285714285,0.0,0.5,1.128,0.1588304476827762,-3.953901844149376,0.0,0.0,0.902,0.2973146481423342,-3.0338229402279,0.0,0.0,0.0,0.4952816079376104,5.915228243436404,0.1183076483559363,0.085820895522388,4.11208128655796,10.4715868280024,11.0181921556337,8.78169618280504,878
-0.135595584291787,0.3389196643062526,-0.4388511845880939,-0.3750246595518684,-0.016173205815531833,-0.1858281836458479,0.001430956438472167,-0.6329738109735777,0.049285397,-0.094661236,2,1,280.0,0.0,0.0,1.0,0.0,0.0,0.0035714285714285,1.0,1.0,1.002,0.2235978532991763,-0.0089446297023432,0.0,0.0,0.902,0.2973146481423342,-3.0338229402279,1.0,0.0,0.0,0.4952816079376104,5.915228243436404,0.1277665995975855,0.085820895522388,-1.70947769935767,5.46149749976551,7.04652548896703,7.01559967608347,879
-0.1382053603557904,0.268159831072943,-0.45147023161501865,-0.17498143682541953,0.052591849466012745,-0.1403372986864262,0.057436744157375305,-0.5867915925696137,0.10342529,-0.11672217,2,1,1834.0,0.0,1.0,1.0,0.0,0.0010905125408942,0.0005452562704471,0.0,0.0,0.786,0.2927524551562292,-2.684862197246292,0.0,0.0,0.656,0.4750410508577126,-1.3809332873770723,1.0,0.0,0.0,0.46280788768264797,2.7944592902593897,0.4212548015364916,0.3675373134328358,3.21963114417979,2.72673781141782,7.8489143778559,4.57386701082353,880
-0.40648215827210094,0.29823329138772536,-0.08784596274536632,-0.04854147922485235,0.6571133123011609,-0.17220677480162513,0.12918797722606423,-0.4893606233884148,0.11222623,-0.10775751,2,1,238.0,0.0,0.0,1.0,0.0,0.0,0.0042016806722689,1.0,1.0,1.039,0.2397477841399165,-0.1626709508073683,0.0,0.0,0.893,0.3091132478558627,-2.8889088584660065,1.0,0.0,0.0,0.4946986031104712,5.92288469320235,0.033565026522773,0.0764925373134328,9.37076660845587,-7.65928432755708,2.64833496368713,6.77281201621865,881
-0.09717376301774235,0.24354163246109548,-0.6527720503201792,-0.2614796505562111,-0.07706299199010012,-0.21722584714249993,0.16637879542534384,-0.47604848641852887,0.055548847,-0.0852315,1,2,280.0,0.0,1.0,0.0,0.0,0.0035714285714285,0.0,0.0,0.0,1.073,0.3600985976090437,-2.97973945781635,1.0,1.0,1.002,0.2235978532991763,-0.0089446297023432,2.0,0.0,0.0,0.4952816079376104,5.915228243436404,0.1132075471698113,0.1277665995975855,0.0596939785475483,1.26354981763111,1.45603399411686,3.46199035821138,882
-0.6337708508543911,-2.3203263662368285,2.4361732368789264,1.252901817526343,1.264888886883968,-0.4693645973030087,0.1313784766104235,-0.2467844999124898,0.11017103,0.05691439,1,2,238.0,0.0,1.0,0.0,0.0,0.0042016806722689,0.0,0.0,0.0,1.117,0.394095166171827,-2.834340778270251,1.0,1.0,1.039,0.2397477841399165,-0.1626709508073683,2.0,0.0,0.0,0.4946986031104712,5.92288469320235,0.1320754716981132,0.033565026522773,3.84371598613479,-25.3921738155291,-0.658218118636533,2.77573554252681,883
-0.12305055490185358,0.3506304468971998,-0.4925148016077096,-0.34334353050481337,0.004392159368253913,-0.21965500287845177,0.10550788104288585,-0.48429079407455644,0.089017026,-0.070713654,1,2,1834.0,0.0,1.0,1.0,0.0,0.0005452562704471,0.0010905125408942,0.0,0.0,0.863,0.3438473498516456,-2.509834670449969,0.0,0.0,0.786,0.2927524551562292,-2.684862197246292,2.0,0.0,0.0,0.46280788768264797,2.7944592902593897,0.3962264150943396,0.4212548015364916,2.18531992422322,-2.22990043372873,-0.862430940141028,1.59662570360842,884
-0.10186334166672244,0.14717485979138187,-0.6791052654737372,-0.41246203322511116,-0.06083798028210012,-0.12479391737832377,0.007480350380626419,-0.5766365445680574,0.07715105,-0.09481016,1,8,280.0,0.0,1.0,0.125,0.0,0.0035714285714285,0.0034843205574912,0.0,0.0,0.902,0.2973146481423342,-3.0338229402279,0.0,0.875,1.118625,0.1356926098761461,-1.7954183372430492,1.0,0.0,0.0,0.4952816079376104,5.915228243436404,0.085820895522388,0.0985889310896961,0.751072444762067,-2.0351304396621,-0.122551451969849,2.86967387438084,885
-0.08722911042599589,0.29568692958739073,-0.45923218581522085,-0.03625730830096084,-0.12286963467437396,-0.16323102653955485,0.06023692476909989,-0.5873829936099805,0.052398644,-0.11900714,1,8,238.0,0.0,1.0,0.0,0.0,0.0042016806722689,0.0,0.0,0.0,0.893,0.3091132478558627,-2.8889088584660065,1.0,1.125,1.152875,0.1476519873723344,-0.1887885188413186,1.0,0.0,0.0,0.4946986031104712,5.92288469320235,0.0764925373134328,0.0535567527472243,3.05479499509514,8.28235465719563,7.61053583824883,8.13260068093934,886
-0.052989973467087365,0.21227919146266333,-0.6083998744390852,-0.08886155667139391,-0.16533153573602258,-0.10051995194618664,-0.037181788663558826,-0.6141266584215322,0.06383989,-0.10316236,1,8,1834.0,0.0,1.0,0.75,0.0,0.0005452562704471,0.0032679738562091,0.0,0.0,0.656,0.4750410508577126,-1.3809332873770723,0.0,0.25,0.83675,0.1282309927435641,-4.575726877303217,1.0,0.0,0.0,0.46280788768264797,2.7944592902593897,0.3675373134328358,0.3023034881384502,-2.20295364357878,-10.3142303073245,-3.19560700752541,-0.877467383980127,887
-0.22126946877844905,0.28140018257276106,-0.13691809371655556,-0.26863715854511555,0.38640738798172003,-0.12479391737832377,0.007480350380626419,-0.5766365445680574,0.07715105,-0.09481016,3,8,280.0,0.0,0.0,0.125,0.0,0.0,0.0034843205574912,1.0,1.6666666666666667,1.4226666666666663,0.2887090038237271,0.8451416366251466,0.0,0.875,1.118625,0.1356926098761461,-1.7954183372430492,2.0,0.0568181818181816,-0.0203825757575758,0.2456663484498332,0.3142504378922794,0.0277777777777777,0.0985889310896961,1.25397341189472,0.391474229048166,-0.446773674192093,2.69100629609981,888
-0.07349636184346973,0.3284411439311858,-0.33449424685023416,-0.09959048174359389,0.39275400122563237,-0.16323102653955485,0.06023692476909989,-0.5873829936099805,0.052398644,-0.11900714,3,8,238.0,0.0,0.0,0.0,0.0,0.0,0.0,1.0,1.3333333333333333,1.476,0.2865146883960169,-0.4979384040146475,1.0,1.125,1.152875,0.1476519873723344,-0.1887885188413186,2.0,0.0568181818181816,-0.0203825757575758,0.2456663484498332,0.3142504378922794,0.0527777777777777,0.0535567527472243,4.84500978267273,6.43130723365692,5.24498028269326,5.72350753944967,889
-0.22126946877844905,0.28140018257276106,-0.13691809371655556,-0.26863715854511555,0.38640738798172003,-0.1858281836458479,0.001430956438472167,-0.6329738109735777,0.049285397,-0.094661236,3,1,280.0,0.0,0.0,1.0,0.0,0.0,0.0035714285714285,1.0,1.6666666666666667,1.4226666666666663,0.2887090038237271,0.8451416366251466,0.0,0.0,0.902,0.2973146481423342,-3.0338229402279,2.0,0.0,0.0,0.4952816079376104,5.915228243436404,0.0277777777777777,0.085820895522388,-3.86225497774212,-7.24351878486613,-0.0780103543098251,-3.11557154720079,890
-0.07349636184346973,0.3284411439311858,-0.33449424685023416,-0.09959048174359389,0.39275400122563237,-0.17220677480162513,0.12918797722606423,-0.4893606233884148,0.11222623,-0.10775751,3,1,238.0,0.0,0.0,1.0,0.0,0.0,0.0042016806722689,1.0,1.3333333333333333,1.476,0.2865146883960169,-0.4979384040146475,0.0,0.0,0.893,0.3091132478558627,-2.8889088584660065,2.0,0.0,0.0,0.4946986031104712,5.92288469320235,0.0527777777777777,0.0764925373134328,15.3372099639988,6.17543022791672,15.9379938429081,13.1972697889986,891
-0.09717376301774235,0.24354163246109548,-0.6527720503201792,-0.2614796505562111,-0.07706299199010012,-0.12479391737832377,0.007480350380626419,-0.5766365445680574,0.07715105,-0.09481016,1,8,280.0,0.0,1.0,0.125,0.0,0.0035714285714285,0.0034843205574912,0.0,0.0,1.073,0.3600985976090437,-2.97973945781635,0.0,0.875,1.118625,0.1356926098761461,-1.7954183372430492,2.0,0.0,0.0,0.4952816079376104,5.915228243436404,0.1132075471698113,0.0985889310896961,2.11747237291893,0.982951738465168,1.38002510349327,4.88942459426599,892
-0.12305055490185358,0.3506304468971998,-0.4925148016077096,-0.34334353050481337,0.004392159368253913,-0.10051995194618664,-0.037181788663558826,-0.6141266584215322,0.06383989,-0.10316236,1,8,1834.0,0.0,1.0,0.75,0.0,0.0005452562704471,0.0032679738562091,0.0,0.0,0.863,0.3438473498516456,-2.509834670449969,0.0,0.25,0.83675,0.1282309927435641,-4.575726877303217,2.0,0.0,0.0,0.46280788768264797,2.7944592902593897,0.3962264150943396,0.3023034881384502,1.49176531411498,-7.13202378916312,-3.35741711134542,1.00379197183669,893
-0.6337708508543911,-2.3203263662368285,2.4361732368789264,1.252901817526343,1.264888886883968,-0.16323102653955485,0.06023692476909989,-0.5873829936099805,0.052398644,-0.11900714,1,8,238.0,0.0,1.0,0.0,0.0,0.0042016806722689,0.0,0.0,0.0,1.117,0.394095166171827,-2.834340778270251,1.0,1.125,1.152875,0.1476519873723344,-0.1887885188413186,2.0,0.0,0.0,0.4946986031104712,5.92288469320235,0.1320754716981132,0.0535567527472243,2.94207208803329,-6.78048755955942,1.88764909068623,2.55036689842383,894
-0.19287567775896472,0.2834695551983367,-0.2717757404842148,0.013009198376537514,0.4632184201862358,-0.16323102653955485,0.06023692476909989,-0.5873829936099805,0.052398644,-0.11900714,1,8,238.0,0.0,0.0,0.0,0.0,0.0,0.0,2.0,2.0,1.261,0.4846431677017639,1.5248332159605733,1.0,1.125,1.152875,0.1476519873723344,-0.1887885188413186,2.0,0.0,0.0,0.4946986031104712,5.92288469320235,0.0,0.0535567527472243,7.46580793692457,1.62513152525349,2.40666809770233,6.14042723154058,895
-0.2031474108191085,0.24701982466282288,-0.3238648442248165,-0.2803022196868463,0.23687097058072598,-0.12479391737832377,0.007480350380626419,-0.5766365445680574,0.07715105,-0.09481016,1,8,280.0,0.0,0.0,0.125,0.0,0.0,0.0034843205574912,2.0,2.0,1.203,0.4558409810449253,1.7484167355314018,0.0,0.875,1.118625,0.1356926098761461,-1.7954183372430492,2.0,0.0,0.0,0.4952816079376104,5.915228243436404,0.0,0.0985889310896961,3.26499370747228,-0.516018133150142,3.15837678531375,6.48766852882041,896
-0.12305055490185358,0.3506304468971998,-0.4925148016077096,-0.34334353050481337,0.004392159368253913,-0.1403372986864262,0.057436744157375305,-0.5867915925696137,0.10342529,-0.11672217,1,1,1834.0,0.0,1.0,1.0,0.0,0.0005452562704471,0.0005452562704471,0.0,0.0,0.863,0.3438473498516456,-2.509834670449969,0.0,0.0,0.656,0.4750410508577126,-1.3809332873770723,2.0,0.0,0.0,0.46280788768264797,2.7944592902593897,0.3962264150943396,0.3675373134328358,4.26536970660483,0.0609110015492305,3.46139051924267,4.05016332249346,897
-0.6337708508543911,-2.3203263662368285,2.4361732368789264,1.252901817526343,1.264888886883968,-0.17220677480162513,0.12918797722606423,-0.4893606233884148,0.11222623,-0.10775751,1,1,238.0,0.0,1.0,1.0,0.0,0.0042016806722689,0.0042016806722689,0.0,0.0,1.117,0.394095166171827,-2.834340778270251,0.0,0.0,0.893,0.3091132478558627,-2.8889088584660065,2.0,0.0,0.0,0.4946986031104712,5.92288469320235,0.1320754716981132,0.0764925373134328,14.3270284857582,17.8976681829949,18.863065491741,15.010308570195,898
-0.09717376301774235,0.24354163246109548,-0.6527720503201792,-0.2614796505562111,-0.07706299199010012,-0.1858281836458479,0.001430956438472167,-0.6329738109735777,0.049285397,-0.094661236,1,1,280.0,0.0,1.0,1.0,0.0,0.0035714285714285,0.0035714285714285,0.0,0.0,1.073,0.3600985976090437,-2.97973945781635,0.0,0.0,0.902,0.2973146481423342,-3.0338229402279,2.0,0.0,0.0,0.4952816079376104,5.915228243436404,0.1132075471698113,0.085820895522388,-1.07284734174965,4.62944621872008,6.53822385257601,7.75621371207648,899
-0.1575692262907865,0.4778646067943418,0.023135085893525836,0.12213420105253406,0.33330122859347494,-0.12479391737832377,0.007480350380626419,-0.5766365445680574,0.07715105,-0.09481016,2,8,280.0,0.0,0.0,0.125,0.0,0.0,0.0034843205574912,1.0,1.0,1.131,0.2689591046980935,-0.4870628943647305,0.0,0.875,1.118625,0.1356926098761461,-1.7954183372430492,2.0,0.375,-0.030525,0.312919876925388,1.295938768685802,0.0755555555555555,0.0985889310896961,4.49592954493335,-5.99321447950814,2.95615456309152,6.34509897828146,900
-0.14631145303933005,0.4532444314731223,-0.09332995639125194,0.21677019387392435,0.23664630947486645,-0.10051995194618664,-0.037181788663558826,-0.6141266584215322,0.06383989,-0.10316236,2,8,1834.0,0.0,1.0,0.75,0.0,0.0010905125408942,0.0032679738562091,0.0,0.0,0.845,0.2558808316384796,-3.302318483917762,0.0,0.25,0.83675,0.1282309927435641,-4.575726877303217,2.0,0.375,-0.030525,0.312919876925388,1.295938768685802,0.3423931623931624,0.3023034881384502,-1.72122782071729,-18.0443139049047,-4.82225044467875,-1.75329774404871,901
-0.21846271612483376,0.3792336115742185,0.1421796260277029,-0.11545906998032528,0.42053052703749705,-0.16323102653955485,0.06023692476909989,-0.5873829936099805,0.052398644,-0.11900714,2,8,238.0,0.0,0.0,0.0,0.0,0.0,0.0,1.0,1.5,1.1555,0.2656496753244769,1.2968207078710396,1.0,1.125,1.152875,0.1476519873723344,-0.1887885188413186,2.0,0.375,-0.030525,0.312919876925388,1.295938768685802,0.0341880341880341,0.0535567527472243,-1.58861522037407,-0.258684250487197,0.913878335260931,3.12388167274157,902
-0.13266349412664066,0.3713259938063249,-0.4709977447193711,-0.10728189571136972,-0.23601156513011773,-0.16323102653955485,0.06023692476909989,-0.5873829936099805,0.052398644,-0.11900714,6,8,238.0,0.0,0.5,0.0,0.0,0.0124481327800829,0.0,0.0,0.5,1.1413333333333335,0.164730082255792,-3.8932374982820352,1.0,1.125,1.152875,0.1476519873723344,-0.1887885188413186,1.0,0.0654761904761906,-0.0784345238095238,0.1258105341275085,1.1438685582549193,0.0862135267424995,0.0535567527472243,-1.15597351284364,-7.45960544733989,-7.18356610918352,-4.38951176943338,903
-0.23435830810769367,0.22079936505545283,-0.23601615609633303,-0.1613065103105533,0.17001103257208514,-0.10051995194618664,-0.037181788663558826,-0.6141266584215322,0.06383989,-0.10316236,6,8,1834.0,0.0,0.6666666666666666,0.75,0.0,0.0021786492374727,0.0032679738562091,0.0,0.3333333333333333,0.8241666666666667,0.1561672002836845,-3.1429988655858168,0.0,0.25,0.83675,0.1282309927435641,-4.575726877303217,1.0,0.0654761904761906,-0.0784345238095238,0.1258105341275085,1.1438685582549193,0.3650691543360551,0.3023034881384502,-3.69539407114459,-18.3776064410726,-6.81844034085873,-4.12335830496548,904
-0.3363533141731358,0.31709063062830595,-0.09688137589360127,-0.0203540228998594,0.677483672156612,-0.12479391737832377,0.007480350380626419,-0.5766365445680574,0.07715105,-0.09481016,6,8,280.0,0.0,0.5,0.125,0.0,0.0106007067137809,0.0034843205574912,0.0,0.5,1.128,0.1588304476827762,-3.953901844149376,0.0,0.875,1.118625,0.1356926098761461,-1.7954183372430492,1.0,0.0654761904761906,-0.0784345238095238,0.1258105341275085,1.1438685582549193,0.1183076483559363,0.0985889310896961,-0.875078695401575,-6.7347979330297,-1.30134543690848,1.99619054388342,905
-0.135595584291787,0.3389196643062526,-0.4388511845880939,-0.3750246595518684,-0.016173205815531833,-0.12479391737832377,0.007480350380626419,-0.5766365445680574,0.07715105,-0.09481016,2,8,280.0,0.0,0.0,0.125,0.0,0.0,0.0034843205574912,1.0,1.0,1.002,0.2235978532991763,-0.0089446297023432,0.0,0.875,1.118625,0.1356926098761461,-1.7954183372430492,1.0,0.2749999999999999,-0.0062249999999999,0.3223187465460239,0.8725058750495103,0.1277665995975855,0.0985889310896961,1.20030776226535,2.01977891521608,3.59508065904883,7.17447118605075,906
-0.40648215827210094,0.29823329138772536,-0.08784596274536632,-0.04854147922485235,0.6571133123011609,-0.16323102653955485,0.06023692476909989,-0.5873829936099805,0.052398644,-0.11900714,2,8,238.0,0.0,0.0,0.0,0.0,0.0,0.0,1.0,1.0,1.039,0.2397477841399165,-0.1626709508073683,1.0,1.125,1.152875,0.1476519873723344,-0.1887885188413186,1.0,0.2749999999999999,-0.0062249999999999,0.3223187465460239,0.8725058750495103,0.033565026522773,0.0535567527472243,2.54116238199698,-13.642281563111,-12.0385103543098,-6.72525182444141,907
-0.1382053603557904,0.268159831072943,-0.45147023161501865,-0.17498143682541953,0.052591849466012745,-0.10051995194618664,-0.037181788663558826,-0.6141266584215322,0.06383989,-0.10316236,2,8,1834.0,0.0,1.0,0.75,0.0,0.0010905125408942,0.0032679738562091,0.0,0.0,0.786,0.2927524551562292,-2.684862197246292,0.0,0.25,0.83675,0.1282309927435641,-4.575726877303217,1.0,0.2749999999999999,-0.0062249999999999,0.3223187465460239,0.8725058750495103,0.4212548015364916,0.3023034881384502,-2.23003711067559,-10.1010297129669,-4.70748251023831,-1.73221533983323,908
-0.07349636184346973,0.3284411439311858,-0.33449424685023416,-0.09959048174359389,0.39275400122563237,-0.3359856070451807,0.053279388284133686,-0.3947375084456536,0.11113214,-0.057361633,3,6,238.0,0.6666666666666666,0.0,0.1666666666666666,0.2857142857142857,0.0,0.0041152263374485,1.0,1.3333333333333333,1.476,0.2865146883960169,-0.4979384040146475,0.0,1.1666666666666667,1.3111666666666668,0.1541383757825704,-0.9374693308292912,0.0,-1.3333333333333337,-0.0524166666666666,0.2567998557146435,-4.987996052809408,0.0527777777777777,0.0361324458098651,-1.8450348598378,-2.72590428724028,-3.89577367419209,-4.37565477911831,909
-0.22126946877844905,0.28140018257276106,-0.13691809371655556,-0.26863715854511555,0.38640738798172003,-0.3104757666334475,0.08539609046415789,-0.3598009024605617,0.09728403,0.00267437,3,6,280.0,0.6666666666666666,0.0,0.1666666666666666,0.2857142857142857,0.0,0.0035087719298245,1.0,1.6666666666666667,1.4226666666666663,0.2887090038237271,0.8451416366251466,0.0,1.3333333333333333,1.2891666666666666,0.1542702354816234,0.2862941547264819,0.0,-1.3333333333333337,-0.0524166666666666,0.2567998557146435,-4.987996052809408,0.0277777777777777,0.0308243727598566,-0.956836651796391,2.23911773532375,1.40067077025235,1.98691664154478,910
-0.10553401740647815,0.2640751572261307,-0.3286940827677797,-0.294371875010497,0.1342749207027766,-0.20639172215776463,0.07480062598913675,-0.5066062404985098,0.06865776,-0.13290855,1,8,238.0,0.0,0.0,0.0,0.0,0.0,0.0,2.0,2.0,1.642,0.4876843241278111,0.7340814176060667,1.0,1.125,1.1529464285714284,0.1505048635986118,-0.1856845546597083,3.0,0.0,0.0,0.4946986031104712,5.92288469320235,0.0,0.0681347279378319,0.31651557991977,-5.4178834889261,-4.28810700752541,-4.12548415807102,911
-0.22674718755457146,0.3314209232699406,-0.2285004800486225,0.10851384561616884,-0.007472946228658759,-0.29452975188354114,0.05976401507631464,-0.4703505844460725,0.083211415,-0.1241961,1,8,280.0,0.0,0.0,0.125,0.0,0.0,0.0034843205574912,2.0,2.0,1.608,0.5141361687335371,0.7624439279687458,0.0,0.875,1.1356428571428572,0.1401106341285998,-1.8602646313314624,3.0,0.0,0.0,0.4952816079376104,5.915228243436404,0.0,0.1010456977291804,5.63503542632463,2.84893755605593,3.47433743691903,3.49724573405,912
-0.09717376301774235,0.24354163246109548,-0.6527720503201792,-0.2614796505562111,-0.07706299199010012,-0.3104757666334475,0.08539609046415789,-0.3598009024605617,0.09728403,0.00267437,1,6,280.0,0.0,1.0,0.1666666666666666,0.0,0.0035714285714285,0.0035087719298245,0.0,0.0,1.073,0.3600985976090437,-2.97973945781635,0.0,1.3333333333333333,1.2891666666666666,0.1542702354816234,0.2862941547264819,2.0,0.0,0.0,0.4952816079376104,5.915228243436404,0.1132075471698113,0.0308243727598566,2.66349434246478,7.11589279661065,7.04582271670523,8.5135364952665,913
-0.6337708508543911,-2.3203263662368285,2.4361732368789264,1.252901817526343,1.264888886883968,-0.3359856070451807,0.053279388284133686,-0.3947375084456536,0.11113214,-0.057361633,1,6,238.0,0.0,1.0,0.1666666666666666,0.0,0.0042016806722689,0.0041152263374485,0.0,0.0,1.117,0.394095166171827,-2.834340778270251,0.0,1.1666666666666667,1.3111666666666668,0.1541383757825704,-0.9374693308292912,2.0,0.0,0.0,0.4946986031104712,5.92288469320235,0.1320754716981132,0.0361324458098651,2.8673622602089,-19.366062704418,5.2748332144218,5.03170702430028,914
-0.40648215827210094,0.29823329138772536,-0.08784596274536632,-0.04854147922485235,0.6571133123011609,-0.3359856070451807,0.053279388284133686,-0.3947375084456536,0.11113214,-0.057361633,2,6,238.0,0.0,0.0,0.1666666666666666,0.0,0.0,0.0041152263374485,1.0,1.0,1.039,0.2397477841399165,-0.1626709508073683,0.0,1.1666666666666667,1.3111666666666668,0.1541383757825704,-0.9374693308292912,2.0,0.5833333333333333,-0.0453749999999999,0.3268937322017322,1.923280477416268,0.033565026522773,0.0361324458098651,3.04438330683739,-2.72554465193584,-2.96466503631285,2.15146750143506,915
-0.135595584291787,0.3389196643062526,-0.4388511845880939,-0.3750246595518684,-0.016173205815531833,-0.3104757666334475,0.08539609046415789,-0.3598009024605617,0.09728403,0.00267437,2,6,280.0,0.0,0.0,0.1666666666666666,0.0,0.0,0.0035087719298245,1.0,1.0,1.002,0.2235978532991763,-0.0089446297023432,0.0,1.3333333333333333,1.2891666666666666,0.1542702354816234,0.2862941547264819,2.0,0.5833333333333333,-0.0453749999999999,0.3268937322017322,1.923280477416268,0.1277665995975855,0.0308243727598566,-0.0867514798599933,6.4092831667048,7.79850143103564,9.47975042038459,916
-0.6337708508543911,-2.3203263662368285,2.4361732368789264,1.252901817526343,1.264888886883968,-0.2705416352366743,0.1186780209919608,-0.36692081543565963,0.12046875,0.015978828,1,1,238.0,0.0,1.0,0.0,0.0,0.0042016806722689,0.0,0.0,0.0,1.117,0.394095166171827,-2.834340778270251,2.0,2.0,1.261,0.4846431677017639,1.5248332159605733,3.0,0.0,0.0,0.4946986031104712,5.92288469320235,0.1320754716981132,0.0,9.09634043894933,-1.07272439097957,11.0927046462418,12.0715371288844,917
-0.09717376301774235,0.24354163246109548,-0.6527720503201792,-0.2614796505562111,-0.07706299199010012,-0.2801024705992835,0.08732225988699426,-0.4009435445403788,0.07139636,-0.031808197,1,1,280.0,0.0,1.0,0.0,0.0,0.0035714285714285,0.0,0.0,0.0,1.073,0.3600985976090437,-2.97973945781635,2.0,2.0,1.203,0.4558409810449253,1.7484167355314018,3.0,0.0,0.0,0.4952816079376104,5.915228243436404,0.1132075471698113,0.0,-1.73430813354571,-0.484106075296505,-0.297176218162436,1.39272550897186,918
-0.135595584291787,0.3389196643062526,-0.4388511845880939,-0.3750246595518684,-0.016173205815531833,-0.2801024705992835,0.08732225988699426,-0.4009435445403788,0.07139636,-0.031808197,2,1,280.0,0.0,0.0,0.0,0.0,0.0,0.0,1.0,1.0,1.002,0.2235978532991763,-0.0089446297023432,2.0,2.0,1.203,0.4558409810449253,1.7484167355314018,3.0,0.0,0.0,0.4952816079376104,5.915228243436404,0.1277665995975855,0.0,0.128645882617162,1.2506184293146,2.81672671128169,4.11789514658996,919
-0.40648215827210094,0.29823329138772536,-0.08784596274536632,-0.04854147922485235,0.6571133123011609,-0.2705416352366743,0.1186780209919608,-0.36692081543565963,0.12046875,0.015978828,2,1,238.0,0.0,0.0,0.0,0.0,0.0,0.0,1.0,1.0,1.039,0.2397477841399165,-0.1626709508073683,2.0,2.0,1.261,0.4846431677017639,1.5248332159605733,3.0,0.0,0.0,0.4946986031104712,5.92288469320235,0.033565026522773,0.0,2.00222253908474,-4.92160752542238,-3.4763950459808,2.42617397046365,920
-0.3363533141731358,0.31709063062830595,-0.09688137589360127,-0.0203540228998594,0.677483672156612,-0.2801024705992835,0.08732225988699426,-0.4009435445403788,0.07139636,-0.031808197,6,1,280.0,0.0,0.5,0.0,0.0,0.0106007067137809,0.0,0.0,0.5,1.128,0.1588304476827762,-3.953901844149376,2.0,2.0,1.203,0.4558409810449253,1.7484167355314018,2.0,0.0,0.0,0.4952816079376104,5.915228243436404,0.1183076483559363,0.0,-3.21260760104515,0.0858324818502543,1.3426613123888,1.28319403942263,921
-0.13266349412664066,0.3713259938063249,-0.4709977447193711,-0.10728189571136972,-0.23601156513011773,-0.2705416352366743,0.1186780209919608,-0.36692081543565963,0.12046875,0.015978828,6,1,238.0,0.0,0.5,0.0,0.0,0.0124481327800829,0.0,0.0,0.5,1.1413333333333335,0.164730082255792,-3.8932374982820352,2.0,2.0,1.261,0.4846431677017639,1.5248332159605733,2.0,0.0,0.0,0.4946986031104712,5.92288469320235,0.0862135267424995,0.0,4.93623184604024,1.67118579839408,5.29651986812694,8.55517283324945,922
-0.1575692262907865,0.4778646067943418,0.023135085893525836,0.12213420105253406,0.33330122859347494,-0.2801024705992835,0.08732225988699426,-0.4009435445403788,0.07139636,-0.031808197,2,1,280.0,0.0,0.0,0.0,0.0,0.0,0.0,1.0,1.0,1.131,0.2689591046980935,-0.4870628943647305,2.0,2.0,1.203,0.4558409810449253,1.7484167355314018,3.0,0.0,0.0,0.4952816079376104,5.915228243436404,0.0755555555555555,0.0,-3.11535884248511,-2.48322736258971,1.56217660285212,1.82912475132067,923
-0.21846271612483376,0.3792336115742185,0.1421796260277029,-0.11545906998032528,0.42053052703749705,-0.2705416352366743,0.1186780209919608,-0.36692081543565963,0.12046875,0.015978828,2,1,238.0,0.0,0.0,0.0,0.0,0.0,0.0,1.0,1.5,1.1555,0.2656496753244769,1.2968207078710396,2.0,2.0,1.261,0.4846431677017639,1.5248332159605733,3.0,0.0,0.0,0.4946986031104712,5.92288469320235,0.0341880341880341,0.0,0.0667553395635222,-1.40560475553643,2.34249581019554,5.19531122459106,924
-0.2031474108191085,0.24701982466282288,-0.3238648442248165,-0.2803022196868463,0.23687097058072598,-0.3104757666334475,0.08539609046415789,-0.3598009024605617,0.09728403,0.00267437,1,6,280.0,0.0,0.0,0.1666666666666666,0.0,0.0,0.0035087719298245,2.0,2.0,1.203,0.4558409810449253,1.7484167355314018,0.0,1.3333333333333333,1.2891666666666666,0.1542702354816234,0.2862941547264819,2.0,0.0,0.0,0.4952816079376104,5.915228243436404,0.0,0.0308243727598566,6.03843732219006,4.84280587664335,8.62118207525742,9.91447954093203,925
-0.19287567775896472,0.2834695551983367,-0.2717757404842148,0.013009198376537514,0.4632184201862358,-0.3359856070451807,0.053279388284133686,-0.3947375084456536,0.11113214,-0.057361633,1,6,238.0,0.0,0.0,0.1666666666666666,0.0,0.0,0.0041152263374485,2.0,2.0,1.261,0.4846431677017639,1.5248332159605733,0.0,1.1666666666666667,1.3111666666666668,0.1541383757825704,-0.9374693308292912,2.0,0.0,0.0,0.4946986031104712,5.92288469320235,0.0,0.0361324458098651,0.601598135999713,3.41295039200269,3.57300143103565,6.98554087963924,926
-0.1575692262907865,0.4778646067943418,0.023135085893525836,0.12213420105253406,0.33330122859347494,-0.3104757666334475,0.08539609046415789,-0.3598009024605617,0.09728403,0.00267437,2,6,280.0,0.0,0.0,0.1666666666666666,0.0,0.0,0.0035087719298245,1.0,1.0,1.131,0.2689591046980935,-0.4870628943647305,0.0,1.3333333333333333,1.2891666666666666,0.1542702354816234,0.2862941547264819,2.0,0.083333333333333,-0.1147499999999999,0.323676482429258,0.6119793809135503,0.0755555555555555,0.0308243727598566,-0.840442089115674,-7.71726927760684,1.31929318636853,2.79057932372642,927
-0.21846271612483376,0.3792336115742185,0.1421796260277029,-0.11545906998032528,0.42053052703749705,-0.3359856070451807,0.053279388284133686,-0.3947375084456536,0.11113214,-0.057361633,2,6,238.0,0.0,0.0,0.1666666666666666,0.0,0.0,0.0041152263374485,1.0,1.5,1.1555,0.2656496753244769,1.2968207078710396,0.0,1.1666666666666667,1.3111666666666668,0.1541383757825704,-0.9374693308292912,2.0,0.083333333333333,-0.1147499999999999,0.323676482429258,0.6119793809135503,0.0341880341880341,0.0361324458098651,1.6502820303453,-2.6629915528418,2.93827920881343,4.62683405417357,928
-0.3363533141731358,0.31709063062830595,-0.09688137589360127,-0.0203540228998594,0.677483672156612,-0.3104757666334475,0.08539609046415789,-0.3598009024605617,0.09728403,0.00267437,6,6,280.0,0.0,0.5,0.1666666666666666,0.0,0.0106007067137809,0.0035087719298245,0.0,0.5,1.128,0.1588304476827762,-3.953901844149376,0.0,1.3333333333333333,1.2891666666666666,0.1542702354816234,0.2862941547264819,2.0,0.333333333333333,0.1361666666666666,0.170253976948166,1.158073780130809,0.1183076483559363,0.0308243727598566,-0.724010112941065,1.84263435050728,7.27358931263345,8.44953404488393,929
-0.13266349412664066,0.3713259938063249,-0.4709977447193711,-0.10728189571136972,-0.23601156513011773,-0.3359856070451807,0.053279388284133686,-0.3947375084456536,0.11113214,-0.057361633,6,6,238.0,0.0,0.5,0.1666666666666666,0.0,0.0124481327800829,0.0041152263374485,0.0,0.5,1.1413333333333335,0.164730082255792,-3.8932374982820352,0.0,1.1666666666666667,1.3111666666666668,0.1541383757825704,-0.9374693308292912,2.0,0.333333333333333,0.1361666666666666,0.170253976948166,1.158073780130809,0.0862135267424995,0.0361324458098651,-1.26458846133653,-0.620095788339439,3.48105698659122,5.85026680088753,930
-0.6337708508543911,-2.3203263662368285,2.4361732368789264,1.252901817526343,1.264888886883968,-0.4161038363060825,-0.003761085861173043,-0.22427450222931963,0.114251636,0.12668216,1,10,238.0,0.0,1.0,0.0,0.0,0.0042016806722689,0.0,0.0,0.0,1.117,0.394095166171827,-2.834340778270251,1.0,1.0,1.0089,0.0938658084714556,-0.094816207785675,2.0,0.0,0.0,0.4946986031104712,5.92288469320235,0.1320754716981132,0.0565339519446635,7.68939402464796,9.88351303489678,11.5278115348557,8.50481359132969,931
-0.12305055490185358,0.3506304468971998,-0.4925148016077096,-0.34334353050481337,0.004392159368253913,-0.23607268450281596,0.18618826767868402,-0.37350760983174297,0.07163104,-0.072466925,1,10,1834.0,0.0,1.0,0.8,0.0,0.0005452562704471,0.0043572984749455,0.0,0.0,0.863,0.3438473498516456,-2.509834670449969,0.0,0.2,0.7948000000000001,0.1257495924446676,-4.730035210744116,2.0,0.0,0.0,0.46280788768264797,2.7944592902593897,0.3962264150943396,0.3192039045085061,8.83518946248862,-5.64520935757713,10.7440810445226,11.9316995608435,932
-0.09717376301774235,0.24354163246109548,-0.6527720503201792,-0.2614796505562111,-0.07706299199010012,-0.19924935858616916,0.0800136752584948,-0.5291726815854753,0.045379117,-0.13777393,1,10,280.0,0.0,1.0,0.1,0.0,0.0035714285714285,0.0034602076124567,0.0,0.0,1.073,0.3600985976090437,-2.97973945781635,0.0,0.9,0.9991,0.0900510410822662,-1.1004869994725222,2.0,0.0,0.0,0.4952816079376104,5.915228243436404,0.1132075471698113,0.1039300632650164,-0.0973766547865682,-1.92972685599841,1.93600163035381,3.23135320634782,933
-0.22674718755457146,0.3314209232699406,-0.2285004800486225,0.10851384561616884,-0.007472946228658759,-0.3584885190441291,0.10675214109056994,-0.41189168748257265,0.073197186,-0.05751042,1,2,280.0,0.0,0.0,0.0,0.0,0.0,0.0,2.0,2.0,1.608,0.5141361687335371,0.7624439279687458,2.0,2.0,1.639,0.3566216482492334,1.0122773022116331,3.0,0.0,0.0,0.4952816079376104,5.915228243436404,0.0,0.0,5.14316872054369,1.34249311161149,1.96789299247459,3.53749194026168,934
-0.10553401740647815,0.2640751572261307,-0.3286940827677797,-0.294371875010497,0.1342749207027766,-0.11517605966135847,0.09192702375007683,-0.5994968734055475,0.08285704,-0.11144397,1,2,238.0,0.0,0.0,0.0,0.0,0.0,0.0,2.0,2.0,1.642,0.4876843241278111,0.7340814176060667,2.0,2.0,1.628,0.3414908490721237,1.089341049725853,3.0,0.0,0.0,0.4946986031104712,5.92288469320235,0.0,0.0,2.53261682146423,-3.93143904448167,-2.80166256308098,-1.58777724117817,935
-0.19287567775896472,0.2834695551983367,-0.2717757404842148,0.013009198376537514,0.4632184201862358,-0.4161038363060825,-0.003761085861173043,-0.22427450222931963,0.114251636,0.12668216,1,10,238.0,0.0,0.0,0.0,0.0,0.0,0.0,2.0,2.0,1.261,0.4846431677017639,1.5248332159605733,1.0,1.0,1.0089,0.0938658084714556,-0.094816207785675,2.0,0.0,0.0,0.4946986031104712,5.92288469320235,0.0,0.0565339519446635,4.61947949950265,-4.24729202062244,10.2230810445226,11.6604882577797,936
-0.2031474108191085,0.24701982466282288,-0.3238648442248165,-0.2803022196868463,0.23687097058072598,-0.19924935858616916,0.0800136752584948,-0.5291726815854753,0.045379117,-0.13777393,1,10,280.0,0.0,0.0,0.1,0.0,0.0,0.0034602076124567,2.0,2.0,1.203,0.4558409810449253,1.7484167355314018,0.0,0.9,0.9991,0.0900510410822662,-1.1004869994725222,2.0,0.0,0.0,0.4952816079376104,5.915228243436404,0.0,0.1039300632650164,-2.15450405865496,3.43895446031656,3.78833476436898,4.18721580756891,937
-0.1575692262907865,0.4778646067943418,0.023135085893525836,0.12213420105253406,0.33330122859347494,-0.19924935858616916,0.0800136752584948,-0.5291726815854753,0.045379117,-0.13777393,2,10,280.0,0.0,0.0,0.1,0.0,0.0,0.0034602076124567,1.0,1.0,1.131,0.2689591046980935,-0.4870628943647305,0.0,0.9,0.9991,0.0900510410822662,-1.1004869994725222,1.0,-0.05,0.0061666666666666,0.2993618676080468,-0.1876213130130703,0.0755555555555555,0.1039300632650164,-1.63420047173686,-0.673623953324226,-0.201220791186571,0.336079145918847,938
-0.14631145303933005,0.4532444314731223,-0.09332995639125194,0.21677019387392435,0.23664630947486645,-0.23607268450281596,0.18618826767868402,-0.37350760983174297,0.07163104,-0.072466925,2,10,1834.0,0.0,1.0,0.8,0.0,0.0010905125408942,0.0043572984749455,0.0,0.0,0.845,0.2558808316384796,-3.302318483917762,0.0,0.2,0.7948000000000001,0.1257495924446676,-4.730035210744116,1.0,-0.05,0.0061666666666666,0.2993618676080468,-0.1876213130130703,0.3423931623931624,0.3192039045085061,4.52914500683382,-5.27168378446019,14.4000014310356,13.2386158171803,939
-0.21846271612483376,0.3792336115742185,0.1421796260277029,-0.11545906998032528,0.42053052703749705,-0.4161038363060825,-0.003761085861173043,-0.22427450222931963,0.114251636,0.12668216,2,10,238.0,0.0,0.0,0.0,0.0,0.0,0.0,1.0,1.5,1.1555,0.2656496753244769,1.2968207078710396,1.0,1.0,1.0089,0.0938658084714556,-0.094816207785675,1.0,-0.05,0.0061666666666666,0.2993618676080468,-0.1876213130130703,0.0341880341880341,0.0565339519446635,1.59228239194436,3.11761740541583,7.83374771118925,7.63511847675852,940
-0.13266349412664066,0.3713259938063249,-0.4709977447193711,-0.10728189571136972,-0.23601156513011773,-0.4161038363060825,-0.003761085861173043,-0.22427450222931963,0.114251636,0.12668216,6,10,238.0,0.1666666666666666,0.5,0.0,0.0666666666666666,0.0124481327800829,0.0,0.0,0.5,1.1413333333333335,0.164730082255792,-3.8932374982820352,1.0,1.0,1.0089,0.0938658084714556,-0.094816207785675,0.0,-0.2166666666666667,-0.1381666666666667,0.1025926410616278,-0.7651620933790441,0.0862135267424995,0.0565339519446635,-0.0935792220194757,-1.71255680685084,4.81174771118926,5.33927047902803,941
-0.23435830810769367,0.22079936505545283,-0.23601615609633303,-0.1613065103105533,0.17001103257208514,-0.23607268450281596,0.18618826767868402,-0.37350760983174297,0.07163104,-0.072466925,6,10,1834.0,0.1666666666666666,0.6666666666666666,0.8,0.0666666666666666,0.0021786492374727,0.0043572984749455,0.0,0.3333333333333333,0.8241666666666667,0.1561672002836845,-3.1429988655858168,0.0,0.2,0.7948000000000001,0.1257495924446676,-4.730035210744116,0.0,-0.2166666666666667,-0.1381666666666667,0.1025926410616278,-0.7651620933790441,0.3650691543360551,0.3192039045085061,14.5612529981147,-0.749204633381012,16.4216125421467,13.4528623951524,942
-0.3363533141731358,0.31709063062830595,-0.09688137589360127,-0.0203540228998594,0.677483672156612,-0.19924935858616916,0.0800136752584948,-0.5291726815854753,0.045379117,-0.13777393,6,10,280.0,0.1666666666666666,0.5,0.1,0.0666666666666666,0.0106007067137809,0.0034602076124567,0.0,0.5,1.128,0.1588304476827762,-3.953901844149376,0.0,0.9,0.9991,0.0900510410822662,-1.1004869994725222,0.0,-0.2166666666666667,-0.1381666666666667,0.1025926410616278,-0.7651620933790441,0.1183076483559363,0.1039300632650164,-2.98583995527341,-3.41639370033971,-3.03510117492565,-3.43307888847919,943
-0.10553401740647815,0.2640751572261307,-0.3286940827677797,-0.294371875010497,0.1342749207027766,-0.6809228374595678,-2.1212288776080053,1.4018140613446026,0.32790866,0.18522945,1,1,238.0,0.0,0.0,1.0,0.0,0.0,0.0042016806722689,2.0,2.0,1.642,0.4876843241278111,0.7340814176060667,0.0,0.0,1.117,0.394095166171827,-2.834340778270251,2.0,0.0,0.0,0.4946986031104712,5.92288469320235,0.0,0.1320754716981132,-5.47241095484809,-1.82774992427255,0.645303921124053,-6.89178454313404,944
-0.22674718755457146,0.3314209232699406,-0.2285004800486225,0.10851384561616884,-0.007472946228658759,-0.18146316665013967,0.08433015645708655,-0.6157739019467797,0.074545465,-0.0980867,1,1,280.0,0.0,0.0,1.0,0.0,0.0,0.0035714285714285,2.0,2.0,1.608,0.5141361687335371,0.7624439279687458,0.0,0.0,1.073,0.3600985976090437,-2.97973945781635,2.0,0.0,0.0,0.4952816079376104,5.915228243436404,0.0,0.1132075471698113,5.79906940844693,1.67696559918951,4.4671152146968,5.36902145586609,945
-0.135595584291787,0.3389196643062526,-0.4388511845880939,-0.3750246595518684,-0.016173205815531833,-0.19924935858616916,0.0800136752584948,-0.5291726815854753,0.045379117,-0.13777393,2,10,280.0,0.0,0.0,0.1,0.0,0.0,0.0034602076124567,1.0,1.0,1.002,0.2235978532991763,-0.0089446297023432,0.0,0.9,0.9991,0.0900510410822662,-1.1004869994725222,1.0,0.1999999999999999,0.0433333333333333,0.3062451813679868,0.5115726750926884,0.1277665995975855,0.1039300632650164,-0.686702058746202,1.16082155875121,1.60783476436898,2.43464690924369,946
-0.40648215827210094,0.29823329138772536,-0.08784596274536632,-0.04854147922485235,0.6571133123011609,-0.4161038363060825,-0.003761085861173043,-0.22427450222931963,0.114251636,0.12668216,2,10,238.0,0.0,0.0,0.0,0.0,0.0,0.0,1.0,1.0,1.039,0.2397477841399165,-0.1626709508073683,1.0,1.0,1.0089,0.0938658084714556,-0.094816207785675,1.0,0.1999999999999999,0.0433333333333333,0.3062451813679868,0.5115726750926884,0.033565026522773,0.0565339519446635,-1.93408992025863,-48.5779128107963,-5.82310948075733,-1.13307890931334,947
-0.1382053603557904,0.268159831072943,-0.45147023161501865,-0.17498143682541953,0.052591849466012745,-0.23607268450281596,0.18618826767868402,-0.37350760983174297,0.07163104,-0.072466925,2,10,1834.0,0.0,1.0,0.8,0.0,0.0010905125408942,0.0043572984749455,0.0,0.0,0.786,0.2927524551562292,-2.684862197246292,0.0,0.2,0.7948000000000001,0.1257495924446676,-4.730035210744116,1.0,0.1999999999999999,0.0433333333333333,0.3062451813679868,0.5115726750926884,0.4212548015364916,0.3192039045085061,6.19402672722884,-9.55122685812538,15.4599458754801,13.9318911380625,948
-0.05120618600510696,0.40926466867196687,0.22288492293656503,-0.20124815256933928,0.12475168368591064,-0.3104757666334475,0.08539609046415789,-0.3598009024605617,0.09728403,0.00267437,1,6,280.0,0.0,0.0,0.1666666666666666,0.0,0.0,0.0035087719298245,1.0,1.0,1.108,0.3692370512286111,-0.2924950235645027,0.0,1.3333333333333333,1.2891666666666666,0.1542702354816234,0.2862941547264819,2.0,0.0,0.0,0.4952816079376104,5.915228243436404,0.1481481481481481,0.0308243727598566,4.44294696743336,-20.0884550517445,5.45955965914125,5.9082956617019,949
-0.18254686261789152,-0.05482621734159629,0.07270794498937094,-2.5214951118417215,-0.3820924864552169,-0.3359856070451807,0.053279388284133686,-0.3947375084456536,0.11113214,-0.057361633,1,6,238.0,0.0,0.0,0.1666666666666666,0.0,0.0,0.0041152263374485,1.0,1.0,1.129,0.4103157320893265,-0.3143920398643561,0.0,1.1666666666666667,1.3111666666666668,0.1541383757825704,-0.9374693308292912,2.0,0.0,0.0,0.4946986031104712,5.92288469320235,0.074074074074074,0.0361324458098651,3.92833516989429,-20.759874135088,2.57978188136348,2.20635063045872,950
-0.10186334166672244,0.14717485979138187,-0.6791052654737372,-0.41246203322511116,-0.06083798028210012,-0.29452975188354114,0.05976401507631464,-0.4703505844460725,0.083211415,-0.1241961,1,8,280.0,0.0,1.0,0.125,0.0,0.0035714285714285,0.0034843205574912,0.0,0.0,0.902,0.2973146481423342,-3.0338229402279,0.0,0.875,1.1356428571428572,0.1401106341285998,-1.8602646313314624,1.0,0.0,0.0,0.4952816079376104,5.915228243436404,0.085820895522388,0.1010456977291804,-0.734444457908172,1.35580392796407,1.3680041035857,1.39894595263134,951
-0.08722911042599589,0.29568692958739073,-0.45923218581522085,-0.03625730830096084,-0.12286963467437396,-0.20639172215776463,0.07480062598913675,-0.5066062404985098,0.06865776,-0.13290855,1,8,238.0,0.0,1.0,0.0,0.0,0.0042016806722689,0.0,0.0,0.0,0.893,0.3091132478558627,-2.8889088584660065,1.0,1.125,1.1529464285714284,0.1505048635986118,-0.1856845546597083,1.0,0.0,0.0,0.4946986031104712,5.92288469320235,0.0764925373134328,0.0681347279378319,2.13593242960247,3.34928903842755,2.7133136160266,3.08454682009877,952
-0.052989973467087365,0.21227919146266333,-0.6083998744390852,-0.08886155667139391,-0.16533153573602258,-0.1897121117196443,0.1554636982474213,-0.4476229656822046,0.06279729,-0.11505404,1,8,1834.0,0.0,1.0,0.875,0.0,0.0005452562704471,0.0038147138964577,0.0,0.0,0.656,0.4750410508577126,-1.3809332873770723,0.0,0.125,0.8386607142857142,0.1276476923198842,-5.590862641662848,1.0,0.0,0.0,0.46280788768264797,2.7944592902593897,0.3675373134328358,0.3987196835558385,2.22137270385089,-0.159246762893683,2.36683743691903,3.04510863134479,953
-0.10186334166672244,0.14717485979138187,-0.6791052654737372,-0.41246203322511116,-0.06083798028210012,-0.18146316665013967,0.08433015645708655,-0.6157739019467797,0.074545465,-0.0980867,1,1,280.0,0.0,1.0,1.0,0.0,0.0035714285714285,0.0035714285714285,0.0,0.0,0.902,0.2973146481423342,-3.0338229402279,0.0,0.0,1.073,0.3600985976090437,-2.97973945781635,2.0,0.0,0.0,0.4952816079376104,5.915228243436404,0.085820895522388,0.1132075471698113,-2.16783864758691,-4.11568599521765,-2.2031070075254,-0.984917518885895,954
-0.052989973467087365,0.21227919146266333,-0.6083998744390852,-0.08886155667139391,-0.16533153573602258,-0.20554904830885032,0.17645295772720693,-0.5110996309674923,0.06084925,-0.08088969,1,1,1834.0,0.0,1.0,1.0,0.0,0.0005452562704471,0.0005452562704471,0.0,0.0,0.656,0.4750410508577126,-1.3809332873770723,0.0,0.0,0.863,0.3438473498516456,-2.509834670449969,2.0,0.0,0.0,0.46280788768264797,2.7944592902593897,0.3675373134328358,0.3962264150943396,0.373939490102497,-3.19267551991861,0.199281881363477,0.78822272337095,955
-0.08722911042599589,0.29568692958739073,-0.45923218581522085,-0.03625730830096084,-0.12286963467437396,-0.6809228374595678,-2.1212288776080053,1.4018140613446026,0.32790866,0.18522945,1,1,238.0,0.0,1.0,1.0,0.0,0.0042016806722689,0.0042016806722689,0.0,0.0,0.893,0.3091132478558627,-2.8889088584660065,0.0,0.0,1.117,0.394095166171827,-2.834340778270251,2.0,0.0,0.0,0.4946986031104712,5.92288469320235,0.0764925373134328,0.1320754716981132,5.23270349304442,7.62454569364223,10.9472822668372,7.09444919725798,956
-0.135595584291787,0.3389196643062526,-0.4388511845880939,-0.3750246595518684,-0.016173205815531833,-0.29452975188354114,0.05976401507631464,-0.4703505844460725,0.083211415,-0.1241961,2,8,280.0,0.0,0.0,0.125,0.0,0.0,0.0034843205574912,1.0,1.0,1.002,0.2235978532991763,-0.0089446297023432,0.0,0.875,1.1356428571428572,0.1401106341285998,-1.8602646313314624,1.0,0.375,0.0159625,0.3158441741488197,1.1367551767183408,0.1277665995975855,0.1010456977291804,0.147522831871264,1.08785799244068,1.42139031992453,2.91336393096792,957
-0.40648215827210094,0.29823329138772536,-0.08784596274536632,-0.04854147922485235,0.6571133123011609,-0.20639172215776463,0.07480062598913675,-0.5066062404985098,0.06865776,-0.13290855,2,8,238.0,0.0,0.0,0.0,0.0,0.0,0.0,1.0,1.0,1.039,0.2397477841399165,-0.1626709508073683,1.0,1.125,1.1529464285714284,0.1505048635986118,-0.1856845546597083,1.0,0.375,0.0159625,0.3158441741488197,1.1367551767183408,0.033565026522773,0.0681347279378319,7.91070655378467,-5.314534980506,-2.99851035430981,2.18863181194024,958
-0.40648215827210094,0.29823329138772536,-0.08784596274536632,-0.04854147922485235,0.6571133123011609,-0.20639172215776463,0.07480062598913675,-0.5066062404985098,0.06865776,-0.13290855,2,8,238.0,0.0,0.0,0.0,0.0,0.0,0.0,1.0,1.0,1.039,0.2397477841399165,-0.1626709508073683,1.0,1.125,1.1529464285714284,0.1505048635986118,-0.1856845546597083,1.0,0.375,0.0159625,0.3158441741488197,1.1367551767183408,0.033565026522773,0.0681347279378319,7.91070655378467,-5.314534980506,-2.99851035430981,2.18863181194024,959
-0.1382053603557904,0.268159831072943,-0.45147023161501865,-0.17498143682541953,0.052591849466012745,-0.1897121117196443,0.1554636982474213,-0.4476229656822046,0.06279729,-0.11505404,2,8,1834.0,0.0,1.0,0.875,0.0,0.0010905125408942,0.0038147138964577,0.0,0.0,0.786,0.2927524551562292,-2.684862197246292,0.0,0.125,0.8386607142857142,0.1276476923198842,-5.590862641662848,1.0,0.375,0.0159625,0.3158441741488197,1.1367551767183408,0.4212548015364916,0.3987196835558385,-3.06155463583326,-4.18605682612692,-4.42075044467876,-2.80511150784164,960
-0.19287567775896472,0.2834695551983367,-0.2717757404842148,0.013009198376537514,0.4632184201862358,-0.20639172215776463,0.07480062598913675,-0.5066062404985098,0.06865776,-0.13290855,1,8,238.0,0.0,0.0,0.0,0.0,0.0,0.0,2.0,2.0,1.261,0.4846431677017639,1.5248332159605733,1.0,1.125,1.1529464285714284,0.1505048635986118,-0.1856845546597083,3.0,0.0,0.0,0.4946986031104712,5.92288469320235,0.0,0.0681347279378319,-0.92012139862032,-5.08401409033273,-3.56977634674212,0.121098866533329,961
-0.2031474108191085,0.24701982466282288,-0.3238648442248165,-0.2803022196868463,0.23687097058072598,-0.29452975188354114,0.05976401507631464,-0.4703505844460725,0.083211415,-0.1241961,1,8,280.0,0.0,0.0,0.125,0.0,0.0,0.0034843205574912,2.0,2.0,1.203,0.4558409810449253,1.7484167355314018,0.0,0.875,1.1356428571428572,0.1401106341285998,-1.8602646313314624,3.0,0.0,0.0,0.4952816079376104,5.915228243436404,0.0,0.1010456977291804,-1.47963570858615,3.79163503074302,4.26707533507835,5.32610342095981,962
-0.1575692262907865,0.4778646067943418,0.023135085893525836,0.12213420105253406,0.33330122859347494,-0.29452975188354114,0.05976401507631464,-0.4703505844460725,0.083211415,-0.1241961,2,8,280.0,0.0,0.0,0.125,0.0,0.0,0.0034843205574912,1.0,1.0,1.131,0.2689591046980935,-0.4870628943647305,0.0,0.875,1.1356428571428572,0.1401106341285998,-1.8602646313314624,1.0,0.175,-0.0183375,0.3163203753218404,0.6112078610278854,0.0755555555555555,0.1010456977291804,-1.18046087766883,-5.02646873797394,-0.0110357760327652,1.20446729264307,963
-0.14631145303933005,0.4532444314731223,-0.09332995639125194,0.21677019387392435,0.23664630947486645,-0.1897121117196443,0.1554636982474213,-0.4476229656822046,0.06279729,-0.11505404,2,8,1834.0,0.0,1.0,0.875,0.0,0.0010905125408942,0.0038147138964577,0.0,0.0,0.845,0.2558808316384796,-3.302318483917762,0.0,0.125,0.8386607142857142,0.1276476923198842,-5.590862641662848,1.0,0.175,-0.0183375,0.3163203753218404,0.6112078610278854,0.3423931623931624,0.3987196835558385,-4.89222230326444,-3.8840950787478,-4.37591711134543,-2.50496363427935,964
-0.21846271612483376,0.3792336115742185,0.1421796260277029,-0.11545906998032528,0.42053052703749705,-0.20639172215776463,0.07480062598913675,-0.5066062404985098,0.06865776,-0.13290855,2,8,238.0,0.0,0.0,0.0,0.0,0.0,0.0,1.0,1.5,1.1555,0.2656496753244769,1.2968207078710396,1.0,1.125,1.1529464285714284,0.1505048635986118,-0.1856845546597083,1.0,0.175,-0.0183375,0.3163203753218404,0.6112078610278854,0.0341880341880341,0.0681347279378319,-1.60806291469694,-2.21373190758683,-0.909510553627963,1.1407795105121,965
-0.3363533141731358,0.31709063062830595,-0.09688137589360127,-0.0203540228998594,0.677483672156612,-0.29452975188354114,0.05976401507631464,-0.4703505844460725,0.083211415,-0.1241961,6,8,280.0,0.0,0.5,0.125,0.0,0.0106007067137809,0.0034843205574912,0.0,0.5,1.128,0.1588304476827762,-3.953901844149376,0.0,0.875,1.1356428571428572,0.1401106341285998,-1.8602646313314624,1.0,-0.1488095238095237,0.0518244047619047,0.1646743814883782,-1.2183675855226332,0.1183076483559363,0.1010456977291804,-2.38331990134349,-3.16402261761375,-0.325299576255433,0.49324584768948,966
-0.23435830810769367,0.22079936505545283,-0.23601615609633303,-0.1613065103105533,0.17001103257208514,-0.1897121117196443,0.1554636982474213,-0.4476229656822046,0.06279729,-0.11505404,6,8,1834.0,0.0,0.6666666666666666,0.875,0.0,0.0021786492374727,0.0038147138964577,0.0,0.3333333333333333,0.8241666666666667,0.1561672002836845,-3.1429988655858168,0.0,0.125,0.8386607142857142,0.1276476923198842,-5.590862641662848,1.0,-0.1488095238095237,0.0518244047619047,0.1646743814883782,-1.2183675855226332,0.3650691543360551,0.3987196835558385,-3.2273365740767,-9.46048952882587,-3.27088478530319,-2.48232291741835,967
-0.13266349412664066,0.3713259938063249,-0.4709977447193711,-0.10728189571136972,-0.23601156513011773,-0.20639172215776463,0.07480062598913675,-0.5066062404985098,0.06865776,-0.13290855,6,8,238.0,0.0,0.5,0.0,0.0,0.0124481327800829,0.0,0.0,0.5,1.1413333333333335,0.164730082255792,-3.8932374982820352,1.0,1.125,1.1529464285714284,0.1505048635986118,-0.1856845546597083,1.0,-0.1488095238095237,0.0518244047619047,0.1646743814883782,-1.2183675855226332,0.0862135267424995,0.0681347279378319,-0.264992608427308,0.103126169508707,0.492612542146765,3.13284255028161,968
-0.22126946877844905,0.28140018257276106,-0.13691809371655556,-0.26863715854511555,0.38640738798172003,-0.29452975188354114,0.05976401507631464,-0.4703505844460725,0.083211415,-0.1241961,3,8,280.0,0.0,0.0,0.125,0.0,0.0,0.0034843205574912,1.0,1.6666666666666667,1.4226666666666663,0.2887090038237271,0.8451416366251466,0.0,0.875,1.1356428571428572,0.1401106341285998,-1.8602646313314624,2.0,0.0568181818181816,0.0033049242424241,0.2559083870935003,0.209110995475914,0.0277777777777777,0.1010456977291804,-0.80386273450942,0.401803934824905,-0.436329229747643,-0.403882236760792,969
-0.07349636184346973,0.3284411439311858,-0.33449424685023416,-0.09959048174359389,0.39275400122563237,-0.20639172215776463,0.07480062598913675,-0.5066062404985098,0.06865776,-0.13290855,3,8,238.0,0.0,0.0,0.0,0.0,0.0,0.0,1.0,1.3333333333333333,1.476,0.2865146883960169,-0.4979384040146475,1.0,1.125,1.1529464285714284,0.1505048635986118,-0.1856845546597083,2.0,0.0568181818181816,0.0033049242424241,0.2559083870935003,0.209110995475914,0.0527777777777777,0.0681347279378319,-0.507857885725763,1.67409890724399,0.314781881363465,0.64434924805354,970
-0.6337708508543911,-2.3203263662368285,2.4361732368789264,1.252901817526343,1.264888886883968,-0.20639172215776463,0.07480062598913675,-0.5066062404985098,0.06865776,-0.13290855,1,8,238.0,0.0,1.0,0.0,0.0,0.0042016806722689,0.0,0.0,0.0,1.117,0.394095166171827,-2.834340778270251,1.0,1.125,1.1529464285714284,0.1505048635986118,-0.1856845546597083,2.0,0.0,0.0,0.4946986031104712,5.92288469320235,0.1320754716981132,0.0681347279378319,0.58128144417512,-9.03705040594575,-0.368795353758217,0.160663912583256,971
-0.12305055490185358,0.3506304468971998,-0.4925148016077096,-0.34334353050481337,0.004392159368253913,-0.1897121117196443,0.1554636982474213,-0.4476229656822046,0.06279729,-0.11505404,1,8,1834.0,0.0,1.0,0.875,0.0,0.0005452562704471,0.0038147138964577,0.0,0.0,0.863,0.3438473498516456,-2.509834670449969,0.0,0.125,0.8386607142857142,0.1276476923198842,-5.590862641662848,2.0,0.0,0.0,0.46280788768264797,2.7944592902593897,0.3962264150943396,0.3987196835558385,0.898959621007202,-2.96725157881655,-2.00328833140575,0.998715803828271,972
-0.09717376301774235,0.24354163246109548,-0.6527720503201792,-0.2614796505562111,-0.07706299199010012,-0.29452975188354114,0.05976401507631464,-0.4703505844460725,0.083211415,-0.1241961,1,8,280.0,0.0,1.0,0.125,0.0,0.0035714285714285,0.0034843205574912,0.0,0.0,1.073,0.3600985976090437,-2.97973945781635,0.0,0.875,1.1356428571428572,0.1401106341285998,-1.8602646313314624,2.0,0.0,0.0,0.4952816079376104,5.915228243436404,0.1132075471698113,0.1010456977291804,4.3643381582556,5.77588692227256,6.18754600405979,7.58029752529426,973
-0.10553401740647815,0.2640751572261307,-0.3286940827677797,-0.294371875010497,0.1342749207027766,-0.4025153758896779,0.07641649113115159,-0.20721760046500257,0.0069303885,-0.016213939,1,2,238.0,1.0,0.0,0.0,0.5,0.0,0.0,2.0,2.0,1.642,0.4876843241278111,0.7340814176060667,1.0,1.5,1.6695,0.3232951437927888,-0.5242887289041326,0.0,0.0,0.0,0.4946986031104712,5.92288469320235,0.0,0.0625,-3.86092664596313,-3.59079400517301,-3.12212868709156,-7.17464969006639,974
-0.22674718755457146,0.3314209232699406,-0.2285004800486225,0.10851384561616884,-0.007472946228658759,-0.4572082059902782,-1.7961674461227322,1.7565486577079403,0.3182237,-0.1454041,1,2,280.0,1.0,0.0,0.0,0.5,0.0,0.0,2.0,2.0,1.608,0.5141361687335371,0.7624439279687458,2.0,2.0,1.6495,0.3569310157439389,0.9819824687116784,0.0,0.0,0.0,0.4952816079376104,5.915228243436404,0.0,0.0,4.24419338871123,2.67657792963365,2.67722632580792,2.04426955070846,975
-0.10553401740647815,0.2640751572261307,-0.3286940827677797,-0.294371875010497,0.1342749207027766,-0.3359856070451807,0.053279388284133686,-0.3947375084456536,0.11113214,-0.057361633,1,6,238.0,0.0,0.0,0.1666666666666666,0.0,0.0,0.0041152263374485,2.0,2.0,1.642,0.4876843241278111,0.7340814176060667,0.0,1.1666666666666667,1.3111666666666668,0.1541383757825704,-0.9374693308292912,3.0,0.0,0.0,0.4946986031104712,5.92288469320235,0.0,0.0361324458098651,0.214083128094131,-9.28232100634865,-2.20144034085874,-2.43823451579844,976
-0.22674718755457146,0.3314209232699406,-0.2285004800486225,0.10851384561616884,-0.007472946228658759,-0.3104757666334475,0.08539609046415789,-0.3598009024605617,0.09728403,0.00267437,1,6,280.0,0.0,0.0,0.1666666666666666,0.0,0.0,0.0035087719298245,2.0,2.0,1.608,0.5141361687335371,0.7624439279687458,0.0,1.3333333333333333,1.2891666666666666,0.1542702354816234,0.2862941547264819,3.0,0.0,0.0,0.4952816079376104,5.915228243436404,0.0,0.0308243727598566,10.4357319113606,2.86244626622087,7.00311521469682,7.41701781013335,977
-0.056505402534588856,0.14995875503417463,-0.6434050957320679,-0.2509302721025314,-0.06661239735328474,-0.6809228374595678,-2.1212288776080053,1.4018140613446026,0.32790866,0.18522945,2,1,238.0,0.0,0.0,1.0,0.0,0.0,0.0042016806722689,1.0,1.0,0.9295,0.1740107755284137,0.405147323698286,0.0,0.0,1.117,0.394095166171827,-2.834340778270251,2.0,0.0,0.0,0.4946986031104712,5.92288469320235,0.0268294920307304,0.1320754716981132,5.18158089967205,4.95573241024624,7.73548043112806,5.78417506407476,978
-0.3771956823689706,-0.9045372889744421,0.6703042817384331,0.9098113549999784,1.0531287784189003,-0.18146316665013967,0.08433015645708655,-0.6157739019467797,0.074545465,-0.0980867,2,1,280.0,0.0,1.0,1.0,0.0,0.0071428571428571,0.0035714285714285,0.0,0.0,0.446,0.1551902058765307,-2.873892701417237,0.0,0.0,1.073,0.3600985976090437,-2.97973945781635,2.0,0.0,0.0,0.4952816079376104,5.915228243436404,0.0364866414402018,0.1132075471698113,2.52415004143653,-1.3246482513103,2.53861521469681,3.38776425763196,979
-0.22126946877844905,0.28140018257276106,-0.13691809371655556,-0.26863715854511555,0.38640738798172003,-0.18146316665013967,0.08433015645708655,-0.6157739019467797,0.074545465,-0.0980867,3,1,280.0,0.0,0.0,1.0,0.0,0.0,0.0035714285714285,1.0,1.6666666666666667,1.4226666666666663,0.2887090038237271,0.8451416366251466,0.0,0.0,1.073,0.3600985976090437,-2.97973945781635,3.0,0.0,0.0,0.4952816079376104,5.915228243436404,0.0277777777777777,0.1132075471698113,-0.0574339666783058,-0.119081326507387,-0.957329229747647,0.320118208388635,980
-0.07349636184346973,0.3284411439311858,-0.33449424685023416,-0.09959048174359389,0.39275400122563237,-0.6809228374595678,-2.1212288776080053,1.4018140613446026,0.32790866,0.18522945,3,1,238.0,0.0,0.0,1.0,0.0,0.0,0.0042016806722689,1.0,1.3333333333333333,1.476,0.2865146883960169,-0.4979384040146475,0.0,0.0,1.117,0.394095166171827,-2.834340778270251,3.0,0.0,0.0,0.4946986031104712,5.92288469320235,0.0527777777777777,0.1320754716981132,-2.99396450111524,-14.1819002794725,-3.15066001100161,-4.79815559423169,981
-0.18254686261789152,-0.05482621734159629,0.07270794498937094,-2.5214951118417215,-0.3820924864552169,-0.4025153758896779,0.07641649113115159,-0.20721760046500257,0.0069303885,-0.016213939,1,2,238.0,0.0,0.0,0.0,0.0,0.0,0.0,1.0,1.0,1.129,0.4103157320893265,-0.3143920398643561,1.0,1.5,1.6695,0.3232951437927888,-0.5242887289041326,2.0,0.0,0.0,0.4946986031104712,5.92288469320235,0.074074074074074,0.0625,-6.96013614583671,-19.3824912651916,-6.65981917465065,-9.59472731714256,982
-0.05120618600510696,0.40926466867196687,0.22288492293656503,-0.20124815256933928,0.12475168368591064,-0.4572082059902782,-1.7961674461227322,1.7565486577079403,0.3182237,-0.1454041,1,2,280.0,0.0,0.0,0.0,0.0,0.0,0.0,1.0,1.0,1.108,0.3692370512286111,-0.2924950235645027,2.0,2.0,1.6495,0.3569310157439389,0.9819824687116784,2.0,0.0,0.0,0.4952816079376104,5.915228243436404,0.1481481481481481,0.0,-1.31586009106943,-3.8149993898643,-3.75310700752541,-4.43933245327854,983
-0.22674718755457146,0.3314209232699406,-0.2285004800486225,0.10851384561616884,-0.007472946228658759,-0.12403040309715926,0.03716281286667653,-0.6197941869180761,0.072871216,-0.10912621,1,2,280.0,0.0,0.0,0.5,0.0,0.0,0.0035587188612099,2.0,2.0,1.608,0.5141361687335371,0.7624439279687458,0.0,0.5,0.9655,0.1804432043608182,-2.579759108407186,3.0,0.0,0.0,0.4952816079376104,5.915228243436404,0.0,0.0965798678585309,6.12086881816008,3.63526226851262,4.33800410358569,4.56186845804823,984
-0.10553401740647815,0.2640751572261307,-0.3286940827677797,-0.294371875010497,0.1342749207027766,-0.1919240266534033,0.07045181888214926,-0.49589034018515465,0.08007887,-0.09842044,1,2,238.0,0.0,0.0,0.0,0.0,0.0,0.0,2.0,2.0,1.642,0.4876843241278111,0.7340814176060667,1.0,1.0,0.9665,0.1874239845910869,0.1787391302830784,3.0,0.0,0.0,0.4946986031104712,5.92288469320235,0.0,0.0402497085114652,2.07951792002517,-4.66760217729223,-3.39877367419208,-1.16004463101274,985
-0.10186334166672244,0.14717485979138187,-0.6791052654737372,-0.41246203322511116,-0.06083798028210012,-0.4572082059902782,-1.7961674461227322,1.7565486577079403,0.3182237,-0.1454041,1,2,280.0,0.0,1.0,0.0,0.0,0.0035714285714285,0.0,0.0,0.0,0.902,0.2973146481423342,-3.0338229402279,2.0,2.0,1.6495,0.3569310157439389,0.9819824687116784,2.0,0.0,0.0,0.4952816079376104,5.915228243436404,0.085820895522388,0.0,-3.69982705902797,-0.699499009589648,-1.19444034085874,-2.04936433959909,986
-0.08722911042599589,0.29568692958739073,-0.45923218581522085,-0.03625730830096084,-0.12286963467437396,-0.4025153758896779,0.07641649113115159,-0.20721760046500257,0.0069303885,-0.016213939,1,2,238.0,0.0,1.0,0.0,0.0,0.0042016806722689,0.0,0.0,0.0,0.893,0.3091132478558627,-2.8889088584660065,1.0,1.5,1.6695,0.3232951437927888,-0.5242887289041326,2.0,0.0,0.0,0.4946986031104712,5.92288469320235,0.0764925373134328,0.0625,-7.59383520726488,-20.9250542723148,-10.1191708564711,-12.7095784741188,987
-0.135595584291787,0.3389196643062526,-0.4388511845880939,-0.3750246595518684,-0.016173205815531833,-0.4572082059902782,-1.7961674461227322,1.7565486577079403,0.3182237,-0.1454041,2,2,280.0,0.0,0.0,0.0,0.0,0.0,0.0,1.0,1.0,1.002,0.2235978532991763,-0.0089446297023432,2.0,2.0,1.6495,0.3569310157439389,0.9819824687116784,3.0,0.5,-0.1415,0.4597311714469663,1.395380691678859,0.1277665995975855,0.0,-0.739421312760177,-1.62220646411423,-2.24149856896435,-1.06702091681806,988
-0.40648215827210094,0.29823329138772536,-0.08784596274536632,-0.04854147922485235,0.6571133123011609,-0.4025153758896779,0.07641649113115159,-0.20721760046500257,0.0069303885,-0.016213939,2,2,238.0,0.0,0.0,0.0,0.0,0.0,0.0,1.0,1.0,1.039,0.2397477841399165,-0.1626709508073683,1.0,1.5,1.6695,0.3232951437927888,-0.5242887289041326,3.0,0.5,-0.1415,0.4597311714469663,1.395380691678859,0.033565026522773,0.0625,-4.28294152626407,-37.6890456713962,-13.5235539252018,-9.02581772061068,989
-0.19287567775896472,0.2834695551983367,-0.2717757404842148,0.013009198376537514,0.4632184201862358,-0.4025153758896779,0.07641649113115159,-0.20721760046500257,0.0069303885,-0.016213939,1,2,238.0,0.0,0.0,0.0,0.0,0.0,0.0,2.0,2.0,1.261,0.4846431677017639,1.5248332159605733,1.0,1.5,1.6695,0.3232951437927888,-0.5242887289041326,3.0,0.0,0.0,0.4946986031104712,5.92288469320235,0.0,0.0625,-6.87142498066008,-25.4831376998377,-10.7151411776996,-8.54572613518427,990
-0.2031474108191085,0.24701982466282288,-0.3238648442248165,-0.2803022196868463,0.23687097058072598,-0.4572082059902782,-1.7961674461227322,1.7565486577079403,0.3182237,-0.1454041,1,2,280.0,0.0,0.0,0.0,0.0,0.0,0.0,2.0,2.0,1.203,0.4558409810449253,1.7484167355314018,2.0,2.0,1.6495,0.3569310157439389,0.9819824687116784,3.0,0.0,0.0,0.4952816079376104,5.915228243436404,0.0,0.0,-1.13369740492209,4.37407418136409,3.75477920881343,4.46354978011827,991
-0.1575692262907865,0.4778646067943418,0.023135085893525836,0.12213420105253406,0.33330122859347494,-0.4572082059902782,-1.7961674461227322,1.7565486577079403,0.3182237,-0.1454041,2,2,280.0,0.0,0.0,0.0,0.0,0.0,0.0,1.0,1.0,1.131,0.2689591046980935,-0.4870628943647305,2.0,2.0,1.6495,0.3569310157439389,0.9819824687116784,3.0,0.0,-0.17375,0.4469322515773504,0.388761382484229,0.0755555555555555,0.0,-2.64436474526501,1.91174757964095,1.42055698659121,2.26522045180153,992
-0.21846271612483376,0.3792336115742185,0.1421796260277029,-0.11545906998032528,0.42053052703749705,-0.4025153758896779,0.07641649113115159,-0.20721760046500257,0.0069303885,-0.016213939,2,2,238.0,0.0,0.0,0.0,0.0,0.0,0.0,1.0,1.5,1.1555,0.2656496753244769,1.2968207078710396,1.0,1.5,1.6695,0.3232951437927888,-0.5242887289041326,3.0,0.0,-0.17375,0.4469322515773504,0.388761382484229,0.0341880341880341,0.0625,-7.38944962931884,-21.7150539964622,-9.69754205125212,-9.03482445953882,993
-0.13266349412664066,0.3713259938063249,-0.4709977447193711,-0.10728189571136972,-0.23601156513011773,-0.4025153758896779,0.07641649113115159,-0.20721760046500257,0.0069303885,-0.016213939,6,2,238.0,0.0,0.5,0.0,0.0,0.0124481327800829,0.0,0.0,0.5,1.1413333333333335,0.164730082255792,-3.8932374982820352,1.0,1.5,1.6695,0.3232951437927888,-0.5242887289041326,2.0,-0.1666666666666665,0.0752083333333332,0.31024456918427,-0.7796268622395702,0.0862135267424995,0.0625,-4.25817542158401,-11.6997675790342,-0.914252288810736,0.377495536619563,994
-0.3363533141731358,0.31709063062830595,-0.09688137589360127,-0.0203540228998594,0.677483672156612,-0.4572082059902782,-1.7961674461227322,1.7565486577079403,0.3182237,-0.1454041,6,2,280.0,0.0,0.5,0.0,0.0,0.0106007067137809,0.0,0.0,0.5,1.128,0.1588304476827762,-3.953901844149376,2.0,2.0,1.6495,0.3569310157439389,0.9819824687116784,2.0,-0.1666666666666665,0.0752083333333332,0.31024456918427,-0.7796268622395702,0.1183076483559363,0.0,-1.86193645363243,3.90100655287474,3.62064486818901,3.83967842157016,995
-0.22126946877844905,0.28140018257276106,-0.13691809371655556,-0.26863715854511555,0.38640738798172003,-0.4572082059902782,-1.7961674461227322,1.7565486577079403,0.3182237,-0.1454041,3,2,280.0,0.0,0.0,0.0,0.0,0.0,0.0,1.0,1.6666666666666667,1.4226666666666663,0.2887090038237271,0.8451416366251466,2.0,2.0,1.6495,0.3569310157439389,0.9819824687116784,3.0,-0.5,-0.1637666666666667,0.3596131115518454,-0.9349863020354824,0.0277777777777777,0.0,-1.58671225361436,0.488900226825396,-0.349218118636533,-1.24572927899122,996
-0.07349636184346973,0.3284411439311858,-0.33449424685023416,-0.09959048174359389,0.39275400122563237,-0.4025153758896779,0.07641649113115159,-0.20721760046500257,0.0069303885,-0.016213939,3,2,238.0,0.0,0.0,0.0,0.0,0.0,0.0,1.0,1.3333333333333333,1.476,0.2865146883960169,-0.4979384040146475,1.0,1.5,1.6695,0.3232951437927888,-0.5242887289041326,3.0,-0.5,-0.1637666666666667,0.3596131115518454,-0.9349863020354824,0.0527777777777777,0.0625,-7.53259180271214,-27.0907370036562,-13.8313506722748,-15.1043675767196,997
-0.09717376301774235,0.24354163246109548,-0.6527720503201792,-0.2614796505562111,-0.07706299199010012,-0.4572082059902782,-1.7961674461227322,1.7565486577079403,0.3182237,-0.1454041,1,2,280.0,0.0,1.0,0.0,0.0,0.0035714285714285,0.0,0.0,0.0,1.073,0.3600985976090437,-2.97973945781635,2.0,2.0,1.6495,0.3569310157439389,0.9819824687116784,2.0,0.0,0.0,0.4952816079376104,5.915228243436404,0.1132075471698113,0.0,2.07096799093707,2.6593889972899,1.73161274146491,3.04087330389716,998
-0.6337708508543911,-2.3203263662368285,2.4361732368789264,1.252901817526343,1.264888886883968,-0.4025153758896779,0.07641649113115159,-0.20721760046500257,0.0069303885,-0.016213939,1,2,238.0,0.0,1.0,0.0,0.0,0.0042016806722689,0.0,0.0,0.0,1.117,0.394095166171827,-2.834340778270251,1.0,1.5,1.6695,0.3232951437927888,-0.5242887289041326,2.0,0.0,0.0,0.4946986031104712,5.92288469320235,0.1320754716981132,0.0625,-2.76020857814494,-2.7772824868517,-2.01500204847817,-4.90173380663435,999
-0.08722911042599589,0.29568692958739073,-0.45923218581522085,-0.03625730830096084,-0.12286963467437396,-0.16131621606338054,0.120343445527664,-0.39190932489914054,0.122814536,-0.034377053,1,1,238.0,0.0,1.0,0.0,0.0,0.0042016806722689,0.0,0.0,0.0,0.893,0.3091132478558627,-2.8889088584660065,1.0,1.0,1.901,0.3939530428870933,-2.2870746051280686,3.0,0.0,0.0,0.4946986031104712,5.92288469320235,0.0764925373134328,0.3333333333333333,7.97501149226176,-4.64057553204304,5.83809139380438,8.17734872540465,1000
-0.10186334166672244,0.14717485979138187,-0.6791052654737372,-0.41246203322511116,-0.06083798028210012,-0.1738684770605379,0.1207380549927549,-0.5893142450172808,0.06862594,-0.10637382,1,1,280.0,0.0,1.0,0.0,0.0,0.0035714285714285,0.0,0.0,0.0,0.902,0.2973146481423342,-3.0338229402279,1.0,1.0,1.886,0.4062068438615972,-2.1811547820742225,3.0,0.0,0.0,0.4952816079376104,5.915228243436404,0.085820895522388,0.3333333333333333,-5.17373072359429,-4.76550652018065,-0.166708063539549,-2.04005787703908,1001
-0.3363533141731358,0.31709063062830595,-0.09688137589360127,-0.0203540228998594,0.677483672156612,-0.1738684770605379,0.1207380549927549,-0.5893142450172808,0.06862594,-0.10637382,6,1,280.0,0.0,0.5,0.0,0.0,0.0106007067137809,0.0,0.0,0.5,1.128,0.1588304476827762,-3.953901844149376,1.0,1.0,1.886,0.4062068438615972,-2.1811547820742225,3.0,0.0,0.0,0.4952816079376104,5.915228243436404,0.1183076483559363,0.3333333333333333,0.90044099487843,2.18242020108218,5.36786732745019,4.85251509524129,1002
-0.13266349412664066,0.3713259938063249,-0.4709977447193711,-0.10728189571136972,-0.23601156513011773,-0.16131621606338054,0.120343445527664,-0.39190932489914054,0.122814536,-0.034377053,6,1,238.0,0.0,0.5,0.0,0.0,0.0124481327800829,0.0,0.0,0.5,1.1413333333333335,0.164730082255792,-3.8932374982820352,1.0,1.0,1.901,0.3939530428870933,-2.2870746051280686,3.0,0.0,0.0,0.4946986031104712,5.92288469320235,0.0862135267424995,0.3333333333333333,-0.22667002269293,-6.08224464268698,0.892403047571577,5.31000668892083,1003
-0.19287567775896472,0.2834695551983367,-0.2717757404842148,0.013009198376537514,0.4632184201862358,-0.16131621606338054,0.120343445527664,-0.39190932489914054,0.122814536,-0.034377053,1,1,238.0,0.0,0.0,0.0,0.0,0.0,0.0,2.0,2.0,1.261,0.4846431677017639,1.5248332159605733,1.0,1.0,1.901,0.3939530428870933,-2.2870746051280686,3.0,0.0,0.0,0.4946986031104712,5.92288469320235,0.0,0.3333333333333333,0.769572520030665,-5.58768136664735,-1.447883235356,3.52058578628366,1004
-0.2031474108191085,0.24701982466282288,-0.3238648442248165,-0.2803022196868463,0.23687097058072598,-0.1738684770605379,0.1207380549927549,-0.5893142450172808,0.06862594,-0.10637382,1,1,280.0,0.0,0.0,0.0,0.0,0.0,0.0,2.0,2.0,1.203,0.4558409810449253,1.7484167355314018,1.0,1.0,1.886,0.4062068438615972,-2.1811547820742225,3.0,0.0,0.0,0.4952816079376104,5.915228243436404,0.0,0.3333333333333333,-3.03807524576381,0.179945863844755,2.29371380992054,2.01287149267828,1005
-0.21846271612483376,0.3792336115742185,0.1421796260277029,-0.11545906998032528,0.42053052703749705,-0.16131621606338054,0.120343445527664,-0.39190932489914054,0.122814536,-0.034377053,2,1,238.0,0.0,0.0,0.0,0.0,0.0,0.0,1.0,1.5,1.1555,0.2656496753244769,1.2968207078710396,1.0,1.0,1.901,0.3939530428870933,-2.2870746051280686,3.0,0.0,0.0,0.4946986031104712,5.92288469320235,0.0341880341880341,0.3333333333333333,-1.02185763540946,-7.05926505998115,-3.30293028576175,0.858174423595771,1006
-0.1575692262907865,0.4778646067943418,0.023135085893525836,0.12213420105253406,0.33330122859347494,-0.1738684770605379,0.1207380549927549,-0.5893142450172808,0.06862594,-0.10637382,2,1,280.0,0.0,0.0,0.0,0.0,0.0,0.0,1.0,1.0,1.131,0.2689591046980935,-0.4870628943647305,1.0,1.0,1.886,0.4062068438615972,-2.1811547820742225,3.0,0.0,0.0,0.4952816079376104,5.915228243436404,0.0755555555555555,0.3333333333333333,-2.38755093020578,-4.04873531384165,0.391158254364976,0.277473719917101,1007
-2.043289009040621,-3.4644857650925767,3.9698366408036727,-1.3253988374957228,-5.780500397223112,-0.3186088082028651,0.23024857376205088,-0.31802082265835124,0.10970811,-0.049321145,1,2,1834.0,0.0,1.0,1.0,0.0,0.0005452562704471,0.0010905125408942,0.0,0.0,0.873,0.3329729718760968,-2.621834424221236,0.0,0.0,0.748,0.3057711562590559,-2.4462739035014747,2.0,0.0,0.0,0.46280788768264797,2.7944592902593897,0.3888888888888889,0.3138359891177613,6.03126131792057,-16.6744131976969,5.43311521469681,6.10772430691136,1008
-0.18254686261789152,-0.05482621734159629,0.07270794498937094,-2.5214951118417215,-0.3820924864552169,-0.1919240266534033,0.07045181888214926,-0.49589034018515465,0.08007887,-0.09842044,1,2,238.0,0.0,0.0,0.0,0.0,0.0,0.0,1.0,1.0,1.129,0.4103157320893265,-0.3143920398643561,1.0,1.0,0.9665,0.1874239845910869,0.1787391302830784,2.0,0.0,0.0,0.4946986031104712,5.92288469320235,0.074074074074074,0.0402497085114652,10.7100132677842,-3.16094854730659,7.51233743691903,11.0428777774666,1009
-0.05120618600510696,0.40926466867196687,0.22288492293656503,-0.20124815256933928,0.12475168368591064,-0.12403040309715926,0.03716281286667653,-0.6197941869180761,0.072871216,-0.10912621,1,2,280.0,0.0,0.0,0.5,0.0,0.0,0.0035587188612099,1.0,1.0,1.108,0.3692370512286111,-0.2924950235645027,0.0,0.5,0.9655,0.1804432043608182,-2.579759108407186,2.0,0.0,0.0,0.4952816079376104,5.915228243436404,0.1481481481481481,0.0965798678585309,0.788787208448183,-12.0032181673127,3.26587131290845,3.53770853850568,1010
-0.40648215827210094,0.29823329138772536,-0.08784596274536632,-0.04854147922485235,0.6571133123011609,-0.16131621606338054,0.120343445527664,-0.39190932489914054,0.122814536,-0.034377053,2,1,238.0,0.0,0.0,0.0,0.0,0.0,0.0,1.0,1.0,1.039,0.2397477841399165,-0.1626709508073683,1.0,1.0,1.901,0.3939530428870933,-2.2870746051280686,3.0,0.0,0.0,0.4946986031104712,5.92288469320235,0.033565026522773,0.3333333333333333,3.2078962307914,-8.4779546350709,-7.64939287937518,-1.48113385830942,1011
-0.135595584291787,0.3389196643062526,-0.4388511845880939,-0.3750246595518684,-0.016173205815531833,-0.1738684770605379,0.1207380549927549,-0.5893142450172808,0.06862594,-0.10637382,2,1,280.0,0.0,0.0,0.0,0.0,0.0,0.0,1.0,1.0,1.002,0.2235978532991763,-0.0089446297023432,1.0,1.0,1.886,0.4062068438615972,-2.1811547820742225,3.0,0.0,0.0,0.4952816079376104,5.915228243436404,0.1277665995975855,0.3333333333333333,-2.52331165270682,-5.63869383842111,-4.31636339992185,-3.31896112092471,1012
-0.09717376301774235,0.24354163246109548,-0.6527720503201792,-0.2614796505562111,-0.07706299199010012,-0.18146316665013967,0.08433015645708655,-0.6157739019467797,0.074545465,-0.0980867,1,1,280.0,1.0,1.0,1.0,1.0,0.0035714285714285,0.0035714285714285,0.0,0.0,1.073,0.3600985976090437,-2.97973945781635,0.0,0.0,1.073,0.3600985976090437,-2.97973945781635,0.0,0.0,0.0,0.4952816079376104,5.915228243436404,0.1132075471698113,0.1132075471698113,1.10660662014206,-1.69885180131383,-1.46444979872229,1.12839710737761,1013
-0.12305055490185358,0.3506304468971998,-0.4925148016077096,-0.34334353050481337,0.004392159368253913,-0.20554904830885032,0.17645295772720693,-0.5110996309674923,0.06084925,-0.08088969,1,1,1834.0,1.0,1.0,1.0,1.0,0.0005452562704471,0.0005452562704471,0.0,0.0,0.863,0.3438473498516456,-2.509834670449969,0.0,0.0,0.863,0.3438473498516456,-2.509834670449969,0.0,0.0,0.0,0.46280788768264797,2.7944592902593897,0.3962264150943396,0.3962264150943396,-1.70681714025247,-0.243997220387169,1.00445794874788,2.82101493119885,1014
-0.6337708508543911,-2.3203263662368285,2.4361732368789264,1.252901817526343,1.264888886883968,-0.6809228374595678,-2.1212288776080053,1.4018140613446026,0.32790866,0.18522945,1,1,238.0,1.0,1.0,1.0,1.0,0.0042016806722689,0.0042016806722689,0.0,0.0,1.117,0.394095166171827,-2.834340778270251,0.0,0.0,1.117,0.394095166171827,-2.834340778270251,0.0,0.0,0.0,0.4946986031104712,5.92288469320235,0.1320754716981132,0.1320754716981132,-3.94479417672517,-0.910096187599253,3.13893272634305,-3.38759046173016,1015
-0.09717376301774235,0.24354163246109548,-0.6527720503201792,-0.2614796505562111,-0.07706299199010012,-0.1738684770605379,0.1207380549927549,-0.5893142450172808,0.06862594,-0.10637382,1,1,280.0,0.0,1.0,0.0,0.0,0.0035714285714285,0.0,0.0,0.0,1.073,0.3600985976090437,-2.97973945781635,1.0,1.0,1.886,0.4062068438615972,-2.1811547820742225,3.0,0.0,0.0,0.4952816079376104,5.915228243436404,0.1132075471698113,0.3333333333333333,-0.999292717279138,-0.407974115646925,-0.293899268478035,0.981418960901632,1016
-0.6337708508543911,-2.3203263662368285,2.4361732368789264,1.252901817526343,1.264888886883968,-0.16131621606338054,0.120343445527664,-0.39190932489914054,0.122814536,-0.034377053,1,1,238.0,0.0,1.0,0.0,0.0,0.0042016806722689,0.0,0.0,0.0,1.117,0.394095166171827,-2.834340778270251,1.0,1.0,1.901,0.3939530428870933,-2.2870746051280686,3.0,0.0,0.0,0.4946986031104712,5.92288469320235,0.1320754716981132,0.3333333333333333,3.75401974988942,-11.9927039920499,3.54276020179734,5.74591100677803,1017
-0.07349636184346973,0.3284411439311858,-0.33449424685023416,-0.09959048174359389,0.39275400122563237,-0.16131621606338054,0.120343445527664,-0.39190932489914054,0.122814536,-0.034377053,3,1,238.0,0.0,0.0,0.0,0.0,0.0,0.0,1.0,1.3333333333333333,1.476,0.2865146883960169,-0.4979384040146475,1.0,1.0,1.901,0.3939530428870933,-2.2870746051280686,3.0,0.0,0.0,0.4946986031104712,5.92288469320235,0.0527777777777777,0.3333333333333333,4.22442596499605,5.29658317007232,4.34311545173577,6.98818703113719,1018
-0.22126946877844905,0.28140018257276106,-0.13691809371655556,-0.26863715854511555,0.38640738798172003,-0.1738684770605379,0.1207380549927549,-0.5893142450172808,0.06862594,-0.10637382,3,1,280.0,0.0,0.0,0.0,0.0,0.0,0.0,1.0,1.6666666666666667,1.4226666666666663,0.2887090038237271,0.8451416366251466,1.0,1.0,1.886,0.4062068438615972,-2.1811547820742225,3.0,0.0,0.0,0.4952816079376104,5.915228243436404,0.0277777777777777,0.3333333333333333,-1.70402413782102,2.58563563369771,2.02931599439185,1.35188662801324,1019
-0.1382053603557904,0.268159831072943,-0.45147023161501865,-0.17498143682541953,0.052591849466012745,-0.20554904830885032,0.17645295772720693,-0.5110996309674923,0.06084925,-0.08088969,2,1,1834.0,0.0,1.0,1.0,0.0,0.0010905125408942,0.0005452562704471,0.0,0.0,0.786,0.2927524551562292,-2.684862197246292,0.0,0.0,0.863,0.3438473498516456,-2.509834670449969,2.0,0.0,0.0,0.46280788768264797,2.7944592902593897,0.4212548015364916,0.3962264150943396,-4.64885488009149,-0.890663296438606,-1.40189944251685,-1.13166038047106,1020
-0.40648215827210094,0.29823329138772536,-0.08784596274536632,-0.04854147922485235,0.6571133123011609,-0.6809228374595678,-2.1212288776080053,1.4018140613446026,0.32790866,0.18522945,2,1,238.0,0.0,0.0,1.0,0.0,0.0,0.0042016806722689,1.0,1.0,1.039,0.2397477841399165,-0.1626709508073683,0.0,0.0,1.117,0.394095166171827,-2.834340778270251,2.0,0.0,0.0,0.4946986031104712,5.92288469320235,0.033565026522773,0.1320754716981132,0.901086971526642,-28.9269789373879,-4.287776147424,-1.01048098903985,1021
-0.135595584291787,0.3389196643062526,-0.4388511845880939,-0.3750246595518684,-0.016173205815531833,-0.18146316665013967,0.08433015645708655,-0.6157739019467797,0.074545465,-0.0980867,2,1,280.0,0.0,0.0,1.0,0.0,0.0,0.0035714285714285,1.0,1.0,1.002,0.2235978532991763,-0.0089446297023432,0.0,0.0,1.073,0.3600985976090437,-2.97973945781635,2.0,0.0,0.0,0.4952816079376104,5.915228243436404,0.1277665995975855,0.1132075471698113,0.849351367437135,-1.27765870732497,-0.508420442424428,2.03530418249572,1022
-0.3363533141731358,0.31709063062830595,-0.09688137589360127,-0.0203540228998594,0.677483672156612,-0.18146316665013967,0.08433015645708655,-0.6157739019467797,0.074545465,-0.0980867,6,1,280.0,0.0,0.5,1.0,0.0,0.0106007067137809,0.0035714285714285,0.0,0.5,1.128,0.1588304476827762,-3.953901844149376,0.0,0.0,1.073,0.3600985976090437,-2.97973945781635,2.0,0.0,0.0,0.4952816079376104,5.915228243436404,0.1183076483559363,0.1132075471698113,-1.73269023462865,-6.25272180281819,-2.44795003576126,-0.282297533004951,1023
-0.23435830810769367,0.22079936505545283,-0.23601615609633303,-0.1613065103105533,0.17001103257208514,-0.20554904830885032,0.17645295772720693,-0.5110996309674923,0.06084925,-0.08088969,6,1,1834.0,0.0,0.6666666666666666,1.0,0.0,0.0021786492374727,0.0005452562704471,0.0,0.3333333333333333,0.8241666666666667,0.1561672002836845,-3.1429988655858168,0.0,0.0,0.863,0.3438473498516456,-2.509834670449969,2.0,0.0,0.0,0.46280788768264797,2.7944592902593897,0.3650691543360551,0.3962264150943396,-5.87054767188569,-2.63823121009627,-0.980964841409739,-1.84273650115888,1024
-0.13266349412664066,0.3713259938063249,-0.4709977447193711,-0.10728189571136972,-0.23601156513011773,-0.6809228374595678,-2.1212288776080053,1.4018140613446026,0.32790866,0.18522945,6,1,238.0,0.0,0.5,1.0,0.0,0.0124481327800829,0.0042016806722689,0.0,0.5,1.1413333333333335,0.164730082255792,-3.8932374982820352,0.0,0.0,1.117,0.394095166171827,-2.834340778270251,2.0,0.0,0.0,0.4946986031104712,5.92288469320235,0.0862135267424995,0.1320754716981132,4.67141278705206,-1.29627221428096,3.82252765557263,3.59655705930152,1025
-0.2031474108191085,0.24701982466282288,-0.3238648442248165,-0.2803022196868463,0.23687097058072598,-0.18146316665013967,0.08433015645708655,-0.6157739019467797,0.074545465,-0.0980867,1,1,280.0,0.0,0.0,1.0,0.0,0.0,0.0035714285714285,2.0,2.0,1.203,0.4558409810449253,1.7484167355314018,0.0,0.0,1.073,0.3600985976090437,-2.97973945781635,3.0,0.0,0.0,0.4952816079376104,5.915228243436404,0.0,0.1132075471698113,-0.996406059249614,-2.61533496654128,0.643637254457427,2.95730400859871,1026
-0.19287567775896472,0.2834695551983367,-0.2717757404842148,0.013009198376537514,0.4632184201862358,-0.6809228374595678,-2.1212288776080053,1.4018140613446026,0.32790866,0.18522945,1,1,238.0,0.0,0.0,1.0,0.0,0.0,0.0042016806722689,2.0,2.0,1.261,0.4846431677017639,1.5248332159605733,0.0,0.0,1.117,0.394095166171827,-2.834340778270251,3.0,0.0,0.0,0.4946986031104712,5.92288469320235,0.0,0.1320754716981132,7.7860991466947,-14.4770141579254,9.55691654446152,9.94208345638656,1027
-0.14631145303933005,0.4532444314731223,-0.09332995639125194,0.21677019387392435,0.23664630947486645,-0.20554904830885032,0.17645295772720693,-0.5110996309674923,0.06084925,-0.08088969,2,1,1834.0,0.0,1.0,1.0,0.0,0.0010905125408942,0.0005452562704471,0.0,0.0,0.845,0.2558808316384796,-3.302318483917762,0.0,0.0,0.863,0.3438473498516456,-2.509834670449969,2.0,0.0,0.0,0.46280788768264797,2.7944592902593897,0.3423931623931624,0.3962264150943396,-3.53563934828007,-1.63070609162525,-0.235954998072414,0.288983493091227,1028
-0.21846271612483376,0.3792336115742185,0.1421796260277029,-0.11545906998032528,0.42053052703749705,-0.6809228374595678,-2.1212288776080053,1.4018140613446026,0.32790866,0.18522945,2,1,238.0,0.0,0.0,1.0,0.0,0.0,0.0042016806722689,1.0,1.5,1.1555,0.2656496753244769,1.2968207078710396,0.0,0.0,1.117,0.394095166171827,-2.834340778270251,2.0,0.0,0.0,0.4946986031104712,5.92288469320235,0.0341880341880341,0.1320754716981132,2.31869413003185,-4.10645323367856,2.51152765557263,1.72398099425423,1029
-0.1575692262907865,0.4778646067943418,0.023135085893525836,0.12213420105253406,0.33330122859347494,-0.18146316665013967,0.08433015645708655,-0.6157739019467797,0.074545465,-0.0980867,2,1,280.0,0.0,0.0,1.0,0.0,0.0,0.0035714285714285,1.0,1.0,1.131,0.2689591046980935,-0.4870628943647305,0.0,0.0,1.073,0.3600985976090437,-2.97973945781635,2.0,0.0,0.0,0.4952816079376104,5.915228243436404,0.0755555555555555,0.1132075471698113,-1.48630026334225,-10.3695240237205,-3.01802941220924,-0.596920830829133,1030
-0.40648215827210094,0.29823329138772536,-0.08784596274536632,-0.04854147922485235,0.6571133123011609,-0.2017362351396289,0.07213964367862186,-0.4813077090868774,0.113665745,-0.060874358,2,1,238.0,0.0,0.0,0.0,0.0,0.0,0.0,1.0,1.0,1.039,0.2397477841399165,-0.1626709508073683,2.0,2.0,1.769,0.4512637809530032,0.5118957242971325,3.0,0.0,0.0,0.4946986031104712,5.92288469320235,0.033565026522773,0.0,4.27955741673961,-0.666707627683224,-2.25956590986536,3.29694473456839,1031
-0.135595584291787,0.3389196643062526,-0.4388511845880939,-0.3750246595518684,-0.016173205815531833,-0.23289543462087936,0.04454333993852287,-0.40004305258159445,0.05273988,-0.03671463,2,1,280.0,0.0,0.0,0.0,0.0,0.0,0.0,1.0,1.0,1.002,0.2235978532991763,-0.0089446297023432,2.0,2.0,1.765,0.4536242938820627,0.5180498557272982,3.0,0.0,0.0,0.4952816079376104,5.915228243436404,0.1277665995975855,0.0,0.899175558294576,4.82378517974994,4.6899458754801,5.88958316924525,1032
-0.13266349412664066,0.3713259938063249,-0.4709977447193711,-0.10728189571136972,-0.23601156513011773,-0.2017362351396289,0.07213964367862186,-0.4813077090868774,0.113665745,-0.060874358,6,1,238.0,0.0,0.5,0.0,0.0,0.0124481327800829,0.0,0.0,0.5,1.1413333333333335,0.164730082255792,-3.8932374982820352,2.0,2.0,1.769,0.4512637809530032,0.5118957242971325,3.0,0.0,0.0,0.4946986031104712,5.92288469320235,0.0862135267424995,0.0,-0.114166880913262,-2.15742848138156,1.0683684919236,4.52356710068753,1033
-0.3363533141731358,0.31709063062830595,-0.09688137589360127,-0.0203540228998594,0.677483672156612,-0.23289543462087936,0.04454333993852287,-0.40004305258159445,0.05273988,-0.03671463,6,1,280.0,0.0,0.5,0.0,0.0,0.0106007067137809,0.0,0.0,0.5,1.128,0.1588304476827762,-3.953901844149376,2.0,2.0,1.765,0.4536242938820627,0.5180498557272982,3.0,0.0,0.0,0.4952816079376104,5.915228243436404,0.1183076483559363,0.0,-0.125897925807425,-0.548718924426388,3.75970042374457,4.02624168041126,1034
-0.19287567775896472,0.2834695551983367,-0.2717757404842148,0.013009198376537514,0.4632184201862358,-0.2017362351396289,0.07213964367862186,-0.4813077090868774,0.113665745,-0.060874358,1,1,238.0,0.0,0.0,0.0,0.0,0.0,0.0,2.0,2.0,1.261,0.4846431677017639,1.5248332159605733,2.0,2.0,1.769,0.4512637809530032,0.5118957242971325,3.0,0.0,0.0,0.4946986031104712,5.92288469320235,0.0,0.0,1.29370256873002,1.48534297990221,1.2701561130387,5.6608306349948,1035
-0.2031474108191085,0.24701982466282288,-0.3238648442248165,-0.2803022196868463,0.23687097058072598,-0.23289543462087936,0.04454333993852287,-0.40004305258159445,0.05273988,-0.03671463,1,1,280.0,0.0,0.0,0.0,0.0,0.0,0.0,2.0,2.0,1.203,0.4558409810449253,1.7484167355314018,2.0,2.0,1.765,0.4536242938820627,0.5180498557272982,3.0,0.0,0.0,0.4952816079376104,5.915228243436404,0.0,0.0,3.10209116837981,5.59780878067499,7.05866809770232,7.78986456201491,1036
-0.1575692262907865,0.4778646067943418,0.023135085893525836,0.12213420105253406,0.33330122859347494,-0.23289543462087936,0.04454333993852287,-0.40004305258159445,0.05273988,-0.03671463,2,1,280.0,0.0,0.0,0.0,0.0,0.0,0.0,1.0,1.0,1.131,0.2689591046980935,-0.4870628943647305,2.0,2.0,1.765,0.4536242938820627,0.5180498557272982,3.0,0.0,0.0,0.4952816079376104,5.915228243436404,0.0755555555555555,0.0,-0.887987609592723,-2.54658642319653,4.61400143103565,5.48090798925373,1037
-0.21846271612483376,0.3792336115742185,0.1421796260277029,-0.11545906998032528,0.42053052703749705,-0.2017362351396289,0.07213964367862186,-0.4813077090868774,0.113665745,-0.060874358,2,1,238.0,0.0,0.0,0.0,0.0,0.0,0.0,1.0,1.5,1.1555,0.2656496753244769,1.2968207078710396,2.0,2.0,1.769,0.4512637809530032,0.5118957242971325,3.0,0.0,0.0,0.4946986031104712,5.92288469320235,0.0341880341880341,0.0,-0.565699236585829,0.802774083199308,4.61689017148974,7.59702712064025,1038
-0.6337708508543911,-2.3203263662368285,2.4361732368789264,1.252901817526343,1.264888886883968,-0.2017362351396289,0.07213964367862186,-0.4813077090868774,0.113665745,-0.060874358,1,1,238.0,0.0,1.0,0.0,0.0,0.0042016806722689,0.0,0.0,0.0,1.117,0.394095166171827,-2.834340778270251,2.0,2.0,1.769,0.4512637809530032,0.5118957242971325,3.0,0.0,0.0,0.4946986031104712,5.92288469320235,0.1320754716981132,0.0,6.76851512333353,-8.36536105645142,8.61926567420263,10.0125542129892,1039
-0.09717376301774235,0.24354163246109548,-0.6527720503201792,-0.2614796505562111,-0.07706299199010012,-0.23289543462087936,0.04454333993852287,-0.40004305258159445,0.05273988,-0.03671463,1,1,280.0,0.0,1.0,0.0,0.0,0.0035714285714285,0.0,0.0,0.0,1.073,0.3600985976090437,-2.97973945781635,2.0,2.0,1.765,0.4536242938820627,0.5180498557272982,3.0,0.0,0.0,0.4952816079376104,5.915228243436404,0.1132075471698113,0.0,2.46782496783303,3.17228611573422,2.86644607479825,4.17671319412714,1040
-0.22126946877844905,0.28140018257276106,-0.13691809371655556,-0.26863715854511555,0.38640738798172003,-0.23289543462087936,0.04454333993852287,-0.40004305258159445,0.05273988,-0.03671463,3,1,280.0,0.0,0.0,0.0,0.0,0.0,0.0,1.0,1.6666666666666667,1.4226666666666663,0.2887090038237271,0.8451416366251466,2.0,2.0,1.765,0.4536242938820627,0.5180498557272982,3.0,0.0,0.0,0.4952816079376104,5.915228243436404,0.0277777777777777,0.0,-1.35703922209925,-2.42880679742223,-3.26699589641431,-4.08989272070568,1041
-0.07349636184346973,0.3284411439311858,-0.33449424685023416,-0.09959048174359389,0.39275400122563237,-0.2017362351396289,0.07213964367862186,-0.4813077090868774,0.113665745,-0.060874358,3,1,238.0,0.0,0.0,0.0,0.0,0.0,0.0,1.0,1.3333333333333333,1.476,0.2865146883960169,-0.4979384040146475,2.0,2.0,1.769,0.4512637809530032,0.5118957242971325,3.0,0.0,0.0,0.4946986031104712,5.92288469320235,0.0527777777777777,0.0,0.911825278072525,2.67806326048006,1.5082263258079,3.4368317429039,1042
-0.10186334166672244,0.14717485979138187,-0.6791052654737372,-0.41246203322511116,-0.06083798028210012,-0.23289543462087936,0.04454333993852287,-0.40004305258159445,0.05273988,-0.03671463,1,1,280.0,0.0,1.0,0.0,0.0,0.0035714285714285,0.0,0.0,0.0,0.902,0.2973146481423342,-3.0338229402279,2.0,2.0,1.765,0.4536242938820627,0.5180498557272982,3.0,0.0,0.0,0.4952816079376104,5.915228243436404,0.085820895522388,0.0,-3.73664143049228,-3.08658183085521,-1.9381070075254,-2.722831475758,1043
-0.08722911042599589,0.29568692958739073,-0.45923218581522085,-0.03625730830096084,-0.12286963467437396,-0.2017362351396289,0.07213964367862186,-0.4813077090868774,0.113665745,-0.060874358,1,1,238.0,0.0,1.0,0.0,0.0,0.0042016806722689,0.0,0.0,0.0,0.893,0.3091132478558627,-2.8889088584660065,2.0,2.0,1.769,0.4512637809530032,0.5118957242971325,3.0,0.0,0.0,0.4946986031104712,5.92288469320235,0.0764925373134328,0.0,-8.83687437052303,-0.614807441872545,0.126004103585697,1.74886443994913,1044
-0.22674718755457146,0.3314209232699406,-0.2285004800486225,0.10851384561616884,-0.007472946228658759,-0.1738684770605379,0.1207380549927549,-0.5893142450172808,0.06862594,-0.10637382,1,1,280.0,0.0,0.0,0.0,0.0,0.0,0.0,2.0,2.0,1.608,0.5141361687335371,0.7624439279687458,1.0,1.0,1.886,0.4062068438615972,-2.1811547820742225,3.0,0.0,0.0,0.4952816079376104,5.915228243436404,0.0,0.3333333333333333,-0.331283362417076,-7.18979935279864,0.519982424019543,-2.24806803117597,1045
-0.10553401740647815,0.2640751572261307,-0.3286940827677797,-0.294371875010497,0.1342749207027766,-0.16131621606338054,0.120343445527664,-0.39190932489914054,0.122814536,-0.034377053,1,1,238.0,0.0,0.0,0.0,0.0,0.0,0.0,2.0,2.0,1.642,0.4876843241278111,0.7340814176060667,1.0,1.0,1.901,0.3939530428870933,-2.2870746051280686,3.0,0.0,0.0,0.4946986031104712,5.92288469320235,0.0,0.3333333333333333,-3.06560099311689,-27.5526352122343,-8.68677367419208,-7.49342755943181,1046
-0.10186334166672244,0.14717485979138187,-0.6791052654737372,-0.41246203322511116,-0.06083798028210012,-0.12403040309715926,0.03716281286667653,-0.6197941869180761,0.072871216,-0.10912621,1,2,280.0,0.0,1.0,0.5,0.0,0.0035714285714285,0.0035587188612099,0.0,0.0,0.902,0.2973146481423342,-3.0338229402279,0.0,0.5,0.9655,0.1804432043608182,-2.579759108407186,1.0,0.0,0.0,0.4952816079376104,5.915228243436404,0.085820895522388,0.0965798678585309,-3.0289440361207,1.63957224759003,1.71233743691903,2.0147072299629,1047
-0.052989973467087365,0.21227919146266333,-0.6083998744390852,-0.08886155667139391,-0.16533153573602258,-0.3186088082028651,0.23024857376205088,-0.31802082265835124,0.10970811,-0.049321145,1,2,1834.0,0.0,1.0,1.0,0.0,0.0005452562704471,0.0010905125408942,0.0,0.0,0.656,0.4750410508577126,-1.3809332873770723,0.0,0.0,0.748,0.3057711562590559,-2.4462739035014747,1.0,0.0,0.0,0.46280788768264797,2.7944592902593897,0.3675373134328358,0.3138359891177613,1.33553982367268,-3.17560478342997,-0.419384785303191,0.553264674224326,1048
-0.08722911042599589,0.29568692958739073,-0.45923218581522085,-0.03625730830096084,-0.12286963467437396,-0.1919240266534033,0.07045181888214926,-0.49589034018515465,0.08007887,-0.09842044,1,2,238.0,0.0,1.0,0.0,0.0,0.0042016806722689,0.0,0.0,0.0,0.893,0.3091132478558627,-2.8889088584660065,1.0,1.0,0.9665,0.1874239845910869,0.1787391302830784,1.0,0.0,0.0,0.4946986031104712,5.92288469320235,0.0764925373134328,0.0402497085114652,5.166656967511,3.54487925105518,2.75867077025237,6.57637195382372,1049
-0.12305055490185358,0.3506304468971998,-0.4925148016077096,-0.34334353050481337,0.004392159368253913,-0.3186088082028651,0.23024857376205088,-0.31802082265835124,0.10970811,-0.049321145,1,2,1834.0,0.0,1.0,1.0,0.0,0.0005452562704471,0.0010905125408942,0.0,0.0,0.863,0.3438473498516456,-2.509834670449969,0.0,0.0,0.748,0.3057711562590559,-2.4462739035014747,2.0,0.0,0.0,0.46280788768264797,2.7944592902593897,0.3962264150943396,0.3138359891177613,0.637617541681447,-3.04206541631216,-2.70006610918352,0.613121636430033,1050
-0.6337708508543911,-2.3203263662368285,2.4361732368789264,1.252901817526343,1.264888886883968,-0.1919240266534033,0.07045181888214926,-0.49589034018515465,0.08007887,-0.09842044,1,2,238.0,0.0,1.0,0.0,0.0,0.0042016806722689,0.0,0.0,0.0,1.117,0.394095166171827,-2.834340778270251,1.0,1.0,0.9665,0.1874239845910869,0.1787391302830784,2.0,0.0,0.0,0.4946986031104712,5.92288469320235,0.1320754716981132,0.0402497085114652,7.20481559924164,-5.01335554324126,4.9890041035857,8.16741544353042,1051
-0.09717376301774235,0.24354163246109548,-0.6527720503201792,-0.2614796505562111,-0.07706299199010012,-0.12403040309715926,0.03716281286667653,-0.6197941869180761,0.072871216,-0.10912621,1,2,280.0,0.0,1.0,0.5,0.0,0.0035714285714285,0.0035587188612099,0.0,0.0,1.073,0.3600985976090437,-2.97973945781635,0.0,0.5,0.9655,0.1804432043608182,-2.579759108407186,2.0,0.0,0.0,0.4952816079376104,5.915228243436404,0.1132075471698113,0.0965798678585309,1.62776063345684,5.1911848514506,5.35595110010952,7.13202273179249,1052
-0.22126946877844905,0.28140018257276106,-0.13691809371655556,-0.26863715854511555,0.38640738798172003,-0.12403040309715926,0.03716281286667653,-0.6197941869180761,0.072871216,-0.10912621,3,2,280.0,0.0,0.0,0.5,0.0,0.0,0.0035587188612099,1.0,1.6666666666666667,1.4226666666666663,0.2887090038237271,0.8451416366251466,0.0,0.5,0.9655,0.1804432043608182,-2.579759108407186,2.0,0.2000000000000001,-0.1303666666666667,0.333545064421586,0.9904708595810552,0.0277777777777777,0.0965798678585309,-1.06523536616547,-0.092304978489012,-0.930440340858753,-0.613361987206997,1053
-0.07349636184346973,0.3284411439311858,-0.33449424685023416,-0.09959048174359389,0.39275400122563237,-0.1919240266534033,0.07045181888214926,-0.49589034018515465,0.08007887,-0.09842044,3,2,238.0,0.0,0.0,0.0,0.0,0.0,0.0,1.0,1.3333333333333333,1.476,0.2865146883960169,-0.4979384040146475,1.0,1.0,0.9665,0.1874239845910869,0.1787391302830784,2.0,0.2000000000000001,-0.1303666666666667,0.333545064421586,0.9904708595810552,0.0527777777777777,0.0402497085114652,4.14682054167111,1.04827957317354,-0.12155145196987,4.41540038455627,1054
-0.10553401740647815,0.2640751572261307,-0.3286940827677797,-0.294371875010497,0.1342749207027766,-0.126869867446033,0.02268589695198233,-0.5630640588246547,0.07517242,-0.096907705,1,1,238.0,0.0,0.0,0.0,0.0,0.0,0.0,2.0,2.0,1.642,0.4876843241278111,0.7340814176060667,1.0,1.0,1.281,0.4960231849419944,-0.5665057774121193,3.0,0.0,0.0,0.4946986031104712,5.92288469320235,0.0,0.0714285714285714,-1.67981895012681,-21.6667464969738,0.679559659141258,-2.46768720424885,1055
-0.22674718755457146,0.3314209232699406,-0.2285004800486225,0.10851384561616884,-0.007472946228658759,-0.2680037699288762,0.12696711572105704,-0.42433832825838413,0.122339964,-0.04727009,1,1,280.0,0.0,0.0,0.0,0.0,0.0,0.0,2.0,2.0,1.608,0.5141361687335371,0.7624439279687458,1.0,1.0,1.213,0.4665093782551429,-0.4565824609928984,3.0,0.0,0.0,0.4952816079376104,5.915228243436404,0.0,0.0714285714285714,0.84027567438811,6.41145730669165,8.38876020179733,2.61416932999936,1056
-0.135595584291787,0.3389196643062526,-0.4388511845880939,-0.3750246595518684,-0.016173205815531833,-0.12403040309715926,0.03716281286667653,-0.6197941869180761,0.072871216,-0.10912621,2,2,280.0,0.0,0.0,0.5,0.0,0.0,0.0035587188612099,1.0,1.0,1.002,0.2235978532991763,-0.0089446297023432,0.0,0.5,0.9655,0.1804432043608182,-2.579759108407186,1.0,0.25,-0.2245,0.3965157626122825,1.1966737384510269,0.1277665995975855,0.0965798678585309,5.41346230670503,5.0892970085176,5.67675820890584,7.36619976385504,1057
-0.1382053603557904,0.268159831072943,-0.45147023161501865,-0.17498143682541953,0.052591849466012745,-0.3186088082028651,0.23024857376205088,-0.31802082265835124,0.10970811,-0.049321145,2,2,1834.0,0.0,1.0,1.0,0.0,0.0010905125408942,0.0010905125408942,0.0,0.0,0.786,0.2927524551562292,-2.684862197246292,0.0,0.0,0.748,0.3057711562590559,-2.4462739035014747,1.0,0.25,-0.2245,0.3965157626122825,1.1966737384510269,0.4212548015364916,0.3138359891177613,-1.45646172222954,-3.09922178454897,-3.32892695468275,-1.37342023079544,1058
-0.40648215827210094,0.29823329138772536,-0.08784596274536632,-0.04854147922485235,0.6571133123011609,-0.1919240266534033,0.07045181888214926,-0.49589034018515465,0.08007887,-0.09842044,2,2,238.0,0.0,0.0,0.0,0.0,0.0,0.0,1.0,1.0,1.039,0.2397477841399165,-0.1626709508073683,1.0,1.0,0.9665,0.1874239845910869,0.1787391302830784,1.0,0.25,-0.2245,0.3965157626122825,1.1966737384510269,0.033565026522773,0.0402497085114652,4.9813438306716,-3.45921445112858,-2.81620669974798,3.56042528955408,1059
-0.23435830810769367,0.22079936505545283,-0.23601615609633303,-0.1613065103105533,0.17001103257208514,-0.3186088082028651,0.23024857376205088,-0.31802082265835124,0.10970811,-0.049321145,6,2,1834.0,0.0,0.6666666666666666,1.0,0.0,0.0021786492374727,0.0010905125408942,0.0,0.3333333333333333,0.8241666666666667,0.1561672002836845,-3.1429988655858168,0.0,0.0,0.748,0.3057711562590559,-2.4462739035014747,1.0,0.2083333333333334,-0.1405416666666667,0.2005455709849177,1.7396295429842117,0.3650691543360551,0.3138359891177613,-2.88389603187338,-9.13830015302732,-2.7889958964143,-1.65818821814993,1060
-0.13266349412664066,0.3713259938063249,-0.4709977447193711,-0.10728189571136972,-0.23601156513011773,-0.1919240266534033,0.07045181888214926,-0.49589034018515465,0.08007887,-0.09842044,6,2,238.0,0.0,0.5,0.0,0.0,0.0124481327800829,0.0,0.0,0.5,1.1413333333333335,0.164730082255792,-3.8932374982820352,1.0,1.0,0.9665,0.1874239845910869,0.1787391302830784,1.0,0.2083333333333334,-0.1405416666666667,0.2005455709849177,1.7396295429842117,0.0862135267424995,0.0402497085114652,1.46530724864784,-0.748044093374838,0.875461934206137,5.90600687567323,1061
-0.3363533141731358,0.31709063062830595,-0.09688137589360127,-0.0203540228998594,0.677483672156612,-0.12403040309715926,0.03716281286667653,-0.6197941869180761,0.072871216,-0.10912621,6,2,280.0,0.0,0.5,0.5,0.0,0.0106007067137809,0.0035587188612099,0.0,0.5,1.128,0.1588304476827762,-3.953901844149376,0.0,0.5,0.9655,0.1804432043608182,-2.579759108407186,1.0,0.2083333333333334,-0.1405416666666667,0.2005455709849177,1.7396295429842117,0.1183076483559363,0.0965798678585309,-2.30901270027605,-1.12489404247296,1.75282774201652,2.78610203668771,1062
-0.14631145303933005,0.4532444314731223,-0.09332995639125194,0.21677019387392435,0.23664630947486645,-0.3186088082028651,0.23024857376205088,-0.31802082265835124,0.10970811,-0.049321145,2,2,1834.0,0.0,1.0,1.0,0.0,0.0010905125408942,0.0010905125408942,0.0,0.0,0.845,0.2558808316384796,-3.302318483917762,0.0,0.0,0.748,0.3057711562590559,-2.4462739035014747,2.0,0.5,-0.207,0.3765315391836386,1.8776647542802205,0.3423931623931624,0.3138359891177613,-4.41613240389858,-9.46272875250635,-2.23959362134942,-0.137295676677599,1063
-0.21846271612483376,0.3792336115742185,0.1421796260277029,-0.11545906998032528,0.42053052703749705,-0.1919240266534033,0.07045181888214926,-0.49589034018515465,0.08007887,-0.09842044,2,2,238.0,0.0,0.0,0.0,0.0,0.0,0.0,1.0,1.5,1.1555,0.2656496753244769,1.2968207078710396,1.0,1.0,0.9665,0.1874239845910869,0.1787391302830784,2.0,0.5,-0.207,0.3765315391836386,1.8776647542802205,0.0341880341880341,0.0402497085114652,0.109971949007567,-3.90115861430332,-1.77996416175116,2.99628638395928,1064
-0.1575692262907865,0.4778646067943418,0.023135085893525836,0.12213420105253406,0.33330122859347494,-0.12403040309715926,0.03716281286667653,-0.6197941869180761,0.072871216,-0.10912621,2,2,280.0,0.0,0.0,0.5,0.0,0.0,0.0035587188612099,1.0,1.0,1.131,0.2689591046980935,-0.4870628943647305,0.0,0.5,0.9655,0.1804432043608182,-2.579759108407186,2.0,0.5,-0.207,0.3765315391836386,1.8776647542802205,0.0755555555555555,0.0965798678585309,-2.38207174026016,-2.72345459579188,2.2753432695188,3.76858178525242,1065
-0.19287567775896472,0.2834695551983367,-0.2717757404842148,0.013009198376537514,0.4632184201862358,-0.1919240266534033,0.07045181888214926,-0.49589034018515465,0.08007887,-0.09842044,1,2,238.0,0.0,0.0,0.0,0.0,0.0,0.0,2.0,2.0,1.261,0.4846431677017639,1.5248332159605733,1.0,1.0,0.9665,0.1874239845910869,0.1787391302830784,2.0,0.0,0.0,0.4946986031104712,5.92288469320235,0.0,0.0402497085114652,0.848439742771213,-0.309652414933766,-0.0059486342488876,5.62384392164717,1066
-0.2031474108191085,0.24701982466282288,-0.3238648442248165,-0.2803022196868463,0.23687097058072598,-0.12403040309715926,0.03716281286667653,-0.6197941869180761,0.072871216,-0.10912621,1,2,280.0,0.0,0.0,0.5,0.0,0.0,0.0035587188612099,2.0,2.0,1.203,0.4558409810449253,1.7484167355314018,0.0,0.5,0.9655,0.1804432043608182,-2.579759108407186,2.0,0.0,0.0,0.4952816079376104,5.915228243436404,0.0,0.0965798678585309,1.19592974577084,5.37512331479616,6.33725820890586,7.68225804690249,1067
-0.05120618600510696,0.40926466867196687,0.22288492293656503,-0.20124815256933928,0.12475168368591064,-0.1738684770605379,0.1207380549927549,-0.5893142450172808,0.06862594,-0.10637382,1,1,280.0,0.0,0.0,0.0,0.0,0.0,0.0,1.0,1.0,1.108,0.3692370512286111,-0.2924950235645027,1.0,1.0,1.886,0.4062068438615972,-2.1811547820742225,2.0,0.0,0.0,0.4952816079376104,5.915228243436404,0.1481481481481481,0.3333333333333333,-0.857771903788923,-10.2351272237038,1.34309353513066,-0.53842243516297,1068
-0.18254686261789152,-0.05482621734159629,0.07270794498937094,-2.5214951118417215,-0.3820924864552169,-0.16131621606338054,0.120343445527664,-0.39190932489914054,0.122814536,-0.034377053,1,1,238.0,0.0,0.0,0.0,0.0,0.0,0.0,1.0,1.0,1.129,0.4103157320893265,-0.3143920398643561,1.0,1.0,1.901,0.3939530428870933,-2.2870746051280686,2.0,0.0,0.0,0.4946986031104712,5.92288469320235,0.074074074074074,0.3333333333333333,1.41794918085027,-31.2741974946741,4.20609353513066,6.108056493492,1069
-0.18254686261789152,-0.05482621734159629,0.07270794498937094,-2.5214951118417215,-0.3820924864552169,-0.2017362351396289,0.07213964367862186,-0.4813077090868774,0.113665745,-0.060874358,1,1,238.0,0.0,0.0,0.0,0.0,0.0,0.0,1.0,1.0,1.129,0.4103157320893265,-0.3143920398643561,2.0,2.0,1.769,0.4512637809530032,0.5118957242971325,2.0,0.0,0.0,0.4946986031104712,5.92288469320235,0.074074074074074,0.0,6.95350856790752,-24.3646937790488,-1.30155145196986,0.199240152480942,1070
-0.05120618600510696,0.40926466867196687,0.22288492293656503,-0.20124815256933928,0.12475168368591064,-0.23289543462087936,0.04454333993852287,-0.40004305258159445,0.05273988,-0.03671463,1,1,280.0,0.0,0.0,0.0,0.0,0.0,0.0,1.0,1.0,1.108,0.3692370512286111,-0.2924950235645027,2.0,2.0,1.765,0.4536242938820627,0.5180498557272982,2.0,0.0,0.0,0.4952816079376104,5.915228243436404,0.1481481481481481,0.0,0.334518835134358,-19.7478692231441,1.33722632580791,0.70734823278476,1071
-0.18254686261789152,-0.05482621734159629,0.07270794498937094,-2.5214951118417215,-0.3820924864552169,-0.126869867446033,0.02268589695198233,-0.5630640588246547,0.07517242,-0.096907705,1,1,238.0,0.0,0.0,0.0,0.0,0.0,0.0,1.0,1.0,1.129,0.4103157320893265,-0.3143920398643561,1.0,1.0,1.281,0.4960231849419944,-0.5665057774121193,2.0,0.0,0.0,0.4946986031104712,5.92288469320235,0.074074074074074,0.0714285714285714,-1.20705282510528,-18.1802633095736,4.45502614334629,1.44437159534162,1072
-0.05120618600510696,0.40926466867196687,0.22288492293656503,-0.20124815256933928,0.12475168368591064,-0.2680037699288762,0.12696711572105704,-0.42433832825838413,0.122339964,-0.04727009,1,1,280.0,0.0,0.0,0.0,0.0,0.0,0.0,1.0,1.0,1.108,0.3692370512286111,-0.2924950235645027,1.0,1.0,1.213,0.4665093782551429,-0.4565824609928984,2.0,0.0,0.0,0.4952816079376104,5.915228243436404,0.1481481481481481,0.0714285714285714,5.46687671437205,7.6665408661814,10.1867004237446,5.76197224379014,1073
-0.22126946877844905,0.28140018257276106,-0.13691809371655556,-0.26863715854511555,0.38640738798172003,-0.2680037699288762,0.12696711572105704,-0.42433832825838413,0.122339964,-0.04727009,3,1,280.0,0.0,0.0,0.0,0.0,0.0,0.0,1.0,1.6666666666666667,1.4226666666666663,0.2887090038237271,0.8451416366251466,1.0,1.0,1.213,0.4665093782551429,-0.4565824609928984,2.0,0.0,0.0,0.4952816079376104,5.915228243436404,0.0277777777777777,0.0714285714285714,-5.67444487797763,1.45661481634731,3.14155718590935,0.110072968077457,1074
-0.07349636184346973,0.3284411439311858,-0.33449424685023416,-0.09959048174359389,0.39275400122563237,-0.126869867446033,0.02268589695198233,-0.5630640588246547,0.07517242,-0.096907705,3,1,238.0,0.0,0.0,0.0,0.0,0.0,0.0,1.0,1.3333333333333333,1.476,0.2865146883960169,-0.4979384040146475,1.0,1.0,1.281,0.4960231849419944,-0.5665057774121193,2.0,0.0,0.0,0.4946986031104712,5.92288469320235,0.0527777777777777,0.0714285714285714,-3.49518948649315,-2.22786341259177,-0.0272155665571482,-1.8292381531243,1075
-0.6337708508543911,-2.3203263662368285,2.4361732368789264,1.252901817526343,1.264888886883968,-0.126869867446033,0.02268589695198233,-0.5630640588246547,0.07517242,-0.096907705,1,1,238.0,0.0,1.0,0.0,0.0,0.0042016806722689,0.0,0.0,0.0,1.117,0.394095166171827,-2.834340778270251,1.0,1.0,1.281,0.4960231849419944,-0.5665057774121193,3.0,0.0,0.0,0.4946986031104712,5.92288469320235,0.1320754716981132,0.0714285714285714,-2.70853132085323,-23.3895084757172,-2.14198178774818,-3.29633984183492,1076
-0.09717376301774235,0.24354163246109548,-0.6527720503201792,-0.2614796505562111,-0.07706299199010012,-0.2680037699288762,0.12696711572105704,-0.42433832825838413,0.122339964,-0.04727009,1,1,280.0,0.0,1.0,0.0,0.0,0.0035714285714285,0.0,0.0,0.0,1.073,0.3600985976090437,-2.97973945781635,1.0,1.0,1.213,0.4665093782551429,-0.4565824609928984,3.0,0.0,0.0,0.4952816079376104,5.915228243436404,0.1132075471698113,0.0714285714285714,-3.18978085685841,0.0627744085966853,0.573775419815992,1.79071682161494,1077
-0.19287567775896472,0.2834695551983367,-0.2717757404842148,0.013009198376537514,0.4632184201862358,-0.126869867446033,0.02268589695198233,-0.5630640588246547,0.07517242,-0.096907705,1,1,238.0,0.0,0.0,0.0,0.0,0.0,0.0,2.0,2.0,1.261,0.4846431677017639,1.5248332159605733,1.0,1.0,1.281,0.4960231849419944,-0.5665057774121193,3.0,0.0,0.0,0.4946986031104712,5.92288469320235,0.0,0.0714285714285714,-2.8896601603989,-3.44028860391463,-3.25348163135784,-0.760170135537131,1078
-0.2031474108191085,0.24701982466282288,-0.3238648442248165,-0.2803022196868463,0.23687097058072598,-0.2680037699288762,0.12696711572105704,-0.42433832825838413,0.122339964,-0.04727009,1,1,280.0,0.0,0.0,0.0,0.0,0.0,0.0,2.0,2.0,1.203,0.4558409810449253,1.7484167355314018,1.0,1.0,1.213,0.4665093782551429,-0.4565824609928984,3.0,0.0,0.0,0.4952816079376104,5.915228243436404,0.0,0.0714285714285714,-4.43037720831472,3.70927588701424,4.6246339412011,3.70724963069374,1079
-0.1575692262907865,0.4778646067943418,0.023135085893525836,0.12213420105253406,0.33330122859347494,-0.2680037699288762,0.12696711572105704,-0.42433832825838413,0.122339964,-0.04727009,2,1,280.0,0.0,0.0,0.0,0.0,0.0,0.0,1.0,1.0,1.131,0.2689591046980935,-0.4870628943647305,1.0,1.0,1.213,0.4665093782551429,-0.4565824609928984,3.0,0.0,0.0,0.4952816079376104,5.915228243436404,0.0755555555555555,0.0714285714285714,-4.76707771774635,-3.03145604211317,-2.14914383657668,-3.03842479916215,1080
-0.21846271612483376,0.3792336115742185,0.1421796260277029,-0.11545906998032528,0.42053052703749705,-0.126869867446033,0.02268589695198233,-0.5630640588246547,0.07517242,-0.096907705,2,1,238.0,0.0,0.0,0.0,0.0,0.0,0.0,1.0,1.5,1.1555,0.2656496753244769,1.2968207078710396,1.0,1.0,1.281,0.4960231849419944,-0.5665057774121193,3.0,0.0,0.0,0.4946986031104712,5.92288469320235,0.0341880341880341,0.0714285714285714,-3.69839891775723,-10.0605597944298,-3.8483269493548,-2.92310718705687,1081
-0.13266349412664066,0.3713259938063249,-0.4709977447193711,-0.10728189571136972,-0.23601156513011773,-0.126869867446033,0.02268589695198233,-0.5630640588246547,0.07517242,-0.096907705,6,1,238.0,0.0,0.5,0.0,0.0,0.0124481327800829,0.0,0.0,0.5,1.1413333333333335,0.164730082255792,-3.8932374982820352,1.0,1.0,1.281,0.4960231849419944,-0.5665057774121193,2.0,0.0,0.0,0.4946986031104712,5.92288469320235,0.0862135267424995,0.0714285714285714,-2.6878089733736,-3.8145130636817,1.00911749508965,2.60247257689022,1082
-0.3363533141731358,0.31709063062830595,-0.09688137589360127,-0.0203540228998594,0.677483672156612,-0.2680037699288762,0.12696711572105704,-0.42433832825838413,0.122339964,-0.04727009,6,1,280.0,0.0,0.5,0.0,0.0,0.0106007067137809,0.0,0.0,0.5,1.128,0.1588304476827762,-3.953901844149376,1.0,1.0,1.213,0.4665093782551429,-0.4565824609928984,2.0,0.0,0.0,0.4952816079376104,5.915228243436404,0.1183076483559363,0.0714285714285714,-3.92361640425956,4.74612408088085,5.48420917468232,3.87932061739186,1083
-0.40648215827210094,0.29823329138772536,-0.08784596274536632,-0.04854147922485235,0.6571133123011609,-0.126869867446033,0.02268589695198233,-0.5630640588246547,0.07517242,-0.096907705,2,1,238.0,0.0,0.0,0.0,0.0,0.0,0.0,1.0,1.0,1.039,0.2397477841399165,-0.1626709508073683,1.0,1.0,1.281,0.4960231849419944,-0.5665057774121193,2.0,0.0,0.0,0.4946986031104712,5.92288469320235,0.033565026522773,0.0714285714285714,0.516251089867406,-4.35318869360576,-4.16668770146382,0.838365435757861,1084
-0.135595584291787,0.3389196643062526,-0.4388511845880939,-0.3750246595518684,-0.016173205815531833,-0.2680037699288762,0.12696711572105704,-0.42433832825838413,0.122339964,-0.04727009,2,1,280.0,0.0,0.0,0.0,0.0,0.0,0.0,1.0,1.0,1.002,0.2235978532991763,-0.0089446297023432,1.0,1.0,1.213,0.4665093782551429,-0.4565824609928984,2.0,0.0,0.0,0.4952816079376104,5.915228243436404,0.1277665995975855,0.0714285714285714,-4.28835217660267,-5.81000470682937,-5.41892161435447,-5.091276633001,1085
-0.10186334166672244,0.14717485979138187,-0.6791052654737372,-0.41246203322511116,-0.06083798028210012,-0.2680037699288762,0.12696711572105704,-0.42433832825838413,0.122339964,-0.04727009,1,1,280.0,0.0,1.0,0.0,0.0,0.0035714285714285,0.0,0.0,0.0,0.902,0.2973146481423342,-3.0338229402279,1.0,1.0,1.213,0.4665093782551429,-0.4565824609928984,3.0,0.0,0.0,0.4952816079376104,5.915228243436404,0.085820895522388,0.0714285714285714,-6.05380019009843,6.45592469598238,8.21237502946122,3.37642204635847,1086
-0.08722911042599589,0.29568692958739073,-0.45923218581522085,-0.03625730830096084,-0.12286963467437396,-0.126869867446033,0.02268589695198233,-0.5630640588246547,0.07517242,-0.096907705,1,1,238.0,0.0,1.0,0.0,0.0,0.0042016806722689,0.0,0.0,0.0,0.893,0.3091132478558627,-2.8889088584660065,1.0,1.0,1.281,0.4960231849419944,-0.5665057774121193,3.0,0.0,0.0,0.4946986031104712,5.92288469320235,0.0764925373134328,0.0714285714285714,-6.57741976248756,-17.3321049319458,-2.86646401331638,-4.69488000607907,1087
-0.10553401740647815,0.2640751572261307,-0.3286940827677797,-0.294371875010497,0.1342749207027766,-0.2017362351396289,0.07213964367862186,-0.4813077090868774,0.113665745,-0.060874358,1,1,238.0,0.0,0.0,0.0,0.0,0.0,0.0,2.0,2.0,1.642,0.4876843241278111,0.7340814176060667,2.0,2.0,1.769,0.4512637809530032,0.5118957242971325,4.0,0.0,0.0,0.4946986031104712,5.92288469320235,0.0,0.0,1.40971126253013,-9.48147540031901,-5.94366256308097,-4.99200490488732,1088
-0.22674718755457146,0.3314209232699406,-0.2285004800486225,0.10851384561616884,-0.007472946228658759,-0.23289543462087936,0.04454333993852287,-0.40004305258159445,0.05273988,-0.03671463,1,1,280.0,0.0,0.0,0.0,0.0,0.0,0.0,2.0,2.0,1.608,0.5141361687335371,0.7624439279687458,2.0,2.0,1.765,0.4536242938820627,0.5180498557272982,4.0,0.0,0.0,0.4952816079376104,5.915228243436404,0.0,0.0,8.28159159262577,8.35914297232314,10.3510041035857,9.77002068343844,1089
-0.10553401740647815,0.2640751572261307,-0.3286940827677797,-0.294371875010497,0.1342749207027766,0.08628800646205997,-0.03206521111272899,-0.45662378873921755,0.23054022,-0.08890957,1,4,238.0,0.0,0.0,0.0,0.0,0.0,0.0,2.0,2.0,1.642,0.4876843241278111,0.7340814176060667,1.0,1.0,0.95775,0.1314436666408846,0.3214304734470823,2.0,0.0,0.0,0.4946986031104712,5.92288469320235,0.0,0.0550092290231879,-2.88553611808628,-3.66062560103928,-2.28368424264711,-4.97585187849985,1090
-0.22674718755457146,0.3314209232699406,-0.2285004800486225,0.10851384561616884,-0.007472946228658759,1.3415066136999731,-0.021287453436044487,-0.1673950796843896,0.41812313,-0.42363846,1,4,280.0,0.0,0.0,0.25,0.0,0.0,0.0035335689045936,2.0,2.0,1.608,0.5141361687335371,0.7624439279687458,0.0,0.75,0.96475,0.1217371656479647,-1.7640463276515457,2.0,0.0,0.0,0.4952816079376104,5.915228243436404,0.0,0.0881410876891149,8.58657072402713,12.855945509849,13.5672046462418,8.47125631593662,1091
-0.10186334166672244,0.14717485979138187,-0.6791052654737372,-0.41246203322511116,-0.06083798028210012,-0.2667497795748179,0.15153846346286065,-0.4182074426931342,0.078725114,0.051823795,1,1,280.0,0.0,1.0,0.0,0.0,0.0035714285714285,0.0,0.0,0.0,0.902,0.2973146481423342,-3.0338229402279,2.0,2.0,1.751,0.4505541032994816,0.5526528294305441,3.0,0.0,0.0,0.4952816079376104,5.915228243436404,0.085820895522388,0.0,-3.32483551673102,0.254031188185739,0.0431152146968114,-2.28554494407979,1092
-0.08722911042599589,0.29568692958739073,-0.45923218581522085,-0.03625730830096084,-0.12286963467437396,-0.13515334565373371,0.03629430579103768,-0.6733385503273589,0.045374162,-0.11343424,1,1,238.0,0.0,1.0,0.0,0.0,0.0042016806722689,0.0,0.0,0.0,0.893,0.3091132478558627,-2.8889088584660065,2.0,2.0,1.778,0.4297859932571093,0.5165361446928163,3.0,0.0,0.0,0.4946986031104712,5.92288469320235,0.0764925373134328,0.0,-0.836197967583271,3.23934717793392,2.44689299247459,3.49466590560652,1093
-0.05120618600510696,0.40926466867196687,0.22288492293656503,-0.20124815256933928,0.12475168368591064,1.3415066136999731,-0.021287453436044487,-0.1673950796843896,0.41812313,-0.42363846,1,4,280.0,0.0,0.0,0.25,0.0,0.0,0.0035335689045936,1.0,1.0,1.108,0.3692370512286111,-0.2924950235645027,0.0,0.75,0.96475,0.1217371656479647,-1.7640463276515457,2.0,0.0,0.0,0.4952816079376104,5.915228243436404,0.1481481481481481,0.0881410876891149,-0.291587383061678,3.23581504413912,7.51362526979378,3.52324254528294,1094
-2.043289009040621,-3.4644857650925767,3.9698366408036727,-1.3253988374957228,-5.780500397223112,3.5502952341098335,-2.507642239601731,1.8390956159893006,0.5281734,-1.6189758,1,4,1834.0,0.0,1.0,0.75,0.0,0.0005452562704471,0.0016348773841961,0.0,0.0,0.873,0.3329729718760968,-2.621834424221236,0.0,0.25,0.764,0.2157637597002795,-2.382235092278725,2.0,0.0,0.0,0.46280788768264797,2.7944592902593897,0.3888888888888889,0.2641156411462355,4.0168566503726,-8.27228936324004,4.92864909068622,3.40683979443008,1095
-0.18254686261789152,-0.05482621734159629,0.07270794498937094,-2.5214951118417215,-0.3820924864552169,0.08628800646205997,-0.03206521111272899,-0.45662378873921755,0.23054022,-0.08890957,1,4,238.0,0.0,0.0,0.0,0.0,0.0,0.0,1.0,1.0,1.129,0.4103157320893265,-0.3143920398643561,1.0,1.0,0.95775,0.1314436666408846,0.3214304734470823,2.0,0.0,0.0,0.4946986031104712,5.92288469320235,0.074074074074074,0.0550092290231879,4.04420406071917,0.804656717818792,8.02129193646045,6.66750384553508,1096
-0.135595584291787,0.3389196643062526,-0.4388511845880939,-0.3750246595518684,-0.016173205815531833,-0.2667497795748179,0.15153846346286065,-0.4182074426931342,0.078725114,0.051823795,2,1,280.0,0.0,0.0,0.0,0.0,0.0,0.0,1.0,1.0,1.002,0.2235978532991763,-0.0089446297023432,2.0,2.0,1.751,0.4505541032994816,0.5526528294305441,3.0,0.0,0.0,0.4952816079376104,5.915228243436404,0.1277665995975855,0.0,0.516825728144489,2.60535527058835,2.63216314444789,3.2784510300946,1097
-0.40648215827210094,0.29823329138772536,-0.08784596274536632,-0.04854147922485235,0.6571133123011609,-0.13515334565373371,0.03629430579103768,-0.6733385503273589,0.045374162,-0.11343424,2,1,238.0,0.0,0.0,0.0,0.0,0.0,0.0,1.0,1.0,1.039,0.2397477841399165,-0.1626709508073683,2.0,2.0,1.778,0.4297859932571093,0.5165361446928163,3.0,0.0,0.0,0.4946986031104712,5.92288469320235,0.033565026522773,0.0,3.09942542056721,-6.51712782633359,-5.5070775870193,-0.297890007235296,1098
-0.13266349412664066,0.3713259938063249,-0.4709977447193711,-0.10728189571136972,-0.23601156513011773,-0.13515334565373371,0.03629430579103768,-0.6733385503273589,0.045374162,-0.11343424,6,1,238.0,0.0,0.5,0.0,0.0,0.0124481327800829,0.0,0.0,0.5,1.1413333333333335,0.164730082255792,-3.8932374982820352,2.0,2.0,1.778,0.4297859932571093,0.5165361446928163,3.0,0.0,0.0,0.4946986031104712,5.92288469320235,0.0862135267424995,0.0,0.0744859058576149,1.10269715994133,1.38930047130543,4.33609402020059,1099
-0.3363533141731358,0.31709063062830595,-0.09688137589360127,-0.0203540228998594,0.677483672156612,-0.2667497795748179,0.15153846346286065,-0.4182074426931342,0.078725114,0.051823795,6,1,280.0,0.0,0.5,0.0,0.0,0.0106007067137809,0.0,0.0,0.5,1.128,0.1588304476827762,-3.953901844149376,2.0,2.0,1.751,0.4505541032994816,0.5526528294305441,3.0,0.0,0.0,0.4952816079376104,5.915228243436404,0.1183076483559363,0.0,-2.1658518521956,3.35550155872957,3.4747535026729,2.69643251955291,1100
-0.1575692262907865,0.4778646067943418,0.023135085893525836,0.12213420105253406,0.33330122859347494,-0.2667497795748179,0.15153846346286065,-0.4182074426931342,0.078725114,0.051823795,2,1,280.0,0.0,0.0,0.0,0.0,0.0,0.0,1.0,1.0,1.131,0.2689591046980935,-0.4870628943647305,2.0,2.0,1.751,0.4505541032994816,0.5526528294305441,3.0,0.0,0.0,0.4952816079376104,5.915228243436404,0.0755555555555555,0.0,-0.50862709369135,1.33488962387033,1.52188536667012,1.89958772488342,1101
-0.21846271612483376,0.3792336115742185,0.1421796260277029,-0.11545906998032528,0.42053052703749705,-0.13515334565373371,0.03629430579103768,-0.6733385503273589,0.045374162,-0.11343424,2,1,238.0,0.0,0.0,0.0,0.0,0.0,0.0,1.0,1.5,1.1555,0.2656496753244769,1.2968207078710396,2.0,2.0,1.778,0.4297859932571093,0.5165361446928163,3.0,0.0,0.0,0.4946986031104712,5.92288469320235,0.0341880341880341,0.0,-0.354409306326908,3.16372402093885,3.44018936019432,5.68651475708114,1102
-0.19287567775896472,0.2834695551983367,-0.2717757404842148,0.013009198376537514,0.4632184201862358,-0.13515334565373371,0.03629430579103768,-0.6733385503273589,0.045374162,-0.11343424,1,1,238.0,0.0,0.0,0.0,0.0,0.0,0.0,2.0,2.0,1.261,0.4846431677017639,1.5248332159605733,2.0,2.0,1.778,0.4297859932571093,0.5165361446928163,3.0,0.0,0.0,0.4946986031104712,5.92288469320235,0.0,0.0,0.280118499668534,-1.14351055065916,-0.611643973139015,3.3940697631613,1103
-0.2031474108191085,0.24701982466282288,-0.3238648442248165,-0.2803022196868463,0.23687097058072598,-0.2667497795748179,0.15153846346286065,-0.4182074426931342,0.078725114,0.051823795,1,1,280.0,0.0,0.0,0.0,0.0,0.0,0.0,2.0,2.0,1.203,0.4558409810449253,1.7484167355314018,2.0,2.0,1.751,0.4505541032994816,0.5526528294305441,3.0,0.0,0.0,0.4952816079376104,5.915228243436404,0.0,0.0,-0.325975484875836,1.71516241023014,1.86210758889234,2.10007943536843,1104
-0.6337708508543911,-2.3203263662368285,2.4361732368789264,1.252901817526343,1.264888886883968,-0.13515334565373371,0.03629430579103768,-0.6733385503273589,0.045374162,-0.11343424,1,1,238.0,0.0,1.0,0.0,0.0,0.0042016806722689,0.0,0.0,0.0,1.117,0.394095166171827,-2.834340778270251,2.0,2.0,1.778,0.4297859932571093,0.5165361446928163,3.0,0.0,0.0,0.4946986031104712,5.92288469320235,0.1320754716981132,0.0,7.59373426986762,1.91572286647649,5.97722632580792,6.84954533367487,1105
-0.09717376301774235,0.24354163246109548,-0.6527720503201792,-0.2614796505562111,-0.07706299199010012,-0.2667497795748179,0.15153846346286065,-0.4182074426931342,0.078725114,0.051823795,1,1,280.0,0.0,1.0,0.0,0.0,0.0035714285714285,0.0,0.0,0.0,1.073,0.3600985976090437,-2.97973945781635,2.0,2.0,1.751,0.4505541032994816,0.5526528294305441,3.0,0.0,0.0,0.4952816079376104,5.915228243436404,0.1132075471698113,0.0,0.498110038302962,-2.10142362864192,-1.23239468841671,0.0557346885933418,1106
-0.22126946877844905,0.28140018257276106,-0.13691809371655556,-0.26863715854511555,0.38640738798172003,-0.2667497795748179,0.15153846346286065,-0.4182074426931342,0.078725114,0.051823795,3,1,280.0,0.0,0.0,0.0,0.0,0.0,0.0,1.0,1.6666666666666667,1.4226666666666663,0.2887090038237271,0.8451416366251466,2.0,2.0,1.751,0.4505541032994816,0.5526528294305441,3.0,0.0,0.0,0.4952816079376104,5.915228243436404,0.0277777777777777,0.0,-2.45571006946294,-3.80845868544474,-4.23017901726329,-6.51470982768939,1107
-0.07349636184346973,0.3284411439311858,-0.33449424685023416,-0.09959048174359389,0.39275400122563237,-0.13515334565373371,0.03629430579103768,-0.6733385503273589,0.045374162,-0.11343424,3,1,238.0,0.0,0.0,0.0,0.0,0.0,0.0,1.0,1.3333333333333333,1.476,0.2865146883960169,-0.4979384040146475,2.0,2.0,1.778,0.4297859932571093,0.5165361446928163,3.0,0.0,0.0,0.4946986031104712,5.92288469320235,0.0527777777777777,0.0,5.65938547531546,2.35661177003442,1.18678188136347,2.43195404490333,1108
-0.09717376301774235,0.24354163246109548,-0.6527720503201792,-0.2614796505562111,-0.07706299199010012,-0.44210501288610893,-0.9033009689666198,0.24841197183334854,0.270508,0.14052214,1,2,280.0,0.0,1.0,1.0,0.0,0.0035714285714285,0.0071428571428571,0.0,0.0,1.073,0.3600985976090437,-2.97973945781635,0.0,0.0,0.446,0.1551902058765307,-2.873892701417237,2.0,0.0,0.0,0.4952816079376104,5.915228243436404,0.1132075471698113,0.0364866414402018,7.62746925841275,4.77387160854895,7.93022385257599,9.12073492905137,1109
-0.6337708508543911,-2.3203263662368285,2.4361732368789264,1.252901817526343,1.264888886883968,-0.14360942797040527,0.0038257931873807295,-0.609655744105659,0.076310426,-0.095880345,1,2,238.0,0.0,1.0,0.0,0.0,0.0042016806722689,0.0,0.0,0.0,1.117,0.394095166171827,-2.834340778270251,1.0,1.0,0.9295,0.1740107755284137,0.405147323698286,2.0,0.0,0.0,0.4946986031104712,5.92288469320235,0.1320754716981132,0.0268294920307304,8.56081342215265,-3.89664096344519,7.50789299247459,10.4874131616799,1110
-0.10186334166672244,0.14717485979138187,-0.6791052654737372,-0.41246203322511116,-0.06083798028210012,1.3415066136999731,-0.021287453436044487,-0.1673950796843896,0.41812313,-0.42363846,1,4,280.0,0.0,1.0,0.25,0.0,0.0035714285714285,0.0035335689045936,0.0,0.0,0.902,0.2973146481423342,-3.0338229402279,0.0,0.75,0.96475,0.1217371656479647,-1.7640463276515457,1.0,0.0,0.0,0.4952816079376104,5.915228243436404,0.085820895522388,0.0881410876891149,-4.62858150555415,4.47377204314883,5.09342710550297,2.65311421451795,1111
-0.08722911042599589,0.29568692958739073,-0.45923218581522085,-0.03625730830096084,-0.12286963467437396,0.08628800646205997,-0.03206521111272899,-0.45662378873921755,0.23054022,-0.08890957,1,4,238.0,0.0,1.0,0.0,0.0,0.0042016806722689,0.0,0.0,0.0,0.893,0.3091132478558627,-2.8889088584660065,1.0,1.0,0.95775,0.1314436666408846,0.3214304734470823,1.0,0.0,0.0,0.4946986031104712,5.92288469320235,0.0764925373134328,0.0550092290231879,0.996400247508341,5.4162891194034,7.37451415868268,6.6086864663366,1112
-0.052989973467087365,0.21227919146266333,-0.6083998744390852,-0.08886155667139391,-0.16533153573602258,3.5502952341098335,-2.507642239601731,1.8390956159893006,0.5281734,-1.6189758,1,4,1834.0,0.0,1.0,0.75,0.0,0.0005452562704471,0.0016348773841961,0.0,0.0,0.656,0.4750410508577126,-1.3809332873770723,0.0,0.25,0.764,0.2157637597002795,-2.382235092278725,1.0,0.0,0.0,0.46280788768264797,2.7944592902593897,0.3675373134328358,0.2641156411462355,2.71805638408661,8.02029452186626,9.02114909068622,6.13249343757638,1113
-0.13266349412664066,0.3713259938063249,-0.4709977447193711,-0.10728189571136972,-0.23601156513011773,-0.14360942797040527,0.0038257931873807295,-0.609655744105659,0.076310426,-0.095880345,6,2,238.0,0.0,0.5,0.0,0.0,0.0124481327800829,0.0,0.0,0.5,1.1413333333333335,0.164730082255792,-3.8932374982820352,1.0,1.0,0.9295,0.1740107755284137,0.405147323698286,1.0,0.3333333333333335,-0.2502916666666668,0.2731025162370351,2.1370180254708897,0.0862135267424995,0.0268294920307304,5.2856853171229,5.10485098856133,7.90319177015994,12.6036169993783,1114
-0.3363533141731358,0.31709063062830595,-0.09688137589360127,-0.0203540228998594,0.677483672156612,-0.44210501288610893,-0.9033009689666198,0.24841197183334854,0.270508,0.14052214,6,2,280.0,0.0,0.5,1.0,0.0,0.0106007067137809,0.0071428571428571,0.0,0.5,1.128,0.1588304476827762,-3.953901844149376,0.0,0.0,0.446,0.1551902058765307,-2.873892701417237,1.0,0.3333333333333335,-0.2502916666666668,0.2731025162370351,2.1370180254708897,0.1183076483559363,0.0364866414402018,6.58378173639345,12.8201925196694,13.7577477111892,10.7541907231132,1115
-0.19287567775896472,0.2834695551983367,-0.2717757404842148,0.013009198376537514,0.4632184201862358,-0.14360942797040527,0.0038257931873807295,-0.609655744105659,0.076310426,-0.095880345,1,2,238.0,0.0,0.0,0.0,0.0,0.0,0.0,2.0,2.0,1.261,0.4846431677017639,1.5248332159605733,1.0,1.0,0.9295,0.1740107755284137,0.405147323698286,2.0,0.0,0.0,0.4946986031104712,5.92288469320235,0.0,0.0268294920307304,4.32593140632967,5.43121171974947,5.73751112593817,11.1711104334078,1116
-0.2031474108191085,0.24701982466282288,-0.3238648442248165,-0.2803022196868463,0.23687097058072598,-0.44210501288610893,-0.9033009689666198,0.24841197183334854,0.270508,0.14052214,1,2,280.0,0.0,0.0,1.0,0.0,0.0,0.0071428571428571,2.0,2.0,1.203,0.4558409810449253,1.7484167355314018,0.0,0.0,0.446,0.1551902058765307,-2.873892701417237,2.0,0.0,0.0,0.4952816079376104,5.915228243436404,0.0,0.0364866414402018,2.22637497939139,10.9333143648841,11.433334764369,9.49638975249469,1117
-0.1575692262907865,0.4778646067943418,0.023135085893525836,0.12213420105253406,0.33330122859347494,-0.44210501288610893,-0.9033009689666198,0.24841197183334854,0.270508,0.14052214,2,2,280.0,0.0,0.0,1.0,0.0,0.0,0.0071428571428571,1.0,1.0,1.131,0.2689591046980935,-0.4870628943647305,0.0,0.0,0.446,0.1551902058765307,-2.873892701417237,2.0,0.5,-0.289,0.4274681274668322,1.845751646270328,0.0755555555555555,0.0364866414402018,5.6279839417451,10.1321928625797,10.777334764369,8.99784864640018,1118
-0.21846271612483376,0.3792336115742185,0.1421796260277029,-0.11545906998032528,0.42053052703749705,-0.14360942797040527,0.0038257931873807295,-0.609655744105659,0.076310426,-0.095880345,2,2,238.0,0.0,0.0,0.0,0.0,0.0,0.0,1.0,1.5,1.1555,0.2656496753244769,1.2968207078710396,1.0,1.0,0.9295,0.1740107755284137,0.405147323698286,2.0,0.5,-0.289,0.4274681274668322,1.845751646270328,0.0341880341880341,0.0268294920307304,4.27348314135798,4.04973547934812,7.82715242176524,12.3423795084977,1119
-0.135595584291787,0.3389196643062526,-0.4388511845880939,-0.3750246595518684,-0.016173205815531833,-0.44210501288610893,-0.9033009689666198,0.24841197183334854,0.270508,0.14052214,2,2,280.0,0.0,0.0,1.0,0.0,0.0,0.0071428571428571,1.0,1.0,1.002,0.2235978532991763,-0.0089446297023432,0.0,0.0,0.446,0.1551902058765307,-2.873892701417237,2.0,1.0,-0.297,0.4487939393530175,2.889967725209833,0.1277665995975855,0.0364866414402018,1.10128778013897,4.08667866086003,5.81758321112818,5.59852474305836,1120
-0.40648215827210094,0.29823329138772536,-0.08784596274536632,-0.04854147922485235,0.6571133123011609,-0.14360942797040527,0.0038257931873807295,-0.609655744105659,0.076310426,-0.095880345,2,2,238.0,0.0,0.0,0.0,0.0,0.0,0.0,1.0,1.0,1.039,0.2397477841399165,-0.1626709508073683,1.0,1.0,0.9295,0.1740107755284137,0.405147323698286,2.0,1.0,-0.297,0.4487939393530175,2.889967725209833,0.033565026522773,0.0268294920307304,6.36686511297292,1.63320396245723,0.165749754639399,6.27149953214802,1121
-0.22126946877844905,0.28140018257276106,-0.13691809371655556,-0.26863715854511555,0.38640738798172003,1.3415066136999731,-0.021287453436044487,-0.1673950796843896,0.41812313,-0.42363846,3,4,280.0,0.0,0.0,0.25,0.0,0.0,0.0035335689045936,1.0,1.6666666666666667,1.4226666666666663,0.2887090038237271,0.8451416366251466,0.0,0.75,0.96475,0.1217371656479647,-1.7640463276515457,2.0,-0.25,-0.0416130952380953,0.2997832573407039,-0.6951252268403794,0.0277777777777777,0.0881410876891149,-4.55111632817732,-5.35255736480296,2.15820488328074,0.754658580681379,1122
-0.07349636184346973,0.3284411439311858,-0.33449424685023416,-0.09959048174359389,0.39275400122563237,0.08628800646205997,-0.03206521111272899,-0.45662378873921755,0.23054022,-0.08890957,3,4,238.0,0.0,0.0,0.0,0.0,0.0,0.0,1.0,1.3333333333333333,1.476,0.2865146883960169,-0.4979384040146475,1.0,1.0,0.95775,0.1314436666408846,0.3214304734470823,2.0,-0.25,-0.0416130952380953,0.2997832573407039,-0.6951252268403794,0.0527777777777777,0.0550092290231879,1.69940331939876,-7.45038170071718,3.02820488328074,3.2136047415136,1123
-0.6337708508543911,-2.3203263662368285,2.4361732368789264,1.252901817526343,1.264888886883968,0.08628800646205997,-0.03206521111272899,-0.45662378873921755,0.23054022,-0.08890957,1,4,238.0,0.0,1.0,0.0,0.0,0.0042016806722689,0.0,0.0,0.0,1.117,0.394095166171827,-2.834340778270251,1.0,1.0,0.95775,0.1314436666408846,0.3214304734470823,2.0,0.0,0.0,0.4946986031104712,5.92288469320235,0.1320754716981132,0.0550092290231879,2.95532625947287,-1.93445644830382,6.55331575735289,4.72616526715442,1124
-0.12305055490185358,0.3506304468971998,-0.4925148016077096,-0.34334353050481337,0.004392159368253913,3.5502952341098335,-2.507642239601731,1.8390956159893006,0.5281734,-1.6189758,1,4,1834.0,0.0,1.0,0.75,0.0,0.0005452562704471,0.0016348773841961,0.0,0.0,0.863,0.3438473498516456,-2.509834670449969,0.0,0.25,0.764,0.2157637597002795,-2.382235092278725,2.0,0.0,0.0,0.46280788768264797,2.7944592902593897,0.3962264150943396,0.2641156411462355,-1.28142827067377,-5.70991078704141,-1.98665316236324,0.157146329504308,1125
-0.09717376301774235,0.24354163246109548,-0.6527720503201792,-0.2614796505562111,-0.07706299199010012,1.3415066136999731,-0.021287453436044487,-0.1673950796843896,0.41812313,-0.42363846,1,4,280.0,0.0,1.0,0.25,0.0,0.0035714285714285,0.0035335689045936,0.0,0.0,1.073,0.3600985976090437,-2.97973945781635,0.0,0.75,0.96475,0.1217371656479647,-1.7640463276515457,2.0,0.0,0.0,0.4952816079376104,5.915228243436404,0.1132075471698113,0.0881410876891149,-4.39777295095811,-13.3135948594699,-0.626442814090653,0.560169781625317,1126
-0.135595584291787,0.3389196643062526,-0.4388511845880939,-0.3750246595518684,-0.016173205815531833,1.3415066136999731,-0.021287453436044487,-0.1673950796843896,0.41812313,-0.42363846,2,4,280.0,0.0,0.0,0.25,0.0,0.0,0.0035335689045936,1.0,1.0,1.002,0.2235978532991763,-0.0089446297023432,0.0,0.75,0.96475,0.1217371656479647,-1.7640463276515457,2.0,0.75,-0.0302083333333333,0.3497205605710237,2.230947851791754,0.1277665995975855,0.0881410876891149,-3.02947312835197,-1.62414573958141,1.16341437785593,1.87152374841009,1127
-0.40648215827210094,0.29823329138772536,-0.08784596274536632,-0.04854147922485235,0.6571133123011609,0.08628800646205997,-0.03206521111272899,-0.45662378873921755,0.23054022,-0.08890957,2,4,238.0,0.0,0.0,0.0,0.0,0.0,0.0,1.0,1.0,1.039,0.2397477841399165,-0.1626709508073683,1.0,1.0,0.95775,0.1314436666408846,0.3214304734470823,2.0,0.75,-0.0302083333333333,0.3497205605710237,2.230947851791754,0.033565026522773,0.0550092290231879,-1.44178359529529,-14.2019473282002,-1.97409327359648,2.85549489984474,1128
-0.1382053603557904,0.268159831072943,-0.45147023161501865,-0.17498143682541953,0.052591849466012745,3.5502952341098335,-2.507642239601731,1.8390956159893006,0.5281734,-1.6189758,2,4,1834.0,0.0,1.0,0.75,0.0,0.0010905125408942,0.0016348773841961,0.0,0.0,0.786,0.2927524551562292,-2.684862197246292,0.0,0.25,0.764,0.2157637597002795,-2.382235092278725,2.0,0.75,-0.0302083333333333,0.3497205605710237,2.230947851791754,0.4212548015364916,0.2641156411462355,-3.55845839408695,-1.03390638646057,0.339211668594246,0.263760128945497,1129
-0.19287567775896472,0.2834695551983367,-0.2717757404842148,0.013009198376537514,0.4632184201862358,0.08628800646205997,-0.03206521111272899,-0.45662378873921755,0.23054022,-0.08890957,1,4,238.0,0.0,0.0,0.0,0.0,0.0,0.0,2.0,2.0,1.261,0.4846431677017639,1.5248332159605733,1.0,1.0,0.95775,0.1314436666408846,0.3214304734470823,2.0,0.0,0.0,0.4946986031104712,5.92288469320235,0.0,0.0550092290231879,-4.29982896817959,-9.11850790951753,-3.14236339992185,-0.429340963617744,1130
-0.2031474108191085,0.24701982466282288,-0.3238648442248165,-0.2803022196868463,0.23687097058072598,1.3415066136999731,-0.021287453436044487,-0.1673950796843896,0.41812313,-0.42363846,1,4,280.0,0.0,0.0,0.25,0.0,0.0,0.0035335689045936,2.0,2.0,1.203,0.4558409810449253,1.7484167355314018,0.0,0.75,0.96475,0.1217371656479647,-1.7640463276515457,2.0,0.0,0.0,0.4952816079376104,5.915228243436404,0.0,0.0881410876891149,-3.00195247898352,-2.58076855011897,4.1780810445226,3.72353235506864,1131
-0.1575692262907865,0.4778646067943418,0.023135085893525836,0.12213420105253406,0.33330122859347494,1.3415066136999731,-0.021287453436044487,-0.1673950796843896,0.41812313,-0.42363846,2,4,280.0,0.0,0.0,0.25,0.0,0.0,0.0035335689045936,1.0,1.0,1.131,0.2689591046980935,-0.4870628943647305,0.0,0.75,0.96475,0.1217371656479647,-1.7640463276515457,2.0,0.25,-0.0500416666666667,0.3289994274522205,0.9119823368392967,0.0755555555555555,0.0881410876891149,-5.76980200489384,-2.49236093845166,1.97474771118927,1.55381036008524,1132
-0.14631145303933005,0.4532444314731223,-0.09332995639125194,0.21677019387392435,0.23664630947486645,3.5502952341098335,-2.507642239601731,1.8390956159893006,0.5281734,-1.6189758,2,4,1834.0,0.0,1.0,0.75,0.0,0.0010905125408942,0.0016348773841961,0.0,0.0,0.845,0.2558808316384796,-3.302318483917762,0.0,0.25,0.764,0.2157637597002795,-2.382235092278725,2.0,0.25,-0.0500416666666667,0.3289994274522205,0.9119823368392967,0.3423931623931624,0.2641156411462355,-6.0422900316462,-2.70620053074446,-1.12039944251687,-0.891609636381101,1133
-0.21846271612483376,0.3792336115742185,0.1421796260277029,-0.11545906998032528,0.42053052703749705,0.08628800646205997,-0.03206521111272899,-0.45662378873921755,0.23054022,-0.08890957,2,4,238.0,0.0,0.0,0.0,0.0,0.0,0.0,1.0,1.5,1.1555,0.2656496753244769,1.2968207078710396,1.0,1.0,0.95775,0.1314436666408846,0.3214304734470823,2.0,0.25,-0.0500416666666667,0.3289994274522205,0.9119823368392967,0.0341880341880341,0.0550092290231879,-2.3188568587902,-1.78381348584774,-0.283192510757953,0.873724160916598,1134
-0.13266349412664066,0.3713259938063249,-0.4709977447193711,-0.10728189571136972,-0.23601156513011773,0.08628800646205997,-0.03206521111272899,-0.45662378873921755,0.23054022,-0.08890957,6,4,238.0,0.0,0.5,0.0,0.0,0.0124481327800829,0.0,0.0,0.5,1.1413333333333335,0.164730082255792,-3.8932374982820352,1.0,1.0,0.95775,0.1314436666408846,0.3214304734470823,1.0,0.3833333333333335,0.2698583333333332,0.2225605895967807,0.5098611582831718,0.0862135267424995,0.0550092290231879,-3.39362160550113,-4.75760859061362,-2.72301385942767,-0.934354900702784,1135
-0.23435830810769367,0.22079936505545283,-0.23601615609633303,-0.1613065103105533,0.17001103257208514,3.5502952341098335,-2.507642239601731,1.8390956159893006,0.5281734,-1.6189758,6,4,1834.0,0.0,0.6666666666666666,0.75,0.0,0.0021786492374727,0.0016348773841961,0.0,0.3333333333333333,0.8241666666666667,0.1561672002836845,-3.1429988655858168,0.0,0.25,0.764,0.2157637597002795,-2.382235092278725,1.0,0.3833333333333335,0.2698583333333332,0.2225605895967807,0.5098611582831718,0.3650691543360551,0.2641156411462355,-4.17456468724655,1.92295639796524,3.37170182525692,2.24628249714657,1136
-0.3363533141731358,0.31709063062830595,-0.09688137589360127,-0.0203540228998594,0.677483672156612,1.3415066136999731,-0.021287453436044487,-0.1673950796843896,0.41812313,-0.42363846,6,4,280.0,0.0,0.5,0.25,0.0,0.0106007067137809,0.0035335689045936,0.0,0.5,1.128,0.1588304476827762,-3.953901844149376,0.0,0.75,0.96475,0.1217371656479647,-1.7640463276515457,1.0,0.3833333333333335,0.2698583333333332,0.2225605895967807,0.5098611582831718,0.1183076483559363,0.0881410876891149,-4.22316077898081,-5.06042031862063,-0.328410450327589,-1.20858844375724,1137
-0.08722911042599589,0.29568692958739073,-0.45923218581522085,-0.03625730830096084,-0.12286963467437396,-0.11517605966135847,0.09192702375007683,-0.5994968734055475,0.08285704,-0.11144397,1,2,238.0,0.0,1.0,0.0,0.0,0.0042016806722689,0.0,0.0,0.0,0.893,0.3091132478558627,-2.8889088584660065,2.0,2.0,1.628,0.3414908490721237,1.089341049725853,3.0,0.0,0.0,0.4946986031104712,5.92288469320235,0.0764925373134328,0.0,0.498196911415376,0.218787872519937,-0.569107466666666,1.50092900521131,1138
-0.10186334166672244,0.14717485979138187,-0.6791052654737372,-0.41246203322511116,-0.06083798028210012,-0.3584885190441291,0.10675214109056994,-0.41189168748257265,0.073197186,-0.05751042,1,2,280.0,0.0,1.0,0.0,0.0,0.0035714285714285,0.0,0.0,0.0,0.902,0.2973146481423342,-3.0338229402279,2.0,2.0,1.639,0.3566216482492334,1.0122773022116331,3.0,0.0,0.0,0.4952816079376104,5.915228243436404,0.085820895522388,0.0,-2.63979247914635,-2.33341018574277,-2.33188666666667,-0.2118562731198,1139
-0.18254686261789152,-0.05482621734159629,0.07270794498937094,-2.5214951118417215,-0.3820924864552169,-0.13515334565373371,0.03629430579103768,-0.6733385503273589,0.045374162,-0.11343424,1,1,238.0,0.0,0.0,0.0,0.0,0.0,0.0,1.0,1.0,1.129,0.4103157320893265,-0.3143920398643561,2.0,2.0,1.778,0.4297859932571093,0.5165361446928163,2.0,0.0,0.0,0.4946986031104712,5.92288469320235,0.074074074074074,0.0,0.0994117400894728,-12.8787186084003,-2.24699533333333,-1.27803418641886,1140
-0.05120618600510696,0.40926466867196687,0.22288492293656503,-0.20124815256933928,0.12475168368591064,-0.2667497795748179,0.15153846346286065,-0.4182074426931342,0.078725114,0.051823795,1,1,280.0,0.0,0.0,0.0,0.0,0.0,0.0,1.0,1.0,1.108,0.3692370512286111,-0.2924950235645027,2.0,2.0,1.751,0.4505541032994816,0.5526528294305441,2.0,0.0,0.0,0.4952816079376104,5.915228243436404,0.1481481481481481,0.0,-1.47110532504335,-6.4869371066568,-2.05880193333333,-3.63515143403132,1141
-0.09717376301774235,0.24354163246109548,-0.6527720503201792,-0.2614796505562111,-0.07706299199010012,-0.3584885190441291,0.10675214109056994,-0.41189168748257265,0.073197186,-0.05751042,1,2,280.0,0.0,1.0,0.0,0.0,0.0035714285714285,0.0,0.0,0.0,1.073,0.3600985976090437,-2.97973945781635,2.0,2.0,1.639,0.3566216482492334,1.0122773022116331,3.0,0.0,0.0,0.4952816079376104,5.915228243436404,0.1132075471698113,0.0,2.11730062378054,-3.07522935445144,-2.82877801111111,-0.312748485413606,1142
-0.6337708508543911,-2.3203263662368285,2.4361732368789264,1.252901817526343,1.264888886883968,-0.11517605966135847,0.09192702375007683,-0.5994968734055475,0.08285704,-0.11144397,1,2,238.0,0.0,1.0,0.0,0.0,0.0042016806722689,0.0,0.0,0.0,1.117,0.394095166171827,-2.834340778270251,2.0,2.0,1.628,0.3414908490721237,1.089341049725853,3.0,0.0,0.0,0.4946986031104712,5.92288469320235,0.1320754716981132,0.0,5.47658137899169,-4.8924073018678,4.22567102222222,5.9490713614788,1143
-0.10553401740647815,0.2640751572261307,-0.3286940827677797,-0.294371875010497,0.1342749207027766,-0.2678325682475351,0.17925756675775284,-0.36879808902496625,0.04953243,0.010057061,1,1,238.0,0.0,0.0,0.0,0.0,0.0,0.0,2.0,2.0,1.642,0.4876843241278111,0.7340814176060667,1.0,1.0,0.934,0.2482820976228451,0.265826656983774,3.0,0.0,0.0,0.4946986031104712,5.92288469320235,0.0,0.0546218487394958,-0.162523453492104,-3.21821772721024,-3.21266055555556,-4.42475382835685,1144
-0.22674718755457146,0.3314209232699406,-0.2285004800486225,0.10851384561616884,-0.007472946228658759,-0.29548229624834477,0.1759867844632078,-0.1454306818553159,-0.027028926,-0.03252709,1,1,280.0,0.0,0.0,0.0,0.0,0.0,0.0,2.0,2.0,1.608,0.5141361687335371,0.7624439279687458,1.0,1.0,0.953,0.2116388433156824,0.222076435798198,3.0,0.0,0.0,0.4952816079376104,5.915228243436404,0.0,0.0336134453781512,2.76836836848111,6.31589671018156,6.31900611111111,4.53467448789159,1145
-0.18254686261789152,-0.05482621734159629,0.07270794498937094,-2.5214951118417215,-0.3820924864552169,-0.20639172215776463,0.07480062598913675,-0.5066062404985098,0.06865776,-0.13290855,1,8,238.0,0.0,0.0,0.0,0.0,0.0,0.0,1.0,1.0,1.129,0.4103157320893265,-0.3143920398643561,1.0,1.125,1.1529464285714284,0.1505048635986118,-0.1856845546597083,2.0,0.0,0.0,0.4946986031104712,5.92288469320235,0.074074074074074,0.0681347279378319,11.1330448230779,-0.112500318857224,10.5363381111111,10.7927988040878,1146
-2.043289009040621,-3.4644857650925767,3.9698366408036727,-1.3253988374957228,-5.780500397223112,-0.1897121117196443,0.1554636982474213,-0.4476229656822046,0.06279729,-0.11505404,1,8,1834.0,0.0,1.0,0.875,0.0,0.0005452562704471,0.0038147138964577,0.0,0.0,0.873,0.3329729718760968,-2.621834424221236,0.0,0.125,0.8386607142857142,0.1276476923198842,-5.590862641662848,2.0,0.0,0.0,0.46280788768264797,2.7944592902593897,0.3888888888888889,0.3987196835558385,4.84131192790267,-17.6802594732656,3.80211528888889,4.27254979598553,1147
-0.05120618600510696,0.40926466867196687,0.22288492293656503,-0.20124815256933928,0.12475168368591064,-0.29452975188354114,0.05976401507631464,-0.4703505844460725,0.083211415,-0.1241961,1,8,280.0,0.0,0.0,0.125,0.0,0.0,0.0034843205574912,1.0,1.0,1.108,0.3692370512286111,-0.2924950235645027,0.0,0.875,1.1356428571428572,0.1401106341285998,-1.8602646313314624,2.0,0.0,0.0,0.4952816079376104,5.915228243436404,0.1481481481481481,0.1010456977291804,2.94519722654772,-13.3798641271149,1.79089308888889,1.81572930037599,1148
-0.07349636184346973,0.3284411439311858,-0.33449424685023416,-0.09959048174359389,0.39275400122563237,-0.11517605966135847,0.09192702375007683,-0.5994968734055475,0.08285704,-0.11144397,3,2,238.0,0.0,0.0,0.0,0.0,0.0,0.0,1.0,1.3333333333333333,1.476,0.2865146883960169,-0.4979384040146475,2.0,2.0,1.628,0.3414908490721237,1.089341049725853,3.0,1.2000000000000002,-0.1270666666666667,0.3787591671057833,3.5037215780338635,0.0527777777777777,0.0,0.938941284363916,0.483946904153707,-0.685883777777778,1.77414531158473,1149
-0.22126946877844905,0.28140018257276106,-0.13691809371655556,-0.26863715854511555,0.38640738798172003,-0.3584885190441291,0.10675214109056994,-0.41189168748257265,0.073197186,-0.05751042,3,2,280.0,0.0,0.0,0.0,0.0,0.0,0.0,1.0,1.6666666666666667,1.4226666666666663,0.2887090038237271,0.8451416366251466,2.0,2.0,1.639,0.3566216482492334,1.0122773022116331,3.0,1.2000000000000002,-0.1270666666666667,0.3787591671057833,3.5037215780338635,0.0277777777777777,0.0,-0.167233834739419,-0.213640995383101,-1.05177413555556,1.17138364827306,1150
-0.18254686261789152,-0.05482621734159629,0.07270794498937094,-2.5214951118417215,-0.3820924864552169,-0.18924481511512764,0.10199405376760427,-0.4040978294662152,0.06904244,-0.053468525,1,1,238.0,0.0,0.0,0.0,0.0,0.0,0.0,1.0,1.0,1.129,0.4103157320893265,-0.3143920398643561,2.0,2.0,1.642,0.4876843241278111,0.7340814176060667,2.0,0.0,0.0,0.4946986031104712,5.92288469320235,0.074074074074074,0.0,-15.3618231481378,-16.6859369932118,-15.8400323333333,-23.1743756693625,1151
-0.05120618600510696,0.40926466867196687,0.22288492293656503,-0.20124815256933928,0.12475168368591064,-0.30206892734430885,0.15992802805153522,-0.3386549717753724,0.13644713,-0.08339468,1,1,280.0,0.0,0.0,0.0,0.0,0.0,0.0,1.0,1.0,1.108,0.3692370512286111,-0.2924950235645027,2.0,2.0,1.608,0.5141361687335371,0.7624439279687458,2.0,0.0,0.0,0.4952816079376104,5.915228243436404,0.1481481481481481,0.0,-7.35930117875946,0.440600825836834,1.80385111111111,-7.67493625331804,1152
-0.10553401740647815,0.2640751572261307,-0.3286940827677797,-0.294371875010497,0.1342749207027766,-0.13515334565373371,0.03629430579103768,-0.6733385503273589,0.045374162,-0.11343424,1,1,238.0,0.0,0.0,0.0,0.0,0.0,0.0,2.0,2.0,1.642,0.4876843241278111,0.7340814176060667,2.0,2.0,1.778,0.4297859932571093,0.5165361446928163,4.0,0.0,0.0,0.4946986031104712,5.92288469320235,0.0,0.0,1.77627485180891,-7.76128448807951,-7.23910555555555,-6.62468359472281,1153
-0.22674718755457146,0.3314209232699406,-0.2285004800486225,0.10851384561616884,-0.007472946228658759,-0.2667497795748179,0.15153846346286065,-0.4182074426931342,0.078725114,0.051823795,1,1,280.0,0.0,0.0,0.0,0.0,0.0,0.0,2.0,2.0,1.608,0.5141361687335371,0.7624439279687458,2.0,2.0,1.751,0.4505541032994816,0.5526528294305441,4.0,0.0,0.0,0.4952816079376104,5.915228243436404,0.0,0.0,8.36477048055783,8.22554393094215,8.51422777777778,6.7901664822762,1154
-0.40648215827210094,0.29823329138772536,-0.08784596274536632,-0.04854147922485235,0.6571133123011609,-0.11517605966135847,0.09192702375007683,-0.5994968734055475,0.08285704,-0.11144397,2,2,238.0,0.0,0.0,0.0,0.0,0.0,0.0,1.0,1.0,1.039,0.2397477841399165,-0.1626709508073683,2.0,2.0,1.628,0.3414908490721237,1.089341049725853,2.0,1.5,-0.117,0.4728223767970378,3.4198889040611293,0.033565026522773,0.0,3.99006526972734,-9.31232165661419,-11.4046271555556,-5.96377732233749,1155
-0.135595584291787,0.3389196643062526,-0.4388511845880939,-0.3750246595518684,-0.016173205815531833,-0.3584885190441291,0.10675214109056994,-0.41189168748257265,0.073197186,-0.05751042,2,2,280.0,0.0,0.0,0.0,0.0,0.0,0.0,1.0,1.0,1.002,0.2235978532991763,-0.0089446297023432,2.0,2.0,1.639,0.3566216482492334,1.0122773022116331,2.0,1.5,-0.117,0.4728223767970378,3.4198889040611293,0.1277665995975855,0.0,1.18432737440855,-4.32875994531855,-4.02534177777778,-1.53901383589361,1156
-0.13266349412664066,0.3713259938063249,-0.4709977447193711,-0.10728189571136972,-0.23601156513011773,-0.15942445778609712,0.157364682651753,-0.40788628803373034,0.10163029,0.0011022082,6,3,238.0,0.0,0.5,0.0,0.0,0.0124481327800829,0.0,0.0,0.5,1.1413333333333335,0.164730082255792,-3.8932374982820352,1.0,1.3333333333333333,1.476,0.2865146883960169,-0.4979384040146475,2.0,0.0555555555555558,0.0501111111111111,0.2302534566971528,0.0236454406485007,0.0862135267424995,0.0527777777777777,-1.81517577465619,-3.60430807959055,-1.58405516666667,-0.546913617563134,1157
-0.3363533141731358,0.31709063062830595,-0.09688137589360127,-0.0203540228998594,0.677483672156612,-0.2969703167131204,0.11689784998023037,-0.278836650913942,0.07334798,-0.00023770425,6,3,280.0,0.0,0.5,0.0,0.0,0.0106007067137809,0.0,0.0,0.5,1.128,0.1588304476827762,-3.953901844149376,1.0,1.6666666666666667,1.4226666666666663,0.2887090038237271,0.8451416366251466,2.0,0.0555555555555558,0.0501111111111111,0.2302534566971528,0.0236454406485007,0.1183076483559363,0.0277777777777777,-1.90574177457888,-0.413200241277164,3.86076844444444,2.7107671200902,1158
-0.19287567775896472,0.2834695551983367,-0.2717757404842148,0.013009198376537514,0.4632184201862358,-0.15942445778609712,0.157364682651753,-0.40788628803373034,0.10163029,0.0011022082,1,3,238.0,0.0,0.0,0.0,0.0,0.0,0.0,2.0,2.0,1.261,0.4846431677017639,1.5248332159605733,1.0,1.3333333333333333,1.476,0.2865146883960169,-0.4979384040146475,2.0,0.0,0.0,0.4946986031104712,5.92288469320235,0.0,0.0527777777777777,-2.56638111707694,-5.90894588444006,-4.68933422222222,-2.64481917987702,1159
-0.2031474108191085,0.24701982466282288,-0.3238648442248165,-0.2803022196868463,0.23687097058072598,-0.2969703167131204,0.11689784998023037,-0.278836650913942,0.07334798,-0.00023770425,1,3,280.0,0.0,0.0,0.0,0.0,0.0,0.0,2.0,2.0,1.203,0.4558409810449253,1.7484167355314018,1.0,1.6666666666666667,1.4226666666666663,0.2887090038237271,0.8451416366251466,2.0,0.0,0.0,0.4952816079376104,5.915228243436404,0.0,0.0277777777777777,1.17006272659828,5.56061343375733,5.92988988888889,5.9252028371051,1160
-0.1575692262907865,0.4778646067943418,0.023135085893525836,0.12213420105253406,0.33330122859347494,-0.2969703167131204,0.11689784998023037,-0.278836650913942,0.07334798,-0.00023770425,2,3,280.0,0.0,0.0,0.0,0.0,0.0,0.0,1.0,1.0,1.131,0.2689591046980935,-0.4870628943647305,1.0,1.6666666666666667,1.4226666666666663,0.2887090038237271,0.8451416366251466,2.0,0.1,-0.1376666666666667,0.4133025526173289,0.5750428231366839,0.0755555555555555,0.0277777777777777,-1.17298047417511,-0.811481395773946,4.22533377777778,4.36235522066066,1161
-0.21846271612483376,0.3792336115742185,0.1421796260277029,-0.11545906998032528,0.42053052703749705,-0.15942445778609712,0.157364682651753,-0.40788628803373034,0.10163029,0.0011022082,2,3,238.0,0.0,0.0,0.0,0.0,0.0,0.0,1.0,1.5,1.1555,0.2656496753244769,1.2968207078710396,1.0,1.3333333333333333,1.476,0.2865146883960169,-0.4979384040146475,2.0,0.1,-0.1376666666666667,0.4133025526173289,0.5750428231366839,0.0341880341880341,0.0527777777777777,0.227937379587049,-2.00536986743992,1.50450094444444,1.90668222197298,1162
-0.135595584291787,0.3389196643062526,-0.4388511845880939,-0.3750246595518684,-0.016173205815531833,-0.2969703167131204,0.11689784998023037,-0.278836650913942,0.07334798,-0.00023770425,2,3,280.0,0.0,0.0,0.0,0.0,0.0,0.0,1.0,1.0,1.002,0.2235978532991763,-0.0089446297023432,1.0,1.6666666666666667,1.4226666666666663,0.2887090038237271,0.8451416366251466,2.0,0.3999999999999999,-0.0956666666666667,0.4042758958928914,1.226060400093673,0.1277665995975855,0.0277777777777777,0.486378399561395,2.35676940154279,1.80016873333333,2.17421733374973,1163
-0.40648215827210094,0.29823329138772536,-0.08784596274536632,-0.04854147922485235,0.6571133123011609,-0.15942445778609712,0.157364682651753,-0.40788628803373034,0.10163029,0.0011022082,2,3,238.0,0.0,0.0,0.0,0.0,0.0,0.0,1.0,1.0,1.039,0.2397477841399165,-0.1626709508073683,1.0,1.3333333333333333,1.476,0.2865146883960169,-0.4979384040146475,2.0,0.3999999999999999,-0.0956666666666667,0.4042758958928914,1.226060400093673,0.033565026522773,0.0527777777777777,1.07495435134706,-8.23260636126114,-9.40233252222222,-4.50081063577027,1164
-0.3363533141731358,0.31709063062830595,-0.09688137589360127,-0.0203540228998594,0.677483672156612,-0.3584885190441291,0.10675214109056994,-0.41189168748257265,0.073197186,-0.05751042,6,2,280.0,0.0,0.5,0.0,0.0,0.0106007067137809,0.0,0.0,0.5,1.128,0.1588304476827762,-3.953901844149376,2.0,2.0,1.639,0.3566216482492334,1.0122773022116331,3.0,1.8333333333333333,0.0753333333333332,0.3225364320507065,5.45054705548309,0.1183076483559363,0.0,-1.30682021896967,-7.13186776115425,-3.88761316666667,-1.55151600040313,1165
-0.13266349412664066,0.3713259938063249,-0.4709977447193711,-0.10728189571136972,-0.23601156513011773,-0.11517605966135847,0.09192702375007683,-0.5994968734055475,0.08285704,-0.11144397,6,2,238.0,0.0,0.5,0.0,0.0,0.0124481327800829,0.0,0.0,0.5,1.1413333333333335,0.164730082255792,-3.8932374982820352,2.0,2.0,1.628,0.3414908490721237,1.089341049725853,3.0,1.8333333333333333,0.0753333333333332,0.3225364320507065,5.45054705548309,0.0862135267424995,0.0,0.0984143025657051,-11.1182454019119,-10.464423,-6.98839177287202,1166
-0.6337708508543911,-2.3203263662368285,2.4361732368789264,1.252901817526343,1.264888886883968,-0.15942445778609712,0.157364682651753,-0.40788628803373034,0.10163029,0.0011022082,1,3,238.0,0.0,1.0,0.0,0.0,0.0042016806722689,0.0,0.0,0.0,1.117,0.394095166171827,-2.834340778270251,1.0,1.3333333333333333,1.476,0.2865146883960169,-0.4979384040146475,3.0,0.0,0.0,0.4946986031104712,5.92288469320235,0.1320754716981132,0.0527777777777777,2.73092422905467,-6.60479205646421,4.42870055555556,2.7813372825617,1167
-0.09717376301774235,0.24354163246109548,-0.6527720503201792,-0.2614796505562111,-0.07706299199010012,-0.2969703167131204,0.11689784998023037,-0.278836650913942,0.07334798,-0.00023770425,1,3,280.0,0.0,1.0,0.0,0.0,0.0035714285714285,0.0,0.0,0.0,1.073,0.3600985976090437,-2.97973945781635,1.0,1.6666666666666667,1.4226666666666663,0.2887090038237271,0.8451416366251466,3.0,0.0,0.0,0.4952816079376104,5.915228243436404,0.1132075471698113,0.0277777777777777,1.6849133203411,3.44497393211468,2.60677966666667,3.88401748908206,1168
-0.18254686261789152,-0.05482621734159629,0.07270794498937094,-2.5214951118417215,-0.3820924864552169,-0.2678325682475351,0.17925756675775284,-0.36879808902496625,0.04953243,0.010057061,1,1,238.0,0.0,0.0,0.0,0.0,0.0,0.0,1.0,1.0,1.129,0.4103157320893265,-0.3143920398643561,1.0,1.0,0.934,0.2482820976228451,0.265826656983774,2.0,0.0,0.0,0.4946986031104712,5.92288469320235,0.074074074074074,0.0546218487394958,-0.859698949329601,1.49043998442463,3.27384744444444,2.25405429570887,1169
-0.05120618600510696,0.40926466867196687,0.22288492293656503,-0.20124815256933928,0.12475168368591064,-0.29548229624834477,0.1759867844632078,-0.1454306818553159,-0.027028926,-0.03252709,1,1,280.0,0.0,0.0,0.0,0.0,0.0,0.0,1.0,1.0,1.108,0.3692370512286111,-0.2924950235645027,1.0,1.0,0.953,0.2116388433156824,0.222076435798198,2.0,0.0,0.0,0.4952816079376104,5.915228243436404,0.1481481481481481,0.0336134453781512,-1.11047746195935,-0.937686011255427,-0.432116044444444,-1.79349346320492,1170
-0.2031474108191085,0.24701982466282288,-0.3238648442248165,-0.2803022196868463,0.23687097058072598,-0.3584885190441291,0.10675214109056994,-0.41189168748257265,0.073197186,-0.05751042,1,2,280.0,0.0,0.0,0.0,0.0,0.0,0.0,2.0,2.0,1.203,0.4558409810449253,1.7484167355314018,2.0,2.0,1.639,0.3566216482492334,1.0122773022116331,3.0,0.0,0.0,0.4952816079376104,5.915228243436404,0.0,0.0,-1.11060288544679,-1.13203712392097,-0.553222911111111,1.82948137963266,1171
-0.19287567775896472,0.2834695551983367,-0.2717757404842148,0.013009198376537514,0.4632184201862358,-0.11517605966135847,0.09192702375007683,-0.5994968734055475,0.08285704,-0.11144397,1,2,238.0,0.0,0.0,0.0,0.0,0.0,0.0,2.0,2.0,1.261,0.4846431677017639,1.5248332159605733,2.0,2.0,1.628,0.3414908490721237,1.089341049725853,3.0,0.0,0.0,0.4946986031104712,5.92288469320235,0.0,0.0,0.367760116802679,-7.23944583114484,-7.27022168888889,-2.84676906768591,1172
-0.21846271612483376,0.3792336115742185,0.1421796260277029,-0.11545906998032528,0.42053052703749705,-0.11517605966135847,0.09192702375007683,-0.5994968734055475,0.08285704,-0.11144397,2,2,238.0,0.0,0.0,0.0,0.0,0.0,0.0,1.0,1.5,1.1555,0.2656496753244769,1.2968207078710396,2.0,2.0,1.628,0.3414908490721237,1.089341049725853,2.0,1.0,-0.162,0.4657048421478995,2.495142620035223,0.0341880341880341,0.0,-0.356975109489145,-7.72930545897654,-4.33958633333333,-1.37514744528036,1173
-0.1575692262907865,0.4778646067943418,0.023135085893525836,0.12213420105253406,0.33330122859347494,-0.3584885190441291,0.10675214109056994,-0.41189168748257265,0.073197186,-0.05751042,2,2,280.0,0.0,0.0,0.0,0.0,0.0,0.0,1.0,1.0,1.131,0.2689591046980935,-0.4870628943647305,2.0,2.0,1.639,0.3566216482492334,1.0122773022116331,2.0,1.0,-0.162,0.4657048421478995,2.495142620035223,0.0755555555555555,0.0,-1.28900956603635,-9.50501443617994,-3.92344565555556,-1.4113730479229,1174
-0.22126946877844905,0.28140018257276106,-0.13691809371655556,-0.26863715854511555,0.38640738798172003,-0.30206892734430885,0.15992802805153522,-0.3386549717753724,0.13644713,-0.08339468,3,1,280.0,0.0,0.0,0.0,0.0,0.0,0.0,1.0,1.6666666666666667,1.4226666666666663,0.2887090038237271,0.8451416366251466,2.0,2.0,1.608,0.5141361687335371,0.7624439279687458,3.0,0.0,0.0,0.4952816079376104,5.915228243436404,0.0277777777777777,0.0,7.3033902008332,-2.70041498056433,4.08199944444445,1.79540494869275,1175
-0.07349636184346973,0.3284411439311858,-0.33449424685023416,-0.09959048174359389,0.39275400122563237,-0.18924481511512764,0.10199405376760427,-0.4040978294662152,0.06904244,-0.053468525,3,1,238.0,0.0,0.0,0.0,0.0,0.0,0.0,1.0,1.3333333333333333,1.476,0.2865146883960169,-0.4979384040146475,2.0,2.0,1.642,0.4876843241278111,0.7340814176060667,3.0,0.0,0.0,0.4946986031104712,5.92288469320235,0.0527777777777777,0.0,5.10389155543872,-10.9300981844908,0.221333000000001,-1.97871523051837,1176
-0.6337708508543911,-2.3203263662368285,2.4361732368789264,1.252901817526343,1.264888886883968,-0.18924481511512764,0.10199405376760427,-0.4040978294662152,0.06904244,-0.053468525,1,1,238.0,0.0,1.0,0.0,0.0,0.0042016806722689,0.0,0.0,0.0,1.117,0.394095166171827,-2.834340778270251,2.0,2.0,1.642,0.4876843241278111,0.7340814176060667,2.0,0.0,0.0,0.4946986031104712,5.92288469320235,0.1320754716981132,0.0,-4.50982295658588,-0.31669314325751,2.15782,-5.37929773270261,1177
-0.09717376301774235,0.24354163246109548,-0.6527720503201792,-0.2614796505562111,-0.07706299199010012,-0.30206892734430885,0.15992802805153522,-0.3386549717753724,0.13644713,-0.08339468,1,1,280.0,0.0,1.0,0.0,0.0,0.0035714285714285,0.0,0.0,0.0,1.073,0.3600985976090437,-2.97973945781635,2.0,2.0,1.608,0.5141361687335371,0.7624439279687458,2.0,0.0,0.0,0.4952816079376104,5.915228243436404,0.1132075471698113,0.0,9.33497921342834,5.06885338771222,7.85899966666667,8.7607587449463,1178
-0.135595584291787,0.3389196643062526,-0.4388511845880939,-0.3750246595518684,-0.016173205815531833,-0.30206892734430885,0.15992802805153522,-0.3386549717753724,0.13644713,-0.08339468,2,1,280.0,0.0,0.0,0.0,0.0,0.0,0.0,1.0,1.0,1.002,0.2235978532991763,-0.0089446297023432,2.0,2.0,1.608,0.5141361687335371,0.7624439279687458,3.0,0.0,0.0,0.4952816079376104,5.915228243436404,0.1277665995975855,0.0,3.65483580285075,0.731904198127395,4.87244411111111,4.66706500035941,1179
-0.40648215827210094,0.29823329138772536,-0.08784596274536632,-0.04854147922485235,0.6571133123011609,-0.18924481511512764,0.10199405376760427,-0.4040978294662152,0.06904244,-0.053468525,2,1,238.0,0.0,0.0,0.0,0.0,0.0,0.0,1.0,1.0,1.039,0.2397477841399165,-0.1626709508073683,2.0,2.0,1.642,0.4876843241278111,0.7340814176060667,3.0,0.0,0.0,0.4946986031104712,5.92288469320235,0.033565026522773,0.0,4.0206191842734,-12.4586348529199,-5.37766722222222,-2.95903785587392,1180
-0.19287567775896472,0.2834695551983367,-0.2717757404842148,0.013009198376537514,0.4632184201862358,-0.18924481511512764,0.10199405376760427,-0.4040978294662152,0.06904244,-0.053468525,1,1,238.0,0.0,0.0,0.0,0.0,0.0,0.0,2.0,2.0,1.261,0.4846431677017639,1.5248332159605733,2.0,2.0,1.642,0.4876843241278111,0.7340814176060667,3.0,0.0,0.0,0.4946986031104712,5.92288469320235,0.0,0.0,1.20645458683667,-10.9269269286363,-0.487444777777778,-0.748881559688975,1181
-0.2031474108191085,0.24701982466282288,-0.3238648442248165,-0.2803022196868463,0.23687097058072598,-0.30206892734430885,0.15992802805153522,-0.3386549717753724,0.13644713,-0.08339468,1,1,280.0,0.0,0.0,0.0,0.0,0.0,0.0,2.0,2.0,1.203,0.4558409810449253,1.7484167355314018,2.0,2.0,1.608,0.5141361687335371,0.7624439279687458,3.0,0.0,0.0,0.4952816079376104,5.915228243436404,0.0,0.0,6.50213627051281,3.82440071407142,8.71524744444445,6.36138399162893,1182
-0.1575692262907865,0.4778646067943418,0.023135085893525836,0.12213420105253406,0.33330122859347494,-0.30206892734430885,0.15992802805153522,-0.3386549717753724,0.13644713,-0.08339468,2,1,280.0,0.0,0.0,0.0,0.0,0.0,0.0,1.0,1.0,1.131,0.2689591046980935,-0.4870628943647305,2.0,2.0,1.608,0.5141361687335371,0.7624439279687458,3.0,0.0,0.0,0.4952816079376104,5.915228243436404,0.0755555555555555,0.0,2.32569262655643,4.78000362002162,5.59024744444445,3.19717177918449,1183
-0.21846271612483376,0.3792336115742185,0.1421796260277029,-0.11545906998032528,0.42053052703749705,-0.18924481511512764,0.10199405376760427,-0.4040978294662152,0.06904244,-0.053468525,2,1,238.0,0.0,0.0,0.0,0.0,0.0,0.0,1.0,1.5,1.1555,0.2656496753244769,1.2968207078710396,2.0,2.0,1.642,0.4876843241278111,0.7340814176060667,3.0,0.0,0.0,0.4946986031104712,5.92288469320235,0.0341880341880341,0.0,-0.710102902151407,-4.51301708035903,-2.97911144444444,-4.16074032412231,1184
-0.13266349412664066,0.3713259938063249,-0.4709977447193711,-0.10728189571136972,-0.23601156513011773,-0.18924481511512764,0.10199405376760427,-0.4040978294662152,0.06904244,-0.053468525,6,1,238.0,0.0,0.5,0.0,0.0,0.0124481327800829,0.0,0.0,0.5,1.1413333333333335,0.164730082255792,-3.8932374982820352,2.0,2.0,1.642,0.4876843241278111,0.7340814176060667,2.0,0.0,0.0,0.4946986031104712,5.92288469320235,0.0862135267424995,0.0,2.06582229671586,-1.15220500453519,1.50222222222222,0.835565389761023,1185
-0.3363533141731358,0.31709063062830595,-0.09688137589360127,-0.0203540228998594,0.677483672156612,-0.30206892734430885,0.15992802805153522,-0.3386549717753724,0.13644713,-0.08339468,6,1,280.0,0.0,0.5,0.0,0.0,0.0106007067137809,0.0,0.0,0.5,1.128,0.1588304476827762,-3.953901844149376,2.0,2.0,1.608,0.5141361687335371,0.7624439279687458,2.0,0.0,0.0,0.4952816079376104,5.915228243436404,0.1183076483559363,0.0,2.00733420913078,4.86926320574968,6.34452555555556,3.42249953344991,1186
-0.05120618600510696,0.40926466867196687,0.22288492293656503,-0.20124815256933928,0.12475168368591064,1.0344340815102784,-0.2303359327445566,2.5590160008460003,1.9664875,0.55667,1,3,280.0,0.0,0.0,0.0,0.0,0.0,0.0,1.0,1.0,1.108,0.3692370512286111,-0.2924950235645027,1.0,1.0,1.030333333333333,0.1821839729504217,-0.1664983633965859,2.0,0.0,0.0,0.4952816079376104,5.915228243436404,0.1481481481481481,0.0537683377052365,1.33921407334511,0.900086708048391,1.43211533333333,1.71069952952776,1187
-0.18254686261789152,-0.05482621734159629,0.07270794498937094,-2.5214951118417215,-0.3820924864552169,0.6187276001820594,2.4246001833736806,2.8707056970834683,0.86354136,-1.2017273,1,3,238.0,0.0,0.0,0.0,0.0,0.0,0.0,1.0,1.0,1.129,0.4103157320893265,-0.3143920398643561,1.0,1.0,1.0443333333333336,0.1761662724688115,-0.2516561922554292,2.0,0.0,0.0,0.4946986031104712,5.92288469320235,0.074074074074074,0.0512423491693383,1.89459560603576,5.36017602224528,3.56622611111111,4.39546216433671,1188
-0.10186334166672244,0.14717485979138187,-0.6791052654737372,-0.41246203322511116,-0.06083798028210012,-0.30206892734430885,0.15992802805153522,-0.3386549717753724,0.13644713,-0.08339468,1,1,280.0,0.0,1.0,0.0,0.0,0.0035714285714285,0.0,0.0,0.0,0.902,0.2973146481423342,-3.0338229402279,2.0,2.0,1.608,0.5141361687335371,0.7624439279687458,2.0,0.0,0.0,0.4952816079376104,5.915228243436404,0.085820895522388,0.0,0.799655844409609,5.41442190129765,6.21196966666667,1.21290892308325,1189
-0.08722911042599589,0.29568692958739073,-0.45923218581522085,-0.03625730830096084,-0.12286963467437396,-0.18924481511512764,0.10199405376760427,-0.4040978294662152,0.06904244,-0.053468525,1,1,238.0,0.0,1.0,0.0,0.0,0.0042016806722689,0.0,0.0,0.0,0.893,0.3091132478558627,-2.8889088584660065,2.0,2.0,1.642,0.4876843241278111,0.7340814176060667,2.0,0.0,0.0,0.4946986031104712,5.92288469320235,0.0764925373134328,0.0,-12.2191265934373,-10.7032119441304,-9.01758555555556,-14.7603920176279,1190
